# https://github.com/mikedh/trimesh
mtllib mat_016.mtl
usemtl wurenji_lhcg_mat_016
v 0.09291960 -0.07038820 -0.01485820
v 0.09304510 -0.07020390 -0.01485820
v 0.09306300 -0.07017780 -0.01482740
v 0.09282000 -0.07032120 -0.01451700
v 0.09294620 -0.07013680 -0.01451700
v 0.09298130 -0.07015920 -0.01451700
v 0.09285590 -0.07034540 -0.01451700
v 0.09348510 -0.06924680 -0.01485820
v 0.09348510 -0.06924680 -0.01507080
v 0.09355480 -0.06928040 -0.01507080
v 0.09355480 -0.06928040 -0.01485820
v 0.09306300 -0.07017780 -0.01476040
v 0.09306300 -0.07017780 -0.01448620
v 0.09304510 -0.07020390 -0.01451700
v 0.09304510 -0.07020390 -0.01472960
v 0.09308160 -0.07014990 -0.01479390
v 0.09309880 -0.07012190 -0.01476040
v 0.09308160 -0.07014990 -0.01445270
v 0.09306300 -0.07017780 -0.01510160
v 0.09308160 -0.07014990 -0.01513510
v 0.09283400 -0.07030070 -0.01454070
v 0.09293290 -0.07015550 -0.01454070
v 0.09282000 -0.07032120 -0.01472960
v 0.09283400 -0.07030070 -0.01470580
v 0.09293290 -0.07015550 -0.01470580
v 0.09294620 -0.07013680 -0.01472960
v 0.09290170 -0.07041420 -0.01482740
v 0.09288310 -0.07044030 -0.01479390
v 0.09290170 -0.07041420 -0.01510160
v 0.09290170 -0.07041420 -0.01476040
v 0.09288310 -0.07044030 -0.01445270
v 0.09286250 -0.07046820 -0.01448620
v 0.09268990 -0.07069540 -0.01448620
v 0.09270850 -0.07066930 -0.01451700
v 0.09284390 -0.07049240 -0.01451700
v 0.09268990 -0.07069540 -0.01476040
v 0.09270850 -0.07066930 -0.01472960
v 0.09268990 -0.07069540 -0.01510160
v 0.09268990 -0.07069540 -0.01482740
v 0.09266940 -0.07072150 -0.01479390
v 0.09286250 -0.07046820 -0.01482740
v 0.09284390 -0.07049240 -0.01485820
v 0.09286250 -0.07046820 -0.01510160
v 0.09288310 -0.07044030 -0.01513510
v 0.09284390 -0.07049240 -0.01472960
v 0.09286250 -0.07046820 -0.01476040
v 0.09284390 -0.07049240 -0.01507080
v 0.09266940 -0.07072150 -0.01513510
v 0.09278290 -0.07044590 -0.01507080
v 0.09264750 -0.07062280 -0.01507080
v 0.09270850 -0.07066930 -0.01507080
v 0.09266940 -0.07072150 -0.01445270
v 0.09343140 -0.06953920 -0.01513510
v 0.09344600 -0.06950940 -0.01510160
v 0.09343140 -0.06953920 -0.01479390
v 0.09341610 -0.06956900 -0.01482740
v 0.09371610 -0.06889490 -0.01513510
v 0.09372740 -0.06886330 -0.01510190
v 0.09371610 -0.06889490 -0.01479390
v 0.09370350 -0.06892660 -0.01482740
v 0.09320110 -0.06971600 -0.01470580
v 0.09320110 -0.06971600 -0.01454070
v 0.09318980 -0.06973650 -0.01451700
v 0.09318980 -0.06973650 -0.01472960
v 0.09290170 -0.07041420 -0.01448620
v 0.09291960 -0.07038820 -0.01472960
v 0.09285590 -0.07034540 -0.01485820
v 0.09298130 -0.07015920 -0.01485820
v 0.09298130 -0.07015920 -0.01507080
v 0.09285590 -0.07034540 -0.01507080
v 0.09291960 -0.07038820 -0.01507080
v 0.09304510 -0.07020390 -0.01507080
v 0.09282000 -0.07032120 -0.01485820
v 0.09294620 -0.07013680 -0.01485820
v 0.09408190 -0.06756740 -0.01512100
v 0.09406390 -0.06765310 -0.01479390
v 0.09405800 -0.06768100 -0.01480790
v 0.09407520 -0.06759910 -0.01511960
v 0.09221000 -0.07123720 -0.01425350
v 0.09222070 -0.07122790 -0.01449860
v 0.09244430 -0.07098770 -0.01445840
v 0.09244500 -0.07098580 -0.01415640
v 0.09326480 -0.06985010 -0.01411150
v 0.09308160 -0.07014990 -0.01411150
v 0.09308160 -0.07014990 -0.01414230
v 0.09326480 -0.06985010 -0.01414230
v 0.09288310 -0.07044030 -0.01547630
v 0.09308160 -0.07014990 -0.01547620
v 0.09308160 -0.07014990 -0.01544540
v 0.09288310 -0.07044030 -0.01544540
v 0.09326480 -0.06985010 -0.01547620
v 0.09343140 -0.06953920 -0.01547620
v 0.09343140 -0.06953920 -0.01544540
v 0.09326480 -0.06985010 -0.01544540
v 0.09264750 -0.07062280 -0.01451700
v 0.09278290 -0.07044590 -0.01451700
v 0.09371610 -0.06889490 -0.01544540
v 0.09383230 -0.06856350 -0.01544540
v 0.09383230 -0.06856350 -0.01513540
v 0.09387080 -0.06814830 -0.01507210
v 0.09386950 -0.06815580 -0.01487390
v 0.09394450 -0.06817250 -0.01487390
v 0.09394580 -0.06816690 -0.01507210
v 0.09256910 -0.07071960 -0.01507080
v 0.09242510 -0.07089090 -0.01507080
v 0.09248350 -0.07093930 -0.01507110
v 0.09262820 -0.07076990 -0.01507080
v 0.09379310 -0.06827680 -0.01455550
v 0.09379440 -0.06826940 -0.01473960
v 0.09383560 -0.06828050 -0.01473960
v 0.09383430 -0.06828980 -0.01455550
v 0.09274840 -0.07041980 -0.01507080
v 0.09274840 -0.07041980 -0.01485820
v 0.09273440 -0.07043840 -0.01488190
v 0.09273440 -0.07043840 -0.01504700
v 0.09229560 -0.07097090 -0.01470980
v 0.09229560 -0.07097090 -0.01455780
v 0.09219080 -0.07108270 -0.01457660
v 0.09218550 -0.07108830 -0.01471520
v 0.09216160 -0.07128380 -0.01487390
v 0.09215690 -0.07128750 -0.01507210
v 0.09217820 -0.07126700 -0.01510330
v 0.09326480 -0.06985010 -0.01445270
v 0.09343140 -0.06953920 -0.01445270
v 0.09343140 -0.06953920 -0.01414230
v 0.09246430 -0.07096350 -0.01482870
v 0.09246360 -0.07096350 -0.01510190
v 0.09248420 -0.07093930 -0.01485950
v 0.09225580 -0.07118690 -0.01474000
v 0.09223390 -0.07121110 -0.01477210
v 0.09239920 -0.07103610 -0.01473330
v 0.09246490 -0.07096350 -0.01476210
v 0.09248480 -0.07093930 -0.01473090
v 0.09246560 -0.07096160 -0.01449120
v 0.09242110 -0.07101190 -0.01449620
v 0.09242040 -0.07101380 -0.01476310
v 0.09244300 -0.07098770 -0.01479560
v 0.09216490 -0.07110870 -0.01486890
v 0.09215960 -0.07111430 -0.01507180
v 0.09217680 -0.07109570 -0.01504800
v 0.09218080 -0.07109200 -0.01489160
v 0.09241910 -0.07101380 -0.01510190
v 0.09244170 -0.07098960 -0.01513540
v 0.09241980 -0.07101380 -0.01483000
v 0.09225250 -0.07119250 -0.01486890
v 0.09239850 -0.07103610 -0.01486180
v 0.09223190 -0.07121300 -0.01483910
v 0.09224720 -0.07119620 -0.01507210
v 0.09221000 -0.07123720 -0.01480660
v 0.09195250 -0.07148480 -0.01513610
v 0.09220140 -0.07124460 -0.01513670
v 0.09197970 -0.07145880 -0.01510290
v 0.09391000 -0.06830290 -0.01474000
v 0.09391860 -0.06827120 -0.01477210
v 0.09390800 -0.06831220 -0.01455580
v 0.09344600 -0.06950940 -0.01482740
v 0.09358210 -0.06922080 -0.01479390
v 0.09356810 -0.06925240 -0.01476040
v 0.09384160 -0.06853370 -0.01476310
v 0.09383230 -0.06856540 -0.01479550
v 0.09309880 -0.07012190 -0.01510160
v 0.09324750 -0.06987800 -0.01510160
v 0.09323090 -0.06990410 -0.01507080
v 0.09311470 -0.07009590 -0.01507080
v 0.09170820 -0.07170830 -0.01512100
v 0.09177190 -0.07165050 -0.01536440
v 0.09178990 -0.07163380 -0.01534060
v 0.09173210 -0.07168590 -0.01511970
v 0.09393720 -0.06820420 -0.01484140
v 0.09399760 -0.06795840 -0.01485280
v 0.09400420 -0.06792860 -0.01482070
v 0.09392850 -0.06823770 -0.01480660
v 0.09393920 -0.06819490 -0.01510320
v 0.09385020 -0.06850210 -0.01486180
v 0.09385090 -0.06850210 -0.01507110
v 0.09377650 -0.06847980 -0.01507110
v 0.09377650 -0.06848160 -0.01486180
v 0.09391590 -0.06796770 -0.01488230
v 0.09399090 -0.06798450 -0.01488260
v 0.09385090 -0.06850400 -0.01473330
v 0.09385020 -0.06850400 -0.01453100
v 0.09384160 -0.06853370 -0.01449620
v 0.09207330 -0.07120180 -0.01507210
v 0.09192190 -0.07134710 -0.01507140
v 0.09195120 -0.07137870 -0.01507180
v 0.09210320 -0.07123350 -0.01507210
v 0.09226250 -0.07118140 -0.01455580
v 0.09224260 -0.07120370 -0.01452840
v 0.09205670 -0.07121860 -0.01504800
v 0.09194120 -0.07132840 -0.01504800
v 0.09344600 -0.06950940 -0.01476040
v 0.09344600 -0.06950940 -0.01448620
v 0.09345930 -0.06948140 -0.01485820
v 0.09356810 -0.06925240 -0.01482740
v 0.09338950 -0.06944790 -0.01451700
v 0.09348510 -0.06924680 -0.01451700
v 0.09355480 -0.06928040 -0.01451700
v 0.09345930 -0.06948140 -0.01451700
v 0.09329530 -0.06979240 -0.01485820
v 0.09340080 -0.06959690 -0.01485820
v 0.09328070 -0.06982030 -0.01482740
v 0.09328070 -0.06982030 -0.01476040
v 0.09328070 -0.06982030 -0.01448620
v 0.09341610 -0.06956900 -0.01448620
v 0.09341610 -0.06956900 -0.01476040
v 0.09328070 -0.06982030 -0.01510160
v 0.09326480 -0.06985010 -0.01513510
v 0.09341610 -0.06956900 -0.01510160
v 0.09340080 -0.06959690 -0.01507080
v 0.09309880 -0.07012190 -0.01448620
v 0.09326480 -0.06985010 -0.01479390
v 0.09324750 -0.06987800 -0.01448620
v 0.09324750 -0.06987800 -0.01476040
v 0.09240920 -0.07084250 -0.01454510
v 0.09252130 -0.07071030 -0.01454210
v 0.09253660 -0.07069350 -0.01451800
v 0.09239390 -0.07086110 -0.01452170
v 0.09323090 -0.06990410 -0.01472960
v 0.09311470 -0.07009590 -0.01472960
v 0.09316520 -0.06986500 -0.01472960
v 0.09304900 -0.07005490 -0.01472960
v 0.09304900 -0.07005490 -0.01485820
v 0.09316520 -0.06986500 -0.01485820
v 0.09323090 -0.06990410 -0.01485820
v 0.09311470 -0.07009590 -0.01485820
v 0.09301250 -0.07003260 -0.01485820
v 0.09312870 -0.06984260 -0.01485820
v 0.09400350 -0.06792860 -0.01510290
v 0.09399560 -0.06796210 -0.01507180
v 0.09302510 -0.07001210 -0.01488190
v 0.09311610 -0.06986310 -0.01488190
v 0.09340080 -0.06959690 -0.01472960
v 0.09329530 -0.06979240 -0.01472960
v 0.09338950 -0.06944790 -0.01507080
v 0.09345930 -0.06948140 -0.01507080
v 0.09356810 -0.06925240 -0.01448620
v 0.09358210 -0.06922080 -0.01445270
v 0.09359470 -0.06919100 -0.01476040
v 0.09359470 -0.06919100 -0.01448620
v 0.09360660 -0.06916120 -0.01507080
v 0.09360660 -0.06916120 -0.01485820
v 0.09359470 -0.06919100 -0.01482740
v 0.09359470 -0.06919100 -0.01510160
v 0.09324750 -0.06987800 -0.01482740
v 0.09309880 -0.07012190 -0.01482740
v 0.09360660 -0.06916120 -0.01472960
v 0.09369160 -0.06895450 -0.01472960
v 0.09370350 -0.06892660 -0.01476040
v 0.09370350 -0.06892660 -0.01448620
v 0.09369160 -0.06895450 -0.01485820
v 0.09369160 -0.06895450 -0.01507080
v 0.09370350 -0.06892660 -0.01510160
v 0.09373740 -0.06883540 -0.01451800
v 0.09372740 -0.06886330 -0.01448650
v 0.09373740 -0.06883540 -0.01472990
v 0.09381110 -0.06862680 -0.01473090
v 0.09382100 -0.06859700 -0.01476210
v 0.09381040 -0.06862680 -0.01452160
v 0.09234280 -0.07098210 -0.01473290
v 0.09220010 -0.07113480 -0.01473960
v 0.09373800 -0.06860080 -0.01473090
v 0.09373800 -0.06860080 -0.01452160
v 0.09369750 -0.06858770 -0.01452160
v 0.09369750 -0.06858590 -0.01473090
v 0.09372740 -0.06886330 -0.01476070
v 0.09329530 -0.06979240 -0.01507080
v 0.09382100 -0.06859890 -0.01449120
v 0.09358210 -0.06922080 -0.01513510
v 0.09356810 -0.06925240 -0.01510160
v 0.09369160 -0.06895450 -0.01451700
v 0.09360660 -0.06916120 -0.01451700
v 0.09340080 -0.06959690 -0.01451700
v 0.09240850 -0.07084430 -0.01488330
v 0.09252130 -0.07071030 -0.01488230
v 0.09253660 -0.07069350 -0.01485850
v 0.09239320 -0.07086300 -0.01485950
v 0.09371610 -0.06889490 -0.01445270
v 0.09382100 -0.06859700 -0.01482870
v 0.09382170 -0.06859520 -0.01510190
v 0.09373740 -0.06883540 -0.01507080
v 0.09373740 -0.06883540 -0.01485850
v 0.09372680 -0.06886330 -0.01482740
v 0.09262750 -0.07057810 -0.01488190
v 0.09261290 -0.07059670 -0.01485820
v 0.09393120 -0.06822650 -0.01513670
v 0.09392120 -0.06826000 -0.01510320
v 0.09391990 -0.06826940 -0.01483910
v 0.09384160 -0.06853370 -0.01483000
v 0.09384230 -0.06853190 -0.01510190
v 0.09391260 -0.06829170 -0.01507210
v 0.09288310 -0.07044030 -0.01411150
v 0.09266940 -0.07072150 -0.01411150
v 0.09267000 -0.07072150 -0.01414230
v 0.09288310 -0.07044030 -0.01414230
v 0.09382960 -0.06813900 -0.01507210
v 0.09382760 -0.06814460 -0.01487360
v 0.09369820 -0.06858400 -0.01507080
v 0.09362450 -0.06879440 -0.01507080
v 0.09366440 -0.06880930 -0.01507080
v 0.09373800 -0.06859890 -0.01507080
v 0.09383830 -0.06826940 -0.01507210
v 0.09391130 -0.06829730 -0.01486890
v 0.09262820 -0.07076990 -0.01451800
v 0.09262820 -0.07076990 -0.01472990
v 0.09264810 -0.07074750 -0.01476070
v 0.09264810 -0.07074750 -0.01448650
v 0.09316520 -0.06986500 -0.01507080
v 0.09304900 -0.07005490 -0.01507080
v 0.09200490 -0.07143460 -0.01507180
v 0.09312870 -0.06984260 -0.01472960
v 0.09301250 -0.07003260 -0.01472960
v 0.09311610 -0.06986310 -0.01470580
v 0.09302510 -0.07001210 -0.01470580
v 0.09302510 -0.07001210 -0.01454070
v 0.09301250 -0.07003260 -0.01451700
v 0.09312870 -0.06984260 -0.01507080
v 0.09301250 -0.07003260 -0.01507080
v 0.09335110 -0.06942930 -0.01485820
v 0.09344660 -0.06922820 -0.01485820
v 0.09338950 -0.06944790 -0.01485820
v 0.09344660 -0.06922820 -0.01507080
v 0.09335110 -0.06942930 -0.01507080
v 0.09336100 -0.06940880 -0.01488190
v 0.09343600 -0.06925060 -0.01488190
v 0.09377650 -0.06848160 -0.01473290
v 0.09264810 -0.07074750 -0.01510190
v 0.09264810 -0.07074750 -0.01482740
v 0.09262820 -0.07076990 -0.01485850
v 0.09248550 -0.07093930 -0.01452170
v 0.09298130 -0.07015920 -0.01472960
v 0.09264750 -0.07062280 -0.01485820
v 0.09278290 -0.07044590 -0.01485820
v 0.09270850 -0.07066930 -0.01485820
v 0.09278290 -0.07044590 -0.01472960
v 0.09264750 -0.07062280 -0.01472960
v 0.09261290 -0.07059670 -0.01507080
v 0.09274840 -0.07041980 -0.01451700
v 0.09261290 -0.07059670 -0.01451700
v 0.09262750 -0.07057810 -0.01454070
v 0.09273440 -0.07043840 -0.01454070
v 0.09274840 -0.07041980 -0.01472960
v 0.09273440 -0.07043840 -0.01470580
v 0.09262750 -0.07057810 -0.01470580
v 0.09261290 -0.07059670 -0.01472960
v 0.09322760 -0.06975700 -0.01485820
v 0.09333310 -0.06955960 -0.01485820
v 0.09329530 -0.06953920 -0.01451700
v 0.09333310 -0.06955960 -0.01451700
v 0.09322760 -0.06975700 -0.01451700
v 0.09329530 -0.06953920 -0.01507080
v 0.09318980 -0.06973650 -0.01507080
v 0.09322760 -0.06975700 -0.01507080
v 0.09333310 -0.06955960 -0.01507080
v 0.09329530 -0.06953920 -0.01472960
v 0.09328400 -0.06955960 -0.01470580
v 0.09207860 -0.07119620 -0.01487360
v 0.09206070 -0.07121490 -0.01489870
v 0.09210780 -0.07122790 -0.01487390
v 0.09383160 -0.06856720 -0.01445840
v 0.09363180 -0.06877210 -0.01454210
v 0.09368960 -0.06861010 -0.01454510
v 0.09362450 -0.06879440 -0.01451800
v 0.09353560 -0.06913330 -0.01451700
v 0.09362050 -0.06892660 -0.01451700
v 0.09328400 -0.06955960 -0.01454070
v 0.09256910 -0.07071960 -0.01485850
v 0.09253660 -0.07069350 -0.01507080
v 0.09349580 -0.06911650 -0.01451700
v 0.09358070 -0.06890990 -0.01451700
v 0.09333310 -0.06955960 -0.01472960
v 0.09349580 -0.06911650 -0.01472960
v 0.09358070 -0.06890990 -0.01472960
v 0.09357140 -0.06893220 -0.01470580
v 0.09350510 -0.06909420 -0.01470580
v 0.09329530 -0.06979240 -0.01451700
v 0.09322760 -0.06975700 -0.01472960
v 0.09320110 -0.06971600 -0.01488190
v 0.09328400 -0.06955960 -0.01488190
v 0.09329530 -0.06953920 -0.01485820
v 0.09318980 -0.06973650 -0.01485820
v 0.09349580 -0.06911650 -0.01507080
v 0.09349580 -0.06911650 -0.01485820
v 0.09353560 -0.06913330 -0.01485820
v 0.09353560 -0.06913330 -0.01507080
v 0.09320110 -0.06971600 -0.01504700
v 0.09328400 -0.06955960 -0.01504700
v 0.09282000 -0.07032120 -0.01507080
v 0.09362050 -0.06892660 -0.01485820
v 0.09362050 -0.06892660 -0.01507080
v 0.09338950 -0.06944790 -0.01472960
v 0.09348510 -0.06924680 -0.01472960
v 0.09344660 -0.06922820 -0.01472960
v 0.09335110 -0.06942930 -0.01472960
v 0.09344660 -0.06922820 -0.01451700
v 0.09343600 -0.06925060 -0.01454070
v 0.09343600 -0.06925060 -0.01470580
v 0.09336100 -0.06940880 -0.01504700
v 0.09343600 -0.06925060 -0.01504700
v 0.09336100 -0.06940880 -0.01470580
v 0.09336100 -0.06940880 -0.01454070
v 0.09335110 -0.06942930 -0.01451700
v 0.09353560 -0.06913330 -0.01472960
v 0.09362050 -0.06892660 -0.01472960
v 0.09358070 -0.06890990 -0.01485820
v 0.09350510 -0.06909420 -0.01488190
v 0.09357140 -0.06893220 -0.01488190
v 0.09357140 -0.06893220 -0.01504700
v 0.09358070 -0.06890990 -0.01507080
v 0.09350510 -0.06909420 -0.01454070
v 0.09357140 -0.06893220 -0.01454070
v 0.09291960 -0.07038820 -0.01451700
v 0.09393120 -0.06822470 -0.01547620
v 0.09401090 -0.06789700 -0.01546220
v 0.09400950 -0.06790440 -0.01543140
v 0.09393120 -0.06822650 -0.01544540
v 0.09204340 -0.07140100 -0.01457960
v 0.09198170 -0.07145880 -0.01482070
v 0.09401090 -0.06789700 -0.01446670
v 0.09400620 -0.06791930 -0.01448920
v 0.09392850 -0.06823960 -0.01425340
v 0.09393120 -0.06822470 -0.01422500
v 0.09398630 -0.06801060 -0.01457960
v 0.09179450 -0.07163010 -0.01480790
v 0.09196180 -0.07147550 -0.01543140
v 0.09401220 -0.06789140 -0.01513610
v 0.09293290 -0.07015550 -0.01488190
v 0.09283400 -0.07030070 -0.01488190
v 0.09283400 -0.07030070 -0.01504700
v 0.09293290 -0.07015550 -0.01504700
v 0.09311470 -0.07009590 -0.01451700
v 0.09323090 -0.06990410 -0.01451700
v 0.09304900 -0.07005490 -0.01451700
v 0.09316520 -0.06986500 -0.01451700
v 0.09302510 -0.07001210 -0.01504700
v 0.09383230 -0.06856350 -0.01412560
v 0.09383100 -0.06856720 -0.01415640
v 0.09392590 -0.06825260 -0.01449860
v 0.09391660 -0.06828430 -0.01452830
v 0.09363180 -0.06877210 -0.01504700
v 0.09363180 -0.06877210 -0.01488230
v 0.09362390 -0.06879440 -0.01485850
v 0.09377650 -0.06848350 -0.01453100
v 0.09373540 -0.06846860 -0.01473290
v 0.09373540 -0.06847040 -0.01453100
v 0.09392060 -0.06794350 -0.01507180
v 0.09387410 -0.06795660 -0.01488230
v 0.09387880 -0.06793420 -0.01507140
v 0.09378650 -0.06829910 -0.01457660
v 0.09378780 -0.06829360 -0.01471520
v 0.09374270 -0.06844620 -0.01470980
v 0.09374200 -0.06844810 -0.01455780
v 0.09220010 -0.07124650 -0.01547630
v 0.09244170 -0.07098960 -0.01547630
v 0.09244170 -0.07098960 -0.01544540
v 0.09220070 -0.07124460 -0.01544540
v 0.09244170 -0.07098960 -0.01412560
v 0.09220010 -0.07124650 -0.01422500
v 0.09195710 -0.07148110 -0.01546220
v 0.09374270 -0.06844620 -0.01504730
v 0.09379050 -0.06828050 -0.01504800
v 0.09378980 -0.06828610 -0.01489160
v 0.09374200 -0.06844620 -0.01488630
v 0.09262750 -0.07057810 -0.01504700
v 0.09266940 -0.07072150 -0.01544540
v 0.09197310 -0.07146620 -0.01448920
v 0.09200290 -0.07143830 -0.01485280
v 0.09218480 -0.07126140 -0.01484140
v 0.09202280 -0.07141780 -0.01488260
v 0.09193920 -0.07133220 -0.01488230
v 0.09196910 -0.07136380 -0.01488230
v 0.09219610 -0.07113850 -0.01486890
v 0.09234210 -0.07098210 -0.01486180
v 0.09195450 -0.07131730 -0.01490500
v 0.09229430 -0.07097090 -0.01504730
v 0.09231090 -0.07095420 -0.01507110
v 0.09345930 -0.06948140 -0.01472960
v 0.09355480 -0.06928040 -0.01472960
v 0.09217490 -0.07109940 -0.01455550
v 0.09216820 -0.07110500 -0.01473960
v 0.09239260 -0.07086300 -0.01507080
v 0.09240780 -0.07084430 -0.01504700
v 0.09294620 -0.07013680 -0.01507080
v 0.09239790 -0.07103610 -0.01507110
v 0.09222530 -0.07122040 -0.01510330
v 0.09234210 -0.07098400 -0.01507110
v 0.09219080 -0.07114410 -0.01507210
v 0.09231220 -0.07095230 -0.01453100
v 0.09231160 -0.07095420 -0.01473290
v 0.09234340 -0.07098210 -0.01453100
v 0.09383230 -0.06856350 -0.01547620
v 0.09231090 -0.07095420 -0.01486180
v 0.09229500 -0.07097090 -0.01488630
v 0.09383360 -0.06812040 -0.01489870
v 0.09386950 -0.06797700 -0.01490500
v 0.09239990 -0.07103430 -0.01453100
v 0.09242580 -0.07088900 -0.01473090
v 0.09242710 -0.07088900 -0.01452170
v 0.09256910 -0.07071960 -0.01451800
v 0.09253660 -0.07069350 -0.01472990
v 0.09256910 -0.07071960 -0.01472990
v 0.09285590 -0.07034540 -0.01472960
v 0.09240850 -0.07084430 -0.01470680
v 0.09239320 -0.07086110 -0.01473090
v 0.09252130 -0.07071030 -0.01470610
v 0.09373540 -0.06846860 -0.01486180
v 0.09373540 -0.06846860 -0.01507110
v 0.09383690 -0.06827680 -0.01486890
v 0.09379640 -0.06826380 -0.01486890
v 0.09379710 -0.06825630 -0.01507180
v 0.09220670 -0.07112920 -0.01455550
v 0.09387280 -0.06796030 -0.01504800
v 0.09252130 -0.07071030 -0.01504700
v 0.09312870 -0.06984260 -0.01451700
v 0.09311610 -0.06986310 -0.01454070
v 0.09366440 -0.06880930 -0.01451800
v 0.09366440 -0.06880930 -0.01472990
v 0.09369020 -0.06860820 -0.01488330
v 0.09369750 -0.06858590 -0.01485950
v 0.09363250 -0.06877210 -0.01470610
v 0.09368960 -0.06860820 -0.01470680
v 0.09311610 -0.06986310 -0.01504700
v 0.09373800 -0.06860080 -0.01485950
v 0.09242580 -0.07088900 -0.01485950
v 0.09381110 -0.06862500 -0.01507110
v 0.09362450 -0.06879440 -0.01472990
v 0.09381110 -0.06862500 -0.01485950
v 0.09369020 -0.06860820 -0.01504700
v 0.09358210 -0.06922080 -0.01411150
v 0.09343140 -0.06953920 -0.01411150
v 0.09358210 -0.06922080 -0.01414230
v 0.09350510 -0.06909420 -0.01504700
v 0.09266940 -0.07072150 -0.01547630
v 0.09371610 -0.06889490 -0.01547620
v 0.09383500 -0.06811670 -0.01504800
v 0.09405930 -0.06767540 -0.01534060
v 0.09371610 -0.06889680 -0.01414230
v 0.09371610 -0.06889490 -0.01411150
v 0.09366440 -0.06880930 -0.01485850
v 0.09358210 -0.06922080 -0.01544540
v 0.09195710 -0.07148110 -0.01446680
v 0.09177330 -0.07164870 -0.01479390
v 0.09406390 -0.06765120 -0.01536440
v 0.09358210 -0.06922080 -0.01547620
v 0.09304500 -0.07020390 -0.00352300
v 0.09291960 -0.07038820 -0.00352300
v 0.09306300 -0.07017780 -0.00355380
v 0.09294620 -0.07013690 -0.00386420
v 0.09282000 -0.07032120 -0.00386420
v 0.09298130 -0.07015920 -0.00386420
v 0.09285590 -0.07034540 -0.00386420
v 0.09348510 -0.06924690 -0.00331040
v 0.09348510 -0.06924690 -0.00352300
v 0.09355480 -0.06928040 -0.00331040
v 0.09355480 -0.06928040 -0.00352300
v 0.09306300 -0.07017780 -0.00389500
v 0.09306300 -0.07017780 -0.00362070
v 0.09304500 -0.07020390 -0.00386420
v 0.09304500 -0.07020390 -0.00365160
v 0.09309880 -0.07012200 -0.00362070
v 0.09308160 -0.07014990 -0.00358730
v 0.09308160 -0.07014990 -0.00392850
v 0.09306300 -0.07017780 -0.00327960
v 0.09308160 -0.07014990 -0.00324610
v 0.09283400 -0.07030070 -0.00384040
v 0.09293290 -0.07015550 -0.00384040
v 0.09282000 -0.07032120 -0.00365160
v 0.09283400 -0.07030070 -0.00367530
v 0.09293290 -0.07015550 -0.00367530
v 0.09294620 -0.07013690 -0.00365160
v 0.09288310 -0.07044040 -0.00358730
v 0.09290170 -0.07041430 -0.00355380
v 0.09290170 -0.07041430 -0.00327960
v 0.09290170 -0.07041430 -0.00362080
v 0.09288310 -0.07044040 -0.00392850
v 0.09286250 -0.07046830 -0.00389500
v 0.09268990 -0.07069540 -0.00389500
v 0.09270850 -0.07066940 -0.00386420
v 0.09284390 -0.07049250 -0.00386420
v 0.09268990 -0.07069540 -0.00362080
v 0.09270850 -0.07066940 -0.00365160
v 0.09268990 -0.07069540 -0.00355380
v 0.09268990 -0.07069540 -0.00327960
v 0.09266930 -0.07072150 -0.00358730
v 0.09284390 -0.07049250 -0.00352300
v 0.09286250 -0.07046830 -0.00355380
v 0.09286250 -0.07046830 -0.00327960
v 0.09288310 -0.07044040 -0.00324610
v 0.09284390 -0.07049250 -0.00365160
v 0.09286250 -0.07046830 -0.00362080
v 0.09284390 -0.07049250 -0.00331040
v 0.09266930 -0.07072150 -0.00324610
v 0.09264750 -0.07062280 -0.00331040
v 0.09278290 -0.07044590 -0.00331040
v 0.09270850 -0.07066940 -0.00331040
v 0.09266930 -0.07072150 -0.00392850
v 0.09344600 -0.06950940 -0.00327960
v 0.09343140 -0.06953920 -0.00324610
v 0.09343140 -0.06953920 -0.00358730
v 0.09341610 -0.06956900 -0.00355380
v 0.09372740 -0.06886330 -0.00327920
v 0.09371610 -0.06889500 -0.00324610
v 0.09371610 -0.06889500 -0.00358730
v 0.09370350 -0.06892660 -0.00355380
v 0.09320110 -0.06971610 -0.00384040
v 0.09320110 -0.06971610 -0.00367530
v 0.09318980 -0.06973660 -0.00386420
v 0.09318980 -0.06973660 -0.00365160
v 0.09290170 -0.07041430 -0.00389500
v 0.09291960 -0.07038820 -0.00365160
v 0.09298130 -0.07015920 -0.00352300
v 0.09285590 -0.07034540 -0.00352300
v 0.09285590 -0.07034540 -0.00331040
v 0.09298130 -0.07015920 -0.00331040
v 0.09291960 -0.07038820 -0.00331040
v 0.09304500 -0.07020390 -0.00331040
v 0.09294620 -0.07013690 -0.00352300
v 0.09282000 -0.07032120 -0.00352300
v 0.09406390 -0.06765310 -0.00358730
v 0.09408190 -0.06756750 -0.00326010
v 0.09405800 -0.06768100 -0.00357320
v 0.09407520 -0.06759910 -0.00326150
v 0.09222060 -0.07122790 -0.00388260
v 0.09221000 -0.07123720 -0.00412770
v 0.09244430 -0.07098770 -0.00392280
v 0.09244500 -0.07098590 -0.00422480
v 0.09308160 -0.07014990 -0.00426960
v 0.09326480 -0.06985010 -0.00426960
v 0.09308160 -0.07014990 -0.00423880
v 0.09326480 -0.06985010 -0.00423880
v 0.09308160 -0.07014990 -0.00290490
v 0.09288310 -0.07044040 -0.00290490
v 0.09308160 -0.07014990 -0.00293570
v 0.09288310 -0.07044040 -0.00293570
v 0.09343140 -0.06953920 -0.00290490
v 0.09326480 -0.06985010 -0.00290490
v 0.09343140 -0.06953920 -0.00293570
v 0.09326480 -0.06985010 -0.00293570
v 0.09264750 -0.07062280 -0.00386420
v 0.09278290 -0.07044590 -0.00386420
v 0.09371610 -0.06889500 -0.00293570
v 0.09383230 -0.06856360 -0.00293570
v 0.09383230 -0.06856360 -0.00324570
v 0.09386950 -0.06815580 -0.00350720
v 0.09387080 -0.06814840 -0.00330900
v 0.09394450 -0.06817260 -0.00350720
v 0.09394580 -0.06816700 -0.00330900
v 0.09242510 -0.07089090 -0.00331040
v 0.09256910 -0.07071960 -0.00331040
v 0.09248350 -0.07093930 -0.00331000
v 0.09262820 -0.07076990 -0.00331040
v 0.09379440 -0.06826940 -0.00364150
v 0.09379310 -0.06827680 -0.00382570
v 0.09383560 -0.06828060 -0.00364150
v 0.09383430 -0.06828990 -0.00382570
v 0.09274840 -0.07041990 -0.00352300
v 0.09274840 -0.07041990 -0.00331040
v 0.09273440 -0.07043850 -0.00349920
v 0.09273440 -0.07043850 -0.00333410
v 0.09229560 -0.07097100 -0.00382330
v 0.09229560 -0.07097100 -0.00367130
v 0.09219080 -0.07108270 -0.00380460
v 0.09218550 -0.07108830 -0.00366600
v 0.09215690 -0.07128750 -0.00330900
v 0.09216160 -0.07128380 -0.00350730
v 0.09217820 -0.07126700 -0.00327790
v 0.09326480 -0.06985010 -0.00392850
v 0.09343140 -0.06953920 -0.00392850
v 0.09343140 -0.06953920 -0.00423880
v 0.09246360 -0.07096350 -0.00327920
v 0.09246420 -0.07096350 -0.00355250
v 0.09248420 -0.07093930 -0.00352170
v 0.09223390 -0.07121120 -0.00360900
v 0.09225580 -0.07118700 -0.00364120
v 0.09239920 -0.07103610 -0.00364790
v 0.09248480 -0.07093930 -0.00365020
v 0.09246490 -0.07096350 -0.00361910
v 0.09246560 -0.07096170 -0.00389000
v 0.09242040 -0.07101380 -0.00361810
v 0.09242110 -0.07101190 -0.00388490
v 0.09244300 -0.07098770 -0.00358560
v 0.09215960 -0.07111430 -0.00330940
v 0.09216490 -0.07110880 -0.00351230
v 0.09217680 -0.07109570 -0.00333310
v 0.09218080 -0.07109200 -0.00348950
v 0.09244170 -0.07098960 -0.00324580
v 0.09241910 -0.07101380 -0.00327920
v 0.09241980 -0.07101380 -0.00355110
v 0.09239850 -0.07103610 -0.00351930
v 0.09225250 -0.07119260 -0.00351230
v 0.09224720 -0.07119630 -0.00330900
v 0.09223190 -0.07121300 -0.00354210
v 0.09221000 -0.07123720 -0.00357460
v 0.09220140 -0.07124470 -0.00324440
v 0.09195250 -0.07148490 -0.00324510
v 0.09197970 -0.07145880 -0.00327820
v 0.09391860 -0.06827130 -0.00360900
v 0.09391000 -0.06830290 -0.00364120
v 0.09390800 -0.06831220 -0.00382530
v 0.09344600 -0.06950940 -0.00355380
v 0.09358200 -0.06922080 -0.00358730
v 0.09356810 -0.06925250 -0.00362070
v 0.09384160 -0.06853380 -0.00361810
v 0.09383230 -0.06856540 -0.00358560
v 0.09324750 -0.06987810 -0.00327960
v 0.09309880 -0.07012200 -0.00327960
v 0.09323090 -0.06990410 -0.00331040
v 0.09311470 -0.07009590 -0.00331040
v 0.09177190 -0.07165060 -0.00301670
v 0.09170820 -0.07170830 -0.00326020
v 0.09178980 -0.07163380 -0.00304050
v 0.09173210 -0.07168590 -0.00326150
v 0.09399760 -0.06795850 -0.00352830
v 0.09393720 -0.06820420 -0.00353970
v 0.09400420 -0.06792860 -0.00356050
v 0.09393920 -0.06819490 -0.00327790
v 0.09392850 -0.06823770 -0.00357450
v 0.09385090 -0.06850210 -0.00331000
v 0.09385020 -0.06850210 -0.00351930
v 0.09377650 -0.06847980 -0.00331000
v 0.09377650 -0.06848160 -0.00351930
v 0.09391590 -0.06796780 -0.00349890
v 0.09399090 -0.06798450 -0.00349850
v 0.09385020 -0.06850400 -0.00385010
v 0.09385090 -0.06850400 -0.00364790
v 0.09384160 -0.06853380 -0.00388490
v 0.09192190 -0.07134710 -0.00330970
v 0.09207330 -0.07120190 -0.00330900
v 0.09195110 -0.07137870 -0.00330940
v 0.09210320 -0.07123350 -0.00330900
v 0.09226250 -0.07118140 -0.00382530
v 0.09224250 -0.07120370 -0.00385280
v 0.09194120 -0.07132850 -0.00333310
v 0.09205670 -0.07121860 -0.00333310
v 0.09344600 -0.06950940 -0.00389500
v 0.09344600 -0.06950940 -0.00362070
v 0.09345930 -0.06948150 -0.00352300
v 0.09356810 -0.06925250 -0.00355380
v 0.09348510 -0.06924690 -0.00386420
v 0.09338950 -0.06944800 -0.00386420
v 0.09355480 -0.06928040 -0.00386420
v 0.09345930 -0.06948150 -0.00386420
v 0.09340080 -0.06959690 -0.00352300
v 0.09329530 -0.06979240 -0.00352300
v 0.09328070 -0.06982030 -0.00355380
v 0.09328070 -0.06982030 -0.00389500
v 0.09328070 -0.06982030 -0.00362070
v 0.09341610 -0.06956900 -0.00362070
v 0.09341610 -0.06956900 -0.00389500
v 0.09326480 -0.06985010 -0.00324610
v 0.09328070 -0.06982030 -0.00327960
v 0.09341610 -0.06956900 -0.00327960
v 0.09340080 -0.06959690 -0.00331040
v 0.09309880 -0.07012200 -0.00389500
v 0.09324750 -0.06987810 -0.00389500
v 0.09326480 -0.06985010 -0.00358730
v 0.09324750 -0.06987810 -0.00362070
v 0.09252130 -0.07071030 -0.00383910
v 0.09240910 -0.07084250 -0.00383610
v 0.09253660 -0.07069360 -0.00386320
v 0.09239390 -0.07086110 -0.00385950
v 0.09311470 -0.07009590 -0.00365160
v 0.09323090 -0.06990410 -0.00365160
v 0.09316520 -0.06986500 -0.00365160
v 0.09304900 -0.07005490 -0.00365160
v 0.09316520 -0.06986500 -0.00352300
v 0.09304900 -0.07005490 -0.00352300
v 0.09323090 -0.06990410 -0.00352300
v 0.09311470 -0.07009590 -0.00352300
v 0.09312870 -0.06984270 -0.00352300
v 0.09301250 -0.07003260 -0.00352300
v 0.09400350 -0.06792860 -0.00327820
v 0.09399560 -0.06796220 -0.00330940
v 0.09302510 -0.07001210 -0.00349920
v 0.09311610 -0.06986320 -0.00349920
v 0.09329530 -0.06979240 -0.00365160
v 0.09340080 -0.06959690 -0.00365160
v 0.09338950 -0.06944800 -0.00331040
v 0.09345930 -0.06948150 -0.00331040
v 0.09356810 -0.06925250 -0.00389500
v 0.09359470 -0.06919100 -0.00362070
v 0.09358200 -0.06922080 -0.00392850
v 0.09359470 -0.06919100 -0.00389500
v 0.09360660 -0.06916120 -0.00352300
v 0.09360660 -0.06916120 -0.00331040
v 0.09359470 -0.06919100 -0.00355380
v 0.09359470 -0.06919100 -0.00327960
v 0.09324750 -0.06987810 -0.00355380
v 0.09309880 -0.07012200 -0.00355380
v 0.09360660 -0.06916120 -0.00365160
v 0.09369160 -0.06895460 -0.00365160
v 0.09370350 -0.06892660 -0.00362070
v 0.09370350 -0.06892660 -0.00389500
v 0.09369160 -0.06895460 -0.00331040
v 0.09369160 -0.06895460 -0.00352300
v 0.09370350 -0.06892660 -0.00327960
v 0.09372740 -0.06886330 -0.00389460
v 0.09373740 -0.06883540 -0.00386320
v 0.09373740 -0.06883540 -0.00365120
v 0.09382100 -0.06859710 -0.00361910
v 0.09381110 -0.06862690 -0.00365020
v 0.09381040 -0.06862690 -0.00385950
v 0.09220010 -0.07113480 -0.00364150
v 0.09234280 -0.07098210 -0.00364820
v 0.09373800 -0.06860080 -0.00385950
v 0.09373800 -0.06860080 -0.00365020
v 0.09369750 -0.06858780 -0.00385950
v 0.09369750 -0.06858590 -0.00365020
v 0.09372740 -0.06886330 -0.00362040
v 0.09329530 -0.06979240 -0.00331040
v 0.09382100 -0.06859890 -0.00389000
v 0.09358200 -0.06922080 -0.00324610
v 0.09356810 -0.06925250 -0.00327960
v 0.09369160 -0.06895460 -0.00386420
v 0.09360660 -0.06916120 -0.00386420
v 0.09340080 -0.06959690 -0.00386420
v 0.09252130 -0.07071030 -0.00349890
v 0.09240850 -0.07084440 -0.00349790
v 0.09253660 -0.07069360 -0.00352270
v 0.09239320 -0.07086300 -0.00352170
v 0.09371610 -0.06889500 -0.00392850
v 0.09382170 -0.06859520 -0.00327920
v 0.09382100 -0.06859710 -0.00355240
v 0.09373740 -0.06883540 -0.00352260
v 0.09373740 -0.06883540 -0.00331040
v 0.09372680 -0.06886330 -0.00355380
v 0.09262750 -0.07057810 -0.00349920
v 0.09261290 -0.07059670 -0.00352300
v 0.09393120 -0.06822660 -0.00324440
v 0.09392120 -0.06826010 -0.00327790
v 0.09391990 -0.06826940 -0.00354210
v 0.09384160 -0.06853380 -0.00355110
v 0.09384230 -0.06853190 -0.00327920
v 0.09391260 -0.06829170 -0.00330900
v 0.09266930 -0.07072150 -0.00426960
v 0.09288310 -0.07044040 -0.00426960
v 0.09267000 -0.07072150 -0.00423880
v 0.09288310 -0.07044040 -0.00423880
v 0.09382960 -0.06813910 -0.00330900
v 0.09382760 -0.06814460 -0.00350760
v 0.09362450 -0.06879440 -0.00331040
v 0.09369820 -0.06858400 -0.00331040
v 0.09366440 -0.06880930 -0.00331040
v 0.09373800 -0.06859890 -0.00331040
v 0.09383830 -0.06826940 -0.00330900
v 0.09391130 -0.06829730 -0.00351230
v 0.09262820 -0.07076990 -0.00365120
v 0.09262820 -0.07076990 -0.00386320
v 0.09264810 -0.07074750 -0.00362040
v 0.09264810 -0.07074750 -0.00389460
v 0.09304900 -0.07005490 -0.00331040
v 0.09316520 -0.06986500 -0.00331040
v 0.09200490 -0.07143460 -0.00330940
v 0.09301250 -0.07003260 -0.00365160
v 0.09312870 -0.06984270 -0.00365160
v 0.09311610 -0.06986320 -0.00367530
v 0.09302510 -0.07001210 -0.00367530
v 0.09302510 -0.07001210 -0.00384040
v 0.09301250 -0.07003260 -0.00386420
v 0.09301250 -0.07003260 -0.00331040
v 0.09312870 -0.06984270 -0.00331040
v 0.09344660 -0.06922830 -0.00352300
v 0.09335110 -0.06942930 -0.00352300
v 0.09338950 -0.06944800 -0.00352300
v 0.09335110 -0.06942930 -0.00331040
v 0.09344660 -0.06922830 -0.00331040
v 0.09343600 -0.06925060 -0.00349920
v 0.09336100 -0.06940890 -0.00349920
v 0.09377650 -0.06848160 -0.00364820
v 0.09264810 -0.07074750 -0.00355380
v 0.09264810 -0.07074750 -0.00327920
v 0.09262820 -0.07076990 -0.00352270
v 0.09248550 -0.07093930 -0.00385950
v 0.09298130 -0.07015920 -0.00365160
v 0.09278290 -0.07044590 -0.00352300
v 0.09264750 -0.07062280 -0.00352300
v 0.09270850 -0.07066940 -0.00352300
v 0.09264750 -0.07062280 -0.00365160
v 0.09278290 -0.07044590 -0.00365160
v 0.09261290 -0.07059670 -0.00331040
v 0.09261290 -0.07059670 -0.00386420
v 0.09274840 -0.07041990 -0.00386420
v 0.09262750 -0.07057810 -0.00384040
v 0.09273440 -0.07043850 -0.00384040
v 0.09274840 -0.07041990 -0.00365160
v 0.09273440 -0.07043850 -0.00367530
v 0.09262750 -0.07057810 -0.00367530
v 0.09261290 -0.07059670 -0.00365160
v 0.09333310 -0.06955970 -0.00352300
v 0.09322760 -0.06975700 -0.00352300
v 0.09329530 -0.06953920 -0.00386420
v 0.09333310 -0.06955970 -0.00386420
v 0.09322760 -0.06975700 -0.00386420
v 0.09318980 -0.06973660 -0.00331040
v 0.09329530 -0.06953920 -0.00331040
v 0.09322760 -0.06975700 -0.00331040
v 0.09333310 -0.06955970 -0.00331040
v 0.09329530 -0.06953920 -0.00365160
v 0.09328400 -0.06955970 -0.00367530
v 0.09207860 -0.07119630 -0.00350760
v 0.09206070 -0.07121490 -0.00348250
v 0.09210780 -0.07122790 -0.00350730
v 0.09383160 -0.06856730 -0.00392280
v 0.09368960 -0.06861010 -0.00383600
v 0.09363180 -0.06877210 -0.00383910
v 0.09362450 -0.06879440 -0.00386320
v 0.09362050 -0.06892660 -0.00386420
v 0.09353560 -0.06913330 -0.00386420
v 0.09328400 -0.06955970 -0.00384040
v 0.09256910 -0.07071960 -0.00352270
v 0.09253660 -0.07069360 -0.00331040
v 0.09358070 -0.06890990 -0.00386420
v 0.09349580 -0.06911650 -0.00386420
v 0.09333310 -0.06955970 -0.00365160
v 0.09358070 -0.06890990 -0.00365160
v 0.09349580 -0.06911650 -0.00365160
v 0.09357140 -0.06893220 -0.00367530
v 0.09350510 -0.06909420 -0.00367530
v 0.09329530 -0.06979240 -0.00386420
v 0.09322760 -0.06975700 -0.00365160
v 0.09328400 -0.06955970 -0.00349920
v 0.09320110 -0.06971610 -0.00349920
v 0.09329530 -0.06953920 -0.00352300
v 0.09318980 -0.06973660 -0.00352300
v 0.09349580 -0.06911650 -0.00352300
v 0.09349580 -0.06911650 -0.00331040
v 0.09353560 -0.06913330 -0.00352300
v 0.09353560 -0.06913330 -0.00331040
v 0.09320110 -0.06971610 -0.00333410
v 0.09328400 -0.06955970 -0.00333410
v 0.09282000 -0.07032120 -0.00331040
v 0.09362050 -0.06892660 -0.00331040
v 0.09362050 -0.06892660 -0.00352300
v 0.09348510 -0.06924690 -0.00365160
v 0.09338950 -0.06944800 -0.00365160
v 0.09344660 -0.06922830 -0.00365160
v 0.09335110 -0.06942930 -0.00365160
v 0.09344660 -0.06922830 -0.00386420
v 0.09343600 -0.06925060 -0.00384040
v 0.09343600 -0.06925060 -0.00367530
v 0.09336100 -0.06940890 -0.00333410
v 0.09343600 -0.06925060 -0.00333410
v 0.09336100 -0.06940890 -0.00384040
v 0.09336100 -0.06940890 -0.00367530
v 0.09335110 -0.06942930 -0.00386420
v 0.09353560 -0.06913330 -0.00365160
v 0.09362050 -0.06892660 -0.00365160
v 0.09358070 -0.06890990 -0.00352300
v 0.09357140 -0.06893220 -0.00349920
v 0.09350510 -0.06909420 -0.00349920
v 0.09357140 -0.06893220 -0.00333410
v 0.09358070 -0.06890990 -0.00331040
v 0.09350510 -0.06909420 -0.00384040
v 0.09357140 -0.06893220 -0.00384040
v 0.09291960 -0.07038820 -0.00386420
v 0.09401090 -0.06789700 -0.00291890
v 0.09393120 -0.06822470 -0.00290490
v 0.09400950 -0.06790440 -0.00294980
v 0.09393120 -0.06822660 -0.00293570
v 0.09204340 -0.07140110 -0.00380160
v 0.09198170 -0.07145880 -0.00356050
v 0.09401090 -0.06789700 -0.00391440
v 0.09400620 -0.06791930 -0.00389200
v 0.09392850 -0.06823960 -0.00412770
v 0.09393120 -0.06822470 -0.00415610
v 0.09398630 -0.06801060 -0.00380160
v 0.09179450 -0.07163010 -0.00357320
v 0.09196180 -0.07147560 -0.00294980
v 0.09401220 -0.06789140 -0.00324510
v 0.09283400 -0.07030070 -0.00349920
v 0.09293290 -0.07015550 -0.00349920
v 0.09283400 -0.07030070 -0.00333410
v 0.09293290 -0.07015550 -0.00333410
v 0.09323090 -0.06990410 -0.00386420
v 0.09311470 -0.07009590 -0.00386420
v 0.09316520 -0.06986500 -0.00386420
v 0.09304900 -0.07005490 -0.00386420
v 0.09302510 -0.07001210 -0.00333410
v 0.09383230 -0.06856360 -0.00425560
v 0.09383100 -0.06856730 -0.00422480
v 0.09392590 -0.06825260 -0.00388260
v 0.09391660 -0.06828430 -0.00385280
v 0.09363180 -0.06877210 -0.00349890
v 0.09363180 -0.06877210 -0.00333410
v 0.09362390 -0.06879440 -0.00352260
v 0.09377650 -0.06848350 -0.00385010
v 0.09373540 -0.06847050 -0.00385010
v 0.09373540 -0.06846860 -0.00364820
v 0.09392060 -0.06794360 -0.00330940
v 0.09387410 -0.06795660 -0.00349890
v 0.09387880 -0.06793420 -0.00330970
v 0.09378650 -0.06829920 -0.00380460
v 0.09378780 -0.06829360 -0.00366600
v 0.09374270 -0.06844630 -0.00367130
v 0.09374200 -0.06844810 -0.00382330
v 0.09244170 -0.07098960 -0.00290490
v 0.09220010 -0.07124650 -0.00290490
v 0.09244170 -0.07098960 -0.00293570
v 0.09220070 -0.07124470 -0.00293570
v 0.09220010 -0.07124650 -0.00415620
v 0.09244170 -0.07098960 -0.00425560
v 0.09195710 -0.07148110 -0.00291900
v 0.09379050 -0.06828060 -0.00333310
v 0.09374270 -0.06844630 -0.00333380
v 0.09378980 -0.06828610 -0.00348950
v 0.09374200 -0.06844630 -0.00349490
v 0.09262750 -0.07057810 -0.00333410
v 0.09266930 -0.07072150 -0.00293570
v 0.09197310 -0.07146620 -0.00389200
v 0.09200290 -0.07143830 -0.00352830
v 0.09218480 -0.07126140 -0.00353970
v 0.09202280 -0.07141780 -0.00349850
v 0.09193920 -0.07133220 -0.00349890
v 0.09196910 -0.07136380 -0.00349890
v 0.09219610 -0.07113850 -0.00351230
v 0.09234210 -0.07098210 -0.00351930
v 0.09195450 -0.07131730 -0.00347610
v 0.09229430 -0.07097100 -0.00333380
v 0.09231090 -0.07095420 -0.00331000
v 0.09345930 -0.06948150 -0.00365160
v 0.09355480 -0.06928040 -0.00365160
v 0.09217480 -0.07109950 -0.00382570
v 0.09216820 -0.07110500 -0.00364150
v 0.09239260 -0.07086300 -0.00331040
v 0.09240780 -0.07084440 -0.00333410
v 0.09294620 -0.07013690 -0.00331040
v 0.09239790 -0.07103610 -0.00331000
v 0.09222530 -0.07122050 -0.00327790
v 0.09234210 -0.07098400 -0.00331000
v 0.09219080 -0.07114410 -0.00330900
v 0.09231160 -0.07095420 -0.00364820
v 0.09231220 -0.07095240 -0.00385010
v 0.09234340 -0.07098210 -0.00385010
v 0.09383230 -0.06856360 -0.00290490
v 0.09231090 -0.07095420 -0.00351930
v 0.09229500 -0.07097100 -0.00349490
v 0.09386950 -0.06797710 -0.00347610
v 0.09383360 -0.06812040 -0.00348250
v 0.09239990 -0.07103430 -0.00385010
v 0.09242570 -0.07088910 -0.00365020
v 0.09242710 -0.07088910 -0.00385950
v 0.09256910 -0.07071960 -0.00386320
v 0.09253660 -0.07069360 -0.00365120
v 0.09256910 -0.07071960 -0.00365120
v 0.09285590 -0.07034540 -0.00365160
v 0.09240850 -0.07084440 -0.00367430
v 0.09239320 -0.07086110 -0.00365020
v 0.09252130 -0.07071030 -0.00367500
v 0.09373540 -0.06846860 -0.00351930
v 0.09373540 -0.06846860 -0.00331000
v 0.09383690 -0.06827680 -0.00351230
v 0.09379640 -0.06826380 -0.00351230
v 0.09379710 -0.06825640 -0.00330940
v 0.09220670 -0.07112920 -0.00382570
v 0.09387280 -0.06796030 -0.00333310
v 0.09252130 -0.07071030 -0.00333410
v 0.09312870 -0.06984270 -0.00386420
v 0.09311610 -0.06986320 -0.00384040
v 0.09366440 -0.06880930 -0.00386320
v 0.09366440 -0.06880930 -0.00365120
v 0.09369020 -0.06860820 -0.00349790
v 0.09369750 -0.06858590 -0.00352160
v 0.09363250 -0.06877210 -0.00367500
v 0.09368960 -0.06860820 -0.00367430
v 0.09311610 -0.06986320 -0.00333410
v 0.09373800 -0.06860080 -0.00352160
v 0.09242570 -0.07088910 -0.00352170
v 0.09381110 -0.06862500 -0.00331000
v 0.09362450 -0.06879440 -0.00365120
v 0.09381110 -0.06862500 -0.00352160
v 0.09369020 -0.06860820 -0.00333410
v 0.09343140 -0.06953920 -0.00426960
v 0.09358200 -0.06922080 -0.00426960
v 0.09358200 -0.06922080 -0.00423880
v 0.09350510 -0.06909420 -0.00333410
v 0.09266930 -0.07072150 -0.00290490
v 0.09371610 -0.06889500 -0.00290490
v 0.09383500 -0.06811670 -0.00333310
v 0.09405930 -0.06767540 -0.00304050
v 0.09371610 -0.06889690 -0.00423880
v 0.09371610 -0.06889500 -0.00426960
v 0.09366440 -0.06880930 -0.00352260
v 0.09358200 -0.06922080 -0.00293570
v 0.09195710 -0.07148110 -0.00391440
v 0.09177330 -0.07164870 -0.00358730
v 0.09406390 -0.06765120 -0.00301670
v 0.09358200 -0.06922080 -0.00290490
v -0.09295940 -0.07038820 -0.01485820
v -0.09308490 -0.07020380 -0.01485820
v -0.09310280 -0.07017780 -0.01482740
v -0.09285990 -0.07032120 -0.01451700
v -0.09298600 -0.07013680 -0.01451700
v -0.09302120 -0.07015920 -0.01451700
v -0.09289570 -0.07034540 -0.01451700
v -0.09352500 -0.06924680 -0.01485820
v -0.09352500 -0.06924680 -0.01507080
v -0.09359470 -0.06928040 -0.01507080
v -0.09359470 -0.06928040 -0.01485820
v -0.09310280 -0.07017780 -0.01476040
v -0.09310280 -0.07017780 -0.01448620
v -0.09308490 -0.07020390 -0.01451700
v -0.09308490 -0.07020390 -0.01472960
v -0.09312140 -0.07014990 -0.01479390
v -0.09313860 -0.07012190 -0.01476040
v -0.09312140 -0.07014990 -0.01445270
v -0.09310280 -0.07017780 -0.01510160
v -0.09312140 -0.07014990 -0.01513510
v -0.09287380 -0.07030070 -0.01454070
v -0.09297270 -0.07015550 -0.01454070
v -0.09285990 -0.07032120 -0.01472960
v -0.09287380 -0.07030070 -0.01470580
v -0.09297270 -0.07015550 -0.01470580
v -0.09298600 -0.07013680 -0.01472960
v -0.09294150 -0.07041420 -0.01482740
v -0.09292290 -0.07044030 -0.01479390
v -0.09294150 -0.07041420 -0.01510160
v -0.09294150 -0.07041430 -0.01476040
v -0.09292290 -0.07044030 -0.01445270
v -0.09290230 -0.07046820 -0.01448620
v -0.09272980 -0.07069540 -0.01448620
v -0.09274840 -0.07066930 -0.01451700
v -0.09288380 -0.07049240 -0.01451700
v -0.09272980 -0.07069540 -0.01476040
v -0.09274840 -0.07066930 -0.01472960
v -0.09272980 -0.07069540 -0.01510160
v -0.09272980 -0.07069540 -0.01482740
v -0.09270920 -0.07072150 -0.01479390
v -0.09290230 -0.07046820 -0.01482740
v -0.09288380 -0.07049240 -0.01485820
v -0.09290230 -0.07046820 -0.01510160
v -0.09292290 -0.07044030 -0.01513510
v -0.09288380 -0.07049240 -0.01472960
v -0.09290230 -0.07046820 -0.01476040
v -0.09288380 -0.07049240 -0.01507080
v -0.09270920 -0.07072150 -0.01513510
v -0.09282270 -0.07044590 -0.01507080
v -0.09268730 -0.07062280 -0.01507080
v -0.09274840 -0.07066930 -0.01507080
v -0.09270920 -0.07072150 -0.01445270
v -0.09347120 -0.06953920 -0.01513510
v -0.09348580 -0.06950940 -0.01510160
v -0.09347120 -0.06953920 -0.01479390
v -0.09345590 -0.06956890 -0.01482740
v -0.09375600 -0.06889490 -0.01513510
v -0.09376720 -0.06886330 -0.01510190
v -0.09375600 -0.06889490 -0.01479390
v -0.09374340 -0.06892660 -0.01482740
v -0.09324090 -0.06971600 -0.01470580
v -0.09324090 -0.06971600 -0.01454070
v -0.09322960 -0.06973650 -0.01451700
v -0.09322960 -0.06973650 -0.01472960
v -0.09294150 -0.07041430 -0.01448620
v -0.09295940 -0.07038820 -0.01472960
v -0.09289570 -0.07034540 -0.01485820
v -0.09302120 -0.07015920 -0.01485820
v -0.09302120 -0.07015920 -0.01507080
v -0.09289570 -0.07034540 -0.01507080
v -0.09295940 -0.07038820 -0.01507080
v -0.09308490 -0.07020380 -0.01507080
v -0.09285990 -0.07032120 -0.01485820
v -0.09298600 -0.07013680 -0.01485820
v -0.09412170 -0.06756740 -0.01512100
v -0.09410380 -0.06765310 -0.01479390
v -0.09409780 -0.06768100 -0.01480790
v -0.09411510 -0.06759910 -0.01511960
v -0.09224990 -0.07123720 -0.01425350
v -0.09226050 -0.07122790 -0.01449860
v -0.09248420 -0.07098770 -0.01445840
v -0.09248480 -0.07098580 -0.01415640
v -0.09330460 -0.06985010 -0.01411150
v -0.09312140 -0.07014990 -0.01411150
v -0.09312140 -0.07014990 -0.01414230
v -0.09330460 -0.06985010 -0.01414230
v -0.09292290 -0.07044030 -0.01547630
v -0.09312140 -0.07014990 -0.01547630
v -0.09312140 -0.07014990 -0.01544540
v -0.09292290 -0.07044030 -0.01544540
v -0.09330460 -0.06985010 -0.01547630
v -0.09347120 -0.06953920 -0.01547620
v -0.09347120 -0.06953920 -0.01544540
v -0.09330460 -0.06985010 -0.01544540
v -0.09268730 -0.07062280 -0.01451700
v -0.09282270 -0.07044590 -0.01451700
v -0.09375600 -0.06889490 -0.01544540
v -0.09387210 -0.06856350 -0.01544540
v -0.09387210 -0.06856350 -0.01513540
v -0.09391060 -0.06814830 -0.01507210
v -0.09390930 -0.06815580 -0.01487390
v -0.09398430 -0.06817250 -0.01487390
v -0.09398560 -0.06816690 -0.01507210
v -0.09260900 -0.07071960 -0.01507080
v -0.09246490 -0.07089090 -0.01507080
v -0.09252330 -0.07093930 -0.01507110
v -0.09266800 -0.07076990 -0.01507080
v -0.09383300 -0.06827680 -0.01455550
v -0.09383430 -0.06826940 -0.01473960
v -0.09387540 -0.06828050 -0.01473960
v -0.09387410 -0.06828980 -0.01455550
v -0.09278820 -0.07041980 -0.01507080
v -0.09278820 -0.07041980 -0.01485820
v -0.09277420 -0.07043840 -0.01488190
v -0.09277420 -0.07043840 -0.01504700
v -0.09233550 -0.07097090 -0.01470980
v -0.09233550 -0.07097090 -0.01455780
v -0.09223060 -0.07108270 -0.01457660
v -0.09222530 -0.07108830 -0.01471520
v -0.09220140 -0.07128370 -0.01487390
v -0.09219670 -0.07128750 -0.01507210
v -0.09221800 -0.07126700 -0.01510330
v -0.09330460 -0.06985010 -0.01445270
v -0.09347120 -0.06953920 -0.01445270
v -0.09347120 -0.06953920 -0.01414230
v -0.09250410 -0.07096350 -0.01482870
v -0.09250340 -0.07096350 -0.01510190
v -0.09252400 -0.07093930 -0.01485950
v -0.09229560 -0.07118690 -0.01474000
v -0.09227380 -0.07121110 -0.01477210
v -0.09243900 -0.07103610 -0.01473330
v -0.09250470 -0.07096350 -0.01476210
v -0.09252470 -0.07093930 -0.01473090
v -0.09250540 -0.07096160 -0.01449120
v -0.09246090 -0.07101190 -0.01449620
v -0.09246030 -0.07101380 -0.01476310
v -0.09248290 -0.07098770 -0.01479560
v -0.09220470 -0.07110870 -0.01486890
v -0.09219940 -0.07111430 -0.01507180
v -0.09221670 -0.07109570 -0.01504800
v -0.09222060 -0.07109200 -0.01489160
v -0.09245890 -0.07101380 -0.01510190
v -0.09248150 -0.07098960 -0.01513540
v -0.09245960 -0.07101380 -0.01483000
v -0.09229230 -0.07119250 -0.01486890
v -0.09243840 -0.07103610 -0.01486190
v -0.09227180 -0.07121300 -0.01483910
v -0.09228700 -0.07119620 -0.01507210
v -0.09224990 -0.07123720 -0.01480660
v -0.09199230 -0.07148480 -0.01513610
v -0.09224120 -0.07124460 -0.01513670
v -0.09201950 -0.07145880 -0.01510290
v -0.09394980 -0.06830290 -0.01474000
v -0.09395840 -0.06827120 -0.01477210
v -0.09394780 -0.06831220 -0.01455580
v -0.09348580 -0.06950940 -0.01482740
v -0.09362190 -0.06922080 -0.01479390
v -0.09360790 -0.06925240 -0.01476040
v -0.09388140 -0.06853370 -0.01476310
v -0.09387210 -0.06856540 -0.01479550
v -0.09313860 -0.07012190 -0.01510160
v -0.09328730 -0.06987800 -0.01510160
v -0.09327070 -0.06990410 -0.01507080
v -0.09315460 -0.07009590 -0.01507080
v -0.09174800 -0.07170830 -0.01512100
v -0.09181180 -0.07165050 -0.01536440
v -0.09182970 -0.07163380 -0.01534060
v -0.09177190 -0.07168590 -0.01511970
v -0.09397700 -0.06820420 -0.01484140
v -0.09403740 -0.06795840 -0.01485280
v -0.09404400 -0.06792860 -0.01482070
v -0.09396840 -0.06823770 -0.01480660
v -0.09397900 -0.06819490 -0.01510320
v -0.09389000 -0.06850210 -0.01486180
v -0.09389070 -0.06850210 -0.01507110
v -0.09381640 -0.06847970 -0.01507110
v -0.09381640 -0.06848160 -0.01486180
v -0.09395570 -0.06796770 -0.01488230
v -0.09403080 -0.06798450 -0.01488260
v -0.09389070 -0.06850400 -0.01473330
v -0.09389000 -0.06850400 -0.01453100
v -0.09388140 -0.06853370 -0.01449620
v -0.09211310 -0.07120180 -0.01507210
v -0.09196180 -0.07134710 -0.01507140
v -0.09199100 -0.07137870 -0.01507180
v -0.09214300 -0.07123350 -0.01507210
v -0.09230230 -0.07118140 -0.01455580
v -0.09228240 -0.07120370 -0.01452840
v -0.09209650 -0.07121860 -0.01504800
v -0.09198100 -0.07132840 -0.01504800
v -0.09348580 -0.06950940 -0.01476040
v -0.09348580 -0.06950940 -0.01448620
v -0.09349910 -0.06948140 -0.01485820
v -0.09360790 -0.06925240 -0.01482740
v -0.09342940 -0.06944790 -0.01451700
v -0.09352500 -0.06924680 -0.01451700
v -0.09359470 -0.06928040 -0.01451700
v -0.09349910 -0.06948150 -0.01451700
v -0.09333510 -0.06979240 -0.01485820
v -0.09344070 -0.06959690 -0.01485820
v -0.09332050 -0.06982030 -0.01482740
v -0.09332050 -0.06982030 -0.01476040
v -0.09332050 -0.06982030 -0.01448620
v -0.09345590 -0.06956900 -0.01448620
v -0.09345590 -0.06956900 -0.01476040
v -0.09332050 -0.06982030 -0.01510160
v -0.09330460 -0.06985010 -0.01513510
v -0.09345590 -0.06956890 -0.01510160
v -0.09344070 -0.06959690 -0.01507080
v -0.09313860 -0.07012190 -0.01448620
v -0.09330460 -0.06985010 -0.01479390
v -0.09328730 -0.06987800 -0.01448620
v -0.09328730 -0.06987800 -0.01476040
v -0.09244900 -0.07084250 -0.01454510
v -0.09256120 -0.07071030 -0.01454210
v -0.09257640 -0.07069350 -0.01451800
v -0.09243370 -0.07086110 -0.01452170
v -0.09327070 -0.06990410 -0.01472960
v -0.09315460 -0.07009590 -0.01472960
v -0.09320500 -0.06986500 -0.01472960
v -0.09308890 -0.07005490 -0.01472960
v -0.09308890 -0.07005490 -0.01485820
v -0.09320500 -0.06986500 -0.01485820
v -0.09327070 -0.06990410 -0.01485820
v -0.09315460 -0.07009590 -0.01485820
v -0.09305240 -0.07003260 -0.01485820
v -0.09316850 -0.06984260 -0.01485820
v -0.09404340 -0.06792860 -0.01510290
v -0.09403540 -0.06796210 -0.01507180
v -0.09306500 -0.07001210 -0.01488190
v -0.09315590 -0.06986310 -0.01488190
v -0.09344070 -0.06959690 -0.01472960
v -0.09333510 -0.06979240 -0.01472960
v -0.09342940 -0.06944790 -0.01507080
v -0.09349910 -0.06948140 -0.01507080
v -0.09360790 -0.06925240 -0.01448620
v -0.09362190 -0.06922080 -0.01445270
v -0.09363450 -0.06919100 -0.01476040
v -0.09363450 -0.06919100 -0.01448620
v -0.09364640 -0.06916120 -0.01507080
v -0.09364640 -0.06916120 -0.01485820
v -0.09363450 -0.06919100 -0.01482740
v -0.09363450 -0.06919100 -0.01510160
v -0.09328730 -0.06987800 -0.01482740
v -0.09313860 -0.07012190 -0.01482740
v -0.09364640 -0.06916120 -0.01472960
v -0.09373140 -0.06895450 -0.01472960
v -0.09374340 -0.06892660 -0.01476040
v -0.09374340 -0.06892660 -0.01448620
v -0.09373140 -0.06895450 -0.01485820
v -0.09373140 -0.06895450 -0.01507080
v -0.09374340 -0.06892660 -0.01510160
v -0.09377720 -0.06883540 -0.01451800
v -0.09376720 -0.06886330 -0.01448650
v -0.09377720 -0.06883540 -0.01472990
v -0.09385090 -0.06862680 -0.01473090
v -0.09386080 -0.06859700 -0.01476210
v -0.09385020 -0.06862680 -0.01452170
v -0.09238260 -0.07098210 -0.01473290
v -0.09223990 -0.07113480 -0.01473960
v -0.09377790 -0.06860080 -0.01473090
v -0.09377790 -0.06860080 -0.01452170
v -0.09373740 -0.06858770 -0.01452170
v -0.09373740 -0.06858590 -0.01473090
v -0.09376720 -0.06886330 -0.01476070
v -0.09333510 -0.06979240 -0.01507080
v -0.09386080 -0.06859890 -0.01449120
v -0.09362190 -0.06922080 -0.01513510
v -0.09360790 -0.06925240 -0.01510160
v -0.09373140 -0.06895450 -0.01451700
v -0.09364640 -0.06916120 -0.01451700
v -0.09344070 -0.06959690 -0.01451700
v -0.09244830 -0.07084430 -0.01488330
v -0.09256120 -0.07071030 -0.01488230
v -0.09257640 -0.07069350 -0.01485850
v -0.09243310 -0.07086300 -0.01485950
v -0.09375600 -0.06889500 -0.01445270
v -0.09386080 -0.06859700 -0.01482870
v -0.09386150 -0.06859520 -0.01510190
v -0.09377720 -0.06883540 -0.01507080
v -0.09377720 -0.06883540 -0.01485850
v -0.09376660 -0.06886330 -0.01482740
v -0.09266740 -0.07057810 -0.01488190
v -0.09265280 -0.07059670 -0.01485820
v -0.09397100 -0.06822650 -0.01513670
v -0.09396110 -0.06826000 -0.01510330
v -0.09395970 -0.06826940 -0.01483910
v -0.09388140 -0.06853370 -0.01483000
v -0.09388210 -0.06853190 -0.01510190
v -0.09395240 -0.06829170 -0.01507210
v -0.09292290 -0.07044030 -0.01411150
v -0.09270920 -0.07072150 -0.01411150
v -0.09270980 -0.07072150 -0.01414230
v -0.09292290 -0.07044030 -0.01414230
v -0.09386950 -0.06813900 -0.01507210
v -0.09386750 -0.06814460 -0.01487360
v -0.09373800 -0.06858400 -0.01507080
v -0.09366440 -0.06879440 -0.01507080
v -0.09370420 -0.06880930 -0.01507080
v -0.09377790 -0.06859890 -0.01507080
v -0.09387810 -0.06826940 -0.01507210
v -0.09395110 -0.06829730 -0.01486890
v -0.09266800 -0.07076990 -0.01451800
v -0.09266800 -0.07076990 -0.01472990
v -0.09268800 -0.07074750 -0.01476070
v -0.09268800 -0.07074750 -0.01448650
v -0.09320500 -0.06986500 -0.01507080
v -0.09308890 -0.07005490 -0.01507080
v -0.09204480 -0.07143460 -0.01507180
v -0.09316850 -0.06984260 -0.01472960
v -0.09305240 -0.07003260 -0.01472960
v -0.09315590 -0.06986310 -0.01470580
v -0.09306500 -0.07001210 -0.01470580
v -0.09306500 -0.07001210 -0.01454070
v -0.09305240 -0.07003260 -0.01451700
v -0.09316850 -0.06984260 -0.01507080
v -0.09305240 -0.07003260 -0.01507080
v -0.09339090 -0.06942930 -0.01485820
v -0.09348650 -0.06922820 -0.01485820
v -0.09342940 -0.06944790 -0.01485820
v -0.09348650 -0.06922820 -0.01507080
v -0.09339090 -0.06942930 -0.01507080
v -0.09340080 -0.06940880 -0.01488190
v -0.09347580 -0.06925060 -0.01488190
v -0.09381640 -0.06848160 -0.01473290
v -0.09268800 -0.07074750 -0.01510190
v -0.09268800 -0.07074750 -0.01482740
v -0.09266800 -0.07076990 -0.01485850
v -0.09252530 -0.07093930 -0.01452170
v -0.09302120 -0.07015920 -0.01472960
v -0.09268730 -0.07062280 -0.01485820
v -0.09282270 -0.07044590 -0.01485820
v -0.09274840 -0.07066930 -0.01485820
v -0.09282270 -0.07044590 -0.01472960
v -0.09268730 -0.07062280 -0.01472960
v -0.09265280 -0.07059670 -0.01507080
v -0.09278820 -0.07041980 -0.01451700
v -0.09265280 -0.07059670 -0.01451700
v -0.09266740 -0.07057810 -0.01454070
v -0.09277420 -0.07043850 -0.01454070
v -0.09278820 -0.07041980 -0.01472960
v -0.09277420 -0.07043850 -0.01470580
v -0.09266740 -0.07057810 -0.01470580
v -0.09265280 -0.07059670 -0.01472960
v -0.09326740 -0.06975700 -0.01485820
v -0.09337300 -0.06955960 -0.01485820
v -0.09333510 -0.06953920 -0.01451700
v -0.09337300 -0.06955960 -0.01451700
v -0.09326740 -0.06975700 -0.01451700
v -0.09333510 -0.06953920 -0.01507080
v -0.09322960 -0.06973650 -0.01507080
v -0.09326740 -0.06975700 -0.01507080
v -0.09337300 -0.06955960 -0.01507080
v -0.09333510 -0.06953920 -0.01472960
v -0.09332380 -0.06955960 -0.01470580
v -0.09211840 -0.07119620 -0.01487360
v -0.09210050 -0.07121490 -0.01489870
v -0.09214760 -0.07122790 -0.01487390
v -0.09387150 -0.06856720 -0.01445840
v -0.09367170 -0.06877210 -0.01454210
v -0.09372940 -0.06861010 -0.01454510
v -0.09366440 -0.06879440 -0.01451800
v -0.09357540 -0.06913330 -0.01451700
v -0.09366040 -0.06892660 -0.01451700
v -0.09332380 -0.06955960 -0.01454070
v -0.09260900 -0.07071960 -0.01485850
v -0.09257640 -0.07069350 -0.01507080
v -0.09353560 -0.06911650 -0.01451700
v -0.09362050 -0.06890990 -0.01451700
v -0.09337300 -0.06955960 -0.01472960
v -0.09353560 -0.06911650 -0.01472960
v -0.09362050 -0.06890990 -0.01472960
v -0.09361130 -0.06893220 -0.01470580
v -0.09354490 -0.06909420 -0.01470580
v -0.09333510 -0.06979240 -0.01451700
v -0.09326740 -0.06975700 -0.01472960
v -0.09324090 -0.06971600 -0.01488190
v -0.09332380 -0.06955960 -0.01488190
v -0.09333510 -0.06953920 -0.01485820
v -0.09322960 -0.06973650 -0.01485820
v -0.09353560 -0.06911650 -0.01507080
v -0.09353560 -0.06911650 -0.01485820
v -0.09357540 -0.06913330 -0.01485820
v -0.09357540 -0.06913330 -0.01507080
v -0.09324090 -0.06971600 -0.01504700
v -0.09332380 -0.06955960 -0.01504700
v -0.09285990 -0.07032120 -0.01507080
v -0.09366040 -0.06892660 -0.01485820
v -0.09366040 -0.06892660 -0.01507080
v -0.09342940 -0.06944790 -0.01472960
v -0.09352500 -0.06924680 -0.01472960
v -0.09348650 -0.06922820 -0.01472960
v -0.09339090 -0.06942930 -0.01472960
v -0.09348650 -0.06922820 -0.01451700
v -0.09347580 -0.06925060 -0.01454070
v -0.09347580 -0.06925060 -0.01470580
v -0.09340080 -0.06940880 -0.01504700
v -0.09347580 -0.06925060 -0.01504700
v -0.09340080 -0.06940880 -0.01470580
v -0.09340080 -0.06940880 -0.01454070
v -0.09339090 -0.06942930 -0.01451700
v -0.09357540 -0.06913330 -0.01472960
v -0.09366040 -0.06892660 -0.01472960
v -0.09362050 -0.06890980 -0.01485820
v -0.09354490 -0.06909420 -0.01488190
v -0.09361130 -0.06893220 -0.01488190
v -0.09361130 -0.06893220 -0.01504700
v -0.09362050 -0.06890980 -0.01507080
v -0.09354490 -0.06909420 -0.01454070
v -0.09361130 -0.06893220 -0.01454070
v -0.09295940 -0.07038820 -0.01451700
v -0.09397100 -0.06822470 -0.01547620
v -0.09405070 -0.06789700 -0.01546220
v -0.09404930 -0.06790440 -0.01543140
v -0.09397100 -0.06822650 -0.01544540
v -0.09208320 -0.07140100 -0.01457960
v -0.09202150 -0.07145880 -0.01482070
v -0.09405070 -0.06789700 -0.01446670
v -0.09404600 -0.06791930 -0.01448920
v -0.09396840 -0.06823960 -0.01425350
v -0.09397100 -0.06822470 -0.01422500
v -0.09402610 -0.06801060 -0.01457960
v -0.09183430 -0.07163010 -0.01480790
v -0.09200160 -0.07147550 -0.01543140
v -0.09405200 -0.06789140 -0.01513610
v -0.09297270 -0.07015540 -0.01488190
v -0.09287380 -0.07030070 -0.01488190
v -0.09287380 -0.07030070 -0.01504700
v -0.09297270 -0.07015540 -0.01504700
v -0.09315460 -0.07009590 -0.01451700
v -0.09327070 -0.06990410 -0.01451700
v -0.09308890 -0.07005490 -0.01451700
v -0.09320500 -0.06986500 -0.01451700
v -0.09306500 -0.07001210 -0.01504700
v -0.09387210 -0.06856350 -0.01412560
v -0.09387080 -0.06856720 -0.01415640
v -0.09396570 -0.06825260 -0.01449860
v -0.09395640 -0.06828430 -0.01452830
v -0.09367170 -0.06877210 -0.01504700
v -0.09367170 -0.06877210 -0.01488230
v -0.09366370 -0.06879440 -0.01485850
v -0.09381640 -0.06848350 -0.01453100
v -0.09377520 -0.06846860 -0.01473290
v -0.09377520 -0.06847040 -0.01453100
v -0.09396040 -0.06794350 -0.01507180
v -0.09391390 -0.06795660 -0.01488230
v -0.09391860 -0.06793420 -0.01507140
v -0.09382630 -0.06829910 -0.01457660
v -0.09382770 -0.06829360 -0.01471520
v -0.09378250 -0.06844620 -0.01470980
v -0.09378180 -0.06844810 -0.01455780
v -0.09223990 -0.07124650 -0.01547630
v -0.09248150 -0.07098960 -0.01547630
v -0.09248150 -0.07098960 -0.01544540
v -0.09224060 -0.07124460 -0.01544540
v -0.09248150 -0.07098960 -0.01412560
v -0.09223990 -0.07124650 -0.01422500
v -0.09199690 -0.07148110 -0.01546220
v -0.09378250 -0.06844620 -0.01504730
v -0.09383030 -0.06828050 -0.01504800
v -0.09382960 -0.06828610 -0.01489160
v -0.09378180 -0.06844620 -0.01488630
v -0.09266740 -0.07057810 -0.01504700
v -0.09270920 -0.07072150 -0.01544540
v -0.09201290 -0.07146620 -0.01448920
v -0.09204280 -0.07143830 -0.01485280
v -0.09222460 -0.07126140 -0.01484140
v -0.09206270 -0.07141780 -0.01488260
v -0.09197900 -0.07133220 -0.01488230
v -0.09200890 -0.07136380 -0.01488230
v -0.09223590 -0.07113850 -0.01486890
v -0.09238200 -0.07098210 -0.01486190
v -0.09199430 -0.07131730 -0.01490500
v -0.09233410 -0.07097090 -0.01504730
v -0.09235080 -0.07095420 -0.01507110
v -0.09349910 -0.06948150 -0.01472960
v -0.09359470 -0.06928040 -0.01472960
v -0.09221470 -0.07109940 -0.01455550
v -0.09220800 -0.07110500 -0.01473960
v -0.09243240 -0.07086300 -0.01507080
v -0.09244770 -0.07084430 -0.01504700
v -0.09298600 -0.07013680 -0.01507080
v -0.09243770 -0.07103610 -0.01507110
v -0.09226510 -0.07122040 -0.01510330
v -0.09238200 -0.07098400 -0.01507110
v -0.09223060 -0.07114410 -0.01507210
v -0.09235210 -0.07095230 -0.01453100
v -0.09235140 -0.07095420 -0.01473290
v -0.09238330 -0.07098210 -0.01453100
v -0.09387210 -0.06856350 -0.01547620
v -0.09235080 -0.07095420 -0.01486190
v -0.09233480 -0.07097090 -0.01488630
v -0.09387340 -0.06812040 -0.01489870
v -0.09390930 -0.06797700 -0.01490500
v -0.09243970 -0.07103430 -0.01453100
v -0.09246560 -0.07088900 -0.01473090
v -0.09246690 -0.07088900 -0.01452170
v -0.09260900 -0.07071960 -0.01451800
v -0.09257640 -0.07069350 -0.01472990
v -0.09260900 -0.07071960 -0.01472990
v -0.09289570 -0.07034540 -0.01472960
v -0.09244830 -0.07084430 -0.01470680
v -0.09243310 -0.07086110 -0.01473090
v -0.09256120 -0.07071030 -0.01470610
v -0.09377520 -0.06846860 -0.01486180
v -0.09377520 -0.06846860 -0.01507110
v -0.09387680 -0.06827680 -0.01486890
v -0.09383630 -0.06826380 -0.01486890
v -0.09383700 -0.06825630 -0.01507180
v -0.09224650 -0.07112920 -0.01455550
v -0.09391260 -0.06796030 -0.01504800
v -0.09256120 -0.07071030 -0.01504700
v -0.09316850 -0.06984260 -0.01451700
v -0.09315590 -0.06986310 -0.01454070
v -0.09370420 -0.06880930 -0.01451800
v -0.09370420 -0.06880930 -0.01472990
v -0.09373010 -0.06860820 -0.01488330
v -0.09373740 -0.06858590 -0.01485950
v -0.09367230 -0.06877210 -0.01470610
v -0.09372940 -0.06860820 -0.01470680
v -0.09315590 -0.06986310 -0.01504700
v -0.09377790 -0.06860080 -0.01485950
v -0.09246560 -0.07088900 -0.01485950
v -0.09385090 -0.06862500 -0.01507110
v -0.09366440 -0.06879440 -0.01472990
v -0.09385090 -0.06862500 -0.01485950
v -0.09373010 -0.06860820 -0.01504700
v -0.09362190 -0.06922080 -0.01411150
v -0.09347120 -0.06953920 -0.01411150
v -0.09362190 -0.06922080 -0.01414230
v -0.09354490 -0.06909420 -0.01504700
v -0.09270920 -0.07072150 -0.01547630
v -0.09375600 -0.06889490 -0.01547620
v -0.09387480 -0.06811670 -0.01504800
v -0.09409910 -0.06767540 -0.01534060
v -0.09375600 -0.06889680 -0.01414230
v -0.09375600 -0.06889500 -0.01411150
v -0.09370420 -0.06880930 -0.01485850
v -0.09362190 -0.06922080 -0.01544540
v -0.09199690 -0.07148110 -0.01446680
v -0.09181310 -0.07164870 -0.01479390
v -0.09410380 -0.06765120 -0.01536440
v -0.09362190 -0.06922080 -0.01547620
v -0.09308490 -0.07020390 -0.00352300
v -0.09295940 -0.07038820 -0.00352300
v -0.09310280 -0.07017780 -0.00355380
v -0.09298600 -0.07013680 -0.00386420
v -0.09285990 -0.07032120 -0.00386420
v -0.09302120 -0.07015920 -0.00386420
v -0.09289570 -0.07034540 -0.00386420
v -0.09352500 -0.06924690 -0.00331040
v -0.09352500 -0.06924690 -0.00352300
v -0.09359470 -0.06928040 -0.00331040
v -0.09359470 -0.06928040 -0.00352300
v -0.09310280 -0.07017780 -0.00389500
v -0.09310280 -0.07017780 -0.00362080
v -0.09308490 -0.07020390 -0.00386420
v -0.09308490 -0.07020390 -0.00365160
v -0.09313860 -0.07012200 -0.00362080
v -0.09312140 -0.07014990 -0.00358730
v -0.09312140 -0.07014990 -0.00392850
v -0.09310280 -0.07017780 -0.00327960
v -0.09312140 -0.07014990 -0.00324610
v -0.09287380 -0.07030070 -0.00384040
v -0.09297270 -0.07015550 -0.00384040
v -0.09285990 -0.07032120 -0.00365160
v -0.09287380 -0.07030070 -0.00367530
v -0.09297270 -0.07015550 -0.00367530
v -0.09298600 -0.07013690 -0.00365160
v -0.09292290 -0.07044040 -0.00358730
v -0.09294150 -0.07041430 -0.00355380
v -0.09294150 -0.07041430 -0.00327960
v -0.09294150 -0.07041430 -0.00362080
v -0.09292290 -0.07044030 -0.00392850
v -0.09290230 -0.07046830 -0.00389500
v -0.09272970 -0.07069540 -0.00389500
v -0.09274840 -0.07066940 -0.00386420
v -0.09288380 -0.07049250 -0.00386420
v -0.09272970 -0.07069540 -0.00362080
v -0.09274840 -0.07066940 -0.00365160
v -0.09272970 -0.07069540 -0.00355380
v -0.09272970 -0.07069540 -0.00327960
v -0.09270920 -0.07072150 -0.00358730
v -0.09288380 -0.07049250 -0.00352300
v -0.09290230 -0.07046830 -0.00355380
v -0.09290230 -0.07046830 -0.00327960
v -0.09292290 -0.07044040 -0.00324610
v -0.09288380 -0.07049250 -0.00365160
v -0.09290230 -0.07046830 -0.00362080
v -0.09288380 -0.07049250 -0.00331040
v -0.09270920 -0.07072150 -0.00324610
v -0.09268730 -0.07062280 -0.00331040
v -0.09282270 -0.07044590 -0.00331040
v -0.09274840 -0.07066940 -0.00331040
v -0.09270920 -0.07072150 -0.00392850
v -0.09348580 -0.06950940 -0.00327960
v -0.09347120 -0.06953920 -0.00324610
v -0.09347120 -0.06953920 -0.00358730
v -0.09345590 -0.06956900 -0.00355380
v -0.09376720 -0.06886330 -0.00327920
v -0.09375600 -0.06889500 -0.00324610
v -0.09375600 -0.06889500 -0.00358730
v -0.09374330 -0.06892660 -0.00355380
v -0.09324090 -0.06971610 -0.00384040
v -0.09324090 -0.06971610 -0.00367530
v -0.09322960 -0.06973650 -0.00386420
v -0.09322960 -0.06973660 -0.00365160
v -0.09294150 -0.07041430 -0.00389500
v -0.09295940 -0.07038820 -0.00365160
v -0.09302120 -0.07015920 -0.00352300
v -0.09289570 -0.07034540 -0.00352300
v -0.09289570 -0.07034540 -0.00331040
v -0.09302120 -0.07015920 -0.00331040
v -0.09295940 -0.07038820 -0.00331040
v -0.09308490 -0.07020390 -0.00331040
v -0.09298600 -0.07013690 -0.00352300
v -0.09285990 -0.07032120 -0.00352300
v -0.09410380 -0.06765310 -0.00358730
v -0.09412170 -0.06756750 -0.00326010
v -0.09409780 -0.06768100 -0.00357320
v -0.09411510 -0.06759910 -0.00326150
v -0.09226050 -0.07122790 -0.00388260
v -0.09224990 -0.07123720 -0.00412770
v -0.09248420 -0.07098770 -0.00392280
v -0.09248480 -0.07098590 -0.00422480
v -0.09312140 -0.07014990 -0.00426960
v -0.09330460 -0.06985010 -0.00426960
v -0.09312140 -0.07014990 -0.00423880
v -0.09330460 -0.06985010 -0.00423880
v -0.09312140 -0.07014990 -0.00290490
v -0.09292290 -0.07044040 -0.00290490
v -0.09312140 -0.07014990 -0.00293570
v -0.09292290 -0.07044040 -0.00293570
v -0.09347120 -0.06953920 -0.00290490
v -0.09330460 -0.06985010 -0.00290490
v -0.09347120 -0.06953920 -0.00293570
v -0.09330460 -0.06985010 -0.00293570
v -0.09268730 -0.07062280 -0.00386420
v -0.09282270 -0.07044590 -0.00386420
v -0.09375600 -0.06889500 -0.00293570
v -0.09387210 -0.06856360 -0.00293570
v -0.09387210 -0.06856360 -0.00324580
v -0.09390930 -0.06815580 -0.00350720
v -0.09391060 -0.06814840 -0.00330900
v -0.09398430 -0.06817260 -0.00350720
v -0.09398560 -0.06816700 -0.00330900
v -0.09246490 -0.07089090 -0.00331040
v -0.09260890 -0.07071960 -0.00331040
v -0.09252330 -0.07093930 -0.00331000
v -0.09266800 -0.07076990 -0.00331040
v -0.09383430 -0.06826940 -0.00364150
v -0.09383300 -0.06827680 -0.00382570
v -0.09387540 -0.06828060 -0.00364150
v -0.09387410 -0.06828990 -0.00382570
v -0.09278820 -0.07041990 -0.00352300
v -0.09278820 -0.07041990 -0.00331040
v -0.09277420 -0.07043850 -0.00349920
v -0.09277420 -0.07043850 -0.00333410
v -0.09233550 -0.07097100 -0.00382330
v -0.09233550 -0.07097100 -0.00367130
v -0.09223060 -0.07108270 -0.00380460
v -0.09222530 -0.07108830 -0.00366600
v -0.09219670 -0.07128750 -0.00330900
v -0.09220140 -0.07128380 -0.00350730
v -0.09221800 -0.07126700 -0.00327790
v -0.09330460 -0.06985010 -0.00392850
v -0.09347120 -0.06953920 -0.00392850
v -0.09347120 -0.06953920 -0.00423880
v -0.09250340 -0.07096350 -0.00327920
v -0.09250410 -0.07096350 -0.00355250
v -0.09252400 -0.07093930 -0.00352170
v -0.09227370 -0.07121120 -0.00360900
v -0.09229560 -0.07118700 -0.00364120
v -0.09243900 -0.07103610 -0.00364790
v -0.09252460 -0.07093930 -0.00365020
v -0.09250470 -0.07096350 -0.00361910
v -0.09250540 -0.07096170 -0.00389000
v -0.09246030 -0.07101380 -0.00361810
v -0.09246090 -0.07101190 -0.00388490
v -0.09248280 -0.07098770 -0.00358560
v -0.09219940 -0.07111430 -0.00330940
v -0.09220470 -0.07110880 -0.00351230
v -0.09221670 -0.07109570 -0.00333310
v -0.09222060 -0.07109200 -0.00348950
v -0.09248150 -0.07098960 -0.00324580
v -0.09245890 -0.07101380 -0.00327920
v -0.09245960 -0.07101380 -0.00355110
v -0.09243840 -0.07103610 -0.00351930
v -0.09229230 -0.07119260 -0.00351230
v -0.09228700 -0.07119630 -0.00330900
v -0.09227180 -0.07121300 -0.00354210
v -0.09224990 -0.07123720 -0.00357460
v -0.09224120 -0.07124470 -0.00324440
v -0.09199230 -0.07148490 -0.00324510
v -0.09201950 -0.07145880 -0.00327820
v -0.09395840 -0.06827130 -0.00360900
v -0.09394980 -0.06830290 -0.00364120
v -0.09394780 -0.06831220 -0.00382530
v -0.09348580 -0.06950940 -0.00355380
v -0.09362190 -0.06922080 -0.00358730
v -0.09360790 -0.06925250 -0.00362070
v -0.09388140 -0.06853380 -0.00361810
v -0.09387210 -0.06856540 -0.00358560
v -0.09328730 -0.06987810 -0.00327960
v -0.09313860 -0.07012200 -0.00327960
v -0.09327070 -0.06990410 -0.00331040
v -0.09315460 -0.07009590 -0.00331040
v -0.09181180 -0.07165060 -0.00301670
v -0.09174800 -0.07170830 -0.00326020
v -0.09182970 -0.07163380 -0.00304050
v -0.09177190 -0.07168600 -0.00326150
v -0.09403740 -0.06795850 -0.00352830
v -0.09397700 -0.06820420 -0.00353970
v -0.09404400 -0.06792860 -0.00356050
v -0.09397900 -0.06819490 -0.00327790
v -0.09396840 -0.06823770 -0.00357450
v -0.09389070 -0.06850210 -0.00331000
v -0.09389000 -0.06850210 -0.00351930
v -0.09381630 -0.06847980 -0.00331000
v -0.09381630 -0.06848170 -0.00351930
v -0.09395570 -0.06796780 -0.00349890
v -0.09403080 -0.06798450 -0.00349850
v -0.09389000 -0.06850400 -0.00385010
v -0.09389070 -0.06850400 -0.00364790
v -0.09388140 -0.06853380 -0.00388490
v -0.09196180 -0.07134710 -0.00330970
v -0.09211310 -0.07120190 -0.00330900
v -0.09199100 -0.07137870 -0.00330940
v -0.09214300 -0.07123350 -0.00330900
v -0.09230230 -0.07118140 -0.00382530
v -0.09228240 -0.07120370 -0.00385280
v -0.09198100 -0.07132850 -0.00333310
v -0.09209650 -0.07121860 -0.00333310
v -0.09348580 -0.06950940 -0.00389500
v -0.09348580 -0.06950940 -0.00362070
v -0.09349910 -0.06948150 -0.00352300
v -0.09360790 -0.06925250 -0.00355380
v -0.09352500 -0.06924690 -0.00386420
v -0.09342940 -0.06944800 -0.00386420
v -0.09359470 -0.06928040 -0.00386420
v -0.09349910 -0.06948150 -0.00386420
v -0.09344070 -0.06959690 -0.00352300
v -0.09333510 -0.06979240 -0.00352300
v -0.09332050 -0.06982030 -0.00355380
v -0.09332050 -0.06982030 -0.00389500
v -0.09332050 -0.06982030 -0.00362080
v -0.09345590 -0.06956900 -0.00362070
v -0.09345590 -0.06956900 -0.00389500
v -0.09330460 -0.06985010 -0.00324610
v -0.09332050 -0.06982030 -0.00327960
v -0.09345590 -0.06956900 -0.00327960
v -0.09344070 -0.06959690 -0.00331040
v -0.09313860 -0.07012200 -0.00389500
v -0.09328730 -0.06987800 -0.00389500
v -0.09330460 -0.06985010 -0.00358730
v -0.09328730 -0.06987810 -0.00362080
v -0.09256110 -0.07071030 -0.00383910
v -0.09244900 -0.07084250 -0.00383610
v -0.09257640 -0.07069360 -0.00386320
v -0.09243370 -0.07086110 -0.00385950
v -0.09315460 -0.07009590 -0.00365160
v -0.09327070 -0.06990410 -0.00365160
v -0.09320500 -0.06986500 -0.00365160
v -0.09308890 -0.07005490 -0.00365160
v -0.09320500 -0.06986500 -0.00352300
v -0.09308890 -0.07005490 -0.00352300
v -0.09327070 -0.06990410 -0.00352300
v -0.09315460 -0.07009590 -0.00352300
v -0.09316850 -0.06984270 -0.00352300
v -0.09305240 -0.07003260 -0.00352300
v -0.09404340 -0.06792860 -0.00327820
v -0.09403540 -0.06796220 -0.00330940
v -0.09306500 -0.07001210 -0.00349920
v -0.09315590 -0.06986320 -0.00349920
v -0.09333510 -0.06979240 -0.00365160
v -0.09344070 -0.06959690 -0.00365160
v -0.09342940 -0.06944800 -0.00331040
v -0.09349910 -0.06948150 -0.00331040
v -0.09360790 -0.06925250 -0.00389500
v -0.09363450 -0.06919100 -0.00362070
v -0.09362190 -0.06922080 -0.00392850
v -0.09363450 -0.06919100 -0.00389500
v -0.09364640 -0.06916120 -0.00352300
v -0.09364640 -0.06916120 -0.00331040
v -0.09363450 -0.06919100 -0.00355380
v -0.09363450 -0.06919100 -0.00327960
v -0.09328730 -0.06987810 -0.00355380
v -0.09313860 -0.07012200 -0.00355380
v -0.09364640 -0.06916120 -0.00365160
v -0.09373140 -0.06895460 -0.00365160
v -0.09374330 -0.06892660 -0.00362070
v -0.09374330 -0.06892660 -0.00389500
v -0.09373140 -0.06895460 -0.00331040
v -0.09373140 -0.06895460 -0.00352300
v -0.09374330 -0.06892660 -0.00327960
v -0.09376720 -0.06886330 -0.00389460
v -0.09377720 -0.06883540 -0.00386320
v -0.09377720 -0.06883540 -0.00365120
v -0.09386080 -0.06859710 -0.00361910
v -0.09385090 -0.06862690 -0.00365020
v -0.09385020 -0.06862690 -0.00385950
v -0.09223990 -0.07113480 -0.00364150
v -0.09238260 -0.07098220 -0.00364820
v -0.09377790 -0.06860080 -0.00385950
v -0.09377790 -0.06860080 -0.00365020
v -0.09373740 -0.06858780 -0.00385950
v -0.09373740 -0.06858590 -0.00365020
v -0.09376720 -0.06886330 -0.00362040
v -0.09333510 -0.06979240 -0.00331040
v -0.09386080 -0.06859890 -0.00389000
v -0.09362190 -0.06922080 -0.00324610
v -0.09360790 -0.06925250 -0.00327960
v -0.09373140 -0.06895460 -0.00386420
v -0.09364640 -0.06916120 -0.00386420
v -0.09344070 -0.06959690 -0.00386420
v -0.09256110 -0.07071030 -0.00349890
v -0.09244830 -0.07084440 -0.00349790
v -0.09257640 -0.07069360 -0.00352270
v -0.09243310 -0.07086300 -0.00352170
v -0.09375600 -0.06889500 -0.00392850
v -0.09386150 -0.06859520 -0.00327920
v -0.09386080 -0.06859710 -0.00355250
v -0.09377720 -0.06883540 -0.00352260
v -0.09377720 -0.06883540 -0.00331040
v -0.09376660 -0.06886330 -0.00355380
v -0.09266740 -0.07057810 -0.00349920
v -0.09265270 -0.07059670 -0.00352300
v -0.09397100 -0.06822660 -0.00324440
v -0.09396110 -0.06826010 -0.00327790
v -0.09395970 -0.06826940 -0.00354210
v -0.09388140 -0.06853380 -0.00355110
v -0.09388210 -0.06853190 -0.00327920
v -0.09395240 -0.06829170 -0.00330900
v -0.09270920 -0.07072150 -0.00426960
v -0.09292290 -0.07044030 -0.00426960
v -0.09270980 -0.07072150 -0.00423880
v -0.09292290 -0.07044030 -0.00423880
v -0.09386950 -0.06813910 -0.00330900
v -0.09386750 -0.06814460 -0.00350760
v -0.09366440 -0.06879440 -0.00331040
v -0.09373800 -0.06858400 -0.00331040
v -0.09370420 -0.06880930 -0.00331040
v -0.09377790 -0.06859890 -0.00331040
v -0.09387810 -0.06826940 -0.00330900
v -0.09395110 -0.06829730 -0.00351230
v -0.09266800 -0.07076990 -0.00365120
v -0.09266800 -0.07076990 -0.00386320
v -0.09268800 -0.07074760 -0.00362040
v -0.09268800 -0.07074750 -0.00389460
v -0.09308890 -0.07005490 -0.00331040
v -0.09320500 -0.06986500 -0.00331040
v -0.09204470 -0.07143460 -0.00330940
v -0.09305240 -0.07003260 -0.00365160
v -0.09316850 -0.06984270 -0.00365160
v -0.09315590 -0.06986320 -0.00367530
v -0.09306500 -0.07001210 -0.00367530
v -0.09306500 -0.07001210 -0.00384040
v -0.09305240 -0.07003260 -0.00386420
v -0.09305240 -0.07003260 -0.00331040
v -0.09316850 -0.06984270 -0.00331040
v -0.09348650 -0.06922830 -0.00352300
v -0.09339090 -0.06942930 -0.00352300
v -0.09342940 -0.06944800 -0.00352300
v -0.09339090 -0.06942930 -0.00331040
v -0.09348650 -0.06922830 -0.00331040
v -0.09347580 -0.06925060 -0.00349920
v -0.09340080 -0.06940890 -0.00349920
v -0.09381630 -0.06848170 -0.00364820
v -0.09268800 -0.07074760 -0.00355380
v -0.09268800 -0.07074760 -0.00327920
v -0.09266800 -0.07076990 -0.00352270
v -0.09252530 -0.07093930 -0.00385950
v -0.09302120 -0.07015920 -0.00365160
v -0.09282270 -0.07044590 -0.00352300
v -0.09268730 -0.07062280 -0.00352300
v -0.09274840 -0.07066940 -0.00352300
v -0.09268730 -0.07062280 -0.00365160
v -0.09282270 -0.07044590 -0.00365160
v -0.09265270 -0.07059670 -0.00331040
v -0.09265270 -0.07059670 -0.00386420
v -0.09278820 -0.07041990 -0.00386420
v -0.09266740 -0.07057810 -0.00384040
v -0.09277420 -0.07043850 -0.00384040
v -0.09278820 -0.07041990 -0.00365160
v -0.09277420 -0.07043850 -0.00367530
v -0.09266740 -0.07057810 -0.00367530
v -0.09265270 -0.07059670 -0.00365160
v -0.09337290 -0.06955970 -0.00352300
v -0.09326740 -0.06975700 -0.00352300
v -0.09333510 -0.06953920 -0.00386420
v -0.09337290 -0.06955970 -0.00386420
v -0.09326740 -0.06975700 -0.00386420
v -0.09322960 -0.06973660 -0.00331040
v -0.09333510 -0.06953920 -0.00331040
v -0.09326740 -0.06975700 -0.00331040
v -0.09337290 -0.06955970 -0.00331040
v -0.09333510 -0.06953920 -0.00365160
v -0.09332380 -0.06955970 -0.00367530
v -0.09211840 -0.07119630 -0.00350760
v -0.09210050 -0.07121490 -0.00348250
v -0.09214760 -0.07122790 -0.00350730
v -0.09387150 -0.06856730 -0.00392280
v -0.09372940 -0.06861010 -0.00383600
v -0.09367170 -0.06877210 -0.00383910
v -0.09366440 -0.06879440 -0.00386320
v -0.09366040 -0.06892660 -0.00386420
v -0.09357540 -0.06913330 -0.00386420
v -0.09332380 -0.06955970 -0.00384040
v -0.09260890 -0.07071960 -0.00352270
v -0.09257640 -0.07069360 -0.00331040
v -0.09362050 -0.06890990 -0.00386420
v -0.09353560 -0.06911650 -0.00386420
v -0.09337290 -0.06955970 -0.00365160
v -0.09362050 -0.06890990 -0.00365160
v -0.09353560 -0.06911650 -0.00365160
v -0.09361120 -0.06893220 -0.00367530
v -0.09354490 -0.06909420 -0.00367530
v -0.09333510 -0.06979240 -0.00386420
v -0.09326740 -0.06975700 -0.00365160
v -0.09332380 -0.06955970 -0.00349920
v -0.09324090 -0.06971610 -0.00349920
v -0.09333510 -0.06953920 -0.00352300
v -0.09322960 -0.06973660 -0.00352300
v -0.09353560 -0.06911650 -0.00352300
v -0.09353560 -0.06911650 -0.00331040
v -0.09357540 -0.06913330 -0.00352300
v -0.09357540 -0.06913330 -0.00331040
v -0.09324090 -0.06971610 -0.00333410
v -0.09332380 -0.06955970 -0.00333410
v -0.09285990 -0.07032120 -0.00331040
v -0.09366040 -0.06892660 -0.00331040
v -0.09366040 -0.06892660 -0.00352300
v -0.09352500 -0.06924690 -0.00365160
v -0.09342940 -0.06944800 -0.00365160
v -0.09348650 -0.06922830 -0.00365160
v -0.09339090 -0.06942930 -0.00365160
v -0.09348650 -0.06922830 -0.00386420
v -0.09347580 -0.06925060 -0.00384040
v -0.09347580 -0.06925060 -0.00367530
v -0.09340080 -0.06940890 -0.00333410
v -0.09347580 -0.06925060 -0.00333410
v -0.09340080 -0.06940890 -0.00384040
v -0.09340080 -0.06940890 -0.00367530
v -0.09339090 -0.06942930 -0.00386420
v -0.09357540 -0.06913330 -0.00365160
v -0.09366040 -0.06892660 -0.00365160
v -0.09362050 -0.06890990 -0.00352300
v -0.09361120 -0.06893220 -0.00349920
v -0.09354490 -0.06909420 -0.00349920
v -0.09361120 -0.06893220 -0.00333410
v -0.09362050 -0.06890990 -0.00331040
v -0.09354490 -0.06909420 -0.00384040
v -0.09361120 -0.06893220 -0.00384040
v -0.09295940 -0.07038820 -0.00386420
v -0.09405070 -0.06789700 -0.00291890
v -0.09397100 -0.06822470 -0.00290490
v -0.09404930 -0.06790440 -0.00294980
v -0.09397100 -0.06822660 -0.00293570
v -0.09208320 -0.07140110 -0.00380160
v -0.09202150 -0.07145880 -0.00356050
v -0.09405070 -0.06789700 -0.00391440
v -0.09404600 -0.06791930 -0.00389200
v -0.09396840 -0.06823960 -0.00412770
v -0.09397100 -0.06822470 -0.00415610
v -0.09402610 -0.06801060 -0.00380160
v -0.09183430 -0.07163010 -0.00357320
v -0.09200160 -0.07147560 -0.00294980
v -0.09405200 -0.06789140 -0.00324510
v -0.09287380 -0.07030070 -0.00349920
v -0.09297270 -0.07015550 -0.00349920
v -0.09287380 -0.07030070 -0.00333410
v -0.09297270 -0.07015550 -0.00333410
v -0.09327070 -0.06990410 -0.00386420
v -0.09315460 -0.07009590 -0.00386420
v -0.09320500 -0.06986500 -0.00386420
v -0.09308890 -0.07005490 -0.00386420
v -0.09306500 -0.07001210 -0.00333410
v -0.09387210 -0.06856360 -0.00425560
v -0.09387080 -0.06856730 -0.00422480
v -0.09396570 -0.06825260 -0.00388260
v -0.09395640 -0.06828430 -0.00385280
v -0.09367170 -0.06877210 -0.00349890
v -0.09367170 -0.06877210 -0.00333410
v -0.09366370 -0.06879440 -0.00352260
v -0.09381630 -0.06848350 -0.00385010
v -0.09377520 -0.06847050 -0.00385010
v -0.09377520 -0.06846860 -0.00364820
v -0.09396040 -0.06794360 -0.00330940
v -0.09391390 -0.06795660 -0.00349890
v -0.09391860 -0.06793420 -0.00330970
v -0.09382630 -0.06829920 -0.00380460
v -0.09382760 -0.06829360 -0.00366600
v -0.09378250 -0.06844630 -0.00367130
v -0.09378180 -0.06844810 -0.00382330
v -0.09248150 -0.07098960 -0.00290490
v -0.09223990 -0.07124650 -0.00290490
v -0.09248150 -0.07098960 -0.00293570
v -0.09224060 -0.07124470 -0.00293570
v -0.09223990 -0.07124650 -0.00415620
v -0.09248150 -0.07098960 -0.00425560
v -0.09199690 -0.07148110 -0.00291900
v -0.09383030 -0.06828060 -0.00333310
v -0.09378250 -0.06844630 -0.00333380
v -0.09382960 -0.06828610 -0.00348950
v -0.09378180 -0.06844630 -0.00349490
v -0.09266740 -0.07057810 -0.00333410
v -0.09270920 -0.07072150 -0.00293570
v -0.09201290 -0.07146620 -0.00389200
v -0.09204280 -0.07143830 -0.00352840
v -0.09222460 -0.07126140 -0.00353970
v -0.09206270 -0.07141780 -0.00349860
v -0.09197900 -0.07133220 -0.00349890
v -0.09200890 -0.07136380 -0.00349890
v -0.09223590 -0.07113860 -0.00351230
v -0.09238190 -0.07098220 -0.00351930
v -0.09199430 -0.07131730 -0.00347610
v -0.09233410 -0.07097100 -0.00333380
v -0.09235070 -0.07095420 -0.00331000
v -0.09349910 -0.06948150 -0.00365160
v -0.09359470 -0.06928040 -0.00365160
v -0.09221470 -0.07109940 -0.00382570
v -0.09220800 -0.07110500 -0.00364150
v -0.09243240 -0.07086300 -0.00331040
v -0.09244770 -0.07084440 -0.00333410
v -0.09298600 -0.07013690 -0.00331040
v -0.09243770 -0.07103610 -0.00331000
v -0.09226510 -0.07122050 -0.00327790
v -0.09238190 -0.07098400 -0.00331000
v -0.09223060 -0.07114410 -0.00330900
v -0.09235140 -0.07095420 -0.00364820
v -0.09235210 -0.07095240 -0.00385010
v -0.09238330 -0.07098210 -0.00385010
v -0.09387210 -0.06856360 -0.00290490
v -0.09235070 -0.07095420 -0.00351930
v -0.09233480 -0.07097100 -0.00349490
v -0.09390930 -0.06797710 -0.00347610
v -0.09387340 -0.06812040 -0.00348250
v -0.09243970 -0.07103430 -0.00385010
v -0.09246560 -0.07088910 -0.00365020
v -0.09246690 -0.07088910 -0.00385950
v -0.09260890 -0.07071960 -0.00386320
v -0.09257640 -0.07069360 -0.00365120
v -0.09260890 -0.07071960 -0.00365120
v -0.09289570 -0.07034540 -0.00365160
v -0.09244830 -0.07084440 -0.00367430
v -0.09243310 -0.07086110 -0.00365020
v -0.09256110 -0.07071030 -0.00367500
v -0.09377520 -0.06846860 -0.00351930
v -0.09377520 -0.06846860 -0.00331000
v -0.09387680 -0.06827680 -0.00351230
v -0.09383630 -0.06826380 -0.00351230
v -0.09383700 -0.06825640 -0.00330940
v -0.09224650 -0.07112920 -0.00382570
v -0.09391260 -0.06796030 -0.00333310
v -0.09256110 -0.07071030 -0.00333410
v -0.09316850 -0.06984270 -0.00386420
v -0.09315590 -0.06986320 -0.00384040
v -0.09370420 -0.06880930 -0.00386320
v -0.09370420 -0.06880930 -0.00365120
v -0.09373010 -0.06860820 -0.00349790
v -0.09373740 -0.06858590 -0.00352160
v -0.09367230 -0.06877210 -0.00367500
v -0.09372940 -0.06860820 -0.00367430
v -0.09315590 -0.06986320 -0.00333410
v -0.09377790 -0.06860080 -0.00352160
v -0.09246560 -0.07088910 -0.00352170
v -0.09385090 -0.06862500 -0.00331000
v -0.09366440 -0.06879440 -0.00365120
v -0.09385090 -0.06862500 -0.00352160
v -0.09373010 -0.06860820 -0.00333410
v -0.09347120 -0.06953920 -0.00426960
v -0.09362190 -0.06922080 -0.00426960
v -0.09362190 -0.06922080 -0.00423880
v -0.09354490 -0.06909420 -0.00333410
v -0.09270920 -0.07072150 -0.00290490
v -0.09375600 -0.06889500 -0.00290490
v -0.09387480 -0.06811670 -0.00333310
v -0.09409910 -0.06767540 -0.00304050
v -0.09375600 -0.06889680 -0.00423880
v -0.09375600 -0.06889500 -0.00426960
v -0.09370420 -0.06880930 -0.00352260
v -0.09362190 -0.06922080 -0.00293570
v -0.09199690 -0.07148110 -0.00391440
v -0.09181310 -0.07164870 -0.00358730
v -0.09410380 -0.06765120 -0.00301670
v -0.09362190 -0.06922080 -0.00290490
v -0.09295950 -0.07038810 -0.01450670
v -0.09308490 -0.07020380 -0.01450670
v -0.09310290 -0.07017770 -0.01447590
v -0.09285990 -0.07032110 -0.01416550
v -0.09298600 -0.07013680 -0.01416550
v -0.09302120 -0.07015910 -0.01416550
v -0.09289580 -0.07034530 -0.01416550
v -0.09352500 -0.06924680 -0.01450670
v -0.09352500 -0.06924680 -0.01471930
v -0.09359470 -0.06928030 -0.01471930
v -0.09359470 -0.06928030 -0.01450670
v -0.09310290 -0.07017770 -0.01440900
v -0.09310290 -0.07017770 -0.01413470
v -0.09308490 -0.07020380 -0.01416550
v -0.09308490 -0.07020380 -0.01437810
v -0.09312140 -0.07014980 -0.01444240
v -0.09313870 -0.07012190 -0.01440900
v -0.09312140 -0.07014980 -0.01410120
v -0.09310290 -0.07017770 -0.01475010
v -0.09312140 -0.07014980 -0.01478360
v -0.09287390 -0.07030060 -0.01418930
v -0.09297280 -0.07015540 -0.01418930
v -0.09285990 -0.07032110 -0.01437810
v -0.09287390 -0.07030060 -0.01435440
v -0.09297280 -0.07015540 -0.01435440
v -0.09298600 -0.07013680 -0.01437810
v -0.09294160 -0.07041420 -0.01447590
v -0.09292300 -0.07044020 -0.01444240
v -0.09294160 -0.07041420 -0.01475010
v -0.09294160 -0.07041420 -0.01440900
v -0.09292300 -0.07044020 -0.01410120
v -0.09290240 -0.07046820 -0.01413470
v -0.09272980 -0.07069530 -0.01413470
v -0.09274840 -0.07066930 -0.01416550
v -0.09288380 -0.07049240 -0.01416550
v -0.09272980 -0.07069530 -0.01440900
v -0.09274840 -0.07066930 -0.01437810
v -0.09272980 -0.07069530 -0.01475010
v -0.09272980 -0.07069530 -0.01447590
v -0.09270930 -0.07072140 -0.01444240
v -0.09290240 -0.07046820 -0.01447590
v -0.09288380 -0.07049240 -0.01450670
v -0.09290240 -0.07046820 -0.01475010
v -0.09292300 -0.07044020 -0.01478360
v -0.09288380 -0.07049240 -0.01437810
v -0.09290240 -0.07046820 -0.01440900
v -0.09288380 -0.07049240 -0.01471930
v -0.09270930 -0.07072140 -0.01478360
v -0.09282280 -0.07044580 -0.01471930
v -0.09268730 -0.07062270 -0.01471930
v -0.09274840 -0.07066930 -0.01471930
v -0.09270930 -0.07072140 -0.01410120
v -0.09347130 -0.06953910 -0.01478360
v -0.09348590 -0.06950930 -0.01475010
v -0.09347130 -0.06953910 -0.01444240
v -0.09345600 -0.06956890 -0.01447590
v -0.09375600 -0.06889490 -0.01478360
v -0.09376730 -0.06886320 -0.01475050
v -0.09375600 -0.06889490 -0.01444240
v -0.09374340 -0.06892650 -0.01447590
v -0.09324090 -0.06971600 -0.01435440
v -0.09324090 -0.06971600 -0.01418930
v -0.09322960 -0.06973650 -0.01416550
v -0.09322960 -0.06973650 -0.01437810
v -0.09294160 -0.07041420 -0.01413470
v -0.09295950 -0.07038810 -0.01437810
v -0.09289580 -0.07034530 -0.01450670
v -0.09302120 -0.07015910 -0.01450670
v -0.09302120 -0.07015910 -0.01471930
v -0.09289580 -0.07034530 -0.01471930
v -0.09295950 -0.07038810 -0.01471930
v -0.09308490 -0.07020380 -0.01471930
v -0.09285990 -0.07032110 -0.01450670
v -0.09298600 -0.07013680 -0.01450670
v -0.09412180 -0.06756740 -0.01476960
v -0.09410380 -0.06765300 -0.01444240
v -0.09409790 -0.06768090 -0.01445650
v -0.09411510 -0.06759900 -0.01476820
v -0.09224990 -0.07123710 -0.01390200
v -0.09226050 -0.07122780 -0.01414710
v -0.09248420 -0.07098760 -0.01410690
v -0.09248490 -0.07098580 -0.01380490
v -0.09330470 -0.06985000 -0.01376010
v -0.09312140 -0.07014980 -0.01376010
v -0.09312140 -0.07014980 -0.01379090
v -0.09330470 -0.06985000 -0.01379090
v -0.09292300 -0.07044020 -0.01512480
v -0.09312140 -0.07014980 -0.01512480
v -0.09312140 -0.07014980 -0.01509400
v -0.09292300 -0.07044020 -0.01509400
v -0.09330470 -0.06985000 -0.01512480
v -0.09347130 -0.06953910 -0.01512480
v -0.09347130 -0.06953910 -0.01509400
v -0.09330470 -0.06985000 -0.01509400
v -0.09268730 -0.07062270 -0.01416550
v -0.09282280 -0.07044580 -0.01416550
v -0.09375600 -0.06889490 -0.01509400
v -0.09387220 -0.06856350 -0.01509400
v -0.09387220 -0.06856350 -0.01478400
v -0.09391070 -0.06814830 -0.01472070
v -0.09390930 -0.06815570 -0.01452250
v -0.09398440 -0.06817250 -0.01452250
v -0.09398570 -0.06816690 -0.01472070
v -0.09260900 -0.07071950 -0.01471930
v -0.09246500 -0.07089080 -0.01471930
v -0.09252340 -0.07093920 -0.01471970
v -0.09266810 -0.07076980 -0.01471930
v -0.09383300 -0.06827670 -0.01420400
v -0.09383430 -0.06826930 -0.01438820
v -0.09387550 -0.06828050 -0.01438820
v -0.09387420 -0.06828980 -0.01420400
v -0.09278820 -0.07041980 -0.01471930
v -0.09278820 -0.07041980 -0.01450670
v -0.09277430 -0.07043840 -0.01453050
v -0.09277430 -0.07043840 -0.01469560
v -0.09233550 -0.07097090 -0.01435840
v -0.09233550 -0.07097090 -0.01420640
v -0.09223070 -0.07108260 -0.01422510
v -0.09222530 -0.07108820 -0.01436370
v -0.09220150 -0.07128370 -0.01452250
v -0.09219680 -0.07128740 -0.01472070
v -0.09221810 -0.07126690 -0.01475180
v -0.09330470 -0.06985000 -0.01410120
v -0.09347130 -0.06953910 -0.01410120
v -0.09347130 -0.06953910 -0.01379090
v -0.09250410 -0.07096340 -0.01447730
v -0.09250350 -0.07096340 -0.01475050
v -0.09252410 -0.07093920 -0.01450810
v -0.09229570 -0.07118690 -0.01438850
v -0.09227380 -0.07121110 -0.01442070
v -0.09243910 -0.07103610 -0.01438180
v -0.09250480 -0.07096340 -0.01441060
v -0.09252470 -0.07093920 -0.01437950
v -0.09250550 -0.07096160 -0.01413980
v -0.09246100 -0.07101190 -0.01414480
v -0.09246030 -0.07101370 -0.01441160
v -0.09248290 -0.07098760 -0.01444410
v -0.09220480 -0.07110870 -0.01451740
v -0.09219950 -0.07111430 -0.01472030
v -0.09221670 -0.07109560 -0.01469660
v -0.09222070 -0.07109190 -0.01454020
v -0.09245900 -0.07101370 -0.01475050
v -0.09248160 -0.07098950 -0.01478400
v -0.09245970 -0.07101370 -0.01447860
v -0.09229240 -0.07119250 -0.01451740
v -0.09243840 -0.07103610 -0.01451040
v -0.09227180 -0.07121290 -0.01448760
v -0.09228710 -0.07119620 -0.01472070
v -0.09224990 -0.07123710 -0.01445520
v -0.09199240 -0.07148480 -0.01478460
v -0.09224130 -0.07124460 -0.01478530
v -0.09201960 -0.07145870 -0.01475150
v -0.09394990 -0.06830280 -0.01438850
v -0.09395850 -0.06827110 -0.01442070
v -0.09394790 -0.06831210 -0.01420440
v -0.09348590 -0.06950930 -0.01447590
v -0.09362190 -0.06922070 -0.01444240
v -0.09360800 -0.06925240 -0.01440890
v -0.09388150 -0.06853370 -0.01441160
v -0.09387220 -0.06856530 -0.01444410
v -0.09313870 -0.07012190 -0.01475010
v -0.09328740 -0.06987800 -0.01475010
v -0.09327080 -0.06990400 -0.01471930
v -0.09315460 -0.07009580 -0.01471930
v -0.09174810 -0.07170820 -0.01476960
v -0.09181180 -0.07165050 -0.01501300
v -0.09182970 -0.07163370 -0.01498920
v -0.09177200 -0.07168590 -0.01476820
v -0.09397710 -0.06820410 -0.01449000
v -0.09403750 -0.06795840 -0.01450140
v -0.09404410 -0.06792860 -0.01446920
v -0.09396840 -0.06823760 -0.01445510
v -0.09397900 -0.06819480 -0.01475180
v -0.09389010 -0.06850200 -0.01451040
v -0.09389080 -0.06850200 -0.01471970
v -0.09381640 -0.06847970 -0.01471970
v -0.09381640 -0.06848160 -0.01451040
v -0.09395580 -0.06796770 -0.01453080
v -0.09403080 -0.06798440 -0.01453120
v -0.09389080 -0.06850390 -0.01438180
v -0.09389010 -0.06850390 -0.01417960
v -0.09388150 -0.06853370 -0.01414480
v -0.09211320 -0.07120180 -0.01472070
v -0.09196180 -0.07134700 -0.01472000
v -0.09199100 -0.07137860 -0.01472030
v -0.09214300 -0.07123340 -0.01472070
v -0.09230230 -0.07118130 -0.01420440
v -0.09228240 -0.07120360 -0.01417690
v -0.09209660 -0.07121850 -0.01469660
v -0.09198110 -0.07132840 -0.01469660
v -0.09348590 -0.06950930 -0.01440890
v -0.09348590 -0.06950930 -0.01413470
v -0.09349910 -0.06948140 -0.01450670
v -0.09360800 -0.06925240 -0.01447590
v -0.09342940 -0.06944790 -0.01416550
v -0.09352500 -0.06924680 -0.01416550
v -0.09359470 -0.06928030 -0.01416550
v -0.09349910 -0.06948140 -0.01416550
v -0.09333520 -0.06979230 -0.01450670
v -0.09344070 -0.06959680 -0.01450670
v -0.09332060 -0.06982020 -0.01447590
v -0.09332060 -0.06982020 -0.01440890
v -0.09332060 -0.06982020 -0.01413470
v -0.09345600 -0.06956890 -0.01413470
v -0.09345600 -0.06956890 -0.01440890
v -0.09332060 -0.06982020 -0.01475010
v -0.09330470 -0.06985000 -0.01478360
v -0.09345600 -0.06956890 -0.01475010
v -0.09344070 -0.06959680 -0.01471930
v -0.09313870 -0.07012190 -0.01413470
v -0.09330470 -0.06985000 -0.01444240
v -0.09328740 -0.06987800 -0.01413470
v -0.09328740 -0.06987800 -0.01440900
v -0.09244910 -0.07084240 -0.01419370
v -0.09256120 -0.07071020 -0.01419070
v -0.09257650 -0.07069350 -0.01416650
v -0.09243380 -0.07086100 -0.01417020
v -0.09327080 -0.06990400 -0.01437810
v -0.09315460 -0.07009580 -0.01437810
v -0.09320510 -0.06986490 -0.01437810
v -0.09308890 -0.07005480 -0.01437810
v -0.09308890 -0.07005480 -0.01450670
v -0.09320510 -0.06986490 -0.01450670
v -0.09327080 -0.06990400 -0.01450670
v -0.09315460 -0.07009580 -0.01450670
v -0.09305240 -0.07003250 -0.01450670
v -0.09316860 -0.06984260 -0.01450670
v -0.09404340 -0.06792860 -0.01475150
v -0.09403550 -0.06796210 -0.01472030
v -0.09306500 -0.07001200 -0.01453050
v -0.09315600 -0.06986310 -0.01453050
v -0.09344070 -0.06959680 -0.01437810
v -0.09333520 -0.06979230 -0.01437810
v -0.09342940 -0.06944790 -0.01471930
v -0.09349910 -0.06948140 -0.01471930
v -0.09360800 -0.06925240 -0.01413470
v -0.09362190 -0.06922070 -0.01410120
v -0.09363450 -0.06919090 -0.01440890
v -0.09363450 -0.06919090 -0.01413470
v -0.09364650 -0.06916110 -0.01471930
v -0.09364650 -0.06916110 -0.01450670
v -0.09363450 -0.06919090 -0.01447590
v -0.09363450 -0.06919090 -0.01475010
v -0.09328740 -0.06987800 -0.01447590
v -0.09313870 -0.07012190 -0.01447590
v -0.09364650 -0.06916110 -0.01437810
v -0.09373150 -0.06895450 -0.01437810
v -0.09374340 -0.06892650 -0.01440890
v -0.09374340 -0.06892650 -0.01413470
v -0.09373150 -0.06895450 -0.01450670
v -0.09373150 -0.06895450 -0.01471930
v -0.09374340 -0.06892650 -0.01475010
v -0.09377730 -0.06883530 -0.01416650
v -0.09376730 -0.06886320 -0.01413510
v -0.09377730 -0.06883530 -0.01437850
v -0.09385090 -0.06862680 -0.01437950
v -0.09386090 -0.06859700 -0.01441060
v -0.09385030 -0.06862680 -0.01417020
v -0.09238270 -0.07098210 -0.01438150
v -0.09224000 -0.07113470 -0.01438820
v -0.09377790 -0.06860070 -0.01437950
v -0.09377790 -0.06860070 -0.01417020
v -0.09373740 -0.06858770 -0.01417020
v -0.09373740 -0.06858580 -0.01437950
v -0.09376730 -0.06886320 -0.01440930
v -0.09333520 -0.06979230 -0.01471930
v -0.09386090 -0.06859880 -0.01413970
v -0.09362190 -0.06922070 -0.01478360
v -0.09360800 -0.06925240 -0.01475010
v -0.09373150 -0.06895450 -0.01416550
v -0.09364650 -0.06916110 -0.01416550
v -0.09344070 -0.06959680 -0.01416550
v -0.09244840 -0.07084430 -0.01453180
v -0.09256120 -0.07071020 -0.01453080
v -0.09257650 -0.07069350 -0.01450710
v -0.09243310 -0.07086290 -0.01450810
v -0.09375600 -0.06889490 -0.01410120
v -0.09386090 -0.06859700 -0.01447730
v -0.09386160 -0.06859510 -0.01475050
v -0.09377730 -0.06883530 -0.01471930
v -0.09377730 -0.06883530 -0.01450710
v -0.09376660 -0.06886320 -0.01447590
v -0.09266740 -0.07057800 -0.01453050
v -0.09265280 -0.07059660 -0.01450670
v -0.09397110 -0.06822650 -0.01478530
v -0.09396110 -0.06826000 -0.01475180
v -0.09395980 -0.06826930 -0.01448760
v -0.09388150 -0.06853370 -0.01447860
v -0.09388210 -0.06853180 -0.01475050
v -0.09395250 -0.06829160 -0.01472070
v -0.09292300 -0.07044020 -0.01376010
v -0.09270930 -0.07072140 -0.01376010
v -0.09270990 -0.07072140 -0.01379090
v -0.09292300 -0.07044020 -0.01379090
v -0.09386950 -0.06813900 -0.01472070
v -0.09386750 -0.06814450 -0.01452210
v -0.09373810 -0.06858400 -0.01471930
v -0.09366440 -0.06879430 -0.01471930
v -0.09370420 -0.06880920 -0.01471930
v -0.09377790 -0.06859880 -0.01471930
v -0.09387820 -0.06826930 -0.01472070
v -0.09395120 -0.06829720 -0.01451740
v -0.09266810 -0.07076980 -0.01416650
v -0.09266810 -0.07076980 -0.01437850
v -0.09268800 -0.07074750 -0.01440930
v -0.09268800 -0.07074750 -0.01413510
v -0.09320510 -0.06986490 -0.01471930
v -0.09308890 -0.07005480 -0.01471930
v -0.09204480 -0.07143450 -0.01472030
v -0.09316860 -0.06984260 -0.01437810
v -0.09305240 -0.07003250 -0.01437810
v -0.09315600 -0.06986310 -0.01435440
v -0.09306500 -0.07001200 -0.01435440
v -0.09306500 -0.07001200 -0.01418930
v -0.09305240 -0.07003250 -0.01416550
v -0.09316860 -0.06984260 -0.01471930
v -0.09305240 -0.07003250 -0.01471930
v -0.09339090 -0.06942920 -0.01450670
v -0.09348650 -0.06922820 -0.01450670
v -0.09342940 -0.06944790 -0.01450670
v -0.09348650 -0.06922820 -0.01471930
v -0.09339090 -0.06942920 -0.01471930
v -0.09340090 -0.06940880 -0.01453050
v -0.09347590 -0.06925050 -0.01453050
v -0.09381640 -0.06848160 -0.01438150
v -0.09268800 -0.07074750 -0.01475050
v -0.09268800 -0.07074750 -0.01447590
v -0.09266810 -0.07076980 -0.01450710
v -0.09252540 -0.07093920 -0.01417020
v -0.09302120 -0.07015910 -0.01437810
v -0.09268730 -0.07062270 -0.01450670
v -0.09282280 -0.07044580 -0.01450670
v -0.09274840 -0.07066930 -0.01450670
v -0.09282280 -0.07044580 -0.01437810
v -0.09268730 -0.07062270 -0.01437810
v -0.09265280 -0.07059660 -0.01471930
v -0.09278820 -0.07041980 -0.01416550
v -0.09265280 -0.07059660 -0.01416550
v -0.09266740 -0.07057800 -0.01418930
v -0.09277430 -0.07043840 -0.01418930
v -0.09278820 -0.07041980 -0.01437810
v -0.09277430 -0.07043840 -0.01435440
v -0.09266740 -0.07057800 -0.01435440
v -0.09265280 -0.07059660 -0.01437810
v -0.09326750 -0.06975690 -0.01450670
v -0.09337300 -0.06955960 -0.01450670
v -0.09333520 -0.06953910 -0.01416550
v -0.09337300 -0.06955960 -0.01416550
v -0.09326750 -0.06975690 -0.01416550
v -0.09333520 -0.06953910 -0.01471930
v -0.09322960 -0.06973650 -0.01471930
v -0.09326750 -0.06975690 -0.01471930
v -0.09337300 -0.06955960 -0.01471930
v -0.09333520 -0.06953910 -0.01437810
v -0.09332390 -0.06955960 -0.01435440
v -0.09211850 -0.07119620 -0.01452210
v -0.09210060 -0.07121480 -0.01454720
v -0.09214770 -0.07122780 -0.01452250
v -0.09387150 -0.06856720 -0.01410690
v -0.09367170 -0.06877200 -0.01419060
v -0.09372950 -0.06861000 -0.01419360
v -0.09366440 -0.06879430 -0.01416650
v -0.09357550 -0.06913320 -0.01416550
v -0.09366040 -0.06892650 -0.01416550
v -0.09332390 -0.06955960 -0.01418930
v -0.09260900 -0.07071950 -0.01450710
v -0.09257650 -0.07069350 -0.01471930
v -0.09353560 -0.06911650 -0.01416550
v -0.09362060 -0.06890980 -0.01416550
v -0.09337300 -0.06955960 -0.01437810
v -0.09353560 -0.06911650 -0.01437810
v -0.09362060 -0.06890980 -0.01437810
v -0.09361130 -0.06893210 -0.01435440
v -0.09354490 -0.06909410 -0.01435440
v -0.09333520 -0.06979230 -0.01416550
v -0.09326750 -0.06975690 -0.01437810
v -0.09324090 -0.06971600 -0.01453050
v -0.09332390 -0.06955960 -0.01453050
v -0.09333520 -0.06953910 -0.01450670
v -0.09322960 -0.06973650 -0.01450670
v -0.09353560 -0.06911650 -0.01471930
v -0.09353560 -0.06911650 -0.01450670
v -0.09357550 -0.06913320 -0.01450670
v -0.09357550 -0.06913320 -0.01471930
v -0.09324090 -0.06971600 -0.01469560
v -0.09332390 -0.06955960 -0.01469560
v -0.09285990 -0.07032110 -0.01471930
v -0.09366040 -0.06892650 -0.01450670
v -0.09366040 -0.06892650 -0.01471930
v -0.09342940 -0.06944790 -0.01437810
v -0.09352500 -0.06924680 -0.01437810
v -0.09348650 -0.06922820 -0.01437810
v -0.09339090 -0.06942920 -0.01437810
v -0.09348650 -0.06922820 -0.01416550
v -0.09347590 -0.06925050 -0.01418930
v -0.09347590 -0.06925050 -0.01435440
v -0.09340090 -0.06940880 -0.01469560
v -0.09347590 -0.06925050 -0.01469560
v -0.09340090 -0.06940880 -0.01435440
v -0.09340090 -0.06940880 -0.01418930
v -0.09339090 -0.06942920 -0.01416550
v -0.09357550 -0.06913320 -0.01437810
v -0.09366040 -0.06892650 -0.01437810
v -0.09362060 -0.06890980 -0.01450670
v -0.09354490 -0.06909410 -0.01453050
v -0.09361130 -0.06893210 -0.01453050
v -0.09361130 -0.06893210 -0.01469560
v -0.09362060 -0.06890980 -0.01471930
v -0.09354490 -0.06909410 -0.01418930
v -0.09361130 -0.06893210 -0.01418930
v -0.09295950 -0.07038810 -0.01416550
v -0.09397110 -0.06822460 -0.01512480
v -0.09405080 -0.06789690 -0.01511070
v -0.09404940 -0.06790440 -0.01507990
v -0.09397110 -0.06822650 -0.01509400
v -0.09208330 -0.07140100 -0.01422810
v -0.09202160 -0.07145870 -0.01446920
v -0.09405080 -0.06789690 -0.01411530
v -0.09404610 -0.06791930 -0.01413770
v -0.09396840 -0.06823950 -0.01390200
v -0.09397110 -0.06822460 -0.01387360
v -0.09402620 -0.06801050 -0.01422810
v -0.09183440 -0.07163000 -0.01445650
v -0.09200170 -0.07147550 -0.01507990
v -0.09405210 -0.06789130 -0.01478460
v -0.09297280 -0.07015540 -0.01453050
v -0.09287390 -0.07030060 -0.01453050
v -0.09287390 -0.07030060 -0.01469560
v -0.09297280 -0.07015540 -0.01469560
v -0.09315460 -0.07009580 -0.01416550
v -0.09327080 -0.06990400 -0.01416550
v -0.09308890 -0.07005480 -0.01416550
v -0.09320510 -0.06986490 -0.01416550
v -0.09306500 -0.07001200 -0.01469560
v -0.09387220 -0.06856350 -0.01377410
v -0.09387080 -0.06856720 -0.01380490
v -0.09396580 -0.06825250 -0.01414710
v -0.09395650 -0.06828420 -0.01417690
v -0.09367170 -0.06877200 -0.01469560
v -0.09367170 -0.06877200 -0.01453080
v -0.09366370 -0.06879430 -0.01450710
v -0.09381640 -0.06848340 -0.01417960
v -0.09377530 -0.06846850 -0.01438150
v -0.09377530 -0.06847040 -0.01417960
v -0.09396050 -0.06794350 -0.01472030
v -0.09391400 -0.06795650 -0.01453080
v -0.09391860 -0.06793420 -0.01472000
v -0.09382640 -0.06829910 -0.01422510
v -0.09382770 -0.06829350 -0.01436370
v -0.09378260 -0.06844620 -0.01435840
v -0.09378190 -0.06844800 -0.01420640
v -0.09224000 -0.07124640 -0.01512480
v -0.09248160 -0.07098950 -0.01512480
v -0.09248160 -0.07098950 -0.01509400
v -0.09224060 -0.07124460 -0.01509400
v -0.09248160 -0.07098950 -0.01377410
v -0.09224000 -0.07124640 -0.01387360
v -0.09199700 -0.07148100 -0.01511080
v -0.09378260 -0.06844620 -0.01469590
v -0.09383040 -0.06828050 -0.01469660
v -0.09382970 -0.06828610 -0.01454020
v -0.09378190 -0.06844620 -0.01453480
v -0.09266740 -0.07057800 -0.01469560
v -0.09270930 -0.07072140 -0.01509400
v -0.09201290 -0.07146610 -0.01413770
v -0.09204280 -0.07143820 -0.01450140
v -0.09222470 -0.07126130 -0.01449000
v -0.09206270 -0.07141770 -0.01453120
v -0.09197910 -0.07133210 -0.01453080
v -0.09200900 -0.07136380 -0.01453080
v -0.09223600 -0.07113850 -0.01451740
v -0.09238200 -0.07098210 -0.01451040
v -0.09199440 -0.07131720 -0.01455360
v -0.09233420 -0.07097090 -0.01469590
v -0.09235080 -0.07095410 -0.01471970
v -0.09349910 -0.06948140 -0.01437810
v -0.09359470 -0.06928030 -0.01437810
v -0.09221470 -0.07109940 -0.01420400
v -0.09220810 -0.07110490 -0.01438820
v -0.09243250 -0.07086290 -0.01471930
v -0.09244770 -0.07084430 -0.01469560
v -0.09298600 -0.07013680 -0.01471930
v -0.09243780 -0.07103610 -0.01471970
v -0.09226520 -0.07122040 -0.01475180
v -0.09238200 -0.07098390 -0.01471970
v -0.09223070 -0.07114400 -0.01472070
v -0.09235210 -0.07095230 -0.01417960
v -0.09235150 -0.07095410 -0.01438150
v -0.09238330 -0.07098210 -0.01417960
v -0.09387220 -0.06856350 -0.01512480
v -0.09235080 -0.07095410 -0.01451040
v -0.09233490 -0.07097090 -0.01453480
v -0.09387350 -0.06812030 -0.01454720
v -0.09390930 -0.06797700 -0.01455360
v -0.09243980 -0.07103420 -0.01417960
v -0.09246560 -0.07088900 -0.01437950
v -0.09246700 -0.07088900 -0.01417020
v -0.09260900 -0.07071950 -0.01416650
v -0.09257650 -0.07069350 -0.01437850
v -0.09260900 -0.07071950 -0.01437850
v -0.09289580 -0.07034530 -0.01437810
v -0.09244840 -0.07084430 -0.01435540
v -0.09243310 -0.07086100 -0.01437950
v -0.09256120 -0.07071020 -0.01435470
v -0.09377530 -0.06846850 -0.01451040
v -0.09377530 -0.06846850 -0.01471970
v -0.09387680 -0.06827670 -0.01451740
v -0.09383630 -0.06826370 -0.01451740
v -0.09383700 -0.06825630 -0.01472030
v -0.09224660 -0.07112920 -0.01420400
v -0.09391270 -0.06796020 -0.01469660
v -0.09256120 -0.07071020 -0.01469560
v -0.09316860 -0.06984260 -0.01416550
v -0.09315600 -0.06986310 -0.01418930
v -0.09370420 -0.06880920 -0.01416650
v -0.09370420 -0.06880920 -0.01437850
v -0.09373010 -0.06860820 -0.01453180
v -0.09373740 -0.06858580 -0.01450810
v -0.09367240 -0.06877200 -0.01435470
v -0.09372950 -0.06860820 -0.01435540
v -0.09315600 -0.06986310 -0.01469560
v -0.09377790 -0.06860070 -0.01450810
v -0.09246560 -0.07088900 -0.01450810
v -0.09385090 -0.06862490 -0.01471970
v -0.09366440 -0.06879430 -0.01437850
v -0.09385090 -0.06862490 -0.01450810
v -0.09373010 -0.06860820 -0.01469560
v -0.09362190 -0.06922070 -0.01376010
v -0.09347130 -0.06953910 -0.01376010
v -0.09362190 -0.06922070 -0.01379090
v -0.09354490 -0.06909410 -0.01469560
v -0.09270930 -0.07072140 -0.01512480
v -0.09375600 -0.06889490 -0.01512480
v -0.09387480 -0.06811660 -0.01469660
v -0.09409920 -0.06767540 -0.01498920
v -0.09375600 -0.06889680 -0.01379090
v -0.09375600 -0.06889490 -0.01376010
v -0.09370420 -0.06880920 -0.01450710
v -0.09362190 -0.06922070 -0.01509400
v -0.09199700 -0.07148100 -0.01411530
v -0.09181320 -0.07164860 -0.01444240
v -0.09410380 -0.06765110 -0.01501300
v -0.09362190 -0.06922070 -0.01512480
v -0.09308490 -0.07020380 -0.00317160
v -0.09295950 -0.07038820 -0.00317160
v -0.09310290 -0.07017780 -0.00320240
v -0.09298600 -0.07013680 -0.00351270
v -0.09285990 -0.07032110 -0.00351270
v -0.09302120 -0.07015910 -0.00351270
v -0.09289580 -0.07034530 -0.00351270
v -0.09352500 -0.06924680 -0.00295890
v -0.09352500 -0.06924680 -0.00317160
v -0.09359470 -0.06928030 -0.00295890
v -0.09359470 -0.06928030 -0.00317160
v -0.09310290 -0.07017770 -0.00354350
v -0.09310290 -0.07017780 -0.00326930
v -0.09308490 -0.07020380 -0.00351270
v -0.09308490 -0.07020380 -0.00330010
v -0.09313870 -0.07012190 -0.00326930
v -0.09312140 -0.07014980 -0.00323580
v -0.09312140 -0.07014980 -0.00357700
v -0.09310290 -0.07017780 -0.00292810
v -0.09312140 -0.07014980 -0.00289470
v -0.09287390 -0.07030060 -0.00348900
v -0.09297280 -0.07015540 -0.00348900
v -0.09285990 -0.07032110 -0.00330010
v -0.09287390 -0.07030060 -0.00332390
v -0.09297280 -0.07015540 -0.00332390
v -0.09298600 -0.07013680 -0.00330010
v -0.09292300 -0.07044030 -0.00323580
v -0.09294160 -0.07041420 -0.00320240
v -0.09294160 -0.07041420 -0.00292810
v -0.09294160 -0.07041420 -0.00326930
v -0.09292300 -0.07044030 -0.00357700
v -0.09290240 -0.07046820 -0.00354350
v -0.09272980 -0.07069540 -0.00354350
v -0.09274840 -0.07066930 -0.00351270
v -0.09288380 -0.07049240 -0.00351270
v -0.09272980 -0.07069540 -0.00326930
v -0.09274840 -0.07066930 -0.00330010
v -0.09272980 -0.07069540 -0.00320240
v -0.09272980 -0.07069540 -0.00292810
v -0.09270920 -0.07072140 -0.00323580
v -0.09288380 -0.07049240 -0.00317160
v -0.09290240 -0.07046820 -0.00320240
v -0.09290240 -0.07046820 -0.00292810
v -0.09292300 -0.07044030 -0.00289470
v -0.09288380 -0.07049240 -0.00330010
v -0.09290240 -0.07046820 -0.00326930
v -0.09288380 -0.07049240 -0.00295890
v -0.09270920 -0.07072140 -0.00289470
v -0.09268730 -0.07062280 -0.00295890
v -0.09282280 -0.07044590 -0.00295890
v -0.09274840 -0.07066930 -0.00295890
v -0.09270920 -0.07072140 -0.00357700
v -0.09348590 -0.06950930 -0.00292810
v -0.09347130 -0.06953910 -0.00289470
v -0.09347130 -0.06953910 -0.00323580
v -0.09345600 -0.06956890 -0.00320240
v -0.09376730 -0.06886330 -0.00292780
v -0.09375600 -0.06889490 -0.00289470
v -0.09375600 -0.06889490 -0.00323580
v -0.09374340 -0.06892660 -0.00320240
v -0.09324090 -0.06971600 -0.00348900
v -0.09324090 -0.06971600 -0.00332390
v -0.09322960 -0.06973650 -0.00351270
v -0.09322960 -0.06973650 -0.00330010
v -0.09294160 -0.07041420 -0.00354350
v -0.09295950 -0.07038820 -0.00330010
v -0.09302120 -0.07015910 -0.00317160
v -0.09289580 -0.07034530 -0.00317160
v -0.09289580 -0.07034530 -0.00295890
v -0.09302120 -0.07015910 -0.00295890
v -0.09295950 -0.07038820 -0.00295890
v -0.09308490 -0.07020380 -0.00295890
v -0.09298600 -0.07013680 -0.00317160
v -0.09285990 -0.07032110 -0.00317160
v -0.09410380 -0.06765300 -0.00323580
v -0.09412180 -0.06756740 -0.00290870
v -0.09409780 -0.06768100 -0.00322180
v -0.09411510 -0.06759900 -0.00291000
v -0.09226050 -0.07122780 -0.00353120
v -0.09224990 -0.07123720 -0.00377620
v -0.09248420 -0.07098770 -0.00357130
v -0.09248490 -0.07098580 -0.00387340
v -0.09312140 -0.07014980 -0.00391820
v -0.09330470 -0.06985010 -0.00391820
v -0.09312140 -0.07014980 -0.00388740
v -0.09330470 -0.06985010 -0.00388740
v -0.09312140 -0.07014980 -0.00255350
v -0.09292300 -0.07044030 -0.00255350
v -0.09312140 -0.07014980 -0.00258430
v -0.09292300 -0.07044030 -0.00258430
v -0.09347130 -0.06953910 -0.00255350
v -0.09330470 -0.06985010 -0.00255350
v -0.09347130 -0.06953910 -0.00258430
v -0.09330470 -0.06985010 -0.00258430
v -0.09268730 -0.07062270 -0.00351270
v -0.09282280 -0.07044590 -0.00351270
v -0.09375600 -0.06889490 -0.00258430
v -0.09387220 -0.06856350 -0.00258430
v -0.09387220 -0.06856350 -0.00289430
v -0.09390930 -0.06815570 -0.00315580
v -0.09391070 -0.06814830 -0.00295760
v -0.09398440 -0.06817250 -0.00315580
v -0.09398570 -0.06816690 -0.00295760
v -0.09246500 -0.07089090 -0.00295890
v -0.09260900 -0.07071960 -0.00295890
v -0.09252340 -0.07093930 -0.00295860
v -0.09266810 -0.07076980 -0.00295890
v -0.09383430 -0.06826930 -0.00329010
v -0.09383300 -0.06827680 -0.00347420
v -0.09387550 -0.06828050 -0.00329010
v -0.09387420 -0.06828980 -0.00347420
v -0.09278820 -0.07041980 -0.00317160
v -0.09278820 -0.07041980 -0.00295890
v -0.09277430 -0.07043840 -0.00314780
v -0.09277430 -0.07043840 -0.00298270
v -0.09233550 -0.07097090 -0.00347190
v -0.09233550 -0.07097090 -0.00331990
v -0.09223070 -0.07108260 -0.00345310
v -0.09222530 -0.07108820 -0.00331450
v -0.09219680 -0.07128740 -0.00295760
v -0.09220140 -0.07128370 -0.00315580
v -0.09221800 -0.07126700 -0.00292650
v -0.09330470 -0.06985010 -0.00357700
v -0.09347130 -0.06953910 -0.00357700
v -0.09347130 -0.06953910 -0.00388740
v -0.09250350 -0.07096350 -0.00292780
v -0.09250410 -0.07096350 -0.00320100
v -0.09252400 -0.07093930 -0.00317020
v -0.09227380 -0.07121110 -0.00325760
v -0.09229570 -0.07118690 -0.00328970
v -0.09243910 -0.07103610 -0.00329640
v -0.09252470 -0.07093930 -0.00329880
v -0.09250480 -0.07096350 -0.00326770
v -0.09250540 -0.07096160 -0.00353850
v -0.09246030 -0.07101370 -0.00326660
v -0.09246100 -0.07101190 -0.00353350
v -0.09248290 -0.07098770 -0.00323420
v -0.09219950 -0.07111430 -0.00295790
v -0.09220480 -0.07110870 -0.00316080
v -0.09221670 -0.07109570 -0.00298170
v -0.09222070 -0.07109190 -0.00313810
v -0.09248160 -0.07098950 -0.00289430
v -0.09245900 -0.07101370 -0.00292780
v -0.09245970 -0.07101370 -0.00319970
v -0.09243840 -0.07103610 -0.00316790
v -0.09229240 -0.07119250 -0.00316080
v -0.09228710 -0.07119620 -0.00295760
v -0.09227180 -0.07121300 -0.00319060
v -0.09224990 -0.07123720 -0.00322310
v -0.09224130 -0.07124460 -0.00289300
v -0.09199240 -0.07148480 -0.00289370
v -0.09201960 -0.07145870 -0.00292680
v -0.09395850 -0.06827120 -0.00325760
v -0.09394990 -0.06830280 -0.00328970
v -0.09394790 -0.06831210 -0.00347390
v -0.09348590 -0.06950930 -0.00320240
v -0.09362190 -0.06922070 -0.00323580
v -0.09360800 -0.06925240 -0.00326930
v -0.09388150 -0.06853370 -0.00326660
v -0.09387220 -0.06856540 -0.00323420
v -0.09328740 -0.06987800 -0.00292810
v -0.09313870 -0.07012190 -0.00292810
v -0.09327080 -0.06990410 -0.00295890
v -0.09315460 -0.07009580 -0.00295890
v -0.09181180 -0.07165050 -0.00266530
v -0.09174810 -0.07170820 -0.00290870
v -0.09182970 -0.07163380 -0.00268910
v -0.09177200 -0.07168590 -0.00291010
v -0.09403740 -0.06795840 -0.00317690
v -0.09397710 -0.06820420 -0.00318830
v -0.09404410 -0.06792860 -0.00320910
v -0.09397900 -0.06819490 -0.00292650
v -0.09396840 -0.06823770 -0.00322310
v -0.09389080 -0.06850210 -0.00295860
v -0.09389010 -0.06850210 -0.00316790
v -0.09381640 -0.06847970 -0.00295860
v -0.09381640 -0.06848160 -0.00316790
v -0.09395580 -0.06796770 -0.00314740
v -0.09403080 -0.06798450 -0.00314710
v -0.09389010 -0.06850390 -0.00349870
v -0.09389080 -0.06850390 -0.00329640
v -0.09388150 -0.06853370 -0.00353350
v -0.09196180 -0.07134700 -0.00295830
v -0.09211320 -0.07120180 -0.00295760
v -0.09199100 -0.07137870 -0.00295790
v -0.09214300 -0.07123340 -0.00295760
v -0.09230230 -0.07118130 -0.00347390
v -0.09228240 -0.07120360 -0.00350140
v -0.09198110 -0.07132840 -0.00298170
v -0.09209660 -0.07121860 -0.00298170
v -0.09348590 -0.06950930 -0.00354350
v -0.09348590 -0.06950930 -0.00326930
v -0.09349910 -0.06948140 -0.00317160
v -0.09360800 -0.06925240 -0.00320240
v -0.09352500 -0.06924680 -0.00351270
v -0.09342940 -0.06944790 -0.00351270
v -0.09359470 -0.06928030 -0.00351270
v -0.09349910 -0.06948140 -0.00351270
v -0.09344070 -0.06959680 -0.00317160
v -0.09333520 -0.06979230 -0.00317160
v -0.09332060 -0.06982030 -0.00320240
v -0.09332060 -0.06982030 -0.00354350
v -0.09332060 -0.06982030 -0.00326930
v -0.09345600 -0.06956890 -0.00326930
v -0.09345600 -0.06956890 -0.00354350
v -0.09330470 -0.06985010 -0.00289470
v -0.09332060 -0.06982030 -0.00292810
v -0.09345600 -0.06956890 -0.00292810
v -0.09344070 -0.06959680 -0.00295890
v -0.09313870 -0.07012190 -0.00354350
v -0.09328740 -0.06987800 -0.00354350
v -0.09330470 -0.06985010 -0.00323580
v -0.09328740 -0.06987800 -0.00326930
v -0.09256120 -0.07071030 -0.00348760
v -0.09244900 -0.07084240 -0.00348460
v -0.09257650 -0.07069350 -0.00351170
v -0.09243380 -0.07086110 -0.00350800
v -0.09315460 -0.07009580 -0.00330010
v -0.09327080 -0.06990410 -0.00330010
v -0.09320510 -0.06986500 -0.00330010
v -0.09308890 -0.07005490 -0.00330010
v -0.09320510 -0.06986500 -0.00317160
v -0.09308890 -0.07005490 -0.00317160
v -0.09327080 -0.06990410 -0.00317160
v -0.09315460 -0.07009580 -0.00317160
v -0.09316860 -0.06984260 -0.00317160
v -0.09305240 -0.07003250 -0.00317160
v -0.09404340 -0.06792860 -0.00292680
v -0.09403550 -0.06796210 -0.00295790
v -0.09306500 -0.07001210 -0.00314780
v -0.09315600 -0.06986310 -0.00314780
v -0.09333520 -0.06979230 -0.00330010
v -0.09344070 -0.06959680 -0.00330010
v -0.09342940 -0.06944790 -0.00295890
v -0.09349910 -0.06948140 -0.00295890
v -0.09360800 -0.06925240 -0.00354350
v -0.09363450 -0.06919100 -0.00326930
v -0.09362190 -0.06922070 -0.00357700
v -0.09363450 -0.06919090 -0.00354350
v -0.09364650 -0.06916120 -0.00317160
v -0.09364650 -0.06916120 -0.00295890
v -0.09363450 -0.06919100 -0.00320240
v -0.09363450 -0.06919100 -0.00292810
v -0.09328740 -0.06987800 -0.00320240
v -0.09313870 -0.07012190 -0.00320240
v -0.09364650 -0.06916120 -0.00330010
v -0.09373140 -0.06895450 -0.00330010
v -0.09374340 -0.06892660 -0.00326930
v -0.09374340 -0.06892660 -0.00354350
v -0.09373140 -0.06895450 -0.00295890
v -0.09373140 -0.06895450 -0.00317160
v -0.09374340 -0.06892660 -0.00292810
v -0.09376730 -0.06886330 -0.00354320
v -0.09377730 -0.06883530 -0.00351170
v -0.09377730 -0.06883530 -0.00329980
v -0.09386090 -0.06859700 -0.00326770
v -0.09385090 -0.06862680 -0.00329880
v -0.09385030 -0.06862680 -0.00350800
v -0.09223990 -0.07113480 -0.00329010
v -0.09238270 -0.07098210 -0.00329680
v -0.09377790 -0.06860070 -0.00350800
v -0.09377790 -0.06860070 -0.00329880
v -0.09373740 -0.06858770 -0.00350800
v -0.09373740 -0.06858580 -0.00329880
v -0.09376730 -0.06886330 -0.00326900
v -0.09333520 -0.06979230 -0.00295890
v -0.09386090 -0.06859890 -0.00353850
v -0.09362190 -0.06922070 -0.00289470
v -0.09360800 -0.06925240 -0.00292810
v -0.09373140 -0.06895450 -0.00351270
v -0.09364650 -0.06916120 -0.00351270
v -0.09344070 -0.06959680 -0.00351270
v -0.09256120 -0.07071030 -0.00314740
v -0.09244840 -0.07084430 -0.00314640
v -0.09257650 -0.07069350 -0.00317120
v -0.09243310 -0.07086290 -0.00317020
v -0.09375600 -0.06889490 -0.00357700
v -0.09386150 -0.06859520 -0.00292780
v -0.09386090 -0.06859700 -0.00320100
v -0.09377730 -0.06883530 -0.00317120
v -0.09377730 -0.06883530 -0.00295890
v -0.09376660 -0.06886330 -0.00320240
v -0.09266740 -0.07057800 -0.00314780
v -0.09265280 -0.07059670 -0.00317160
v -0.09397110 -0.06822650 -0.00289300
v -0.09396110 -0.06826000 -0.00292650
v -0.09395980 -0.06826930 -0.00319060
v -0.09388150 -0.06853370 -0.00319970
v -0.09388210 -0.06853190 -0.00292780
v -0.09395250 -0.06829170 -0.00295760
v -0.09270920 -0.07072140 -0.00391820
v -0.09292300 -0.07044030 -0.00391820
v -0.09270990 -0.07072140 -0.00388740
v -0.09292300 -0.07044030 -0.00388740
v -0.09386950 -0.06813900 -0.00295760
v -0.09386750 -0.06814460 -0.00315610
v -0.09366440 -0.06879440 -0.00295890
v -0.09373810 -0.06858400 -0.00295890
v -0.09370420 -0.06880930 -0.00295890
v -0.09377790 -0.06859890 -0.00295890
v -0.09387820 -0.06826930 -0.00295760
v -0.09395120 -0.06829730 -0.00316080
v -0.09266810 -0.07076980 -0.00329980
v -0.09266810 -0.07076980 -0.00351170
v -0.09268800 -0.07074750 -0.00326900
v -0.09268800 -0.07074750 -0.00354320
v -0.09308890 -0.07005490 -0.00295890
v -0.09320510 -0.06986500 -0.00295890
v -0.09204480 -0.07143450 -0.00295790
v -0.09305240 -0.07003250 -0.00330010
v -0.09316860 -0.06984260 -0.00330010
v -0.09315600 -0.06986310 -0.00332390
v -0.09306500 -0.07001210 -0.00332390
v -0.09306500 -0.07001200 -0.00348900
v -0.09305240 -0.07003250 -0.00351270
v -0.09305240 -0.07003250 -0.00295890
v -0.09316860 -0.06984260 -0.00295890
v -0.09348650 -0.06922820 -0.00317160
v -0.09339090 -0.06942930 -0.00317160
v -0.09342940 -0.06944790 -0.00317160
v -0.09339090 -0.06942930 -0.00295890
v -0.09348650 -0.06922820 -0.00295890
v -0.09347590 -0.06925050 -0.00314780
v -0.09340090 -0.06940880 -0.00314780
v -0.09381640 -0.06848160 -0.00329680
v -0.09268800 -0.07074750 -0.00320240
v -0.09268800 -0.07074750 -0.00292780
v -0.09266810 -0.07076980 -0.00317120
v -0.09252540 -0.07093930 -0.00350800
v -0.09302120 -0.07015910 -0.00330010
v -0.09282280 -0.07044590 -0.00317160
v -0.09268730 -0.07062280 -0.00317160
v -0.09274840 -0.07066930 -0.00317160
v -0.09268730 -0.07062280 -0.00330010
v -0.09282280 -0.07044590 -0.00330010
v -0.09265280 -0.07059670 -0.00295890
v -0.09265280 -0.07059670 -0.00351270
v -0.09278820 -0.07041980 -0.00351270
v -0.09266740 -0.07057800 -0.00348900
v -0.09277430 -0.07043840 -0.00348900
v -0.09278820 -0.07041980 -0.00330010
v -0.09277430 -0.07043840 -0.00332390
v -0.09266740 -0.07057800 -0.00332390
v -0.09265280 -0.07059670 -0.00330010
v -0.09337300 -0.06955960 -0.00317160
v -0.09326750 -0.06975700 -0.00317160
v -0.09333520 -0.06953910 -0.00351270
v -0.09337300 -0.06955960 -0.00351270
v -0.09326750 -0.06975700 -0.00351270
v -0.09322960 -0.06973650 -0.00295890
v -0.09333520 -0.06953910 -0.00295890
v -0.09326750 -0.06975700 -0.00295890
v -0.09337300 -0.06955960 -0.00295890
v -0.09333520 -0.06953910 -0.00330010
v -0.09332390 -0.06955960 -0.00332390
v -0.09211850 -0.07119620 -0.00315620
v -0.09210050 -0.07121480 -0.00313100
v -0.09214770 -0.07122790 -0.00315580
v -0.09387150 -0.06856720 -0.00357130
v -0.09372950 -0.06861000 -0.00348460
v -0.09367170 -0.06877200 -0.00348760
v -0.09366440 -0.06879440 -0.00351170
v -0.09366040 -0.06892660 -0.00351270
v -0.09357550 -0.06913320 -0.00351270
v -0.09332390 -0.06955960 -0.00348900
v -0.09260900 -0.07071960 -0.00317120
v -0.09257650 -0.07069350 -0.00295890
v -0.09362060 -0.06890980 -0.00351270
v -0.09353560 -0.06911650 -0.00351270
v -0.09337300 -0.06955960 -0.00330010
v -0.09362060 -0.06890980 -0.00330010
v -0.09353560 -0.06911650 -0.00330010
v -0.09361130 -0.06893220 -0.00332390
v -0.09354490 -0.06909410 -0.00332390
v -0.09333520 -0.06979230 -0.00351270
v -0.09326750 -0.06975700 -0.00330010
v -0.09332390 -0.06955960 -0.00314780
v -0.09324090 -0.06971600 -0.00314780
v -0.09333520 -0.06953910 -0.00317160
v -0.09322960 -0.06973650 -0.00317160
v -0.09353560 -0.06911650 -0.00317160
v -0.09353560 -0.06911650 -0.00295890
v -0.09357550 -0.06913320 -0.00317160
v -0.09357550 -0.06913320 -0.00295890
v -0.09324090 -0.06971600 -0.00298270
v -0.09332390 -0.06955960 -0.00298270
v -0.09285990 -0.07032110 -0.00295890
v -0.09366040 -0.06892660 -0.00295890
v -0.09366040 -0.06892660 -0.00317160
v -0.09352500 -0.06924680 -0.00330010
v -0.09342940 -0.06944790 -0.00330010
v -0.09348650 -0.06922820 -0.00330010
v -0.09339090 -0.06942930 -0.00330010
v -0.09348650 -0.06922820 -0.00351270
v -0.09347590 -0.06925050 -0.00348900
v -0.09347590 -0.06925050 -0.00332390
v -0.09340090 -0.06940880 -0.00298270
v -0.09347590 -0.06925050 -0.00298270
v -0.09340090 -0.06940880 -0.00348900
v -0.09340090 -0.06940880 -0.00332390
v -0.09339090 -0.06942930 -0.00351270
v -0.09357550 -0.06913320 -0.00330010
v -0.09366040 -0.06892660 -0.00330010
v -0.09362060 -0.06890980 -0.00317160
v -0.09361130 -0.06893220 -0.00314780
v -0.09354490 -0.06909410 -0.00314780
v -0.09361130 -0.06893220 -0.00298270
v -0.09362060 -0.06890980 -0.00295890
v -0.09354490 -0.06909410 -0.00348900
v -0.09361130 -0.06893210 -0.00348900
v -0.09295950 -0.07038810 -0.00351270
v -0.09405080 -0.06789690 -0.00256750
v -0.09397110 -0.06822460 -0.00255350
v -0.09404940 -0.06790440 -0.00259830
v -0.09397110 -0.06822650 -0.00258430
v -0.09208330 -0.07140100 -0.00345010
v -0.09202160 -0.07145870 -0.00320910
v -0.09405080 -0.06789690 -0.00356300
v -0.09404610 -0.06791930 -0.00354050
v -0.09396840 -0.06823950 -0.00377620
v -0.09397110 -0.06822460 -0.00380470
v -0.09402620 -0.06801050 -0.00345010
v -0.09183440 -0.07163000 -0.00322180
v -0.09200160 -0.07147550 -0.00259830
v -0.09405210 -0.06789140 -0.00289360
v -0.09287390 -0.07030060 -0.00314780
v -0.09297280 -0.07015540 -0.00314780
v -0.09287390 -0.07030060 -0.00298270
v -0.09297280 -0.07015540 -0.00298270
v -0.09327080 -0.06990410 -0.00351270
v -0.09315460 -0.07009580 -0.00351270
v -0.09320510 -0.06986490 -0.00351270
v -0.09308890 -0.07005490 -0.00351270
v -0.09306500 -0.07001210 -0.00298270
v -0.09387220 -0.06856350 -0.00390420
v -0.09387080 -0.06856720 -0.00387330
v -0.09396580 -0.06825260 -0.00353120
v -0.09395650 -0.06828420 -0.00350140
v -0.09367170 -0.06877200 -0.00314740
v -0.09367170 -0.06877200 -0.00298270
v -0.09366370 -0.06879440 -0.00317120
v -0.09381640 -0.06848340 -0.00349870
v -0.09377530 -0.06847040 -0.00349870
v -0.09377530 -0.06846860 -0.00329680
v -0.09396050 -0.06794350 -0.00295790
v -0.09391400 -0.06795650 -0.00314740
v -0.09391860 -0.06793420 -0.00295830
v -0.09382640 -0.06829910 -0.00345310
v -0.09382770 -0.06829350 -0.00331450
v -0.09378260 -0.06844620 -0.00331990
v -0.09378190 -0.06844810 -0.00347190
v -0.09248160 -0.07098950 -0.00255350
v -0.09223990 -0.07124650 -0.00255350
v -0.09248160 -0.07098950 -0.00258430
v -0.09224060 -0.07124460 -0.00258430
v -0.09223990 -0.07124650 -0.00380470
v -0.09248160 -0.07098950 -0.00390420
v -0.09199700 -0.07148110 -0.00256750
v -0.09383030 -0.06828050 -0.00298170
v -0.09378260 -0.06844620 -0.00298240
v -0.09382970 -0.06828610 -0.00313810
v -0.09378190 -0.06844620 -0.00314340
v -0.09266740 -0.07057800 -0.00298270
v -0.09270920 -0.07072140 -0.00258430
v -0.09201290 -0.07146620 -0.00354050
v -0.09204280 -0.07143830 -0.00317690
v -0.09222470 -0.07126140 -0.00318830
v -0.09206270 -0.07141780 -0.00314710
v -0.09197910 -0.07133210 -0.00314740
v -0.09200890 -0.07136380 -0.00314740
v -0.09223600 -0.07113850 -0.00316080
v -0.09238200 -0.07098210 -0.00316790
v -0.09199440 -0.07131720 -0.00312470
v -0.09233420 -0.07097090 -0.00298240
v -0.09235080 -0.07095420 -0.00295860
v -0.09349910 -0.06948140 -0.00330010
v -0.09359470 -0.06928030 -0.00330010
v -0.09221470 -0.07109940 -0.00347420
v -0.09220810 -0.07110500 -0.00329010
v -0.09243240 -0.07086290 -0.00295890
v -0.09244770 -0.07084430 -0.00298270
v -0.09298600 -0.07013680 -0.00295890
v -0.09243780 -0.07103610 -0.00295860
v -0.09226520 -0.07122040 -0.00292650
v -0.09238200 -0.07098390 -0.00295860
v -0.09223070 -0.07114410 -0.00295760
v -0.09235150 -0.07095420 -0.00329680
v -0.09235210 -0.07095230 -0.00349870
v -0.09238330 -0.07098210 -0.00349870
v -0.09387220 -0.06856350 -0.00255350
v -0.09235080 -0.07095420 -0.00316790
v -0.09233490 -0.07097090 -0.00314340
v -0.09390930 -0.06797700 -0.00312470
v -0.09387350 -0.06812040 -0.00313100
v -0.09243970 -0.07103420 -0.00349870
v -0.09246560 -0.07088900 -0.00329880
v -0.09246700 -0.07088900 -0.00350800
v -0.09260900 -0.07071960 -0.00351170
v -0.09257650 -0.07069350 -0.00329980
v -0.09260900 -0.07071960 -0.00329980
v -0.09289580 -0.07034530 -0.00330010
v -0.09244840 -0.07084430 -0.00332290
v -0.09243310 -0.07086110 -0.00329880
v -0.09256120 -0.07071030 -0.00332360
v -0.09377530 -0.06846860 -0.00316790
v -0.09377530 -0.06846860 -0.00295860
v -0.09387680 -0.06827680 -0.00316080
v -0.09383630 -0.06826370 -0.00316080
v -0.09383700 -0.06825630 -0.00295790
v -0.09224660 -0.07112920 -0.00347420
v -0.09391270 -0.06796030 -0.00298170
v -0.09256120 -0.07071030 -0.00298270
v -0.09316860 -0.06984260 -0.00351270
v -0.09315600 -0.06986310 -0.00348900
v -0.09370420 -0.06880930 -0.00351170
v -0.09370420 -0.06880930 -0.00329980
v -0.09373010 -0.06860820 -0.00314640
v -0.09373740 -0.06858580 -0.00317020
v -0.09367240 -0.06877200 -0.00332360
v -0.09372950 -0.06860820 -0.00332290
v -0.09315600 -0.06986310 -0.00298270
v -0.09377790 -0.06860070 -0.00317020
v -0.09246560 -0.07088900 -0.00317020
v -0.09385090 -0.06862490 -0.00295860
v -0.09366440 -0.06879440 -0.00329980
v -0.09385090 -0.06862490 -0.00317020
v -0.09373010 -0.06860820 -0.00298270
v -0.09347130 -0.06953910 -0.00391820
v -0.09362190 -0.06922070 -0.00391820
v -0.09362190 -0.06922070 -0.00388740
v -0.09354490 -0.06909410 -0.00298270
v -0.09270920 -0.07072140 -0.00255350
v -0.09375600 -0.06889490 -0.00255350
v -0.09387480 -0.06811660 -0.00298170
v -0.09409920 -0.06767540 -0.00268910
v -0.09375600 -0.06889680 -0.00388740
v -0.09375600 -0.06889490 -0.00391820
v -0.09370420 -0.06880930 -0.00317120
v -0.09362190 -0.06922070 -0.00258430
v -0.09199700 -0.07148110 -0.00356300
v -0.09181310 -0.07164870 -0.00323580
v -0.09410380 -0.06765120 -0.00266530
v -0.09362190 -0.06922070 -0.00255350
v 0.09283980 0.07030520 0.00404070
v 0.09296530 0.07012090 0.00404070
v 0.09298320 0.07009480 0.00407150
v 0.09274020 0.07023820 0.00438190
v 0.09286640 0.07005380 0.00438190
v 0.09290160 0.07007620 0.00438190
v 0.09277610 0.07026240 0.00438190
v 0.09340530 0.06916390 0.00404070
v 0.09340530 0.06916390 0.00382810
v 0.09347500 0.06919740 0.00382810
v 0.09347500 0.06919740 0.00404070
v 0.09298320 0.07009480 0.00413850
v 0.09298320 0.07009480 0.00441270
v 0.09296530 0.07012090 0.00438190
v 0.09296530 0.07012090 0.00416930
v 0.09300180 0.07006690 0.00410500
v 0.09301900 0.07003900 0.00413850
v 0.09300180 0.07006690 0.00444620
v 0.09298320 0.07009480 0.00379730
v 0.09300180 0.07006690 0.00376380
v 0.09275420 0.07021770 0.00435810
v 0.09285310 0.07007250 0.00435810
v 0.09274020 0.07023820 0.00416930
v 0.09275420 0.07021770 0.00419310
v 0.09285310 0.07007250 0.00419310
v 0.09286640 0.07005380 0.00416930
v 0.09282190 0.07033130 0.00407150
v 0.09280330 0.07035730 0.00410500
v 0.09282190 0.07033130 0.00379730
v 0.09282190 0.07033130 0.00413850
v 0.09280330 0.07035730 0.00444620
v 0.09278270 0.07038530 0.00441270
v 0.09261020 0.07061240 0.00441270
v 0.09262870 0.07058630 0.00438190
v 0.09276410 0.07040950 0.00438190
v 0.09261020 0.07061240 0.00413850
v 0.09262870 0.07058630 0.00416930
v 0.09261020 0.07061240 0.00379730
v 0.09261020 0.07061240 0.00407150
v 0.09258960 0.07063850 0.00410500
v 0.09278270 0.07038530 0.00407150
v 0.09276410 0.07040950 0.00404070
v 0.09278270 0.07038530 0.00379730
v 0.09280330 0.07035730 0.00376380
v 0.09276410 0.07040950 0.00416930
v 0.09278270 0.07038530 0.00413850
v 0.09276410 0.07040950 0.00382810
v 0.09258960 0.07063850 0.00376380
v 0.09270310 0.07036290 0.00382810
v 0.09256770 0.07053980 0.00382810
v 0.09262870 0.07058630 0.00382810
v 0.09258960 0.07063850 0.00444620
v 0.09335160 0.06945620 0.00376380
v 0.09336620 0.06942640 0.00379730
v 0.09335160 0.06945620 0.00410500
v 0.09333630 0.06948600 0.00407150
v 0.09363630 0.06881200 0.00376380
v 0.09364760 0.06878030 0.00379700
v 0.09363630 0.06881200 0.00410500
v 0.09362370 0.06884360 0.00407150
v 0.09312130 0.06963310 0.00419310
v 0.09312130 0.06963310 0.00435810
v 0.09311000 0.06965350 0.00438190
v 0.09311000 0.06965350 0.00416930
v 0.09282190 0.07033130 0.00441270
v 0.09283980 0.07030520 0.00416930
v 0.09277610 0.07026240 0.00404070
v 0.09290160 0.07007620 0.00404070
v 0.09290160 0.07007620 0.00382810
v 0.09277610 0.07026240 0.00382810
v 0.09283980 0.07030520 0.00382810
v 0.09296530 0.07012090 0.00382810
v 0.09274020 0.07023820 0.00404070
v 0.09286640 0.07005380 0.00404070
v 0.09400210 0.06748440 0.00377790
v 0.09398420 0.06757010 0.00410500
v 0.09397820 0.06759800 0.00409100
v 0.09399550 0.06751610 0.00377920
v 0.09213020 0.07115420 0.00464540
v 0.09214090 0.07114490 0.00440030
v 0.09236460 0.07090470 0.00444050
v 0.09236520 0.07090290 0.00474250
v 0.09318500 0.06976710 0.00478740
v 0.09300180 0.07006690 0.00478740
v 0.09300180 0.07006690 0.00475660
v 0.09318500 0.06976710 0.00475660
v 0.09280330 0.07035730 0.00342260
v 0.09300180 0.07006690 0.00342260
v 0.09300180 0.07006690 0.00345340
v 0.09280330 0.07035730 0.00345340
v 0.09318500 0.06976710 0.00342260
v 0.09335160 0.06945620 0.00342260
v 0.09335160 0.06945620 0.00345340
v 0.09318500 0.06976710 0.00345340
v 0.09256770 0.07053980 0.00438190
v 0.09270310 0.07036290 0.00438190
v 0.09363630 0.06881200 0.00345340
v 0.09375250 0.06848050 0.00345340
v 0.09375250 0.06848050 0.00376350
v 0.09379100 0.06806540 0.00382680
v 0.09378970 0.06807280 0.00402500
v 0.09386470 0.06808960 0.00402500
v 0.09386600 0.06808400 0.00382680
v 0.09248930 0.07063660 0.00382810
v 0.09234530 0.07080790 0.00382810
v 0.09240370 0.07085630 0.00382780
v 0.09254840 0.07068690 0.00382810
v 0.09371330 0.06819380 0.00434340
v 0.09371470 0.06818640 0.00415920
v 0.09375580 0.06819750 0.00415920
v 0.09375450 0.06820690 0.00434340
v 0.09266860 0.07033690 0.00382810
v 0.09266860 0.07033690 0.00404070
v 0.09265460 0.07035550 0.00401690
v 0.09265460 0.07035550 0.00385190
v 0.09221590 0.07088800 0.00418910
v 0.09221590 0.07088800 0.00434110
v 0.09211100 0.07099970 0.00432230
v 0.09210570 0.07100530 0.00418370
v 0.09208180 0.07120080 0.00402500
v 0.09207710 0.07120450 0.00382680
v 0.09209840 0.07118400 0.00379560
v 0.09318500 0.06976710 0.00444620
v 0.09335160 0.06945620 0.00444620
v 0.09335160 0.06945620 0.00475660
v 0.09238450 0.07088050 0.00407020
v 0.09238380 0.07088050 0.00379700
v 0.09240440 0.07085630 0.00403940
v 0.09217600 0.07110390 0.00415890
v 0.09215410 0.07112810 0.00412680
v 0.09231940 0.07095310 0.00416560
v 0.09238510 0.07088050 0.00413680
v 0.09240500 0.07085630 0.00416800
v 0.09238580 0.07087870 0.00440770
v 0.09234130 0.07092890 0.00440270
v 0.09234070 0.07093080 0.00413580
v 0.09236320 0.07090470 0.00410330
v 0.09208510 0.07102580 0.00403000
v 0.09207980 0.07103130 0.00382710
v 0.09209710 0.07101270 0.00385090
v 0.09210100 0.07100900 0.00400720
v 0.09233930 0.07093080 0.00379700
v 0.09236190 0.07090660 0.00376350
v 0.09234000 0.07093080 0.00406880
v 0.09217270 0.07110950 0.00403000
v 0.09231870 0.07095310 0.00403700
v 0.09215210 0.07113000 0.00405980
v 0.09216740 0.07111330 0.00382680
v 0.09213020 0.07115420 0.00409230
v 0.09187270 0.07140180 0.00376280
v 0.09212160 0.07116170 0.00376210
v 0.09189990 0.07137580 0.00379600
v 0.09383020 0.06821990 0.00415890
v 0.09383880 0.06818820 0.00412680
v 0.09382820 0.06822920 0.00434310
v 0.09336620 0.06942640 0.00407150
v 0.09350230 0.06913780 0.00410500
v 0.09348830 0.06916940 0.00413850
v 0.09376180 0.06845080 0.00413580
v 0.09375250 0.06848240 0.00410330
v 0.09301900 0.07003900 0.00379730
v 0.09316770 0.06979500 0.00379730
v 0.09315110 0.06982110 0.00382810
v 0.09303500 0.07001290 0.00382810
v 0.09162840 0.07162530 0.00377790
v 0.09169220 0.07156760 0.00353450
v 0.09171010 0.07155080 0.00355820
v 0.09165230 0.07160290 0.00377920
v 0.09385740 0.06812120 0.00405750
v 0.09391780 0.06787540 0.00404610
v 0.09392440 0.06784560 0.00407820
v 0.09384870 0.06815470 0.00409230
v 0.09385940 0.06811190 0.00379560
v 0.09377040 0.06841910 0.00403700
v 0.09377110 0.06841910 0.00382780
v 0.09369670 0.06839680 0.00382780
v 0.09369670 0.06839860 0.00403700
v 0.09383610 0.06788480 0.00401660
v 0.09391110 0.06790150 0.00401630
v 0.09377110 0.06842100 0.00416560
v 0.09377040 0.06842100 0.00436790
v 0.09376180 0.06845080 0.00440270
v 0.09199350 0.07111880 0.00382680
v 0.09184220 0.07126410 0.00382740
v 0.09187140 0.07129570 0.00382710
v 0.09202340 0.07115050 0.00382680
v 0.09218270 0.07109840 0.00434310
v 0.09216280 0.07112070 0.00437050
v 0.09197690 0.07113560 0.00385090
v 0.09186140 0.07124550 0.00385090
v 0.09336620 0.06942640 0.00413850
v 0.09336620 0.06942640 0.00441270
v 0.09337950 0.06939850 0.00404070
v 0.09348830 0.06916940 0.00407150
v 0.09330980 0.06936490 0.00438190
v 0.09340530 0.06916390 0.00438190
v 0.09347500 0.06919740 0.00438190
v 0.09337950 0.06939850 0.00438190
v 0.09321550 0.06970940 0.00404070
v 0.09332110 0.06951390 0.00404070
v 0.09320090 0.06973730 0.00407150
v 0.09320090 0.06973730 0.00413850
v 0.09320090 0.06973730 0.00441270
v 0.09333630 0.06948600 0.00441270
v 0.09333630 0.06948600 0.00413850
v 0.09320090 0.06973730 0.00379730
v 0.09318500 0.06976710 0.00376380
v 0.09333630 0.06948600 0.00379730
v 0.09332110 0.06951390 0.00382810
v 0.09301900 0.07003900 0.00441270
v 0.09318500 0.06976710 0.00410500
v 0.09316770 0.06979500 0.00441270
v 0.09316770 0.06979500 0.00413850
v 0.09232940 0.07075950 0.00435380
v 0.09244160 0.07062730 0.00435680
v 0.09245680 0.07061050 0.00438090
v 0.09231410 0.07077810 0.00437720
v 0.09315110 0.06982110 0.00416930
v 0.09303500 0.07001290 0.00416930
v 0.09308540 0.06978200 0.00416930
v 0.09296920 0.06997190 0.00416930
v 0.09296920 0.06997190 0.00404070
v 0.09308540 0.06978200 0.00404070
v 0.09315110 0.06982110 0.00404070
v 0.09303500 0.07001290 0.00404070
v 0.09293270 0.06994960 0.00404070
v 0.09304890 0.06975970 0.00404070
v 0.09392380 0.06784560 0.00379600
v 0.09391580 0.06787920 0.00382710
v 0.09294540 0.06992910 0.00401690
v 0.09303630 0.06978020 0.00401690
v 0.09332110 0.06951390 0.00416930
v 0.09321550 0.06970940 0.00416930
v 0.09330980 0.06936490 0.00382810
v 0.09337950 0.06939850 0.00382810
v 0.09348830 0.06916940 0.00441270
v 0.09350230 0.06913780 0.00444620
v 0.09351490 0.06910800 0.00413850
v 0.09351490 0.06910800 0.00441270
v 0.09352680 0.06907820 0.00382810
v 0.09352680 0.06907820 0.00404070
v 0.09351490 0.06910800 0.00407150
v 0.09351490 0.06910800 0.00379730
v 0.09316770 0.06979500 0.00407150
v 0.09301900 0.07003900 0.00407150
v 0.09352680 0.06907820 0.00416930
v 0.09361180 0.06887160 0.00416930
v 0.09362370 0.06884360 0.00413850
v 0.09362370 0.06884360 0.00441270
v 0.09361180 0.06887160 0.00404070
v 0.09361180 0.06887160 0.00382810
v 0.09362370 0.06884360 0.00379730
v 0.09365760 0.06875240 0.00438090
v 0.09364760 0.06878030 0.00441240
v 0.09365760 0.06875240 0.00416900
v 0.09373130 0.06854390 0.00416800
v 0.09374120 0.06851410 0.00413680
v 0.09373060 0.06854390 0.00437720
v 0.09226300 0.07089910 0.00416590
v 0.09212030 0.07105180 0.00415920
v 0.09365820 0.06851780 0.00416800
v 0.09365820 0.06851780 0.00437720
v 0.09361780 0.06850470 0.00437720
v 0.09361780 0.06850290 0.00416800
v 0.09364760 0.06878030 0.00413820
v 0.09321550 0.06970940 0.00382810
v 0.09374120 0.06851590 0.00440770
v 0.09350230 0.06913780 0.00376380
v 0.09348830 0.06916940 0.00379730
v 0.09361180 0.06887160 0.00438190
v 0.09352680 0.06907820 0.00438190
v 0.09332110 0.06951390 0.00438190
v 0.09232870 0.07076140 0.00401560
v 0.09244160 0.07062730 0.00401660
v 0.09245680 0.07061050 0.00404040
v 0.09231340 0.07078000 0.00403940
v 0.09363630 0.06881200 0.00444620
v 0.09374120 0.06851410 0.00407020
v 0.09374190 0.06851220 0.00379700
v 0.09365760 0.06875240 0.00382810
v 0.09365760 0.06875240 0.00404040
v 0.09364700 0.06878030 0.00407150
v 0.09254770 0.07049510 0.00401690
v 0.09253320 0.07051370 0.00404070
v 0.09385140 0.06814360 0.00376210
v 0.09384140 0.06817710 0.00379560
v 0.09384010 0.06818640 0.00405980
v 0.09376180 0.06845080 0.00406880
v 0.09376250 0.06844890 0.00379700
v 0.09383280 0.06820870 0.00382680
v 0.09280330 0.07035730 0.00478740
v 0.09258960 0.07063850 0.00478740
v 0.09259020 0.07063850 0.00475660
v 0.09280330 0.07035730 0.00475660
v 0.09374990 0.06805600 0.00382680
v 0.09374790 0.06806160 0.00402530
v 0.09361840 0.06850100 0.00382810
v 0.09354470 0.06871140 0.00382810
v 0.09358460 0.06872630 0.00382810
v 0.09365820 0.06851590 0.00382810
v 0.09375850 0.06818640 0.00382680
v 0.09383150 0.06821430 0.00403000
v 0.09254840 0.07068690 0.00438090
v 0.09254840 0.07068690 0.00416900
v 0.09256830 0.07066450 0.00413820
v 0.09256830 0.07066450 0.00441240
v 0.09308540 0.06978200 0.00382810
v 0.09296920 0.06997190 0.00382810
v 0.09192510 0.07135160 0.00382710
v 0.09304890 0.06975970 0.00416930
v 0.09293270 0.06994960 0.00416930
v 0.09303630 0.06978020 0.00419310
v 0.09294540 0.06992910 0.00419310
v 0.09294540 0.06992910 0.00435810
v 0.09293270 0.06994960 0.00438190
v 0.09304890 0.06975970 0.00382810
v 0.09293270 0.06994960 0.00382810
v 0.09327130 0.06934630 0.00404070
v 0.09336680 0.06914520 0.00404070
v 0.09330980 0.06936490 0.00404070
v 0.09336680 0.06914520 0.00382810
v 0.09327130 0.06934630 0.00382810
v 0.09328120 0.06932590 0.00401690
v 0.09335620 0.06916760 0.00401690
v 0.09369670 0.06839860 0.00416590
v 0.09256830 0.07066450 0.00379700
v 0.09256830 0.07066450 0.00407150
v 0.09254840 0.07068690 0.00404040
v 0.09240570 0.07085630 0.00437720
v 0.09290160 0.07007620 0.00416930
v 0.09256770 0.07053980 0.00404070
v 0.09270310 0.07036290 0.00404070
v 0.09262870 0.07058630 0.00404070
v 0.09270310 0.07036290 0.00416930
v 0.09256770 0.07053980 0.00416930
v 0.09253320 0.07051370 0.00382810
v 0.09266860 0.07033690 0.00438190
v 0.09253320 0.07051370 0.00438190
v 0.09254770 0.07049510 0.00435810
v 0.09265460 0.07035550 0.00435810
v 0.09266860 0.07033690 0.00416930
v 0.09265460 0.07035550 0.00419310
v 0.09254770 0.07049510 0.00419310
v 0.09253320 0.07051370 0.00416930
v 0.09314780 0.06967400 0.00404070
v 0.09325330 0.06947670 0.00404070
v 0.09321550 0.06945620 0.00438190
v 0.09325330 0.06947670 0.00438190
v 0.09314780 0.06967400 0.00438190
v 0.09321550 0.06945620 0.00382810
v 0.09311000 0.06965350 0.00382810
v 0.09314780 0.06967400 0.00382810
v 0.09325330 0.06947670 0.00382810
v 0.09321550 0.06945620 0.00416930
v 0.09320420 0.06947670 0.00419310
v 0.09199880 0.07111330 0.00402530
v 0.09198090 0.07113190 0.00400020
v 0.09202800 0.07114490 0.00402500
v 0.09375180 0.06848430 0.00444050
v 0.09355210 0.06868910 0.00435680
v 0.09360980 0.06852710 0.00435380
v 0.09354470 0.06871140 0.00438090
v 0.09345580 0.06905030 0.00438190
v 0.09354080 0.06884360 0.00438190
v 0.09320420 0.06947670 0.00435810
v 0.09248930 0.07063660 0.00404040
v 0.09245680 0.07061050 0.00382810
v 0.09341600 0.06903350 0.00438190
v 0.09350090 0.06882690 0.00438190
v 0.09325330 0.06947670 0.00416930
v 0.09341600 0.06903350 0.00416930
v 0.09350090 0.06882690 0.00416930
v 0.09349160 0.06884920 0.00419310
v 0.09342530 0.06901120 0.00419310
v 0.09321550 0.06970940 0.00438190
v 0.09314780 0.06967400 0.00416930
v 0.09312130 0.06963310 0.00401690
v 0.09320420 0.06947670 0.00401690
v 0.09321550 0.06945620 0.00404070
v 0.09311000 0.06965350 0.00404070
v 0.09341600 0.06903350 0.00382810
v 0.09341600 0.06903350 0.00404070
v 0.09345580 0.06905030 0.00404070
v 0.09345580 0.06905030 0.00382810
v 0.09312130 0.06963310 0.00385190
v 0.09320420 0.06947670 0.00385190
v 0.09274020 0.07023820 0.00382810
v 0.09354080 0.06884360 0.00404070
v 0.09354080 0.06884360 0.00382810
v 0.09330980 0.06936490 0.00416930
v 0.09340530 0.06916390 0.00416930
v 0.09336680 0.06914520 0.00416930
v 0.09327130 0.06934630 0.00416930
v 0.09336680 0.06914520 0.00438190
v 0.09335620 0.06916760 0.00435810
v 0.09335620 0.06916760 0.00419310
v 0.09328120 0.06932590 0.00385190
v 0.09335620 0.06916760 0.00385190
v 0.09328120 0.06932590 0.00419310
v 0.09328120 0.06932590 0.00435810
v 0.09327130 0.06934630 0.00438190
v 0.09345580 0.06905030 0.00416930
v 0.09354080 0.06884360 0.00416930
v 0.09350090 0.06882690 0.00404070
v 0.09342530 0.06901120 0.00401690
v 0.09349160 0.06884920 0.00401690
v 0.09349160 0.06884920 0.00385190
v 0.09350090 0.06882690 0.00382810
v 0.09342530 0.06901120 0.00435810
v 0.09349160 0.06884920 0.00435810
v 0.09283980 0.07030520 0.00438190
v 0.09385140 0.06814170 0.00342260
v 0.09393110 0.06781400 0.00343670
v 0.09392970 0.06782140 0.00346750
v 0.09385140 0.06814360 0.00345340
v 0.09196360 0.07131810 0.00431930
v 0.09190190 0.07137580 0.00407820
v 0.09393110 0.06781400 0.00443210
v 0.09392640 0.06783630 0.00440970
v 0.09384870 0.06815660 0.00464540
v 0.09385140 0.06814170 0.00467390
v 0.09390650 0.06792760 0.00431930
v 0.09171470 0.07154710 0.00409100
v 0.09188200 0.07139250 0.00346750
v 0.09393240 0.06780840 0.00376280
v 0.09285310 0.07007250 0.00401690
v 0.09275420 0.07021770 0.00401690
v 0.09275420 0.07021770 0.00385190
v 0.09285310 0.07007250 0.00385190
v 0.09303500 0.07001290 0.00438190
v 0.09315110 0.06982110 0.00438190
v 0.09296920 0.06997190 0.00438190
v 0.09308540 0.06978200 0.00438190
v 0.09294540 0.06992910 0.00385190
v 0.09375250 0.06848050 0.00477330
v 0.09375120 0.06848430 0.00474250
v 0.09384610 0.06816960 0.00440030
v 0.09383680 0.06820130 0.00437050
v 0.09355210 0.06868910 0.00385190
v 0.09355210 0.06868910 0.00401660
v 0.09354410 0.06871140 0.00404040
v 0.09369670 0.06840050 0.00436790
v 0.09365560 0.06838560 0.00416590
v 0.09365560 0.06838750 0.00436790
v 0.09384080 0.06786050 0.00382710
v 0.09379430 0.06787360 0.00401660
v 0.09379900 0.06785120 0.00382740
v 0.09370670 0.06821620 0.00432230
v 0.09370800 0.06821060 0.00418370
v 0.09366290 0.06836330 0.00418910
v 0.09366220 0.06836510 0.00434110
v 0.09212030 0.07116350 0.00342260
v 0.09236190 0.07090660 0.00342260
v 0.09236190 0.07090660 0.00345340
v 0.09212090 0.07116170 0.00345340
v 0.09236190 0.07090660 0.00477330
v 0.09212030 0.07116350 0.00467390
v 0.09187730 0.07139810 0.00343670
v 0.09366290 0.06836330 0.00385160
v 0.09371070 0.06819750 0.00385090
v 0.09371000 0.06820310 0.00400720
v 0.09366220 0.06836330 0.00401260
v 0.09254770 0.07049510 0.00385190
v 0.09258960 0.07063850 0.00345340
v 0.09189330 0.07138320 0.00440970
v 0.09192310 0.07135530 0.00404610
v 0.09210500 0.07117840 0.00405750
v 0.09194310 0.07133480 0.00401630
v 0.09185940 0.07124920 0.00401660
v 0.09188930 0.07128080 0.00401660
v 0.09211630 0.07105550 0.00403000
v 0.09226230 0.07089910 0.00403700
v 0.09187470 0.07123430 0.00399390
v 0.09221450 0.07088800 0.00385160
v 0.09223110 0.07087120 0.00382780
v 0.09337950 0.06939850 0.00416930
v 0.09347500 0.06919740 0.00416930
v 0.09209510 0.07101640 0.00434340
v 0.09208840 0.07102200 0.00415920
v 0.09231280 0.07078000 0.00382810
v 0.09232800 0.07076140 0.00385190
v 0.09286640 0.07005380 0.00382810
v 0.09231810 0.07095310 0.00382780
v 0.09214550 0.07113750 0.00379560
v 0.09226230 0.07090100 0.00382780
v 0.09211100 0.07106110 0.00382680
v 0.09223250 0.07086930 0.00436790
v 0.09223180 0.07087120 0.00416590
v 0.09226370 0.07089910 0.00436790
v 0.09375250 0.06848050 0.00342260
v 0.09223110 0.07087120 0.00403700
v 0.09221520 0.07088800 0.00401260
v 0.09375380 0.06803740 0.00400020
v 0.09378970 0.06789410 0.00399390
v 0.09232010 0.07095130 0.00436790
v 0.09234600 0.07080600 0.00416800
v 0.09234730 0.07080600 0.00437720
v 0.09248930 0.07063660 0.00438090
v 0.09245680 0.07061050 0.00416900
v 0.09248930 0.07063660 0.00416900
v 0.09277610 0.07026240 0.00416930
v 0.09232870 0.07076140 0.00419210
v 0.09231340 0.07077810 0.00416800
v 0.09244160 0.07062730 0.00419270
v 0.09365560 0.06838560 0.00403700
v 0.09365560 0.06838560 0.00382780
v 0.09375720 0.06819380 0.00403000
v 0.09371670 0.06818080 0.00403000
v 0.09371730 0.06817330 0.00382710
v 0.09212690 0.07104620 0.00434340
v 0.09379300 0.06787730 0.00385090
v 0.09244160 0.07062730 0.00385190
v 0.09304890 0.06975970 0.00438190
v 0.09303630 0.06978020 0.00435810
v 0.09358460 0.06872630 0.00438090
v 0.09358460 0.06872630 0.00416900
v 0.09361050 0.06852520 0.00401560
v 0.09361780 0.06850290 0.00403940
v 0.09355270 0.06868910 0.00419270
v 0.09360980 0.06852520 0.00419210
v 0.09303630 0.06978020 0.00385190
v 0.09365820 0.06851780 0.00403940
v 0.09234600 0.07080600 0.00403940
v 0.09373130 0.06854200 0.00382780
v 0.09354470 0.06871140 0.00416900
v 0.09373130 0.06854200 0.00403940
v 0.09361050 0.06852520 0.00385190
v 0.09350230 0.06913780 0.00478740
v 0.09335160 0.06945620 0.00478740
v 0.09350230 0.06913780 0.00475660
v 0.09342530 0.06901120 0.00385190
v 0.09258960 0.07063850 0.00342260
v 0.09363630 0.06881200 0.00342260
v 0.09375520 0.06803370 0.00385090
v 0.09397950 0.06759240 0.00355820
v 0.09363630 0.06881380 0.00475660
v 0.09363630 0.06881200 0.00478740
v 0.09358460 0.06872630 0.00404040
v 0.09350230 0.06913780 0.00345340
v 0.09187730 0.07139810 0.00443210
v 0.09169350 0.07156570 0.00410500
v 0.09398420 0.06756820 0.00353450
v 0.09350230 0.06913780 0.00342260
v 0.09296530 0.07012090 0.01537590
v 0.09283980 0.07030520 0.01537590
v 0.09298320 0.07009480 0.01534510
v 0.09286640 0.07005380 0.01503470
v 0.09274020 0.07023820 0.01503470
v 0.09290160 0.07007620 0.01503470
v 0.09277610 0.07026240 0.01503470
v 0.09340530 0.06916390 0.01558850
v 0.09340530 0.06916390 0.01537590
v 0.09347500 0.06919740 0.01558850
v 0.09347500 0.06919740 0.01537590
v 0.09298320 0.07009480 0.01500390
v 0.09298320 0.07009480 0.01527810
v 0.09296530 0.07012090 0.01503470
v 0.09296530 0.07012090 0.01524730
v 0.09301900 0.07003900 0.01527810
v 0.09300180 0.07006690 0.01531160
v 0.09300180 0.07006690 0.01497040
v 0.09298320 0.07009480 0.01561930
v 0.09300180 0.07006690 0.01565280
v 0.09275420 0.07021770 0.01505850
v 0.09285310 0.07007250 0.01505850
v 0.09274020 0.07023820 0.01524730
v 0.09275420 0.07021770 0.01522360
v 0.09285310 0.07007250 0.01522360
v 0.09286640 0.07005380 0.01524730
v 0.09280330 0.07035730 0.01531160
v 0.09282190 0.07033130 0.01534510
v 0.09282190 0.07033130 0.01561930
v 0.09282190 0.07033130 0.01527810
v 0.09280330 0.07035730 0.01497040
v 0.09278270 0.07038530 0.01500390
v 0.09261010 0.07061240 0.01500390
v 0.09262870 0.07058630 0.01503470
v 0.09276410 0.07040950 0.01503470
v 0.09261010 0.07061240 0.01527810
v 0.09262870 0.07058630 0.01524730
v 0.09261010 0.07061240 0.01534510
v 0.09261010 0.07061240 0.01561930
v 0.09258960 0.07063850 0.01531160
v 0.09276410 0.07040950 0.01537590
v 0.09278270 0.07038530 0.01534510
v 0.09278270 0.07038530 0.01561930
v 0.09280330 0.07035730 0.01565280
v 0.09276410 0.07040950 0.01524730
v 0.09278270 0.07038530 0.01527810
v 0.09276410 0.07040950 0.01558850
v 0.09258960 0.07063850 0.01565280
v 0.09256770 0.07053980 0.01558850
v 0.09270310 0.07036290 0.01558850
v 0.09262870 0.07058630 0.01558850
v 0.09258960 0.07063850 0.01497040
v 0.09336620 0.06942640 0.01561930
v 0.09335160 0.06945620 0.01565280
v 0.09335160 0.06945620 0.01531160
v 0.09333630 0.06948600 0.01534510
v 0.09364760 0.06878030 0.01561960
v 0.09363630 0.06881200 0.01565280
v 0.09363630 0.06881200 0.01531160
v 0.09362370 0.06884360 0.01534510
v 0.09312130 0.06963310 0.01505850
v 0.09312130 0.06963310 0.01522360
v 0.09311000 0.06965350 0.01503470
v 0.09311000 0.06965350 0.01524730
v 0.09282190 0.07033130 0.01500390
v 0.09283980 0.07030520 0.01524730
v 0.09290160 0.07007620 0.01537590
v 0.09277610 0.07026240 0.01537590
v 0.09277610 0.07026240 0.01558850
v 0.09290160 0.07007620 0.01558850
v 0.09283980 0.07030520 0.01558850
v 0.09296530 0.07012090 0.01558850
v 0.09286640 0.07005380 0.01537590
v 0.09274020 0.07023820 0.01537590
v 0.09398420 0.06757010 0.01531160
v 0.09400210 0.06748440 0.01563870
v 0.09397820 0.06759800 0.01532570
v 0.09399550 0.06751610 0.01563740
v 0.09214080 0.07114490 0.01501630
v 0.09213020 0.07115420 0.01477120
v 0.09236450 0.07090470 0.01497610
v 0.09236520 0.07090290 0.01467410
v 0.09300180 0.07006690 0.01462920
v 0.09318500 0.06976710 0.01462920
v 0.09300180 0.07006690 0.01466000
v 0.09318500 0.06976710 0.01466000
v 0.09300180 0.07006690 0.01599400
v 0.09280330 0.07035730 0.01599400
v 0.09300180 0.07006690 0.01596320
v 0.09280330 0.07035730 0.01596320
v 0.09335160 0.06945620 0.01599400
v 0.09318500 0.06976710 0.01599400
v 0.09335160 0.06945620 0.01596320
v 0.09318500 0.06976710 0.01596320
v 0.09256770 0.07053980 0.01503470
v 0.09270310 0.07036290 0.01503470
v 0.09363630 0.06881200 0.01596320
v 0.09375250 0.06848050 0.01596320
v 0.09375250 0.06848050 0.01565310
v 0.09378970 0.06807280 0.01539160
v 0.09379100 0.06806530 0.01558990
v 0.09386470 0.06808960 0.01539160
v 0.09386600 0.06808400 0.01558990
v 0.09234530 0.07080790 0.01558850
v 0.09248930 0.07063660 0.01558850
v 0.09240370 0.07085630 0.01558880
v 0.09254840 0.07068690 0.01558850
v 0.09371470 0.06818640 0.01525740
v 0.09371330 0.06819380 0.01507320
v 0.09375580 0.06819750 0.01525740
v 0.09375450 0.06820690 0.01507320
v 0.09266860 0.07033690 0.01537590
v 0.09266860 0.07033690 0.01558850
v 0.09265460 0.07035550 0.01539970
v 0.09265460 0.07035550 0.01556470
v 0.09221590 0.07088800 0.01507560
v 0.09221590 0.07088800 0.01522760
v 0.09211100 0.07099970 0.01509430
v 0.09210570 0.07100530 0.01523290
v 0.09207710 0.07120450 0.01558990
v 0.09208180 0.07120080 0.01539160
v 0.09209840 0.07118400 0.01562100
v 0.09318500 0.06976710 0.01497040
v 0.09335160 0.06945620 0.01497040
v 0.09335160 0.06945620 0.01466000
v 0.09238380 0.07088050 0.01561960
v 0.09238450 0.07088050 0.01534640
v 0.09240440 0.07085630 0.01537720
v 0.09215410 0.07112810 0.01528980
v 0.09217600 0.07110390 0.01525770
v 0.09231940 0.07095310 0.01525100
v 0.09240500 0.07085630 0.01524870
v 0.09238510 0.07088050 0.01527980
v 0.09238580 0.07087870 0.01500890
v 0.09234060 0.07093080 0.01528080
v 0.09234130 0.07092890 0.01501390
v 0.09236320 0.07090470 0.01531330
v 0.09207980 0.07103130 0.01558950
v 0.09208510 0.07102580 0.01538660
v 0.09209710 0.07101270 0.01556570
v 0.09210100 0.07100900 0.01540940
v 0.09236190 0.07090660 0.01565310
v 0.09233930 0.07093080 0.01561960
v 0.09234000 0.07093080 0.01534780
v 0.09231870 0.07095310 0.01537960
v 0.09217270 0.07110950 0.01538660
v 0.09216740 0.07111330 0.01558990
v 0.09215210 0.07113000 0.01535680
v 0.09213020 0.07115420 0.01532430
v 0.09212160 0.07116170 0.01565450
v 0.09187270 0.07140180 0.01565380
v 0.09189990 0.07137580 0.01562070
v 0.09383880 0.06818820 0.01528980
v 0.09383020 0.06821990 0.01525770
v 0.09382820 0.06822920 0.01507350
v 0.09336620 0.06942640 0.01534510
v 0.09350230 0.06913780 0.01531160
v 0.09348830 0.06916940 0.01527810
v 0.09376180 0.06845080 0.01528080
v 0.09375250 0.06848240 0.01531330
v 0.09316770 0.06979500 0.01561930
v 0.09301900 0.07003900 0.01561930
v 0.09315110 0.06982110 0.01558850
v 0.09303500 0.07001290 0.01558850
v 0.09169220 0.07156760 0.01588210
v 0.09162840 0.07162530 0.01563870
v 0.09171010 0.07155080 0.01585840
v 0.09165230 0.07160290 0.01563740
v 0.09391780 0.06787540 0.01537050
v 0.09385740 0.06812120 0.01535920
v 0.09392440 0.06784560 0.01533840
v 0.09385940 0.06811190 0.01562100
v 0.09384870 0.06815470 0.01532430
v 0.09377110 0.06841910 0.01558880
v 0.09377040 0.06841910 0.01537960
v 0.09369670 0.06839680 0.01558880
v 0.09369670 0.06839860 0.01537960
v 0.09383610 0.06788470 0.01540000
v 0.09391110 0.06790150 0.01540030
v 0.09377040 0.06842100 0.01504880
v 0.09377110 0.06842100 0.01525100
v 0.09376180 0.06845080 0.01501390
v 0.09184210 0.07126410 0.01558920
v 0.09199350 0.07111880 0.01558990
v 0.09187140 0.07129570 0.01558950
v 0.09202340 0.07115050 0.01558990
v 0.09218270 0.07109840 0.01507350
v 0.09216280 0.07112070 0.01504610
v 0.09186140 0.07124540 0.01556570
v 0.09197690 0.07113560 0.01556570
v 0.09336620 0.06942640 0.01500390
v 0.09336620 0.06942640 0.01527810
v 0.09337950 0.06939850 0.01537590
v 0.09348830 0.06916940 0.01534510
v 0.09340530 0.06916390 0.01503470
v 0.09330980 0.06936490 0.01503470
v 0.09347500 0.06919740 0.01503470
v 0.09337950 0.06939850 0.01503470
v 0.09332110 0.06951390 0.01537590
v 0.09321550 0.06970940 0.01537590
v 0.09320090 0.06973730 0.01534510
v 0.09320090 0.06973730 0.01500390
v 0.09320090 0.06973730 0.01527810
v 0.09333630 0.06948600 0.01527810
v 0.09333630 0.06948600 0.01500390
v 0.09318500 0.06976710 0.01565280
v 0.09320090 0.06973730 0.01561930
v 0.09333630 0.06948600 0.01561930
v 0.09332110 0.06951390 0.01558850
v 0.09301900 0.07003900 0.01500390
v 0.09316770 0.06979500 0.01500390
v 0.09318500 0.06976710 0.01531160
v 0.09316770 0.06979500 0.01527810
v 0.09244150 0.07062730 0.01505980
v 0.09232940 0.07075950 0.01506280
v 0.09245680 0.07061050 0.01503570
v 0.09231410 0.07077810 0.01503940
v 0.09303500 0.07001290 0.01524730
v 0.09315110 0.06982110 0.01524730
v 0.09308540 0.06978200 0.01524730
v 0.09296920 0.06997190 0.01524730
v 0.09308540 0.06978200 0.01537590
v 0.09296920 0.06997190 0.01537590
v 0.09315110 0.06982110 0.01537590
v 0.09303500 0.07001290 0.01537590
v 0.09304890 0.06975970 0.01537590
v 0.09293270 0.06994960 0.01537590
v 0.09392380 0.06784560 0.01562070
v 0.09391580 0.06787920 0.01558950
v 0.09294540 0.06992910 0.01539970
v 0.09303630 0.06978020 0.01539970
v 0.09321550 0.06970940 0.01524730
v 0.09332110 0.06951390 0.01524730
v 0.09330980 0.06936490 0.01558850
v 0.09337950 0.06939850 0.01558850
v 0.09348830 0.06916940 0.01500390
v 0.09351490 0.06910800 0.01527810
v 0.09350230 0.06913780 0.01497040
v 0.09351490 0.06910800 0.01500390
v 0.09352680 0.06907820 0.01537590
v 0.09352680 0.06907820 0.01558850
v 0.09351490 0.06910800 0.01534510
v 0.09351490 0.06910800 0.01561930
v 0.09316770 0.06979500 0.01534510
v 0.09301900 0.07003900 0.01534510
v 0.09352680 0.06907820 0.01524730
v 0.09361180 0.06887160 0.01524730
v 0.09362370 0.06884360 0.01527810
v 0.09362370 0.06884360 0.01500390
v 0.09361180 0.06887160 0.01558850
v 0.09361180 0.06887160 0.01537590
v 0.09362370 0.06884360 0.01561930
v 0.09364760 0.06878030 0.01500420
v 0.09365760 0.06875240 0.01503570
v 0.09365760 0.06875240 0.01524770
v 0.09374120 0.06851410 0.01527980
v 0.09373130 0.06854380 0.01524870
v 0.09373060 0.06854380 0.01503940
v 0.09212030 0.07105180 0.01525740
v 0.09226300 0.07089910 0.01525070
v 0.09365820 0.06851780 0.01503940
v 0.09365820 0.06851780 0.01524870
v 0.09361780 0.06850470 0.01503940
v 0.09361780 0.06850290 0.01524870
v 0.09364760 0.06878030 0.01527850
v 0.09321550 0.06970940 0.01558850
v 0.09374120 0.06851590 0.01500890
v 0.09350230 0.06913780 0.01565280
v 0.09348830 0.06916940 0.01561930
v 0.09361180 0.06887160 0.01503470
v 0.09352680 0.06907820 0.01503470
v 0.09332110 0.06951390 0.01503470
v 0.09244150 0.07062730 0.01540000
v 0.09232870 0.07076140 0.01540100
v 0.09245680 0.07061050 0.01537620
v 0.09231340 0.07078000 0.01537720
v 0.09363630 0.06881200 0.01497040
v 0.09374190 0.06851220 0.01561960
v 0.09374120 0.06851410 0.01534640
v 0.09365760 0.06875240 0.01537620
v 0.09365760 0.06875240 0.01558850
v 0.09364700 0.06878030 0.01534510
v 0.09254770 0.07049510 0.01539970
v 0.09253310 0.07051370 0.01537590
v 0.09385140 0.06814350 0.01565450
v 0.09384140 0.06817710 0.01562100
v 0.09384010 0.06818640 0.01535680
v 0.09376180 0.06845080 0.01534780
v 0.09376250 0.06844890 0.01561960
v 0.09383280 0.06820870 0.01558990
v 0.09258960 0.07063850 0.01462920
v 0.09280330 0.07035730 0.01462920
v 0.09259020 0.07063850 0.01466000
v 0.09280330 0.07035730 0.01466000
v 0.09374990 0.06805600 0.01558990
v 0.09374790 0.06806160 0.01539130
v 0.09354470 0.06871140 0.01558850
v 0.09361840 0.06850100 0.01558850
v 0.09358460 0.06872630 0.01558850
v 0.09365820 0.06851590 0.01558850
v 0.09375850 0.06818640 0.01558990
v 0.09383150 0.06821430 0.01538660
v 0.09254840 0.07068690 0.01524770
v 0.09254840 0.07068690 0.01503570
v 0.09256830 0.07066450 0.01527850
v 0.09256830 0.07066450 0.01500420
v 0.09296920 0.06997190 0.01558850
v 0.09308540 0.06978200 0.01558850
v 0.09192510 0.07135160 0.01558950
v 0.09293270 0.06994960 0.01524730
v 0.09304890 0.06975970 0.01524730
v 0.09303630 0.06978020 0.01522360
v 0.09294540 0.06992910 0.01522360
v 0.09294540 0.06992910 0.01505850
v 0.09293270 0.06994960 0.01503470
v 0.09293270 0.06994960 0.01558850
v 0.09304890 0.06975970 0.01558850
v 0.09336680 0.06914520 0.01537590
v 0.09327130 0.06934630 0.01537590
v 0.09330980 0.06936490 0.01537590
v 0.09327130 0.06934630 0.01558850
v 0.09336680 0.06914520 0.01558850
v 0.09335620 0.06916760 0.01539970
v 0.09328120 0.06932590 0.01539970
v 0.09369670 0.06839860 0.01525070
v 0.09256830 0.07066450 0.01534510
v 0.09256830 0.07066450 0.01561960
v 0.09254840 0.07068690 0.01537620
v 0.09240570 0.07085630 0.01503940
v 0.09290160 0.07007620 0.01524730
v 0.09270310 0.07036290 0.01537590
v 0.09256770 0.07053980 0.01537590
v 0.09262870 0.07058630 0.01537590
v 0.09256770 0.07053980 0.01524730
v 0.09270310 0.07036290 0.01524730
v 0.09253310 0.07051370 0.01558850
v 0.09253310 0.07051370 0.01503470
v 0.09266860 0.07033690 0.01503470
v 0.09254770 0.07049510 0.01505850
v 0.09265460 0.07035550 0.01505850
v 0.09266860 0.07033690 0.01524730
v 0.09265460 0.07035550 0.01522360
v 0.09254770 0.07049510 0.01522360
v 0.09253310 0.07051370 0.01524730
v 0.09325330 0.06947670 0.01537590
v 0.09314780 0.06967400 0.01537590
v 0.09321550 0.06945620 0.01503470
v 0.09325330 0.06947670 0.01503470
v 0.09314780 0.06967400 0.01503470
v 0.09311000 0.06965350 0.01558850
v 0.09321550 0.06945620 0.01558850
v 0.09314780 0.06967400 0.01558850
v 0.09325330 0.06947670 0.01558850
v 0.09321550 0.06945620 0.01524730
v 0.09320420 0.06947670 0.01522360
v 0.09199880 0.07111330 0.01539130
v 0.09198090 0.07113190 0.01541640
v 0.09202800 0.07114490 0.01539160
v 0.09375180 0.06848430 0.01497610
v 0.09360980 0.06852710 0.01506280
v 0.09355210 0.06868910 0.01505980
v 0.09354470 0.06871140 0.01503570
v 0.09354080 0.06884360 0.01503470
v 0.09345580 0.06905030 0.01503470
v 0.09320420 0.06947670 0.01505850
v 0.09248930 0.07063660 0.01537620
v 0.09245680 0.07061050 0.01558850
v 0.09350090 0.06882690 0.01503470
v 0.09341600 0.06903350 0.01503470
v 0.09325330 0.06947670 0.01524730
v 0.09350090 0.06882690 0.01524730
v 0.09341600 0.06903350 0.01524730
v 0.09349160 0.06884920 0.01522360
v 0.09342530 0.06901120 0.01522360
v 0.09321550 0.06970940 0.01503470
v 0.09314780 0.06967400 0.01524730
v 0.09320420 0.06947670 0.01539970
v 0.09312130 0.06963310 0.01539970
v 0.09321550 0.06945620 0.01537590
v 0.09311000 0.06965350 0.01537590
v 0.09341600 0.06903350 0.01537590
v 0.09341600 0.06903350 0.01558850
v 0.09345580 0.06905030 0.01537590
v 0.09345580 0.06905030 0.01558850
v 0.09312130 0.06963310 0.01556470
v 0.09320420 0.06947670 0.01556470
v 0.09274020 0.07023820 0.01558850
v 0.09354080 0.06884360 0.01558850
v 0.09354080 0.06884360 0.01537590
v 0.09340530 0.06916390 0.01524730
v 0.09330980 0.06936490 0.01524730
v 0.09336680 0.06914520 0.01524730
v 0.09327130 0.06934630 0.01524730
v 0.09336680 0.06914520 0.01503470
v 0.09335620 0.06916760 0.01505850
v 0.09335620 0.06916760 0.01522360
v 0.09328120 0.06932590 0.01556470
v 0.09335620 0.06916760 0.01556470
v 0.09328120 0.06932590 0.01505850
v 0.09328120 0.06932590 0.01522360
v 0.09327130 0.06934630 0.01503470
v 0.09345580 0.06905030 0.01524730
v 0.09354080 0.06884360 0.01524730
v 0.09350090 0.06882690 0.01537590
v 0.09349160 0.06884920 0.01539970
v 0.09342530 0.06901120 0.01539970
v 0.09349160 0.06884920 0.01556470
v 0.09350090 0.06882690 0.01558850
v 0.09342530 0.06901120 0.01505850
v 0.09349160 0.06884920 0.01505850
v 0.09283980 0.07030520 0.01503470
v 0.09393110 0.06781400 0.01597990
v 0.09385140 0.06814170 0.01599400
v 0.09392970 0.06782140 0.01594910
v 0.09385140 0.06814350 0.01596320
v 0.09196360 0.07131810 0.01509730
v 0.09190190 0.07137580 0.01533840
v 0.09393110 0.06781400 0.01498450
v 0.09392640 0.06783630 0.01500690
v 0.09384870 0.06815660 0.01477120
v 0.09385140 0.06814170 0.01474270
v 0.09390650 0.06792760 0.01509730
v 0.09171470 0.07154710 0.01532570
v 0.09188200 0.07139250 0.01594910
v 0.09393240 0.06780840 0.01565380
v 0.09275420 0.07021770 0.01539970
v 0.09285310 0.07007250 0.01539970
v 0.09275420 0.07021770 0.01556470
v 0.09285310 0.07007250 0.01556470
v 0.09315110 0.06982110 0.01503470
v 0.09303500 0.07001290 0.01503470
v 0.09308540 0.06978200 0.01503470
v 0.09296920 0.06997190 0.01503470
v 0.09294540 0.06992910 0.01556470
v 0.09375250 0.06848050 0.01464330
v 0.09375120 0.06848430 0.01467410
v 0.09384610 0.06816960 0.01501630
v 0.09383680 0.06820130 0.01504610
v 0.09355210 0.06868910 0.01540000
v 0.09355210 0.06868910 0.01556470
v 0.09354410 0.06871140 0.01537620
v 0.09369670 0.06840050 0.01504880
v 0.09365560 0.06838750 0.01504880
v 0.09365560 0.06838560 0.01525070
v 0.09384080 0.06786050 0.01558950
v 0.09379430 0.06787360 0.01540000
v 0.09379900 0.06785120 0.01558920
v 0.09370670 0.06821620 0.01509430
v 0.09370800 0.06821060 0.01523290
v 0.09366290 0.06836320 0.01522760
v 0.09366220 0.06836510 0.01507560
v 0.09236190 0.07090660 0.01599400
v 0.09212030 0.07116350 0.01599400
v 0.09236190 0.07090660 0.01596320
v 0.09212090 0.07116170 0.01596320
v 0.09212030 0.07116350 0.01474270
v 0.09236190 0.07090660 0.01464330
v 0.09187730 0.07139810 0.01597990
v 0.09371070 0.06819750 0.01556570
v 0.09366290 0.06836320 0.01556510
v 0.09371000 0.06820310 0.01540940
v 0.09366220 0.06836320 0.01540400
v 0.09254770 0.07049510 0.01556470
v 0.09258960 0.07063850 0.01596320
v 0.09189330 0.07138320 0.01500690
v 0.09192310 0.07135530 0.01537050
v 0.09210500 0.07117840 0.01535920
v 0.09194300 0.07133480 0.01540030
v 0.09185940 0.07124920 0.01540000
v 0.09188930 0.07128080 0.01540000
v 0.09211630 0.07105550 0.01538660
v 0.09226230 0.07089910 0.01537960
v 0.09187470 0.07123430 0.01542280
v 0.09221450 0.07088800 0.01556510
v 0.09223110 0.07087120 0.01558880
v 0.09337950 0.06939850 0.01524730
v 0.09347500 0.06919740 0.01524730
v 0.09209500 0.07101640 0.01507320
v 0.09208840 0.07102200 0.01525740
v 0.09231280 0.07078000 0.01558850
v 0.09232800 0.07076140 0.01556470
v 0.09286640 0.07005380 0.01558850
v 0.09231810 0.07095310 0.01558880
v 0.09214550 0.07113750 0.01562100
v 0.09226230 0.07090100 0.01558880
v 0.09211100 0.07106110 0.01558990
v 0.09223180 0.07087120 0.01525070
v 0.09223250 0.07086930 0.01504880
v 0.09226360 0.07089910 0.01504880
v 0.09375250 0.06848050 0.01599400
v 0.09223110 0.07087120 0.01537960
v 0.09221520 0.07088800 0.01540400
v 0.09378970 0.06789410 0.01542280
v 0.09375380 0.06803740 0.01541640
v 0.09232010 0.07095130 0.01504880
v 0.09234600 0.07080600 0.01524870
v 0.09234730 0.07080600 0.01503940
v 0.09248930 0.07063660 0.01503570
v 0.09245680 0.07061050 0.01524770
v 0.09248930 0.07063660 0.01524770
v 0.09277610 0.07026240 0.01524730
v 0.09232870 0.07076140 0.01522460
v 0.09231340 0.07077810 0.01524870
v 0.09244150 0.07062730 0.01522390
v 0.09365560 0.06838560 0.01537960
v 0.09365560 0.06838560 0.01558880
v 0.09375720 0.06819380 0.01538660
v 0.09371670 0.06818080 0.01538660
v 0.09371730 0.06817330 0.01558950
v 0.09212690 0.07104620 0.01507320
v 0.09379300 0.06787730 0.01556570
v 0.09244150 0.07062730 0.01556470
v 0.09304890 0.06975970 0.01503470
v 0.09303630 0.06978020 0.01505850
v 0.09358460 0.06872630 0.01503570
v 0.09358460 0.06872630 0.01524770
v 0.09361050 0.06852520 0.01540100
v 0.09361780 0.06850290 0.01537720
v 0.09355270 0.06868910 0.01522390
v 0.09360980 0.06852520 0.01522460
v 0.09303630 0.06978020 0.01556470
v 0.09365820 0.06851780 0.01537720
v 0.09234600 0.07080600 0.01537720
v 0.09373130 0.06854200 0.01558880
v 0.09354470 0.06871140 0.01524770
v 0.09373130 0.06854200 0.01537720
v 0.09361050 0.06852520 0.01556470
v 0.09335160 0.06945620 0.01462920
v 0.09350230 0.06913780 0.01462920
v 0.09350230 0.06913780 0.01466000
v 0.09342530 0.06901120 0.01556470
v 0.09258960 0.07063850 0.01599400
v 0.09363630 0.06881200 0.01599400
v 0.09375520 0.06803370 0.01556570
v 0.09397950 0.06759240 0.01585840
v 0.09363630 0.06881380 0.01466000
v 0.09363630 0.06881200 0.01462920
v 0.09358460 0.06872630 0.01537620
v 0.09350230 0.06913780 0.01596320
v 0.09187730 0.07139810 0.01498450
v 0.09169350 0.07156570 0.01531160
v 0.09398420 0.06756820 0.01588220
v 0.09350230 0.06913780 0.01599400
v 0.09375250 0.06848060 0.00345340
v 0.09375250 0.06848060 0.00376350
v 0.09379100 0.06806530 0.00382680
v 0.09371470 0.06818640 0.00415930
v 0.09375580 0.06819750 0.00415930
v 0.09266860 0.07033680 0.00382810
v 0.09266860 0.07033680 0.00404070
v 0.09265460 0.07035550 0.00401700
v 0.09208510 0.07102570 0.00403000
v 0.09210100 0.07100900 0.00400730
v 0.09234000 0.07093080 0.00406890
v 0.09383610 0.06788470 0.00401660
v 0.09186140 0.07124540 0.00385090
v 0.09330980 0.06936500 0.00438190
v 0.09294540 0.06992910 0.00401700
v 0.09303630 0.06978020 0.00401700
v 0.09330980 0.06936500 0.00382810
v 0.09226300 0.07089910 0.00416600
v 0.09212030 0.07105180 0.00415930
v 0.09361780 0.06850480 0.00437720
v 0.09254770 0.07049510 0.00401700
v 0.09385140 0.06814350 0.00376210
v 0.09376180 0.06845080 0.00406890
v 0.09330980 0.06936500 0.00404070
v 0.09328120 0.06932590 0.00401700
v 0.09335620 0.06916760 0.00401700
v 0.09369670 0.06839860 0.00416600
v 0.09266860 0.07033680 0.00438190
v 0.09266860 0.07033680 0.00416930
v 0.09312130 0.06963310 0.00401700
v 0.09320420 0.06947670 0.00401700
v 0.09330980 0.06936500 0.00416930
v 0.09342530 0.06901120 0.00401700
v 0.09349160 0.06884920 0.00401700
v 0.09385140 0.06814350 0.00345340
v 0.09285310 0.07007250 0.00401700
v 0.09275420 0.07021770 0.00401700
v 0.09375250 0.06848060 0.00477330
v 0.09365560 0.06838560 0.00416600
v 0.09371000 0.06820310 0.00400730
v 0.09208840 0.07102200 0.00415930
v 0.09223180 0.07087120 0.00416600
v 0.09375250 0.06848060 0.00342260
v 0.09301900 0.07003890 0.01527810
v 0.09278270 0.07038520 0.01500390
v 0.09276410 0.07040940 0.01503470
v 0.09276410 0.07040940 0.01537590
v 0.09278270 0.07038520 0.01534510
v 0.09278270 0.07038520 0.01561930
v 0.09276410 0.07040940 0.01524730
v 0.09278270 0.07038520 0.01527810
v 0.09276410 0.07040940 0.01558850
v 0.09236520 0.07090280 0.01467410
v 0.09266860 0.07033680 0.01537590
v 0.09266860 0.07033680 0.01558850
v 0.09265460 0.07035550 0.01556480
v 0.09208180 0.07120070 0.01539160
v 0.09215410 0.07112810 0.01528990
v 0.09238580 0.07087860 0.01500890
v 0.09234130 0.07092890 0.01501400
v 0.09208510 0.07102570 0.01538660
v 0.09216740 0.07111320 0.01558990
v 0.09383880 0.06818820 0.01528990
v 0.09382820 0.06822920 0.01507360
v 0.09301900 0.07003890 0.01561930
v 0.09376180 0.06845080 0.01501400
v 0.09218270 0.07109840 0.01507360
v 0.09301900 0.07003890 0.01500390
v 0.09303630 0.06978010 0.01539970
v 0.09301900 0.07003890 0.01534510
v 0.09361180 0.06887150 0.01524730
v 0.09361180 0.06887150 0.01558850
v 0.09361180 0.06887150 0.01537590
v 0.09361180 0.06887150 0.01503470
v 0.09232870 0.07076130 0.01540100
v 0.09376250 0.06844890 0.01561970
v 0.09303630 0.06978010 0.01522360
v 0.09328120 0.06932580 0.01539970
v 0.09266860 0.07033680 0.01503470
v 0.09266860 0.07033680 0.01524730
v 0.09199880 0.07111320 0.01539130
v 0.09312130 0.06963310 0.01556480
v 0.09320420 0.06947670 0.01556480
v 0.09328120 0.06932580 0.01556480
v 0.09335620 0.06916760 0.01556480
v 0.09328120 0.06932580 0.01505850
v 0.09328120 0.06932580 0.01522360
v 0.09349160 0.06884920 0.01556480
v 0.09275420 0.07021770 0.01556480
v 0.09285310 0.07007250 0.01556480
v 0.09294540 0.06992910 0.01556480
v 0.09355210 0.06868910 0.01556480
v 0.09365560 0.06838740 0.01504880
v 0.09254770 0.07049510 0.01556480
v 0.09232800 0.07076130 0.01556480
v 0.09232870 0.07076130 0.01522460
v 0.09244150 0.07062730 0.01556480
v 0.09303630 0.06978010 0.01505850
v 0.09303630 0.06978010 0.01556480
v 0.09361050 0.06852520 0.01556480
v 0.09342530 0.06901120 0.01556480
v 0.09291970 -0.07038820 -0.01485820
v 0.09282010 -0.07032120 -0.01451700
v 0.09298140 -0.07015920 -0.01451700
v 0.09348520 -0.06924680 -0.01485820
v 0.09348520 -0.06924680 -0.01507080
v 0.09355490 -0.06928040 -0.01507080
v 0.09355490 -0.06928040 -0.01485820
v 0.09309890 -0.07012190 -0.01476040
v 0.09283400 -0.07030070 -0.01454080
v 0.09293300 -0.07015550 -0.01454080
v 0.09282010 -0.07032120 -0.01472960
v 0.09293300 -0.07015550 -0.01470580
v 0.09290170 -0.07041430 -0.01482740
v 0.09288320 -0.07044030 -0.01479390
v 0.09290170 -0.07041430 -0.01510160
v 0.09290170 -0.07041430 -0.01476040
v 0.09288320 -0.07044030 -0.01445270
v 0.09286260 -0.07046820 -0.01448620
v 0.09269000 -0.07069540 -0.01448620
v 0.09270860 -0.07066930 -0.01451700
v 0.09284400 -0.07049240 -0.01451700
v 0.09269000 -0.07069540 -0.01476040
v 0.09270860 -0.07066930 -0.01472960
v 0.09269000 -0.07069540 -0.01510160
v 0.09269000 -0.07069540 -0.01482740
v 0.09286260 -0.07046820 -0.01482740
v 0.09284400 -0.07049240 -0.01485820
v 0.09286260 -0.07046820 -0.01510160
v 0.09288320 -0.07044030 -0.01513510
v 0.09284400 -0.07049240 -0.01472960
v 0.09286260 -0.07046820 -0.01476040
v 0.09284400 -0.07049240 -0.01507080
v 0.09270860 -0.07066930 -0.01507080
v 0.09344610 -0.06950940 -0.01510160
v 0.09341620 -0.06956900 -0.01482740
v 0.09371620 -0.06889500 -0.01513510
v 0.09372750 -0.06886330 -0.01510190
v 0.09371620 -0.06889500 -0.01479390
v 0.09370360 -0.06892660 -0.01482740
v 0.09320110 -0.06971600 -0.01454080
v 0.09290170 -0.07041430 -0.01448620
v 0.09291970 -0.07038820 -0.01472960
v 0.09298140 -0.07015920 -0.01485820
v 0.09298140 -0.07015920 -0.01507080
v 0.09291970 -0.07038820 -0.01507080
v 0.09282010 -0.07032120 -0.01485820
v 0.09406400 -0.06765310 -0.01479390
v 0.09407530 -0.06759910 -0.01511970
v 0.09221010 -0.07123720 -0.01425350
v 0.09244440 -0.07098770 -0.01445840
v 0.09244510 -0.07098580 -0.01415640
v 0.09288320 -0.07044030 -0.01547630
v 0.09308160 -0.07014990 -0.01547630
v 0.09288320 -0.07044030 -0.01544540
v 0.09326480 -0.06985010 -0.01547630
v 0.09343140 -0.06953920 -0.01547630
v 0.09371620 -0.06889500 -0.01544540
v 0.09383240 -0.06856350 -0.01544540
v 0.09383240 -0.06856350 -0.01513540
v 0.09394590 -0.06816690 -0.01507210
v 0.09256920 -0.07071960 -0.01507080
v 0.09242520 -0.07089090 -0.01507080
v 0.09248360 -0.07093930 -0.01507110
v 0.09262830 -0.07076990 -0.01507080
v 0.09379320 -0.06827680 -0.01455550
v 0.09379450 -0.06826940 -0.01473960
v 0.09383570 -0.06828050 -0.01473960
v 0.09273450 -0.07043850 -0.01488190
v 0.09273450 -0.07043850 -0.01504700
v 0.09229570 -0.07097090 -0.01470980
v 0.09229570 -0.07097090 -0.01455780
v 0.09215700 -0.07128750 -0.01507210
v 0.09246370 -0.07096350 -0.01510190
v 0.09225590 -0.07118690 -0.01474000
v 0.09223400 -0.07121110 -0.01477210
v 0.09239930 -0.07103610 -0.01473330
v 0.09246500 -0.07096350 -0.01476210
v 0.09248490 -0.07093930 -0.01473090
v 0.09242120 -0.07101190 -0.01449620
v 0.09242050 -0.07101380 -0.01476310
v 0.09244310 -0.07098770 -0.01479560
v 0.09217690 -0.07109570 -0.01504800
v 0.09218090 -0.07109200 -0.01489160
v 0.09241920 -0.07101380 -0.01510190
v 0.09225260 -0.07119250 -0.01486890
v 0.09239860 -0.07103610 -0.01486190
v 0.09223200 -0.07121300 -0.01483910
v 0.09224730 -0.07119620 -0.01507210
v 0.09221010 -0.07123720 -0.01480660
v 0.09195260 -0.07148480 -0.01513610
v 0.09220150 -0.07124470 -0.01513670
v 0.09197980 -0.07145880 -0.01510290
v 0.09344610 -0.06950940 -0.01482740
v 0.09356820 -0.06925240 -0.01476040
v 0.09383240 -0.06856540 -0.01479550
v 0.09309890 -0.07012190 -0.01510160
v 0.09324760 -0.06987800 -0.01510160
v 0.09323100 -0.06990410 -0.01507080
v 0.09311480 -0.07009590 -0.01507080
v 0.09170830 -0.07170830 -0.01512100
v 0.09177200 -0.07165050 -0.01536440
v 0.09173220 -0.07168590 -0.01511970
v 0.09400430 -0.06792860 -0.01482070
v 0.09392860 -0.06823770 -0.01480660
v 0.09393920 -0.06819490 -0.01510330
v 0.09385030 -0.06850210 -0.01486180
v 0.09385100 -0.06850210 -0.01507110
v 0.09377660 -0.06847980 -0.01507110
v 0.09377660 -0.06848160 -0.01486180
v 0.09391600 -0.06796770 -0.01488230
v 0.09399100 -0.06798450 -0.01488260
v 0.09385100 -0.06850400 -0.01473330
v 0.09385030 -0.06850400 -0.01453100
v 0.09192200 -0.07134710 -0.01507150
v 0.09205680 -0.07121860 -0.01504800
v 0.09194130 -0.07132840 -0.01504800
v 0.09344610 -0.06950940 -0.01476040
v 0.09344610 -0.06950940 -0.01448620
v 0.09345930 -0.06948150 -0.01485820
v 0.09356820 -0.06925240 -0.01482740
v 0.09338960 -0.06944790 -0.01451700
v 0.09348520 -0.06924680 -0.01451700
v 0.09355490 -0.06928040 -0.01451700
v 0.09345930 -0.06948150 -0.01451700
v 0.09329540 -0.06979240 -0.01485820
v 0.09340090 -0.06959690 -0.01485820
v 0.09328080 -0.06982030 -0.01482740
v 0.09328080 -0.06982030 -0.01476040
v 0.09328080 -0.06982030 -0.01448620
v 0.09341620 -0.06956900 -0.01448620
v 0.09341620 -0.06956900 -0.01476040
v 0.09328080 -0.06982030 -0.01510160
v 0.09341620 -0.06956900 -0.01510160
v 0.09340090 -0.06959690 -0.01507080
v 0.09309890 -0.07012190 -0.01448620
v 0.09324760 -0.06987800 -0.01448620
v 0.09324760 -0.06987800 -0.01476040
v 0.09252140 -0.07071030 -0.01454210
v 0.09253670 -0.07069350 -0.01451800
v 0.09239400 -0.07086110 -0.01452170
v 0.09323100 -0.06990410 -0.01472960
v 0.09311480 -0.07009590 -0.01472960
v 0.09316530 -0.06986500 -0.01472960
v 0.09304910 -0.07005490 -0.01472960
v 0.09304910 -0.07005490 -0.01485820
v 0.09316530 -0.06986500 -0.01485820
v 0.09323100 -0.06990410 -0.01485820
v 0.09311480 -0.07009590 -0.01485820
v 0.09301260 -0.07003260 -0.01485820
v 0.09400360 -0.06792860 -0.01510290
v 0.09302520 -0.07001210 -0.01488190
v 0.09340090 -0.06959690 -0.01472960
v 0.09329540 -0.06979240 -0.01472960
v 0.09338960 -0.06944790 -0.01507080
v 0.09345930 -0.06948150 -0.01507080
v 0.09356820 -0.06925240 -0.01448620
v 0.09360670 -0.06916120 -0.01507080
v 0.09360670 -0.06916120 -0.01485820
v 0.09324760 -0.06987800 -0.01482740
v 0.09309890 -0.07012190 -0.01482740
v 0.09360670 -0.06916120 -0.01472960
v 0.09370360 -0.06892660 -0.01476040
v 0.09370360 -0.06892660 -0.01448620
v 0.09370360 -0.06892660 -0.01510160
v 0.09372750 -0.06886330 -0.01448650
v 0.09382110 -0.06859710 -0.01476210
v 0.09381040 -0.06862680 -0.01452170
v 0.09373810 -0.06860080 -0.01473090
v 0.09373810 -0.06860080 -0.01452170
v 0.09369760 -0.06858770 -0.01452170
v 0.09369760 -0.06858590 -0.01473090
v 0.09372750 -0.06886330 -0.01476070
v 0.09329540 -0.06979240 -0.01507080
v 0.09382110 -0.06859890 -0.01449120
v 0.09356820 -0.06925240 -0.01510160
v 0.09360670 -0.06916120 -0.01451700
v 0.09340090 -0.06959690 -0.01451700
v 0.09240860 -0.07084430 -0.01488330
v 0.09252140 -0.07071030 -0.01488230
v 0.09253670 -0.07069350 -0.01485850
v 0.09239330 -0.07086300 -0.01485950
v 0.09371620 -0.06889500 -0.01445270
v 0.09382110 -0.06859710 -0.01482870
v 0.09262760 -0.07057810 -0.01488190
v 0.09261300 -0.07059670 -0.01485820
v 0.09393130 -0.06822650 -0.01513670
v 0.09392130 -0.06826000 -0.01510330
v 0.09392000 -0.06826940 -0.01483910
v 0.09391270 -0.06829170 -0.01507210
v 0.09288320 -0.07044030 -0.01411150
v 0.09267010 -0.07072150 -0.01414230
v 0.09288320 -0.07044030 -0.01414230
v 0.09382970 -0.06813900 -0.01507210
v 0.09382770 -0.06814460 -0.01487360
v 0.09369830 -0.06858400 -0.01507080
v 0.09362460 -0.06879440 -0.01507080
v 0.09373810 -0.06859890 -0.01507080
v 0.09262830 -0.07076990 -0.01451800
v 0.09262830 -0.07076990 -0.01472990
v 0.09264820 -0.07074750 -0.01476070
v 0.09264820 -0.07074750 -0.01448650
v 0.09316530 -0.06986500 -0.01507080
v 0.09304910 -0.07005490 -0.01507080
v 0.09200500 -0.07143460 -0.01507180
v 0.09301260 -0.07003260 -0.01472960
v 0.09302520 -0.07001210 -0.01470580
v 0.09302520 -0.07001210 -0.01454080
v 0.09301260 -0.07003260 -0.01451700
v 0.09301260 -0.07003260 -0.01507080
v 0.09344670 -0.06922820 -0.01485820
v 0.09338960 -0.06944790 -0.01485820
v 0.09344670 -0.06922820 -0.01507080
v 0.09336110 -0.06940880 -0.01488190
v 0.09343610 -0.06925060 -0.01488190
v 0.09377660 -0.06848160 -0.01473290
v 0.09264820 -0.07074750 -0.01510190
v 0.09264820 -0.07074750 -0.01482740
v 0.09262830 -0.07076990 -0.01485850
v 0.09298140 -0.07015920 -0.01472960
v 0.09270860 -0.07066930 -0.01485820
v 0.09261300 -0.07059670 -0.01507080
v 0.09261300 -0.07059670 -0.01451700
v 0.09262760 -0.07057810 -0.01454080
v 0.09273450 -0.07043850 -0.01454080
v 0.09273450 -0.07043850 -0.01470580
v 0.09262760 -0.07057810 -0.01470580
v 0.09261300 -0.07059670 -0.01472960
v 0.09333320 -0.06955960 -0.01485820
v 0.09329540 -0.06953920 -0.01451700
v 0.09333320 -0.06955960 -0.01451700
v 0.09329540 -0.06953920 -0.01507080
v 0.09333320 -0.06955960 -0.01507080
v 0.09329540 -0.06953920 -0.01472960
v 0.09328410 -0.06955960 -0.01470580
v 0.09207870 -0.07119620 -0.01487360
v 0.09210790 -0.07122790 -0.01487390
v 0.09383170 -0.06856720 -0.01445840
v 0.09363190 -0.06877210 -0.01454210
v 0.09362460 -0.06879440 -0.01451800
v 0.09362060 -0.06892660 -0.01451700
v 0.09328410 -0.06955960 -0.01454080
v 0.09256920 -0.07071960 -0.01485850
v 0.09253670 -0.07069350 -0.01507080
v 0.09358080 -0.06890990 -0.01451700
v 0.09333320 -0.06955960 -0.01472960
v 0.09358080 -0.06890990 -0.01472960
v 0.09357150 -0.06893220 -0.01470580
v 0.09329540 -0.06979240 -0.01451700
v 0.09328410 -0.06955960 -0.01488190
v 0.09329540 -0.06953920 -0.01485820
v 0.09328410 -0.06955960 -0.01504700
v 0.09282010 -0.07032120 -0.01507080
v 0.09362060 -0.06892660 -0.01485820
v 0.09362060 -0.06892660 -0.01507080
v 0.09338960 -0.06944790 -0.01472960
v 0.09348520 -0.06924680 -0.01472960
v 0.09344670 -0.06922820 -0.01472960
v 0.09344670 -0.06922820 -0.01451700
v 0.09343610 -0.06925060 -0.01454080
v 0.09343610 -0.06925060 -0.01470580
v 0.09336110 -0.06940880 -0.01504700
v 0.09343610 -0.06925060 -0.01504700
v 0.09336110 -0.06940880 -0.01470580
v 0.09336110 -0.06940880 -0.01454080
v 0.09362060 -0.06892660 -0.01472960
v 0.09358080 -0.06890990 -0.01485820
v 0.09357150 -0.06893220 -0.01488190
v 0.09357150 -0.06893220 -0.01504700
v 0.09358080 -0.06890990 -0.01507080
v 0.09350510 -0.06909420 -0.01454080
v 0.09357150 -0.06893220 -0.01454070
v 0.09291970 -0.07038820 -0.01451700
v 0.09393130 -0.06822470 -0.01547630
v 0.09400960 -0.06790440 -0.01543140
v 0.09393130 -0.06822650 -0.01544540
v 0.09204350 -0.07140100 -0.01457960
v 0.09198180 -0.07145880 -0.01482070
v 0.09400630 -0.06791930 -0.01448920
v 0.09392860 -0.06823960 -0.01425350
v 0.09393130 -0.06822470 -0.01422500
v 0.09398640 -0.06801060 -0.01457960
v 0.09179460 -0.07163010 -0.01480790
v 0.09293300 -0.07015550 -0.01488190
v 0.09293300 -0.07015550 -0.01504700
v 0.09311480 -0.07009590 -0.01451700
v 0.09323100 -0.06990410 -0.01451700
v 0.09304910 -0.07005490 -0.01451700
v 0.09316530 -0.06986500 -0.01451700
v 0.09302520 -0.07001210 -0.01504700
v 0.09383240 -0.06856350 -0.01412560
v 0.09392600 -0.06825260 -0.01449860
v 0.09363190 -0.06877210 -0.01504700
v 0.09363190 -0.06877210 -0.01488230
v 0.09377660 -0.06848350 -0.01453100
v 0.09392070 -0.06794350 -0.01507180
v 0.09387420 -0.06795660 -0.01488230
v 0.09378660 -0.06829910 -0.01457660
v 0.09378790 -0.06829360 -0.01471520
v 0.09374210 -0.06844810 -0.01455780
v 0.09220080 -0.07124470 -0.01544540
v 0.09195720 -0.07148110 -0.01546220
v 0.09378990 -0.06828610 -0.01489160
v 0.09374210 -0.06844620 -0.01488630
v 0.09262760 -0.07057810 -0.01504700
v 0.09200300 -0.07143830 -0.01485280
v 0.09218490 -0.07126140 -0.01484140
v 0.09202290 -0.07141780 -0.01488260
v 0.09193930 -0.07133220 -0.01488230
v 0.09234220 -0.07098210 -0.01486190
v 0.09229440 -0.07097090 -0.01504730
v 0.09231100 -0.07095420 -0.01507110
v 0.09345930 -0.06948150 -0.01472960
v 0.09355490 -0.06928040 -0.01472960
v 0.09216830 -0.07110500 -0.01473960
v 0.09240790 -0.07084430 -0.01504700
v 0.09222540 -0.07122050 -0.01510330
v 0.09234220 -0.07098400 -0.01507110
v 0.09231230 -0.07095230 -0.01453100
v 0.09234350 -0.07098210 -0.01453100
v 0.09383240 -0.06856350 -0.01547630
v 0.09231100 -0.07095420 -0.01486190
v 0.09229510 -0.07097090 -0.01488630
v 0.09383370 -0.06812040 -0.01489870
v 0.09242720 -0.07088900 -0.01452170
v 0.09256920 -0.07071960 -0.01451800
v 0.09253670 -0.07069350 -0.01472990
v 0.09256920 -0.07071960 -0.01472990
v 0.09240860 -0.07084430 -0.01470680
v 0.09239330 -0.07086110 -0.01473090
v 0.09252140 -0.07071030 -0.01470610
v 0.09383700 -0.06827680 -0.01486890
v 0.09379650 -0.06826380 -0.01486890
v 0.09379720 -0.06825630 -0.01507180
v 0.09220680 -0.07112920 -0.01455550
v 0.09252140 -0.07071030 -0.01504700
v 0.09311610 -0.06986310 -0.01454080
v 0.09369030 -0.06860820 -0.01488330
v 0.09369760 -0.06858590 -0.01485950
v 0.09373810 -0.06860080 -0.01485950
v 0.09362460 -0.06879440 -0.01472990
v 0.09369030 -0.06860820 -0.01504700
v 0.09371620 -0.06889500 -0.01547630
v 0.09405940 -0.06767540 -0.01534060
v 0.09371620 -0.06889680 -0.01414230
v 0.09371620 -0.06889500 -0.01411150
v 0.09195720 -0.07148110 -0.01446680
v 0.09406400 -0.06765120 -0.01536440
v 0.09358210 -0.06922080 -0.01547630
v 0.09304510 -0.07020390 -0.00352300
v 0.09291970 -0.07038820 -0.00352300
v 0.09294620 -0.07013680 -0.00386420
v 0.09282010 -0.07032120 -0.00386420
v 0.09298140 -0.07015920 -0.00386420
v 0.09348520 -0.06924690 -0.00331040
v 0.09348520 -0.06924690 -0.00352300
v 0.09355490 -0.06928040 -0.00331040
v 0.09355490 -0.06928040 -0.00352300
v 0.09306300 -0.07017780 -0.00362080
v 0.09304510 -0.07020390 -0.00386420
v 0.09304510 -0.07020390 -0.00365160
v 0.09309890 -0.07012200 -0.00362080
v 0.09293300 -0.07015550 -0.00384040
v 0.09282010 -0.07032120 -0.00365160
v 0.09293300 -0.07015550 -0.00367530
v 0.09294620 -0.07013680 -0.00365160
v 0.09288310 -0.07044030 -0.00358730
v 0.09288310 -0.07044030 -0.00392850
v 0.09286260 -0.07046830 -0.00389500
v 0.09269000 -0.07069540 -0.00389500
v 0.09270860 -0.07066940 -0.00386420
v 0.09284400 -0.07049250 -0.00386420
v 0.09269000 -0.07069540 -0.00362080
v 0.09270860 -0.07066940 -0.00365160
v 0.09269000 -0.07069540 -0.00355380
v 0.09269000 -0.07069540 -0.00327960
v 0.09266940 -0.07072150 -0.00358730
v 0.09284400 -0.07049250 -0.00352300
v 0.09286260 -0.07046830 -0.00355380
v 0.09286260 -0.07046830 -0.00327960
v 0.09288310 -0.07044030 -0.00324610
v 0.09284400 -0.07049250 -0.00365160
v 0.09286260 -0.07046830 -0.00362080
v 0.09284400 -0.07049250 -0.00331040
v 0.09266940 -0.07072150 -0.00324610
v 0.09270860 -0.07066940 -0.00331040
v 0.09266940 -0.07072150 -0.00392850
v 0.09344610 -0.06950940 -0.00327960
v 0.09341620 -0.06956900 -0.00355380
v 0.09372750 -0.06886330 -0.00327920
v 0.09371620 -0.06889500 -0.00324610
v 0.09371620 -0.06889500 -0.00358730
v 0.09370360 -0.06892660 -0.00355380
v 0.09318980 -0.06973650 -0.00386420
v 0.09318980 -0.06973650 -0.00365160
v 0.09291970 -0.07038820 -0.00365160
v 0.09298140 -0.07015920 -0.00352300
v 0.09298140 -0.07015920 -0.00331040
v 0.09291970 -0.07038820 -0.00331040
v 0.09304510 -0.07020390 -0.00331040
v 0.09294620 -0.07013680 -0.00352300
v 0.09282010 -0.07032120 -0.00352300
v 0.09406400 -0.06765310 -0.00358730
v 0.09407530 -0.06759910 -0.00326150
v 0.09222070 -0.07122790 -0.00388260
v 0.09221010 -0.07123720 -0.00412770
v 0.09244440 -0.07098770 -0.00392280
v 0.09244510 -0.07098590 -0.00422480
v 0.09308160 -0.07014990 -0.00426970
v 0.09326480 -0.06985010 -0.00426970
v 0.09308160 -0.07014990 -0.00423890
v 0.09326480 -0.06985010 -0.00423890
v 0.09288310 -0.07044030 -0.00290490
v 0.09288310 -0.07044030 -0.00293570
v 0.09371620 -0.06889500 -0.00293570
v 0.09383230 -0.06856360 -0.00324580
v 0.09386950 -0.06815580 -0.00350730
v 0.09387080 -0.06814830 -0.00330900
v 0.09394450 -0.06817260 -0.00350730
v 0.09394590 -0.06816700 -0.00330900
v 0.09256920 -0.07071960 -0.00331040
v 0.09248360 -0.07093930 -0.00331000
v 0.09262830 -0.07076990 -0.00331040
v 0.09379450 -0.06826940 -0.00364150
v 0.09379320 -0.06827680 -0.00382570
v 0.09383570 -0.06828060 -0.00364150
v 0.09273450 -0.07043850 -0.00349920
v 0.09273450 -0.07043850 -0.00333410
v 0.09229570 -0.07097100 -0.00382330
v 0.09229570 -0.07097100 -0.00367130
v 0.09215700 -0.07128750 -0.00330900
v 0.09343140 -0.06953920 -0.00423890
v 0.09246360 -0.07096350 -0.00327930
v 0.09246430 -0.07096350 -0.00355250
v 0.09223400 -0.07121120 -0.00360900
v 0.09225590 -0.07118700 -0.00364120
v 0.09239930 -0.07103610 -0.00364790
v 0.09248490 -0.07093930 -0.00365020
v 0.09246500 -0.07096350 -0.00361910
v 0.09242050 -0.07101380 -0.00361810
v 0.09242120 -0.07101190 -0.00388490
v 0.09244310 -0.07098770 -0.00358560
v 0.09217690 -0.07109570 -0.00333310
v 0.09218090 -0.07109200 -0.00348950
v 0.09241920 -0.07101380 -0.00327930
v 0.09239860 -0.07103610 -0.00351930
v 0.09225260 -0.07119250 -0.00351230
v 0.09223200 -0.07121300 -0.00354210
v 0.09221010 -0.07123720 -0.00357460
v 0.09195260 -0.07148490 -0.00324510
v 0.09197980 -0.07145880 -0.00327820
v 0.09391860 -0.06827120 -0.00360900
v 0.09344610 -0.06950940 -0.00355380
v 0.09358210 -0.06922080 -0.00358730
v 0.09356820 -0.06925250 -0.00362080
v 0.09324760 -0.06987800 -0.00327960
v 0.09309890 -0.07012200 -0.00327960
v 0.09323100 -0.06990410 -0.00331040
v 0.09311480 -0.07009590 -0.00331040
v 0.09177200 -0.07165060 -0.00301670
v 0.09170830 -0.07170830 -0.00326020
v 0.09178990 -0.07163380 -0.00304050
v 0.09173220 -0.07168590 -0.00326150
v 0.09400430 -0.06792860 -0.00356050
v 0.09392860 -0.06823770 -0.00357450
v 0.09385100 -0.06850210 -0.00331000
v 0.09385030 -0.06850210 -0.00351930
v 0.09377660 -0.06847980 -0.00331000
v 0.09377660 -0.06848160 -0.00351930
v 0.09391600 -0.06796780 -0.00349890
v 0.09399100 -0.06798450 -0.00349850
v 0.09385030 -0.06850400 -0.00385010
v 0.09385100 -0.06850400 -0.00364790
v 0.09192200 -0.07134710 -0.00330970
v 0.09195120 -0.07137870 -0.00330940
v 0.09224260 -0.07120370 -0.00385280
v 0.09205680 -0.07121860 -0.00333310
v 0.09344610 -0.06950940 -0.00389500
v 0.09344610 -0.06950940 -0.00362080
v 0.09356820 -0.06925250 -0.00355380
v 0.09348520 -0.06924690 -0.00386420
v 0.09338960 -0.06944800 -0.00386420
v 0.09355490 -0.06928040 -0.00386420
v 0.09340090 -0.06959690 -0.00352300
v 0.09328080 -0.06982030 -0.00355380
v 0.09328080 -0.06982030 -0.00389500
v 0.09328080 -0.06982030 -0.00362080
v 0.09341620 -0.06956900 -0.00362080
v 0.09341620 -0.06956900 -0.00389500
v 0.09328080 -0.06982030 -0.00327960
v 0.09341620 -0.06956900 -0.00327960
v 0.09340090 -0.06959690 -0.00331040
v 0.09309890 -0.07012200 -0.00389500
v 0.09324760 -0.06987800 -0.00389500
v 0.09324760 -0.06987800 -0.00362080
v 0.09252140 -0.07071030 -0.00383910
v 0.09240920 -0.07084250 -0.00383610
v 0.09253670 -0.07069360 -0.00386320
v 0.09311480 -0.07009590 -0.00365160
v 0.09323100 -0.06990410 -0.00365160
v 0.09316530 -0.06986500 -0.00365160
v 0.09304910 -0.07005490 -0.00365160
v 0.09316530 -0.06986500 -0.00352300
v 0.09304910 -0.07005490 -0.00352300
v 0.09323100 -0.06990410 -0.00352300
v 0.09311480 -0.07009590 -0.00352300
v 0.09301260 -0.07003260 -0.00352300
v 0.09400360 -0.06792860 -0.00327820
v 0.09302520 -0.07001210 -0.00349920
v 0.09340090 -0.06959690 -0.00365160
v 0.09338960 -0.06944800 -0.00331040
v 0.09356820 -0.06925250 -0.00389500
v 0.09359470 -0.06919100 -0.00362080
v 0.09358210 -0.06922080 -0.00392850
v 0.09360670 -0.06916120 -0.00352300
v 0.09360670 -0.06916120 -0.00331040
v 0.09324760 -0.06987800 -0.00355380
v 0.09309890 -0.07012200 -0.00355380
v 0.09360670 -0.06916120 -0.00365160
v 0.09370360 -0.06892660 -0.00362080
v 0.09370360 -0.06892660 -0.00389500
v 0.09370360 -0.06892660 -0.00327960
v 0.09372750 -0.06886330 -0.00389460
v 0.09382110 -0.06859710 -0.00361910
v 0.09373810 -0.06860080 -0.00385950
v 0.09373810 -0.06860080 -0.00365020
v 0.09369760 -0.06858780 -0.00385950
v 0.09369760 -0.06858590 -0.00365020
v 0.09372750 -0.06886330 -0.00362040
v 0.09382110 -0.06859890 -0.00389000
v 0.09358210 -0.06922080 -0.00324610
v 0.09356820 -0.06925250 -0.00327960
v 0.09360670 -0.06916120 -0.00386420
v 0.09340090 -0.06959690 -0.00386420
v 0.09252140 -0.07071030 -0.00349890
v 0.09253670 -0.07069360 -0.00352270
v 0.09239330 -0.07086300 -0.00352170
v 0.09371620 -0.06889500 -0.00392850
v 0.09382110 -0.06859710 -0.00355250
v 0.09373740 -0.06883540 -0.00352270
v 0.09262760 -0.07057810 -0.00349920
v 0.09261300 -0.07059670 -0.00352300
v 0.09392130 -0.06826010 -0.00327790
v 0.09392000 -0.06826940 -0.00354210
v 0.09391270 -0.06829170 -0.00330900
v 0.09266940 -0.07072150 -0.00426970
v 0.09288310 -0.07044030 -0.00426970
v 0.09267010 -0.07072150 -0.00423890
v 0.09288310 -0.07044030 -0.00423890
v 0.09382970 -0.06813900 -0.00330900
v 0.09382770 -0.06814460 -0.00350760
v 0.09362460 -0.06879440 -0.00331040
v 0.09369830 -0.06858400 -0.00331040
v 0.09373810 -0.06859890 -0.00331040
v 0.09262830 -0.07076990 -0.00365120
v 0.09262830 -0.07076990 -0.00386320
v 0.09264820 -0.07074750 -0.00362040
v 0.09264820 -0.07074750 -0.00389470
v 0.09304910 -0.07005490 -0.00331040
v 0.09316530 -0.06986500 -0.00331040
v 0.09200500 -0.07143460 -0.00330940
v 0.09301260 -0.07003260 -0.00365160
v 0.09302520 -0.07001210 -0.00367530
v 0.09302520 -0.07001210 -0.00384040
v 0.09301260 -0.07003260 -0.00386420
v 0.09301260 -0.07003260 -0.00331040
v 0.09344670 -0.06922830 -0.00352300
v 0.09338960 -0.06944800 -0.00352300
v 0.09344670 -0.06922830 -0.00331040
v 0.09343610 -0.06925060 -0.00349920
v 0.09336110 -0.06940890 -0.00349920
v 0.09377660 -0.06848160 -0.00364820
v 0.09264820 -0.07074750 -0.00355380
v 0.09264820 -0.07074750 -0.00327930
v 0.09262830 -0.07076990 -0.00352270
v 0.09298140 -0.07015920 -0.00365160
v 0.09270860 -0.07066940 -0.00352300
v 0.09261300 -0.07059670 -0.00331040
v 0.09261300 -0.07059670 -0.00386420
v 0.09262760 -0.07057810 -0.00384040
v 0.09273450 -0.07043850 -0.00384040
v 0.09273450 -0.07043850 -0.00367530
v 0.09262760 -0.07057810 -0.00367530
v 0.09261300 -0.07059670 -0.00365160
v 0.09333320 -0.06955970 -0.00352300
v 0.09333320 -0.06955970 -0.00386420
v 0.09318980 -0.06973650 -0.00331040
v 0.09333320 -0.06955970 -0.00331040
v 0.09328410 -0.06955970 -0.00367530
v 0.09207870 -0.07119630 -0.00350760
v 0.09383170 -0.06856730 -0.00392280
v 0.09368960 -0.06861010 -0.00383610
v 0.09363190 -0.06877210 -0.00383910
v 0.09362460 -0.06879440 -0.00386320
v 0.09362060 -0.06892660 -0.00386420
v 0.09328410 -0.06955970 -0.00384040
v 0.09256920 -0.07071960 -0.00352270
v 0.09253670 -0.07069360 -0.00331040
v 0.09358080 -0.06890990 -0.00386420
v 0.09333320 -0.06955970 -0.00365160
v 0.09358080 -0.06890990 -0.00365160
v 0.09357150 -0.06893220 -0.00367530
v 0.09328410 -0.06955970 -0.00349920
v 0.09318980 -0.06973650 -0.00352300
v 0.09328410 -0.06955970 -0.00333410
v 0.09282010 -0.07032120 -0.00331040
v 0.09362060 -0.06892660 -0.00331040
v 0.09362060 -0.06892660 -0.00352300
v 0.09348520 -0.06924690 -0.00365160
v 0.09338960 -0.06944800 -0.00365160
v 0.09344670 -0.06922830 -0.00365160
v 0.09344670 -0.06922830 -0.00386420
v 0.09343610 -0.06925060 -0.00384040
v 0.09343610 -0.06925060 -0.00367530
v 0.09336110 -0.06940890 -0.00333410
v 0.09343610 -0.06925060 -0.00333410
v 0.09336110 -0.06940890 -0.00384040
v 0.09336110 -0.06940890 -0.00367530
v 0.09362060 -0.06892660 -0.00365160
v 0.09358080 -0.06890990 -0.00352300
v 0.09357150 -0.06893220 -0.00349920
v 0.09357150 -0.06893220 -0.00333410
v 0.09358080 -0.06890990 -0.00331040
v 0.09357150 -0.06893220 -0.00384040
v 0.09291970 -0.07038820 -0.00386420
v 0.09401090 -0.06789700 -0.00291900
v 0.09400960 -0.06790440 -0.00294980
v 0.09204350 -0.07140110 -0.00380160
v 0.09198180 -0.07145880 -0.00356050
v 0.09400630 -0.06791930 -0.00389200
v 0.09392860 -0.06823960 -0.00412770
v 0.09393120 -0.06822470 -0.00415620
v 0.09398640 -0.06801060 -0.00380160
v 0.09179460 -0.07163010 -0.00357320
v 0.09196180 -0.07147550 -0.00294980
v 0.09293300 -0.07015550 -0.00349920
v 0.09293300 -0.07015550 -0.00333410
v 0.09323100 -0.06990410 -0.00386420
v 0.09311480 -0.07009590 -0.00386420
v 0.09316530 -0.06986500 -0.00386420
v 0.09304910 -0.07005490 -0.00386420
v 0.09302520 -0.07001210 -0.00333410
v 0.09392600 -0.06825260 -0.00388260
v 0.09363190 -0.06877210 -0.00349890
v 0.09363190 -0.06877210 -0.00333410
v 0.09362390 -0.06879440 -0.00352270
v 0.09377660 -0.06848350 -0.00385010
v 0.09392070 -0.06794350 -0.00330940
v 0.09387420 -0.06795660 -0.00349890
v 0.09378660 -0.06829920 -0.00380460
v 0.09378790 -0.06829360 -0.00366600
v 0.09374210 -0.06844810 -0.00382330
v 0.09220080 -0.07124470 -0.00293570
v 0.09195720 -0.07148110 -0.00291900
v 0.09378990 -0.06828610 -0.00348950
v 0.09374210 -0.06844630 -0.00349490
v 0.09262760 -0.07057810 -0.00333410
v 0.09266940 -0.07072150 -0.00293570
v 0.09200300 -0.07143830 -0.00352840
v 0.09218490 -0.07126140 -0.00353970
v 0.09202290 -0.07141780 -0.00349860
v 0.09193930 -0.07133220 -0.00349890
v 0.09234220 -0.07098210 -0.00351930
v 0.09229440 -0.07097100 -0.00333380
v 0.09231100 -0.07095420 -0.00331000
v 0.09355490 -0.06928040 -0.00365160
v 0.09217490 -0.07109940 -0.00382570
v 0.09216830 -0.07110500 -0.00364150
v 0.09240790 -0.07084440 -0.00333410
v 0.09294620 -0.07013680 -0.00331040
v 0.09234220 -0.07098400 -0.00331000
v 0.09231230 -0.07095240 -0.00385010
v 0.09234350 -0.07098210 -0.00385010
v 0.09231100 -0.07095420 -0.00351930
v 0.09229510 -0.07097100 -0.00349490
v 0.09383370 -0.06812040 -0.00348250
v 0.09242580 -0.07088910 -0.00365020
v 0.09242720 -0.07088910 -0.00385950
v 0.09256920 -0.07071960 -0.00386320
v 0.09253670 -0.07069360 -0.00365120
v 0.09256920 -0.07071960 -0.00365120
v 0.09239330 -0.07086110 -0.00365020
v 0.09252140 -0.07071030 -0.00367500
v 0.09383700 -0.06827680 -0.00351230
v 0.09379650 -0.06826380 -0.00351230
v 0.09379720 -0.06825640 -0.00330940
v 0.09220680 -0.07112920 -0.00382570
v 0.09252140 -0.07071030 -0.00333410
v 0.09369030 -0.06860820 -0.00349790
v 0.09369760 -0.06858590 -0.00352170
v 0.09373810 -0.06860080 -0.00352170
v 0.09242580 -0.07088910 -0.00352170
v 0.09362460 -0.06879440 -0.00365120
v 0.09381110 -0.06862500 -0.00352170
v 0.09369030 -0.06860820 -0.00333410
v 0.09343140 -0.06953920 -0.00426970
v 0.09358210 -0.06922080 -0.00426970
v 0.09358210 -0.06922080 -0.00423890
v 0.09266940 -0.07072150 -0.00290490
v 0.09371620 -0.06889500 -0.00290490
v 0.09405940 -0.06767540 -0.00304050
v 0.09371620 -0.06889680 -0.00423880
v 0.09371620 -0.06889500 -0.00426960
v 0.09366440 -0.06880930 -0.00352270
v 0.09358210 -0.06922080 -0.00293570
v 0.09195720 -0.07148110 -0.00391440
v 0.09406400 -0.06765120 -0.00301670
v 0.09358210 -0.06922080 -0.00290490
vt 0.64310000 0.27360000
vt 0.64850000 0.27360000
vt 0.64920000 0.26220000
vt 0.64310000 0.14860000
vt 0.64850000 0.14860000
vt 0.64850000 0.14860000
vt 0.64310000 0.14860000
vt 0.67340000 0.27360000
vt 0.67340000 0.35140000
vt 0.67340000 0.35140000
vt 0.67340000 0.27360000
vt 0.64920000 0.23780000
vt 0.64920000 0.13720000
vt 0.64850000 0.14860000
vt 0.64850000 0.22650000
vt 0.65000000 0.25000000
vt 0.65080000 0.23780000
vt 0.65000000 0.12500000
vt 0.64920000 0.36270000
vt 0.65000000 0.37500000
vt 0.64380000 0.15720000
vt 0.64790000 0.15720000
vt 0.64310000 0.22650000
vt 0.64380000 0.21770000
vt 0.64790000 0.21770000
vt 0.64850000 0.22650000
vt 0.64240000 0.26220000
vt 0.64170000 0.25000000
vt 0.64240000 0.36270000
vt 0.64240000 0.23780000
vt 0.64170000 0.12500000
vt 0.64080000 0.13720000
vt 0.63410000 0.13720000
vt 0.63480000 0.14860000
vt 0.64010000 0.14860000
vt 0.63410000 0.23780000
vt 0.63480000 0.22650000
vt 0.63410000 0.36270000
vt 0.63410000 0.26220000
vt 0.63340000 0.25000000
vt 0.64080000 0.26220000
vt 0.64010000 0.27360000
vt 0.64080000 0.36270000
vt 0.64170000 0.37500000
vt 0.64010000 0.22650000
vt 0.64080000 0.23780000
vt 0.64010000 0.35140000
vt 0.63340000 0.37500000
vt 0.64010000 0.35140000
vt 0.63480000 0.35140000
vt 0.63480000 0.35140000
vt 0.63340000 0.12500000
vt 0.66670000 0.37500000
vt 0.66740000 0.36270000
vt 0.66670000 0.25000000
vt 0.66590000 0.26220000
vt 0.68330000 0.37500000
vt 0.68420000 0.36270000
vt 0.68330000 0.25000000
vt 0.68260000 0.26220000
vt 0.66040000 0.21770000
vt 0.66040000 0.15720000
vt 0.65990000 0.14860000
vt 0.65990000 0.22650000
vt 0.64240000 0.13720000
vt 0.64310000 0.22650000
vt 0.64310000 0.27360000
vt 0.64850000 0.27360000
vt 0.64850000 0.35140000
vt 0.64310000 0.35140000
vt 0.64310000 0.35140000
vt 0.64850000 0.35140000
vt 0.64310000 0.27360000
vt 0.64850000 0.27360000
vt 0.71660000 0.37500000
vt 0.71660000 0.25000000
vt 0.71580000 0.25530000
vt 0.71580000 0.37380000
vt 0.61700000 0.01440000
vt 0.61730000 0.13830000
vt 0.62510000 0.12620000
vt 0.62510000 0.01170000
vt 0.65830000 0.00000000
vt 0.65000000 0.00000000
vt 0.65000000 0.01140000
vt 0.65830000 0.01140000
vt 0.64170000 0.49990000
vt 0.65000000 0.50010000
vt 0.65000000 0.48870000
vt 0.64170000 0.48870000
vt 0.65830000 0.49990000
vt 0.66670000 0.50010000
vt 0.66670000 0.48870000
vt 0.65830000 0.48870000
vt 0.63480000 0.14860000
vt 0.64010000 0.14860000
vt 0.68330000 0.48870000
vt 0.69160000 0.48870000
vt 0.69160000 0.37500000
vt 0.70150000 0.35210000
vt 0.70130000 0.27930000
vt 0.70130000 0.27930000
vt 0.70150000 0.35210000
vt 0.63180000 0.35150000
vt 0.62650000 0.35150000
vt 0.62650000 0.35150000
vt 0.63180000 0.35150000
vt 0.69780000 0.16040000
vt 0.69810000 0.22960000
vt 0.69810000 0.22960000
vt 0.69780000 0.16040000
vt 0.64010000 0.35140000
vt 0.64010000 0.27360000
vt 0.63960000 0.28230000
vt 0.63960000 0.34270000
vt 0.62300000 0.21890000
vt 0.62300000 0.16250000
vt 0.61930000 0.16850000
vt 0.61920000 0.22050000
vt 0.61530000 0.27930000
vt 0.61520000 0.35210000
vt 0.61590000 0.36330000
vt 0.65830000 0.12500000
vt 0.66670000 0.12500000
vt 0.66670000 0.01140000
vt 0.62580000 0.26270000
vt 0.62580000 0.36280000
vt 0.62650000 0.27410000
vt 0.61860000 0.22960000
vt 0.61770000 0.24160000
vt 0.62350000 0.22740000
vt 0.62580000 0.23820000
vt 0.62650000 0.22670000
vt 0.62580000 0.13840000
vt 0.62430000 0.13990000
vt 0.62420000 0.23860000
vt 0.62510000 0.25050000
vt 0.61850000 0.27750000
vt 0.61820000 0.35190000
vt 0.61880000 0.34320000
vt 0.61900000 0.28590000
vt 0.62420000 0.36280000
vt 0.62500000 0.37500000
vt 0.62420000 0.26320000
vt 0.61850000 0.27750000
vt 0.62350000 0.27490000
vt 0.61770000 0.26650000
vt 0.61820000 0.35190000
vt 0.61700000 0.25470000
vt 0.60850000 0.37630000
vt 0.61670000 0.37550000
vt 0.60930000 0.36380000
vt 0.69810000 0.22960000
vt 0.69880000 0.24160000
vt 0.69780000 0.16040000
vt 0.66740000 0.26220000
vt 0.67500000 0.25000000
vt 0.67420000 0.23780000
vt 0.69250000 0.23860000
vt 0.69160000 0.25050000
vt 0.65080000 0.36270000
vt 0.65750000 0.36270000
vt 0.65680000 0.35140000
vt 0.65160000 0.35140000
vt 0.60000000 0.37500000
vt 0.60000000 0.49990000
vt 0.60100000 0.48360000
vt 0.60080000 0.37380000
vt 0.70050000 0.26750000
vt 0.70670000 0.27160000
vt 0.70750000 0.25980000
vt 0.69970000 0.25470000
vt 0.70080000 0.36330000
vt 0.69320000 0.27490000
vt 0.69320000 0.35160000
vt 0.69320000 0.35160000
vt 0.69320000 0.27490000
vt 0.70600000 0.28260000
vt 0.70600000 0.28260000
vt 0.69320000 0.22740000
vt 0.69310000 0.15260000
vt 0.69230000 0.13990000
vt 0.61520000 0.35210000
vt 0.61020000 0.35230000
vt 0.61020000 0.35230000
vt 0.61520000 0.35210000
vt 0.61870000 0.16040000
vt 0.61810000 0.14980000
vt 0.61470000 0.34340000
vt 0.61080000 0.34350000
vt 0.66740000 0.23780000
vt 0.66740000 0.13720000
vt 0.66820000 0.27360000
vt 0.67420000 0.26220000
vt 0.66820000 0.14860000
vt 0.67340000 0.14860000
vt 0.67340000 0.14860000
vt 0.66820000 0.14860000
vt 0.65990000 0.27360000
vt 0.66510000 0.27360000
vt 0.65910000 0.26220000
vt 0.65910000 0.23780000
vt 0.65910000 0.13720000
vt 0.66590000 0.13720000
vt 0.66590000 0.23780000
vt 0.65910000 0.36270000
vt 0.65830000 0.37500000
vt 0.66590000 0.36270000
vt 0.66510000 0.35140000
vt 0.65080000 0.13720000
vt 0.65830000 0.25000000
vt 0.65750000 0.13720000
vt 0.65750000 0.23780000
vt 0.62710000 0.15830000
vt 0.63130000 0.15760000
vt 0.63180000 0.14880000
vt 0.62650000 0.14970000
vt 0.65680000 0.22650000
vt 0.65160000 0.22650000
vt 0.65680000 0.22650000
vt 0.65160000 0.22650000
vt 0.65160000 0.27360000
vt 0.65680000 0.27360000
vt 0.65680000 0.27360000
vt 0.65160000 0.27360000
vt 0.65160000 0.27360000
vt 0.65680000 0.27360000
vt 0.70740000 0.36380000
vt 0.70650000 0.35230000
vt 0.65210000 0.28230000
vt 0.65620000 0.28230000
vt 0.66510000 0.22650000
vt 0.65990000 0.22650000
vt 0.66820000 0.35140000
vt 0.66820000 0.35140000
vt 0.67420000 0.13720000
vt 0.67500000 0.12500000
vt 0.67570000 0.23780000
vt 0.67570000 0.13720000
vt 0.67650000 0.35140000
vt 0.67650000 0.27360000
vt 0.67570000 0.26220000
vt 0.67570000 0.36270000
vt 0.65750000 0.26220000
vt 0.65080000 0.26220000
vt 0.67650000 0.22650000
vt 0.68180000 0.22650000
vt 0.68260000 0.23780000
vt 0.68260000 0.13720000
vt 0.68180000 0.27360000
vt 0.68180000 0.35140000
vt 0.68260000 0.36270000
vt 0.68490000 0.14880000
vt 0.68420000 0.13730000
vt 0.68490000 0.22650000
vt 0.69010000 0.22670000
vt 0.69090000 0.23820000
vt 0.69000000 0.14970000
vt 0.62350000 0.22740000
vt 0.61860000 0.22960000
vt 0.69010000 0.22670000
vt 0.69000000 0.14970000
vt 0.69000000 0.14970000
vt 0.69010000 0.22670000
vt 0.68420000 0.23780000
vt 0.65990000 0.35140000
vt 0.69080000 0.13840000
vt 0.67500000 0.37500000
vt 0.67420000 0.36270000
vt 0.68180000 0.14860000
vt 0.67650000 0.14860000
vt 0.66510000 0.14860000
vt 0.62710000 0.28280000
vt 0.63130000 0.28240000
vt 0.63180000 0.27370000
vt 0.62650000 0.27410000
vt 0.68330000 0.12500000
vt 0.69090000 0.26270000
vt 0.69090000 0.36280000
vt 0.68490000 0.35150000
vt 0.68490000 0.27370000
vt 0.68420000 0.26220000
vt 0.63550000 0.28230000
vt 0.63480000 0.27360000
vt 0.69990000 0.37550000
vt 0.69920000 0.36330000
vt 0.69890000 0.26650000
vt 0.69250000 0.26320000
vt 0.69250000 0.36280000
vt 0.69830000 0.35190000
vt 0.64170000 0.00000000
vt 0.63340000 0.00000000
vt 0.63340000 0.01140000
vt 0.64170000 0.01140000
vt 0.70150000 0.35210000
vt 0.70130000 0.27930000
vt 0.69010000 0.35150000
vt 0.68490000 0.35150000
vt 0.68490000 0.35150000
vt 0.69010000 0.35150000
vt 0.69830000 0.35190000
vt 0.69820000 0.27750000
vt 0.63180000 0.14880000
vt 0.63180000 0.22650000
vt 0.63250000 0.23780000
vt 0.63250000 0.13730000
vt 0.65680000 0.35140000
vt 0.65160000 0.35140000
vt 0.61020000 0.35230000
vt 0.65680000 0.22650000
vt 0.65160000 0.22650000
vt 0.65620000 0.21770000
vt 0.65210000 0.21770000
vt 0.65210000 0.15720000
vt 0.65160000 0.14860000
vt 0.65680000 0.35140000
vt 0.65160000 0.35140000
vt 0.66820000 0.27360000
vt 0.67340000 0.27360000
vt 0.66820000 0.27360000
vt 0.67340000 0.35140000
vt 0.66820000 0.35140000
vt 0.66880000 0.28230000
vt 0.67290000 0.28230000
vt 0.69320000 0.22740000
vt 0.63250000 0.36270000
vt 0.63250000 0.26220000
vt 0.63180000 0.27370000
vt 0.62650000 0.14970000
vt 0.64850000 0.22650000
vt 0.63480000 0.27360000
vt 0.64010000 0.27360000
vt 0.63480000 0.27360000
vt 0.64010000 0.22650000
vt 0.63480000 0.22650000
vt 0.63480000 0.35140000
vt 0.64010000 0.14860000
vt 0.63480000 0.14860000
vt 0.63550000 0.15720000
vt 0.63960000 0.15720000
vt 0.64010000 0.22650000
vt 0.63960000 0.21770000
vt 0.63550000 0.21770000
vt 0.63480000 0.22650000
vt 0.65990000 0.27360000
vt 0.66510000 0.27360000
vt 0.66510000 0.14860000
vt 0.66510000 0.14860000
vt 0.65990000 0.14860000
vt 0.66510000 0.35140000
vt 0.65990000 0.35140000
vt 0.65990000 0.35140000
vt 0.66510000 0.35140000
vt 0.66510000 0.22650000
vt 0.66460000 0.21770000
vt 0.61530000 0.27930000
vt 0.61480000 0.28850000
vt 0.61530000 0.27930000
vt 0.69160000 0.12620000
vt 0.68540000 0.15760000
vt 0.68950000 0.15830000
vt 0.68490000 0.14880000
vt 0.67650000 0.14860000
vt 0.68180000 0.14860000
vt 0.66460000 0.15720000
vt 0.63180000 0.27370000
vt 0.63180000 0.35150000
vt 0.67650000 0.14860000
vt 0.68180000 0.14860000
vt 0.66510000 0.22650000
vt 0.67650000 0.22650000
vt 0.68180000 0.22650000
vt 0.68120000 0.21770000
vt 0.67710000 0.21770000
vt 0.65990000 0.14860000
vt 0.65990000 0.22650000
vt 0.66040000 0.28230000
vt 0.66460000 0.28230000
vt 0.66510000 0.27360000
vt 0.65990000 0.27360000
vt 0.67650000 0.35140000
vt 0.67650000 0.27360000
vt 0.67650000 0.27360000
vt 0.67650000 0.35140000
vt 0.66040000 0.34270000
vt 0.66460000 0.34270000
vt 0.64310000 0.35140000
vt 0.68180000 0.27360000
vt 0.68180000 0.35140000
vt 0.66820000 0.22650000
vt 0.67340000 0.22650000
vt 0.67340000 0.22650000
vt 0.66820000 0.22650000
vt 0.67340000 0.14860000
vt 0.67290000 0.15720000
vt 0.67290000 0.21770000
vt 0.66880000 0.34270000
vt 0.67290000 0.34270000
vt 0.66880000 0.21770000
vt 0.66880000 0.15720000
vt 0.66820000 0.14860000
vt 0.67650000 0.22650000
vt 0.68180000 0.22650000
vt 0.68180000 0.27360000
vt 0.67710000 0.28230000
vt 0.68120000 0.28230000
vt 0.68120000 0.34270000
vt 0.68180000 0.35140000
vt 0.67710000 0.15720000
vt 0.68120000 0.15720000
vt 0.64310000 0.14860000
vt 0.70000000 0.50010000
vt 0.70830000 0.49990000
vt 0.70810000 0.48820000
vt 0.70000000 0.48870000
vt 0.61140000 0.17020000
vt 0.60920000 0.25980000
vt 0.70830000 0.12500000
vt 0.70770000 0.13410000
vt 0.69970000 0.01440000
vt 0.70000000 0.00000000
vt 0.70530000 0.17020000
vt 0.60090000 0.25530000
vt 0.60860000 0.48760000
vt 0.70820000 0.37630000
vt 0.64790000 0.28230000
vt 0.64380000 0.28230000
vt 0.64380000 0.34270000
vt 0.64790000 0.34270000
vt 0.65160000 0.14860000
vt 0.65680000 0.14860000
vt 0.65160000 0.14860000
vt 0.65680000 0.14860000
vt 0.65210000 0.34270000
vt 0.69160000 0.00000000
vt 0.69150000 0.01210000
vt 0.69930000 0.13830000
vt 0.69860000 0.14980000
vt 0.68540000 0.34270000
vt 0.68540000 0.28240000
vt 0.68490000 0.27370000
vt 0.69310000 0.15260000
vt 0.69320000 0.22740000
vt 0.69310000 0.15260000
vt 0.70650000 0.35230000
vt 0.70600000 0.28260000
vt 0.70650000 0.35230000
vt 0.69730000 0.16850000
vt 0.69750000 0.22050000
vt 0.69370000 0.21890000
vt 0.69370000 0.16250000
vt 0.61670000 0.50010000
vt 0.62500000 0.49990000
vt 0.62500000 0.48870000
vt 0.61670000 0.48870000
vt 0.62500000 0.00000000
vt 0.61670000 0.00000000
vt 0.60830000 0.49990000
vt 0.69370000 0.34290000
vt 0.69780000 0.34320000
vt 0.69770000 0.28590000
vt 0.69370000 0.28400000
vt 0.63550000 0.34270000
vt 0.63340000 0.48870000
vt 0.60880000 0.13410000
vt 0.60990000 0.27160000
vt 0.61620000 0.26750000
vt 0.61070000 0.28260000
vt 0.61070000 0.28260000
vt 0.61070000 0.28260000
vt 0.61850000 0.27750000
vt 0.62350000 0.27490000
vt 0.61120000 0.29110000
vt 0.62290000 0.34290000
vt 0.62350000 0.35160000
vt 0.66820000 0.22650000
vt 0.67340000 0.22650000
vt 0.61870000 0.16040000
vt 0.61860000 0.22960000
vt 0.62650000 0.35150000
vt 0.62710000 0.34280000
vt 0.64850000 0.35140000
vt 0.62350000 0.35160000
vt 0.61750000 0.36330000
vt 0.62350000 0.35160000
vt 0.61820000 0.35190000
vt 0.62350000 0.15260000
vt 0.62350000 0.22740000
vt 0.62350000 0.15260000
vt 0.69160000 0.49990000
vt 0.62350000 0.27490000
vt 0.62300000 0.28400000
vt 0.70190000 0.28850000
vt 0.70550000 0.29110000
vt 0.62350000 0.15260000
vt 0.62650000 0.22670000
vt 0.62650000 0.14970000
vt 0.63180000 0.14880000
vt 0.63180000 0.22650000
vt 0.63180000 0.22650000
vt 0.64310000 0.22650000
vt 0.62710000 0.21800000
vt 0.62650000 0.22670000
vt 0.63130000 0.21780000
vt 0.69320000 0.27490000
vt 0.69320000 0.35160000
vt 0.69820000 0.27750000
vt 0.69820000 0.27750000
vt 0.69830000 0.35190000
vt 0.61870000 0.16040000
vt 0.70590000 0.34350000
vt 0.63130000 0.34270000
vt 0.65680000 0.14860000
vt 0.65620000 0.15720000
vt 0.68490000 0.14880000
vt 0.68490000 0.22650000
vt 0.68950000 0.28280000
vt 0.69010000 0.27410000
vt 0.68540000 0.21780000
vt 0.68950000 0.21800000
vt 0.65620000 0.34270000
vt 0.69010000 0.27410000
vt 0.62650000 0.27410000
vt 0.69010000 0.35150000
vt 0.68490000 0.22650000
vt 0.69010000 0.27410000
vt 0.68950000 0.34280000
vt 0.67500000 0.00000000
vt 0.66670000 0.00000000
vt 0.67500000 0.01140000
vt 0.67710000 0.34270000
vt 0.63340000 0.50010000
vt 0.68330000 0.50010000
vt 0.70200000 0.34340000
vt 0.71550000 0.48360000
vt 0.68330000 0.01140000
vt 0.68330000 0.00000000
vt 0.68490000 0.27370000
vt 0.67500000 0.48870000
vt 0.60830000 0.12500000
vt 0.60000000 0.25000000
vt 0.71660000 0.49990000
vt 0.67500000 0.49990000
vt 0.64850000 0.27360000
vt 0.64310000 0.27360000
vt 0.64920000 0.26220000
vt 0.64850000 0.14860000
vt 0.64310000 0.14860000
vt 0.64850000 0.14860000
vt 0.64310000 0.14860000
vt 0.67340000 0.35140000
vt 0.67340000 0.27360000
vt 0.67340000 0.35140000
vt 0.67340000 0.27360000
vt 0.64920000 0.13720000
vt 0.64920000 0.23780000
vt 0.64850000 0.14860000
vt 0.64850000 0.22650000
vt 0.65080000 0.23780000
vt 0.65000000 0.25000000
vt 0.65000000 0.12500000
vt 0.64920000 0.36270000
vt 0.65000000 0.37500000
vt 0.64380000 0.15720000
vt 0.64790000 0.15720000
vt 0.64310000 0.22650000
vt 0.64380000 0.21770000
vt 0.64790000 0.21770000
vt 0.64850000 0.22650000
vt 0.64170000 0.25000000
vt 0.64240000 0.26220000
vt 0.64240000 0.36270000
vt 0.64240000 0.23780000
vt 0.64170000 0.12500000
vt 0.64080000 0.13720000
vt 0.63410000 0.13720000
vt 0.63480000 0.14860000
vt 0.64010000 0.14860000
vt 0.63410000 0.23780000
vt 0.63480000 0.22650000
vt 0.63410000 0.26220000
vt 0.63410000 0.36270000
vt 0.63340000 0.25000000
vt 0.64010000 0.27360000
vt 0.64080000 0.26220000
vt 0.64080000 0.36270000
vt 0.64170000 0.37500000
vt 0.64010000 0.22650000
vt 0.64080000 0.23780000
vt 0.64010000 0.35140000
vt 0.63340000 0.37500000
vt 0.63480000 0.35140000
vt 0.64010000 0.35140000
vt 0.63480000 0.35140000
vt 0.63340000 0.12500000
vt 0.66740000 0.36270000
vt 0.66670000 0.37500000
vt 0.66670000 0.25000000
vt 0.66590000 0.26220000
vt 0.68420000 0.36270000
vt 0.68330000 0.37500000
vt 0.68330000 0.25000000
vt 0.68260000 0.26220000
vt 0.66040000 0.15720000
vt 0.66040000 0.21770000
vt 0.65990000 0.14860000
vt 0.65990000 0.22650000
vt 0.64240000 0.13720000
vt 0.64310000 0.22650000
vt 0.64850000 0.27360000
vt 0.64310000 0.27360000
vt 0.64310000 0.35140000
vt 0.64850000 0.35140000
vt 0.64310000 0.35140000
vt 0.64850000 0.35140000
vt 0.64850000 0.27360000
vt 0.64310000 0.27360000
vt 0.71660000 0.25000000
vt 0.71660000 0.37500000
vt 0.71580000 0.25530000
vt 0.71580000 0.37380000
vt 0.61730000 0.13830000
vt 0.61700000 0.01440000
vt 0.62510000 0.12620000
vt 0.62510000 0.01170000
vt 0.65000000 0.00000000
vt 0.65830000 0.00000000
vt 0.65000000 0.01140000
vt 0.65830000 0.01140000
vt 0.65000000 0.50010000
vt 0.64170000 0.49990000
vt 0.65000000 0.48870000
vt 0.64170000 0.48870000
vt 0.66670000 0.50010000
vt 0.65830000 0.49990000
vt 0.66670000 0.48870000
vt 0.65830000 0.48870000
vt 0.63480000 0.14860000
vt 0.64010000 0.14860000
vt 0.68330000 0.48870000
vt 0.69160000 0.48870000
vt 0.69160000 0.37500000
vt 0.70130000 0.27930000
vt 0.70150000 0.35210000
vt 0.70130000 0.27930000
vt 0.70150000 0.35210000
vt 0.62650000 0.35150000
vt 0.63180000 0.35150000
vt 0.62650000 0.35150000
vt 0.63180000 0.35150000
vt 0.69810000 0.22960000
vt 0.69780000 0.16040000
vt 0.69810000 0.22960000
vt 0.69780000 0.16040000
vt 0.64010000 0.27360000
vt 0.64010000 0.35140000
vt 0.63960000 0.28230000
vt 0.63960000 0.34270000
vt 0.62300000 0.16250000
vt 0.62300000 0.21890000
vt 0.61930000 0.16850000
vt 0.61920000 0.22050000
vt 0.61520000 0.35210000
vt 0.61530000 0.27930000
vt 0.61590000 0.36330000
vt 0.65830000 0.12500000
vt 0.66670000 0.12500000
vt 0.66670000 0.01140000
vt 0.62580000 0.36280000
vt 0.62580000 0.26270000
vt 0.62650000 0.27410000
vt 0.61770000 0.24160000
vt 0.61860000 0.22960000
vt 0.62350000 0.22740000
vt 0.62650000 0.22670000
vt 0.62580000 0.23820000
vt 0.62580000 0.13840000
vt 0.62420000 0.23860000
vt 0.62430000 0.13990000
vt 0.62510000 0.25050000
vt 0.61820000 0.35190000
vt 0.61850000 0.27750000
vt 0.61880000 0.34320000
vt 0.61900000 0.28590000
vt 0.62500000 0.37500000
vt 0.62420000 0.36280000
vt 0.62420000 0.26320000
vt 0.62350000 0.27490000
vt 0.61850000 0.27750000
vt 0.61820000 0.35190000
vt 0.61770000 0.26650000
vt 0.61700000 0.25470000
vt 0.61670000 0.37550000
vt 0.60850000 0.37630000
vt 0.60930000 0.36380000
vt 0.69880000 0.24160000
vt 0.69810000 0.22960000
vt 0.69780000 0.16040000
vt 0.66740000 0.26220000
vt 0.67500000 0.25000000
vt 0.67420000 0.23780000
vt 0.69250000 0.23860000
vt 0.69160000 0.25050000
vt 0.65750000 0.36270000
vt 0.65080000 0.36270000
vt 0.65680000 0.35140000
vt 0.65160000 0.35140000
vt 0.60000000 0.49990000
vt 0.60000000 0.37500000
vt 0.60100000 0.48360000
vt 0.60080000 0.37380000
vt 0.70670000 0.27160000
vt 0.70050000 0.26750000
vt 0.70750000 0.25980000
vt 0.70080000 0.36330000
vt 0.69970000 0.25470000
vt 0.69320000 0.35160000
vt 0.69320000 0.27490000
vt 0.69320000 0.35160000
vt 0.69320000 0.27490000
vt 0.70600000 0.28260000
vt 0.70600000 0.28260000
vt 0.69310000 0.15260000
vt 0.69320000 0.22740000
vt 0.69230000 0.13990000
vt 0.61020000 0.35230000
vt 0.61520000 0.35210000
vt 0.61020000 0.35230000
vt 0.61520000 0.35210000
vt 0.61870000 0.16040000
vt 0.61810000 0.14980000
vt 0.61080000 0.34350000
vt 0.61470000 0.34340000
vt 0.66740000 0.13720000
vt 0.66740000 0.23780000
vt 0.66820000 0.27360000
vt 0.67420000 0.26220000
vt 0.67340000 0.14860000
vt 0.66820000 0.14860000
vt 0.67340000 0.14860000
vt 0.66820000 0.14860000
vt 0.66510000 0.27360000
vt 0.65990000 0.27360000
vt 0.65910000 0.26220000
vt 0.65910000 0.13720000
vt 0.65910000 0.23780000
vt 0.66590000 0.23780000
vt 0.66590000 0.13720000
vt 0.65830000 0.37500000
vt 0.65910000 0.36270000
vt 0.66590000 0.36270000
vt 0.66510000 0.35140000
vt 0.65080000 0.13720000
vt 0.65750000 0.13720000
vt 0.65830000 0.25000000
vt 0.65750000 0.23780000
vt 0.63130000 0.15760000
vt 0.62710000 0.15830000
vt 0.63180000 0.14880000
vt 0.62650000 0.14970000
vt 0.65160000 0.22650000
vt 0.65680000 0.22650000
vt 0.65680000 0.22650000
vt 0.65160000 0.22650000
vt 0.65680000 0.27360000
vt 0.65160000 0.27360000
vt 0.65680000 0.27360000
vt 0.65160000 0.27360000
vt 0.65680000 0.27360000
vt 0.65160000 0.27360000
vt 0.70740000 0.36380000
vt 0.70650000 0.35230000
vt 0.65210000 0.28230000
vt 0.65620000 0.28230000
vt 0.65990000 0.22650000
vt 0.66510000 0.22650000
vt 0.66820000 0.35140000
vt 0.66820000 0.35140000
vt 0.67420000 0.13720000
vt 0.67570000 0.23780000
vt 0.67500000 0.12500000
vt 0.67570000 0.13720000
vt 0.67650000 0.27360000
vt 0.67650000 0.35140000
vt 0.67570000 0.26220000
vt 0.67570000 0.36270000
vt 0.65750000 0.26220000
vt 0.65080000 0.26220000
vt 0.67650000 0.22650000
vt 0.68180000 0.22650000
vt 0.68260000 0.23780000
vt 0.68260000 0.13720000
vt 0.68180000 0.35140000
vt 0.68180000 0.27360000
vt 0.68260000 0.36270000
vt 0.68420000 0.13730000
vt 0.68490000 0.14880000
vt 0.68490000 0.22650000
vt 0.69090000 0.23820000
vt 0.69010000 0.22670000
vt 0.69000000 0.14970000
vt 0.61860000 0.22960000
vt 0.62350000 0.22740000
vt 0.69000000 0.14970000
vt 0.69010000 0.22670000
vt 0.69000000 0.14970000
vt 0.69010000 0.22670000
vt 0.68420000 0.23780000
vt 0.65990000 0.35140000
vt 0.69080000 0.13840000
vt 0.67500000 0.37500000
vt 0.67420000 0.36270000
vt 0.68180000 0.14860000
vt 0.67650000 0.14860000
vt 0.66510000 0.14860000
vt 0.63130000 0.28240000
vt 0.62710000 0.28280000
vt 0.63180000 0.27370000
vt 0.62650000 0.27410000
vt 0.68330000 0.12500000
vt 0.69090000 0.36280000
vt 0.69090000 0.26270000
vt 0.68490000 0.27370000
vt 0.68490000 0.35150000
vt 0.68420000 0.26220000
vt 0.63550000 0.28230000
vt 0.63480000 0.27360000
vt 0.69990000 0.37550000
vt 0.69920000 0.36330000
vt 0.69890000 0.26650000
vt 0.69250000 0.26320000
vt 0.69250000 0.36280000
vt 0.69830000 0.35190000
vt 0.63340000 0.00000000
vt 0.64170000 0.00000000
vt 0.63340000 0.01140000
vt 0.64170000 0.01140000
vt 0.70150000 0.35210000
vt 0.70130000 0.27930000
vt 0.68490000 0.35150000
vt 0.69010000 0.35150000
vt 0.68490000 0.35150000
vt 0.69010000 0.35150000
vt 0.69830000 0.35190000
vt 0.69820000 0.27750000
vt 0.63180000 0.22650000
vt 0.63180000 0.14880000
vt 0.63250000 0.23780000
vt 0.63250000 0.13730000
vt 0.65160000 0.35140000
vt 0.65680000 0.35140000
vt 0.61020000 0.35230000
vt 0.65160000 0.22650000
vt 0.65680000 0.22650000
vt 0.65620000 0.21770000
vt 0.65210000 0.21770000
vt 0.65210000 0.15720000
vt 0.65160000 0.14860000
vt 0.65160000 0.35140000
vt 0.65680000 0.35140000
vt 0.67340000 0.27360000
vt 0.66820000 0.27360000
vt 0.66820000 0.27360000
vt 0.66820000 0.35140000
vt 0.67340000 0.35140000
vt 0.67290000 0.28230000
vt 0.66880000 0.28230000
vt 0.69320000 0.22740000
vt 0.63250000 0.26220000
vt 0.63250000 0.36270000
vt 0.63180000 0.27370000
vt 0.62650000 0.14970000
vt 0.64850000 0.22650000
vt 0.64010000 0.27360000
vt 0.63480000 0.27360000
vt 0.63480000 0.27360000
vt 0.63480000 0.22650000
vt 0.64010000 0.22650000
vt 0.63480000 0.35140000
vt 0.63480000 0.14860000
vt 0.64010000 0.14860000
vt 0.63550000 0.15720000
vt 0.63960000 0.15720000
vt 0.64010000 0.22650000
vt 0.63960000 0.21770000
vt 0.63550000 0.21770000
vt 0.63480000 0.22650000
vt 0.66510000 0.27360000
vt 0.65990000 0.27360000
vt 0.66510000 0.14860000
vt 0.66510000 0.14860000
vt 0.65990000 0.14860000
vt 0.65990000 0.35140000
vt 0.66510000 0.35140000
vt 0.65990000 0.35140000
vt 0.66510000 0.35140000
vt 0.66510000 0.22650000
vt 0.66460000 0.21770000
vt 0.61530000 0.27930000
vt 0.61480000 0.28850000
vt 0.61530000 0.27930000
vt 0.69160000 0.12620000
vt 0.68950000 0.15830000
vt 0.68540000 0.15760000
vt 0.68490000 0.14880000
vt 0.68180000 0.14860000
vt 0.67650000 0.14860000
vt 0.66460000 0.15720000
vt 0.63180000 0.27370000
vt 0.63180000 0.35150000
vt 0.68180000 0.14860000
vt 0.67650000 0.14860000
vt 0.66510000 0.22650000
vt 0.68180000 0.22650000
vt 0.67650000 0.22650000
vt 0.68120000 0.21770000
vt 0.67710000 0.21770000
vt 0.65990000 0.14860000
vt 0.65990000 0.22650000
vt 0.66460000 0.28230000
vt 0.66040000 0.28230000
vt 0.66510000 0.27360000
vt 0.65990000 0.27360000
vt 0.67650000 0.27360000
vt 0.67650000 0.35140000
vt 0.67650000 0.27360000
vt 0.67650000 0.35140000
vt 0.66040000 0.34270000
vt 0.66460000 0.34270000
vt 0.64310000 0.35140000
vt 0.68180000 0.35140000
vt 0.68180000 0.27360000
vt 0.67340000 0.22650000
vt 0.66820000 0.22650000
vt 0.67340000 0.22650000
vt 0.66820000 0.22650000
vt 0.67340000 0.14860000
vt 0.67290000 0.15720000
vt 0.67290000 0.21770000
vt 0.66880000 0.34270000
vt 0.67290000 0.34270000
vt 0.66880000 0.15720000
vt 0.66880000 0.21770000
vt 0.66820000 0.14860000
vt 0.67650000 0.22650000
vt 0.68180000 0.22650000
vt 0.68180000 0.27360000
vt 0.68120000 0.28230000
vt 0.67710000 0.28230000
vt 0.68120000 0.34270000
vt 0.68180000 0.35140000
vt 0.67710000 0.15720000
vt 0.68120000 0.15720000
vt 0.64310000 0.14860000
vt 0.70830000 0.49990000
vt 0.70000000 0.50010000
vt 0.70810000 0.48820000
vt 0.70000000 0.48870000
vt 0.61140000 0.17020000
vt 0.60920000 0.25980000
vt 0.70830000 0.12500000
vt 0.70770000 0.13410000
vt 0.69970000 0.01440000
vt 0.70000000 0.00000000
vt 0.70530000 0.17020000
vt 0.60090000 0.25530000
vt 0.60860000 0.48760000
vt 0.70820000 0.37630000
vt 0.64380000 0.28230000
vt 0.64790000 0.28230000
vt 0.64380000 0.34270000
vt 0.64790000 0.34270000
vt 0.65680000 0.14860000
vt 0.65160000 0.14860000
vt 0.65680000 0.14860000
vt 0.65160000 0.14860000
vt 0.65210000 0.34270000
vt 0.69160000 0.00000000
vt 0.69150000 0.01210000
vt 0.69930000 0.13830000
vt 0.69860000 0.14980000
vt 0.68540000 0.28240000
vt 0.68540000 0.34270000
vt 0.68490000 0.27370000
vt 0.69310000 0.15260000
vt 0.69310000 0.15260000
vt 0.69320000 0.22740000
vt 0.70650000 0.35230000
vt 0.70600000 0.28260000
vt 0.70650000 0.35230000
vt 0.69730000 0.16850000
vt 0.69750000 0.22050000
vt 0.69370000 0.21890000
vt 0.69370000 0.16250000
vt 0.62500000 0.49990000
vt 0.61670000 0.50010000
vt 0.62500000 0.48870000
vt 0.61670000 0.48870000
vt 0.61670000 0.00000000
vt 0.62500000 0.00000000
vt 0.60830000 0.49990000
vt 0.69780000 0.34320000
vt 0.69370000 0.34290000
vt 0.69770000 0.28590000
vt 0.69370000 0.28400000
vt 0.63550000 0.34270000
vt 0.63340000 0.48870000
vt 0.60880000 0.13410000
vt 0.60990000 0.27160000
vt 0.61620000 0.26750000
vt 0.61070000 0.28260000
vt 0.61070000 0.28260000
vt 0.61070000 0.28260000
vt 0.61850000 0.27750000
vt 0.62350000 0.27490000
vt 0.61120000 0.29110000
vt 0.62290000 0.34290000
vt 0.62350000 0.35160000
vt 0.66820000 0.22650000
vt 0.67340000 0.22650000
vt 0.61870000 0.16040000
vt 0.61860000 0.22960000
vt 0.62650000 0.35150000
vt 0.62710000 0.34280000
vt 0.64850000 0.35140000
vt 0.62350000 0.35160000
vt 0.61750000 0.36330000
vt 0.62350000 0.35160000
vt 0.61820000 0.35190000
vt 0.62350000 0.22740000
vt 0.62350000 0.15260000
vt 0.62350000 0.15260000
vt 0.69160000 0.49990000
vt 0.62350000 0.27490000
vt 0.62300000 0.28400000
vt 0.70550000 0.29110000
vt 0.70190000 0.28850000
vt 0.62350000 0.15260000
vt 0.62650000 0.22670000
vt 0.62650000 0.14970000
vt 0.63180000 0.14880000
vt 0.63180000 0.22650000
vt 0.63180000 0.22650000
vt 0.64310000 0.22650000
vt 0.62710000 0.21800000
vt 0.62650000 0.22670000
vt 0.63130000 0.21780000
vt 0.69320000 0.27490000
vt 0.69320000 0.35160000
vt 0.69820000 0.27750000
vt 0.69820000 0.27750000
vt 0.69830000 0.35190000
vt 0.61870000 0.16040000
vt 0.70590000 0.34350000
vt 0.63130000 0.34270000
vt 0.65680000 0.14860000
vt 0.65620000 0.15720000
vt 0.68490000 0.14880000
vt 0.68490000 0.22650000
vt 0.68950000 0.28280000
vt 0.69010000 0.27410000
vt 0.68540000 0.21780000
vt 0.68950000 0.21800000
vt 0.65620000 0.34270000
vt 0.69010000 0.27410000
vt 0.62650000 0.27410000
vt 0.69010000 0.35150000
vt 0.68490000 0.22650000
vt 0.69010000 0.27410000
vt 0.68950000 0.34280000
vt 0.66670000 0.00000000
vt 0.67500000 0.00000000
vt 0.67500000 0.01140000
vt 0.67710000 0.34270000
vt 0.63340000 0.50010000
vt 0.68330000 0.50010000
vt 0.70200000 0.34340000
vt 0.71550000 0.48360000
vt 0.68330000 0.01140000
vt 0.68330000 0.00000000
vt 0.68490000 0.27370000
vt 0.67500000 0.48870000
vt 0.60830000 0.12500000
vt 0.60000000 0.25000000
vt 0.71660000 0.49990000
vt 0.67500000 0.49990000
vt 0.64310000 0.27360000
vt 0.64850000 0.27360000
vt 0.64920000 0.26220000
vt 0.64310000 0.14860000
vt 0.64850000 0.14860000
vt 0.64850000 0.14860000
vt 0.64310000 0.14860000
vt 0.67340000 0.27360000
vt 0.67340000 0.35140000
vt 0.67340000 0.35140000
vt 0.67340000 0.27360000
vt 0.64920000 0.23780000
vt 0.64920000 0.13720000
vt 0.64850000 0.14860000
vt 0.64850000 0.22650000
vt 0.65000000 0.25000000
vt 0.65080000 0.23780000
vt 0.65000000 0.12500000
vt 0.64920000 0.36270000
vt 0.65000000 0.37500000
vt 0.64380000 0.15720000
vt 0.64790000 0.15720000
vt 0.64310000 0.22650000
vt 0.64380000 0.21770000
vt 0.64790000 0.21770000
vt 0.64850000 0.22650000
vt 0.64240000 0.26220000
vt 0.64170000 0.25000000
vt 0.64240000 0.36270000
vt 0.64240000 0.23780000
vt 0.64170000 0.12500000
vt 0.64080000 0.13720000
vt 0.63410000 0.13720000
vt 0.63480000 0.14860000
vt 0.64010000 0.14860000
vt 0.63410000 0.23780000
vt 0.63480000 0.22650000
vt 0.63410000 0.36270000
vt 0.63410000 0.26220000
vt 0.63340000 0.25000000
vt 0.64080000 0.26220000
vt 0.64010000 0.27360000
vt 0.64080000 0.36270000
vt 0.64170000 0.37500000
vt 0.64010000 0.22650000
vt 0.64080000 0.23780000
vt 0.64010000 0.35140000
vt 0.63340000 0.37500000
vt 0.64010000 0.35140000
vt 0.63480000 0.35140000
vt 0.63480000 0.35140000
vt 0.63340000 0.12500000
vt 0.66670000 0.37500000
vt 0.66740000 0.36270000
vt 0.66670000 0.25000000
vt 0.66590000 0.26220000
vt 0.68330000 0.37500000
vt 0.68420000 0.36270000
vt 0.68330000 0.25000000
vt 0.68260000 0.26220000
vt 0.66040000 0.21770000
vt 0.66040000 0.15720000
vt 0.65990000 0.14860000
vt 0.65990000 0.22650000
vt 0.64240000 0.13720000
vt 0.64310000 0.22650000
vt 0.64310000 0.27360000
vt 0.64850000 0.27360000
vt 0.64850000 0.35140000
vt 0.64310000 0.35140000
vt 0.64310000 0.35140000
vt 0.64850000 0.35140000
vt 0.64310000 0.27360000
vt 0.64850000 0.27360000
vt 0.71660000 0.37500000
vt 0.71660000 0.25000000
vt 0.71580000 0.25530000
vt 0.71580000 0.37380000
vt 0.61700000 0.01440000
vt 0.61730000 0.13830000
vt 0.62510000 0.12620000
vt 0.62510000 0.01170000
vt 0.65830000 0.00000000
vt 0.65000000 0.00000000
vt 0.65000000 0.01140000
vt 0.65830000 0.01140000
vt 0.64170000 0.49990000
vt 0.65000000 0.50010000
vt 0.65000000 0.48870000
vt 0.64170000 0.48870000
vt 0.65830000 0.49990000
vt 0.66670000 0.50010000
vt 0.66670000 0.48870000
vt 0.65830000 0.48870000
vt 0.63480000 0.14860000
vt 0.64010000 0.14860000
vt 0.68330000 0.48870000
vt 0.69160000 0.48870000
vt 0.69160000 0.37500000
vt 0.70150000 0.35210000
vt 0.70130000 0.27930000
vt 0.70130000 0.27930000
vt 0.70150000 0.35210000
vt 0.63180000 0.35150000
vt 0.62650000 0.35150000
vt 0.62650000 0.35150000
vt 0.63180000 0.35150000
vt 0.69780000 0.16040000
vt 0.69810000 0.22960000
vt 0.69810000 0.22960000
vt 0.69780000 0.16040000
vt 0.64010000 0.35140000
vt 0.64010000 0.27360000
vt 0.63960000 0.28230000
vt 0.63960000 0.34270000
vt 0.62300000 0.21890000
vt 0.62300000 0.16250000
vt 0.61930000 0.16850000
vt 0.61920000 0.22050000
vt 0.61530000 0.27930000
vt 0.61520000 0.35210000
vt 0.61590000 0.36330000
vt 0.65830000 0.12500000
vt 0.66670000 0.12500000
vt 0.66670000 0.01140000
vt 0.62580000 0.26270000
vt 0.62580000 0.36280000
vt 0.62650000 0.27410000
vt 0.61860000 0.22960000
vt 0.61770000 0.24160000
vt 0.62350000 0.22740000
vt 0.62580000 0.23820000
vt 0.62650000 0.22670000
vt 0.62580000 0.13840000
vt 0.62430000 0.13990000
vt 0.62420000 0.23860000
vt 0.62510000 0.25050000
vt 0.61850000 0.27750000
vt 0.61820000 0.35190000
vt 0.61880000 0.34320000
vt 0.61900000 0.28590000
vt 0.62420000 0.36280000
vt 0.62500000 0.37500000
vt 0.62420000 0.26320000
vt 0.61850000 0.27750000
vt 0.62350000 0.27490000
vt 0.61770000 0.26650000
vt 0.61820000 0.35190000
vt 0.61700000 0.25470000
vt 0.60850000 0.37630000
vt 0.61670000 0.37550000
vt 0.60930000 0.36380000
vt 0.69810000 0.22960000
vt 0.69880000 0.24160000
vt 0.69780000 0.16040000
vt 0.66740000 0.26220000
vt 0.67500000 0.25000000
vt 0.67420000 0.23780000
vt 0.69250000 0.23860000
vt 0.69160000 0.25050000
vt 0.65080000 0.36270000
vt 0.65750000 0.36270000
vt 0.65680000 0.35140000
vt 0.65160000 0.35140000
vt 0.60000000 0.37500000
vt 0.60000000 0.49990000
vt 0.60100000 0.48360000
vt 0.60080000 0.37380000
vt 0.70050000 0.26750000
vt 0.70670000 0.27160000
vt 0.70750000 0.25980000
vt 0.69970000 0.25470000
vt 0.70080000 0.36330000
vt 0.69320000 0.27490000
vt 0.69320000 0.35160000
vt 0.69320000 0.35160000
vt 0.69320000 0.27490000
vt 0.70600000 0.28260000
vt 0.70600000 0.28260000
vt 0.69320000 0.22740000
vt 0.69310000 0.15260000
vt 0.69230000 0.13990000
vt 0.61520000 0.35210000
vt 0.61020000 0.35230000
vt 0.61020000 0.35230000
vt 0.61520000 0.35210000
vt 0.61870000 0.16040000
vt 0.61810000 0.14980000
vt 0.61470000 0.34340000
vt 0.61080000 0.34350000
vt 0.66740000 0.23780000
vt 0.66740000 0.13720000
vt 0.66820000 0.27360000
vt 0.67420000 0.26220000
vt 0.66820000 0.14860000
vt 0.67340000 0.14860000
vt 0.67340000 0.14860000
vt 0.66820000 0.14860000
vt 0.65990000 0.27360000
vt 0.66510000 0.27360000
vt 0.65910000 0.26220000
vt 0.65910000 0.23780000
vt 0.65910000 0.13720000
vt 0.66590000 0.13720000
vt 0.66590000 0.23780000
vt 0.65910000 0.36270000
vt 0.65830000 0.37500000
vt 0.66590000 0.36270000
vt 0.66510000 0.35140000
vt 0.65080000 0.13720000
vt 0.65830000 0.25000000
vt 0.65750000 0.13720000
vt 0.65750000 0.23780000
vt 0.62710000 0.15830000
vt 0.63130000 0.15760000
vt 0.63180000 0.14880000
vt 0.62650000 0.14970000
vt 0.65680000 0.22650000
vt 0.65160000 0.22650000
vt 0.65680000 0.22650000
vt 0.65160000 0.22650000
vt 0.65160000 0.27360000
vt 0.65680000 0.27360000
vt 0.65680000 0.27360000
vt 0.65160000 0.27360000
vt 0.65160000 0.27360000
vt 0.65680000 0.27360000
vt 0.70740000 0.36380000
vt 0.70650000 0.35230000
vt 0.65210000 0.28230000
vt 0.65620000 0.28230000
vt 0.66510000 0.22650000
vt 0.65990000 0.22650000
vt 0.66820000 0.35140000
vt 0.66820000 0.35140000
vt 0.67420000 0.13720000
vt 0.67500000 0.12500000
vt 0.67570000 0.23780000
vt 0.67570000 0.13720000
vt 0.67650000 0.35140000
vt 0.67650000 0.27360000
vt 0.67570000 0.26220000
vt 0.67570000 0.36270000
vt 0.65750000 0.26220000
vt 0.65080000 0.26220000
vt 0.67650000 0.22650000
vt 0.68180000 0.22650000
vt 0.68260000 0.23780000
vt 0.68260000 0.13720000
vt 0.68180000 0.27360000
vt 0.68180000 0.35140000
vt 0.68260000 0.36270000
vt 0.68490000 0.14880000
vt 0.68420000 0.13730000
vt 0.68490000 0.22650000
vt 0.69010000 0.22670000
vt 0.69090000 0.23820000
vt 0.69000000 0.14970000
vt 0.62350000 0.22740000
vt 0.61860000 0.22960000
vt 0.69010000 0.22670000
vt 0.69000000 0.14970000
vt 0.69000000 0.14970000
vt 0.69010000 0.22670000
vt 0.68420000 0.23780000
vt 0.65990000 0.35140000
vt 0.69080000 0.13840000
vt 0.67500000 0.37500000
vt 0.67420000 0.36270000
vt 0.68180000 0.14860000
vt 0.67650000 0.14860000
vt 0.66510000 0.14860000
vt 0.62710000 0.28280000
vt 0.63130000 0.28240000
vt 0.63180000 0.27370000
vt 0.62650000 0.27410000
vt 0.68330000 0.12500000
vt 0.69090000 0.26270000
vt 0.69090000 0.36280000
vt 0.68490000 0.35150000
vt 0.68490000 0.27370000
vt 0.68420000 0.26220000
vt 0.63550000 0.28230000
vt 0.63480000 0.27360000
vt 0.69990000 0.37550000
vt 0.69920000 0.36330000
vt 0.69890000 0.26650000
vt 0.69250000 0.26320000
vt 0.69250000 0.36280000
vt 0.69830000 0.35190000
vt 0.64170000 0.00000000
vt 0.63340000 0.00000000
vt 0.63340000 0.01140000
vt 0.64170000 0.01140000
vt 0.70150000 0.35210000
vt 0.70130000 0.27930000
vt 0.69010000 0.35150000
vt 0.68490000 0.35150000
vt 0.68490000 0.35150000
vt 0.69010000 0.35150000
vt 0.69830000 0.35190000
vt 0.69820000 0.27750000
vt 0.63180000 0.14880000
vt 0.63180000 0.22650000
vt 0.63250000 0.23780000
vt 0.63250000 0.13730000
vt 0.65680000 0.35140000
vt 0.65160000 0.35140000
vt 0.61020000 0.35230000
vt 0.65680000 0.22650000
vt 0.65160000 0.22650000
vt 0.65620000 0.21770000
vt 0.65210000 0.21770000
vt 0.65210000 0.15720000
vt 0.65160000 0.14860000
vt 0.65680000 0.35140000
vt 0.65160000 0.35140000
vt 0.66820000 0.27360000
vt 0.67340000 0.27360000
vt 0.66820000 0.27360000
vt 0.67340000 0.35140000
vt 0.66820000 0.35140000
vt 0.66880000 0.28230000
vt 0.67290000 0.28230000
vt 0.69320000 0.22740000
vt 0.63250000 0.36270000
vt 0.63250000 0.26220000
vt 0.63180000 0.27370000
vt 0.62650000 0.14970000
vt 0.64850000 0.22650000
vt 0.63480000 0.27360000
vt 0.64010000 0.27360000
vt 0.63480000 0.27360000
vt 0.64010000 0.22650000
vt 0.63480000 0.22650000
vt 0.63480000 0.35140000
vt 0.64010000 0.14860000
vt 0.63480000 0.14860000
vt 0.63550000 0.15720000
vt 0.63960000 0.15720000
vt 0.64010000 0.22650000
vt 0.63960000 0.21770000
vt 0.63550000 0.21770000
vt 0.63480000 0.22650000
vt 0.65990000 0.27360000
vt 0.66510000 0.27360000
vt 0.66510000 0.14860000
vt 0.66510000 0.14860000
vt 0.65990000 0.14860000
vt 0.66510000 0.35140000
vt 0.65990000 0.35140000
vt 0.65990000 0.35140000
vt 0.66510000 0.35140000
vt 0.66510000 0.22650000
vt 0.66460000 0.21770000
vt 0.61530000 0.27930000
vt 0.61480000 0.28850000
vt 0.61530000 0.27930000
vt 0.69160000 0.12620000
vt 0.68540000 0.15760000
vt 0.68950000 0.15830000
vt 0.68490000 0.14880000
vt 0.67650000 0.14860000
vt 0.68180000 0.14860000
vt 0.66460000 0.15720000
vt 0.63180000 0.27370000
vt 0.63180000 0.35150000
vt 0.67650000 0.14860000
vt 0.68180000 0.14860000
vt 0.66510000 0.22650000
vt 0.67650000 0.22650000
vt 0.68180000 0.22650000
vt 0.68120000 0.21770000
vt 0.67710000 0.21770000
vt 0.65990000 0.14860000
vt 0.65990000 0.22650000
vt 0.66040000 0.28230000
vt 0.66460000 0.28230000
vt 0.66510000 0.27360000
vt 0.65990000 0.27360000
vt 0.67650000 0.35140000
vt 0.67650000 0.27360000
vt 0.67650000 0.27360000
vt 0.67650000 0.35140000
vt 0.66040000 0.34270000
vt 0.66460000 0.34270000
vt 0.64310000 0.35140000
vt 0.68180000 0.27360000
vt 0.68180000 0.35140000
vt 0.66820000 0.22650000
vt 0.67340000 0.22650000
vt 0.67340000 0.22650000
vt 0.66820000 0.22650000
vt 0.67340000 0.14860000
vt 0.67290000 0.15720000
vt 0.67290000 0.21770000
vt 0.66880000 0.34270000
vt 0.67290000 0.34270000
vt 0.66880000 0.21770000
vt 0.66880000 0.15720000
vt 0.66820000 0.14860000
vt 0.67650000 0.22650000
vt 0.68180000 0.22650000
vt 0.68180000 0.27360000
vt 0.67710000 0.28230000
vt 0.68120000 0.28230000
vt 0.68120000 0.34270000
vt 0.68180000 0.35140000
vt 0.67710000 0.15720000
vt 0.68120000 0.15720000
vt 0.64310000 0.14860000
vt 0.70000000 0.50010000
vt 0.70830000 0.49990000
vt 0.70810000 0.48820000
vt 0.70000000 0.48870000
vt 0.61140000 0.17020000
vt 0.60920000 0.25980000
vt 0.70830000 0.12500000
vt 0.70770000 0.13410000
vt 0.69970000 0.01440000
vt 0.70000000 0.00000000
vt 0.70530000 0.17020000
vt 0.60090000 0.25530000
vt 0.60860000 0.48760000
vt 0.70820000 0.37630000
vt 0.64790000 0.28230000
vt 0.64380000 0.28230000
vt 0.64380000 0.34270000
vt 0.64790000 0.34270000
vt 0.65160000 0.14860000
vt 0.65680000 0.14860000
vt 0.65160000 0.14860000
vt 0.65680000 0.14860000
vt 0.65210000 0.34270000
vt 0.69160000 0.00000000
vt 0.69150000 0.01210000
vt 0.69930000 0.13830000
vt 0.69860000 0.14980000
vt 0.68540000 0.34270000
vt 0.68540000 0.28240000
vt 0.68490000 0.27370000
vt 0.69310000 0.15260000
vt 0.69320000 0.22740000
vt 0.69310000 0.15260000
vt 0.70650000 0.35230000
vt 0.70600000 0.28260000
vt 0.70650000 0.35230000
vt 0.69730000 0.16850000
vt 0.69750000 0.22050000
vt 0.69370000 0.21890000
vt 0.69370000 0.16250000
vt 0.61670000 0.50010000
vt 0.62500000 0.49990000
vt 0.62500000 0.48870000
vt 0.61670000 0.48870000
vt 0.62500000 0.00000000
vt 0.61670000 0.00000000
vt 0.60830000 0.49990000
vt 0.69370000 0.34290000
vt 0.69780000 0.34320000
vt 0.69770000 0.28590000
vt 0.69370000 0.28400000
vt 0.63550000 0.34270000
vt 0.63340000 0.48870000
vt 0.60880000 0.13410000
vt 0.60990000 0.27160000
vt 0.61620000 0.26750000
vt 0.61070000 0.28260000
vt 0.61070000 0.28260000
vt 0.61070000 0.28260000
vt 0.61850000 0.27750000
vt 0.62350000 0.27490000
vt 0.61120000 0.29110000
vt 0.62290000 0.34290000
vt 0.62350000 0.35160000
vt 0.66820000 0.22650000
vt 0.67340000 0.22650000
vt 0.61870000 0.16040000
vt 0.61860000 0.22960000
vt 0.62650000 0.35150000
vt 0.62710000 0.34280000
vt 0.64850000 0.35140000
vt 0.62350000 0.35160000
vt 0.61750000 0.36330000
vt 0.62350000 0.35160000
vt 0.61820000 0.35190000
vt 0.62350000 0.15260000
vt 0.62350000 0.22740000
vt 0.62350000 0.15260000
vt 0.69160000 0.49990000
vt 0.62350000 0.27490000
vt 0.62300000 0.28400000
vt 0.70190000 0.28850000
vt 0.70550000 0.29110000
vt 0.62350000 0.15260000
vt 0.62650000 0.22670000
vt 0.62650000 0.14970000
vt 0.63180000 0.14880000
vt 0.63180000 0.22650000
vt 0.63180000 0.22650000
vt 0.64310000 0.22650000
vt 0.62710000 0.21800000
vt 0.62650000 0.22670000
vt 0.63130000 0.21780000
vt 0.69320000 0.27490000
vt 0.69320000 0.35160000
vt 0.69820000 0.27750000
vt 0.69820000 0.27750000
vt 0.69830000 0.35190000
vt 0.61870000 0.16040000
vt 0.70590000 0.34350000
vt 0.63130000 0.34270000
vt 0.65680000 0.14860000
vt 0.65620000 0.15720000
vt 0.68490000 0.14880000
vt 0.68490000 0.22650000
vt 0.68950000 0.28280000
vt 0.69010000 0.27410000
vt 0.68540000 0.21780000
vt 0.68950000 0.21800000
vt 0.65620000 0.34270000
vt 0.69010000 0.27410000
vt 0.62650000 0.27410000
vt 0.69010000 0.35150000
vt 0.68490000 0.22650000
vt 0.69010000 0.27410000
vt 0.68950000 0.34280000
vt 0.67500000 0.00000000
vt 0.66670000 0.00000000
vt 0.67500000 0.01140000
vt 0.67710000 0.34270000
vt 0.63340000 0.50010000
vt 0.68330000 0.50010000
vt 0.70200000 0.34340000
vt 0.71550000 0.48360000
vt 0.68330000 0.01140000
vt 0.68330000 0.00000000
vt 0.68490000 0.27370000
vt 0.67500000 0.48870000
vt 0.60830000 0.12500000
vt 0.60000000 0.25000000
vt 0.71660000 0.49990000
vt 0.67500000 0.49990000
vt 0.64850000 0.27360000
vt 0.64310000 0.27360000
vt 0.64920000 0.26220000
vt 0.64850000 0.14860000
vt 0.64310000 0.14860000
vt 0.64850000 0.14860000
vt 0.64310000 0.14860000
vt 0.67340000 0.35140000
vt 0.67340000 0.27360000
vt 0.67340000 0.35140000
vt 0.67340000 0.27360000
vt 0.64920000 0.13720000
vt 0.64920000 0.23780000
vt 0.64850000 0.14860000
vt 0.64850000 0.22650000
vt 0.65080000 0.23780000
vt 0.65000000 0.25000000
vt 0.65000000 0.12500000
vt 0.64920000 0.36270000
vt 0.65000000 0.37500000
vt 0.64380000 0.15720000
vt 0.64790000 0.15720000
vt 0.64310000 0.22650000
vt 0.64380000 0.21770000
vt 0.64790000 0.21770000
vt 0.64850000 0.22650000
vt 0.64170000 0.25000000
vt 0.64240000 0.26220000
vt 0.64240000 0.36270000
vt 0.64240000 0.23780000
vt 0.64170000 0.12500000
vt 0.64080000 0.13720000
vt 0.63410000 0.13720000
vt 0.63480000 0.14860000
vt 0.64010000 0.14860000
vt 0.63410000 0.23780000
vt 0.63480000 0.22650000
vt 0.63410000 0.26220000
vt 0.63410000 0.36270000
vt 0.63340000 0.25000000
vt 0.64010000 0.27360000
vt 0.64080000 0.26220000
vt 0.64080000 0.36270000
vt 0.64170000 0.37500000
vt 0.64010000 0.22650000
vt 0.64080000 0.23780000
vt 0.64010000 0.35140000
vt 0.63340000 0.37500000
vt 0.63480000 0.35140000
vt 0.64010000 0.35140000
vt 0.63480000 0.35140000
vt 0.63340000 0.12500000
vt 0.66740000 0.36270000
vt 0.66670000 0.37500000
vt 0.66670000 0.25000000
vt 0.66590000 0.26220000
vt 0.68420000 0.36270000
vt 0.68330000 0.37500000
vt 0.68330000 0.25000000
vt 0.68260000 0.26220000
vt 0.66040000 0.15720000
vt 0.66040000 0.21770000
vt 0.65990000 0.14860000
vt 0.65990000 0.22650000
vt 0.64240000 0.13720000
vt 0.64310000 0.22650000
vt 0.64850000 0.27360000
vt 0.64310000 0.27360000
vt 0.64310000 0.35140000
vt 0.64850000 0.35140000
vt 0.64310000 0.35140000
vt 0.64850000 0.35140000
vt 0.64850000 0.27360000
vt 0.64310000 0.27360000
vt 0.71660000 0.25000000
vt 0.71660000 0.37500000
vt 0.71580000 0.25530000
vt 0.71580000 0.37380000
vt 0.61730000 0.13830000
vt 0.61700000 0.01440000
vt 0.62510000 0.12620000
vt 0.62510000 0.01170000
vt 0.65000000 0.00000000
vt 0.65830000 0.00000000
vt 0.65000000 0.01140000
vt 0.65830000 0.01140000
vt 0.65000000 0.50010000
vt 0.64170000 0.49990000
vt 0.65000000 0.48870000
vt 0.64170000 0.48870000
vt 0.66670000 0.50010000
vt 0.65830000 0.49990000
vt 0.66670000 0.48870000
vt 0.65830000 0.48870000
vt 0.63480000 0.14860000
vt 0.64010000 0.14860000
vt 0.68330000 0.48870000
vt 0.69160000 0.48870000
vt 0.69160000 0.37500000
vt 0.70130000 0.27930000
vt 0.70150000 0.35210000
vt 0.70130000 0.27930000
vt 0.70150000 0.35210000
vt 0.62650000 0.35150000
vt 0.63180000 0.35150000
vt 0.62650000 0.35150000
vt 0.63180000 0.35150000
vt 0.69810000 0.22960000
vt 0.69780000 0.16040000
vt 0.69810000 0.22960000
vt 0.69780000 0.16040000
vt 0.64010000 0.27360000
vt 0.64010000 0.35140000
vt 0.63960000 0.28230000
vt 0.63960000 0.34270000
vt 0.62300000 0.16250000
vt 0.62300000 0.21890000
vt 0.61930000 0.16850000
vt 0.61920000 0.22050000
vt 0.61520000 0.35210000
vt 0.61530000 0.27930000
vt 0.61590000 0.36330000
vt 0.65830000 0.12500000
vt 0.66670000 0.12500000
vt 0.66670000 0.01140000
vt 0.62580000 0.36280000
vt 0.62580000 0.26270000
vt 0.62650000 0.27410000
vt 0.61770000 0.24160000
vt 0.61860000 0.22960000
vt 0.62350000 0.22740000
vt 0.62650000 0.22670000
vt 0.62580000 0.23820000
vt 0.62580000 0.13840000
vt 0.62420000 0.23860000
vt 0.62430000 0.13990000
vt 0.62510000 0.25050000
vt 0.61820000 0.35190000
vt 0.61850000 0.27750000
vt 0.61880000 0.34320000
vt 0.61900000 0.28590000
vt 0.62500000 0.37500000
vt 0.62420000 0.36280000
vt 0.62420000 0.26320000
vt 0.62350000 0.27490000
vt 0.61850000 0.27750000
vt 0.61820000 0.35190000
vt 0.61770000 0.26650000
vt 0.61700000 0.25470000
vt 0.61670000 0.37550000
vt 0.60850000 0.37630000
vt 0.60930000 0.36380000
vt 0.69880000 0.24160000
vt 0.69810000 0.22960000
vt 0.69780000 0.16040000
vt 0.66740000 0.26220000
vt 0.67500000 0.25000000
vt 0.67420000 0.23780000
vt 0.69250000 0.23860000
vt 0.69160000 0.25050000
vt 0.65750000 0.36270000
vt 0.65080000 0.36270000
vt 0.65680000 0.35140000
vt 0.65160000 0.35140000
vt 0.60000000 0.49990000
vt 0.60000000 0.37500000
vt 0.60100000 0.48360000
vt 0.60080000 0.37380000
vt 0.70670000 0.27160000
vt 0.70050000 0.26750000
vt 0.70750000 0.25980000
vt 0.70080000 0.36330000
vt 0.69970000 0.25470000
vt 0.69320000 0.35160000
vt 0.69320000 0.27490000
vt 0.69320000 0.35160000
vt 0.69320000 0.27490000
vt 0.70600000 0.28260000
vt 0.70600000 0.28260000
vt 0.69310000 0.15260000
vt 0.69320000 0.22740000
vt 0.69230000 0.13990000
vt 0.61020000 0.35230000
vt 0.61520000 0.35210000
vt 0.61020000 0.35230000
vt 0.61520000 0.35210000
vt 0.61870000 0.16040000
vt 0.61810000 0.14980000
vt 0.61080000 0.34350000
vt 0.61470000 0.34340000
vt 0.66740000 0.13720000
vt 0.66740000 0.23780000
vt 0.66820000 0.27360000
vt 0.67420000 0.26220000
vt 0.67340000 0.14860000
vt 0.66820000 0.14860000
vt 0.67340000 0.14860000
vt 0.66820000 0.14860000
vt 0.66510000 0.27360000
vt 0.65990000 0.27360000
vt 0.65910000 0.26220000
vt 0.65910000 0.13720000
vt 0.65910000 0.23780000
vt 0.66590000 0.23780000
vt 0.66590000 0.13720000
vt 0.65830000 0.37500000
vt 0.65910000 0.36270000
vt 0.66590000 0.36270000
vt 0.66510000 0.35140000
vt 0.65080000 0.13720000
vt 0.65750000 0.13720000
vt 0.65830000 0.25000000
vt 0.65750000 0.23780000
vt 0.63130000 0.15760000
vt 0.62710000 0.15830000
vt 0.63180000 0.14880000
vt 0.62650000 0.14970000
vt 0.65160000 0.22650000
vt 0.65680000 0.22650000
vt 0.65680000 0.22650000
vt 0.65160000 0.22650000
vt 0.65680000 0.27360000
vt 0.65160000 0.27360000
vt 0.65680000 0.27360000
vt 0.65160000 0.27360000
vt 0.65680000 0.27360000
vt 0.65160000 0.27360000
vt 0.70740000 0.36380000
vt 0.70650000 0.35230000
vt 0.65210000 0.28230000
vt 0.65620000 0.28230000
vt 0.65990000 0.22650000
vt 0.66510000 0.22650000
vt 0.66820000 0.35140000
vt 0.66820000 0.35140000
vt 0.67420000 0.13720000
vt 0.67570000 0.23780000
vt 0.67500000 0.12500000
vt 0.67570000 0.13720000
vt 0.67650000 0.27360000
vt 0.67650000 0.35140000
vt 0.67570000 0.26220000
vt 0.67570000 0.36270000
vt 0.65750000 0.26220000
vt 0.65080000 0.26220000
vt 0.67650000 0.22650000
vt 0.68180000 0.22650000
vt 0.68260000 0.23780000
vt 0.68260000 0.13720000
vt 0.68180000 0.35140000
vt 0.68180000 0.27360000
vt 0.68260000 0.36270000
vt 0.68420000 0.13730000
vt 0.68490000 0.14880000
vt 0.68490000 0.22650000
vt 0.69090000 0.23820000
vt 0.69010000 0.22670000
vt 0.69000000 0.14970000
vt 0.61860000 0.22960000
vt 0.62350000 0.22740000
vt 0.69000000 0.14970000
vt 0.69010000 0.22670000
vt 0.69000000 0.14970000
vt 0.69010000 0.22670000
vt 0.68420000 0.23780000
vt 0.65990000 0.35140000
vt 0.69080000 0.13840000
vt 0.67500000 0.37500000
vt 0.67420000 0.36270000
vt 0.68180000 0.14860000
vt 0.67650000 0.14860000
vt 0.66510000 0.14860000
vt 0.63130000 0.28240000
vt 0.62710000 0.28280000
vt 0.63180000 0.27370000
vt 0.62650000 0.27410000
vt 0.68330000 0.12500000
vt 0.69090000 0.36280000
vt 0.69090000 0.26270000
vt 0.68490000 0.27370000
vt 0.68490000 0.35150000
vt 0.68420000 0.26220000
vt 0.63550000 0.28230000
vt 0.63480000 0.27360000
vt 0.69990000 0.37550000
vt 0.69920000 0.36330000
vt 0.69890000 0.26650000
vt 0.69250000 0.26320000
vt 0.69250000 0.36280000
vt 0.69830000 0.35190000
vt 0.63340000 0.00000000
vt 0.64170000 0.00000000
vt 0.63340000 0.01140000
vt 0.64170000 0.01140000
vt 0.70150000 0.35210000
vt 0.70130000 0.27930000
vt 0.68490000 0.35150000
vt 0.69010000 0.35150000
vt 0.68490000 0.35150000
vt 0.69010000 0.35150000
vt 0.69830000 0.35190000
vt 0.69820000 0.27750000
vt 0.63180000 0.22650000
vt 0.63180000 0.14880000
vt 0.63250000 0.23780000
vt 0.63250000 0.13730000
vt 0.65160000 0.35140000
vt 0.65680000 0.35140000
vt 0.61020000 0.35230000
vt 0.65160000 0.22650000
vt 0.65680000 0.22650000
vt 0.65620000 0.21770000
vt 0.65210000 0.21770000
vt 0.65210000 0.15720000
vt 0.65160000 0.14860000
vt 0.65160000 0.35140000
vt 0.65680000 0.35140000
vt 0.67340000 0.27360000
vt 0.66820000 0.27360000
vt 0.66820000 0.27360000
vt 0.66820000 0.35140000
vt 0.67340000 0.35140000
vt 0.67290000 0.28230000
vt 0.66880000 0.28230000
vt 0.69320000 0.22740000
vt 0.63250000 0.26220000
vt 0.63250000 0.36270000
vt 0.63180000 0.27370000
vt 0.62650000 0.14970000
vt 0.64850000 0.22650000
vt 0.64010000 0.27360000
vt 0.63480000 0.27360000
vt 0.63480000 0.27360000
vt 0.63480000 0.22650000
vt 0.64010000 0.22650000
vt 0.63480000 0.35140000
vt 0.63480000 0.14860000
vt 0.64010000 0.14860000
vt 0.63550000 0.15720000
vt 0.63960000 0.15720000
vt 0.64010000 0.22650000
vt 0.63960000 0.21770000
vt 0.63550000 0.21770000
vt 0.63480000 0.22650000
vt 0.66510000 0.27360000
vt 0.65990000 0.27360000
vt 0.66510000 0.14860000
vt 0.66510000 0.14860000
vt 0.65990000 0.14860000
vt 0.65990000 0.35140000
vt 0.66510000 0.35140000
vt 0.65990000 0.35140000
vt 0.66510000 0.35140000
vt 0.66510000 0.22650000
vt 0.66460000 0.21770000
vt 0.61530000 0.27930000
vt 0.61480000 0.28850000
vt 0.61530000 0.27930000
vt 0.69160000 0.12620000
vt 0.68950000 0.15830000
vt 0.68540000 0.15760000
vt 0.68490000 0.14880000
vt 0.68180000 0.14860000
vt 0.67650000 0.14860000
vt 0.66460000 0.15720000
vt 0.63180000 0.27370000
vt 0.63180000 0.35150000
vt 0.68180000 0.14860000
vt 0.67650000 0.14860000
vt 0.66510000 0.22650000
vt 0.68180000 0.22650000
vt 0.67650000 0.22650000
vt 0.68120000 0.21770000
vt 0.67710000 0.21770000
vt 0.65990000 0.14860000
vt 0.65990000 0.22650000
vt 0.66460000 0.28230000
vt 0.66040000 0.28230000
vt 0.66510000 0.27360000
vt 0.65990000 0.27360000
vt 0.67650000 0.27360000
vt 0.67650000 0.35140000
vt 0.67650000 0.27360000
vt 0.67650000 0.35140000
vt 0.66040000 0.34270000
vt 0.66460000 0.34270000
vt 0.64310000 0.35140000
vt 0.68180000 0.35140000
vt 0.68180000 0.27360000
vt 0.67340000 0.22650000
vt 0.66820000 0.22650000
vt 0.67340000 0.22650000
vt 0.66820000 0.22650000
vt 0.67340000 0.14860000
vt 0.67290000 0.15720000
vt 0.67290000 0.21770000
vt 0.66880000 0.34270000
vt 0.67290000 0.34270000
vt 0.66880000 0.15720000
vt 0.66880000 0.21770000
vt 0.66820000 0.14860000
vt 0.67650000 0.22650000
vt 0.68180000 0.22650000
vt 0.68180000 0.27360000
vt 0.68120000 0.28230000
vt 0.67710000 0.28230000
vt 0.68120000 0.34270000
vt 0.68180000 0.35140000
vt 0.67710000 0.15720000
vt 0.68120000 0.15720000
vt 0.64310000 0.14860000
vt 0.70830000 0.49990000
vt 0.70000000 0.50010000
vt 0.70810000 0.48820000
vt 0.70000000 0.48870000
vt 0.61140000 0.17020000
vt 0.60920000 0.25980000
vt 0.70830000 0.12500000
vt 0.70770000 0.13410000
vt 0.69970000 0.01440000
vt 0.70000000 0.00000000
vt 0.70530000 0.17020000
vt 0.60090000 0.25530000
vt 0.60860000 0.48760000
vt 0.70820000 0.37630000
vt 0.64380000 0.28230000
vt 0.64790000 0.28230000
vt 0.64380000 0.34270000
vt 0.64790000 0.34270000
vt 0.65680000 0.14860000
vt 0.65160000 0.14860000
vt 0.65680000 0.14860000
vt 0.65160000 0.14860000
vt 0.65210000 0.34270000
vt 0.69160000 0.00000000
vt 0.69150000 0.01210000
vt 0.69930000 0.13830000
vt 0.69860000 0.14980000
vt 0.68540000 0.28240000
vt 0.68540000 0.34270000
vt 0.68490000 0.27370000
vt 0.69310000 0.15260000
vt 0.69310000 0.15260000
vt 0.69320000 0.22740000
vt 0.70650000 0.35230000
vt 0.70600000 0.28260000
vt 0.70650000 0.35230000
vt 0.69730000 0.16850000
vt 0.69750000 0.22050000
vt 0.69370000 0.21890000
vt 0.69370000 0.16250000
vt 0.62500000 0.49990000
vt 0.61670000 0.50010000
vt 0.62500000 0.48870000
vt 0.61670000 0.48870000
vt 0.61670000 0.00000000
vt 0.62500000 0.00000000
vt 0.60830000 0.49990000
vt 0.69780000 0.34320000
vt 0.69370000 0.34290000
vt 0.69770000 0.28590000
vt 0.69370000 0.28400000
vt 0.63550000 0.34270000
vt 0.63340000 0.48870000
vt 0.60880000 0.13410000
vt 0.60990000 0.27160000
vt 0.61620000 0.26750000
vt 0.61070000 0.28260000
vt 0.61070000 0.28260000
vt 0.61070000 0.28260000
vt 0.61850000 0.27750000
vt 0.62350000 0.27490000
vt 0.61120000 0.29110000
vt 0.62290000 0.34290000
vt 0.62350000 0.35160000
vt 0.66820000 0.22650000
vt 0.67340000 0.22650000
vt 0.61870000 0.16040000
vt 0.61860000 0.22960000
vt 0.62650000 0.35150000
vt 0.62710000 0.34280000
vt 0.64850000 0.35140000
vt 0.62350000 0.35160000
vt 0.61750000 0.36330000
vt 0.62350000 0.35160000
vt 0.61820000 0.35190000
vt 0.62350000 0.22740000
vt 0.62350000 0.15260000
vt 0.62350000 0.15260000
vt 0.69160000 0.49990000
vt 0.62350000 0.27490000
vt 0.62300000 0.28400000
vt 0.70550000 0.29110000
vt 0.70190000 0.28850000
vt 0.62350000 0.15260000
vt 0.62650000 0.22670000
vt 0.62650000 0.14970000
vt 0.63180000 0.14880000
vt 0.63180000 0.22650000
vt 0.63180000 0.22650000
vt 0.64310000 0.22650000
vt 0.62710000 0.21800000
vt 0.62650000 0.22670000
vt 0.63130000 0.21780000
vt 0.69320000 0.27490000
vt 0.69320000 0.35160000
vt 0.69820000 0.27750000
vt 0.69820000 0.27750000
vt 0.69830000 0.35190000
vt 0.61870000 0.16040000
vt 0.70590000 0.34350000
vt 0.63130000 0.34270000
vt 0.65680000 0.14860000
vt 0.65620000 0.15720000
vt 0.68490000 0.14880000
vt 0.68490000 0.22650000
vt 0.68950000 0.28280000
vt 0.69010000 0.27410000
vt 0.68540000 0.21780000
vt 0.68950000 0.21800000
vt 0.65620000 0.34270000
vt 0.69010000 0.27410000
vt 0.62650000 0.27410000
vt 0.69010000 0.35150000
vt 0.68490000 0.22650000
vt 0.69010000 0.27410000
vt 0.68950000 0.34280000
vt 0.66670000 0.00000000
vt 0.67500000 0.00000000
vt 0.67500000 0.01140000
vt 0.67710000 0.34270000
vt 0.63340000 0.50010000
vt 0.68330000 0.50010000
vt 0.70200000 0.34340000
vt 0.71550000 0.48360000
vt 0.68330000 0.01140000
vt 0.68330000 0.00000000
vt 0.68490000 0.27370000
vt 0.67500000 0.48870000
vt 0.60830000 0.12500000
vt 0.60000000 0.25000000
vt 0.71660000 0.49990000
vt 0.67500000 0.49990000
vt 0.64310000 0.27360000
vt 0.64850000 0.27360000
vt 0.64920000 0.26220000
vt 0.64310000 0.14860000
vt 0.64850000 0.14860000
vt 0.64850000 0.14860000
vt 0.64310000 0.14860000
vt 0.67340000 0.27360000
vt 0.67340000 0.35140000
vt 0.67340000 0.35140000
vt 0.67340000 0.27360000
vt 0.64920000 0.23780000
vt 0.64920000 0.13720000
vt 0.64850000 0.14860000
vt 0.64850000 0.22650000
vt 0.65000000 0.25000000
vt 0.65080000 0.23780000
vt 0.65000000 0.12500000
vt 0.64920000 0.36270000
vt 0.65000000 0.37500000
vt 0.64380000 0.15720000
vt 0.64790000 0.15720000
vt 0.64310000 0.22650000
vt 0.64380000 0.21770000
vt 0.64790000 0.21770000
vt 0.64850000 0.22650000
vt 0.64240000 0.26220000
vt 0.64170000 0.25000000
vt 0.64240000 0.36270000
vt 0.64240000 0.23780000
vt 0.64170000 0.12500000
vt 0.64080000 0.13720000
vt 0.63410000 0.13720000
vt 0.63480000 0.14860000
vt 0.64010000 0.14860000
vt 0.63410000 0.23780000
vt 0.63480000 0.22650000
vt 0.63410000 0.36270000
vt 0.63410000 0.26220000
vt 0.63340000 0.25000000
vt 0.64080000 0.26220000
vt 0.64010000 0.27360000
vt 0.64080000 0.36270000
vt 0.64170000 0.37500000
vt 0.64010000 0.22650000
vt 0.64080000 0.23780000
vt 0.64010000 0.35140000
vt 0.63340000 0.37500000
vt 0.64010000 0.35140000
vt 0.63480000 0.35140000
vt 0.63480000 0.35140000
vt 0.63340000 0.12500000
vt 0.66670000 0.37500000
vt 0.66740000 0.36270000
vt 0.66670000 0.25000000
vt 0.66590000 0.26220000
vt 0.68330000 0.37500000
vt 0.68420000 0.36270000
vt 0.68330000 0.25000000
vt 0.68260000 0.26220000
vt 0.66040000 0.21770000
vt 0.66040000 0.15720000
vt 0.65990000 0.14860000
vt 0.65990000 0.22650000
vt 0.64240000 0.13720000
vt 0.64310000 0.22650000
vt 0.64310000 0.27360000
vt 0.64850000 0.27360000
vt 0.64850000 0.35140000
vt 0.64310000 0.35140000
vt 0.64310000 0.35140000
vt 0.64850000 0.35140000
vt 0.64310000 0.27360000
vt 0.64850000 0.27360000
vt 0.71660000 0.37500000
vt 0.71660000 0.25000000
vt 0.71580000 0.25530000
vt 0.71580000 0.37380000
vt 0.61700000 0.01440000
vt 0.61730000 0.13830000
vt 0.62510000 0.12620000
vt 0.62510000 0.01170000
vt 0.65830000 0.00000000
vt 0.65000000 0.00000000
vt 0.65000000 0.01140000
vt 0.65830000 0.01140000
vt 0.64170000 0.49990000
vt 0.65000000 0.50010000
vt 0.65000000 0.48870000
vt 0.64170000 0.48870000
vt 0.65830000 0.49990000
vt 0.66670000 0.50010000
vt 0.66670000 0.48870000
vt 0.65830000 0.48870000
vt 0.63480000 0.14860000
vt 0.64010000 0.14860000
vt 0.68330000 0.48870000
vt 0.69160000 0.48870000
vt 0.69160000 0.37500000
vt 0.70150000 0.35210000
vt 0.70130000 0.27930000
vt 0.70130000 0.27930000
vt 0.70150000 0.35210000
vt 0.63180000 0.35150000
vt 0.62650000 0.35150000
vt 0.62650000 0.35150000
vt 0.63180000 0.35150000
vt 0.69780000 0.16040000
vt 0.69810000 0.22960000
vt 0.69810000 0.22960000
vt 0.69780000 0.16040000
vt 0.64010000 0.35140000
vt 0.64010000 0.27360000
vt 0.63960000 0.28230000
vt 0.63960000 0.34270000
vt 0.62300000 0.21890000
vt 0.62300000 0.16250000
vt 0.61930000 0.16850000
vt 0.61920000 0.22050000
vt 0.61530000 0.27930000
vt 0.61520000 0.35210000
vt 0.61590000 0.36330000
vt 0.65830000 0.12500000
vt 0.66670000 0.12500000
vt 0.66670000 0.01140000
vt 0.62580000 0.26270000
vt 0.62580000 0.36280000
vt 0.62650000 0.27410000
vt 0.61860000 0.22960000
vt 0.61770000 0.24160000
vt 0.62350000 0.22740000
vt 0.62580000 0.23820000
vt 0.62650000 0.22670000
vt 0.62580000 0.13840000
vt 0.62430000 0.13990000
vt 0.62420000 0.23860000
vt 0.62510000 0.25050000
vt 0.61850000 0.27750000
vt 0.61820000 0.35190000
vt 0.61880000 0.34320000
vt 0.61900000 0.28590000
vt 0.62420000 0.36280000
vt 0.62500000 0.37500000
vt 0.62420000 0.26320000
vt 0.61850000 0.27750000
vt 0.62350000 0.27490000
vt 0.61770000 0.26650000
vt 0.61820000 0.35190000
vt 0.61700000 0.25470000
vt 0.60850000 0.37630000
vt 0.61670000 0.37550000
vt 0.60930000 0.36380000
vt 0.69810000 0.22960000
vt 0.69880000 0.24160000
vt 0.69780000 0.16040000
vt 0.66740000 0.26220000
vt 0.67500000 0.25000000
vt 0.67420000 0.23780000
vt 0.69250000 0.23860000
vt 0.69160000 0.25050000
vt 0.65080000 0.36270000
vt 0.65750000 0.36270000
vt 0.65680000 0.35140000
vt 0.65160000 0.35140000
vt 0.60000000 0.37500000
vt 0.60000000 0.49990000
vt 0.60100000 0.48360000
vt 0.60080000 0.37380000
vt 0.70050000 0.26750000
vt 0.70670000 0.27160000
vt 0.70750000 0.25980000
vt 0.69970000 0.25470000
vt 0.70080000 0.36330000
vt 0.69320000 0.27490000
vt 0.69320000 0.35160000
vt 0.69320000 0.35160000
vt 0.69320000 0.27490000
vt 0.70600000 0.28260000
vt 0.70600000 0.28260000
vt 0.69320000 0.22740000
vt 0.69310000 0.15260000
vt 0.69230000 0.13990000
vt 0.61520000 0.35210000
vt 0.61020000 0.35230000
vt 0.61020000 0.35230000
vt 0.61520000 0.35210000
vt 0.61870000 0.16040000
vt 0.61810000 0.14980000
vt 0.61470000 0.34340000
vt 0.61080000 0.34350000
vt 0.66740000 0.23780000
vt 0.66740000 0.13720000
vt 0.66820000 0.27360000
vt 0.67420000 0.26220000
vt 0.66820000 0.14860000
vt 0.67340000 0.14860000
vt 0.67340000 0.14860000
vt 0.66820000 0.14860000
vt 0.65990000 0.27360000
vt 0.66510000 0.27360000
vt 0.65910000 0.26220000
vt 0.65910000 0.23780000
vt 0.65910000 0.13720000
vt 0.66590000 0.13720000
vt 0.66590000 0.23780000
vt 0.65910000 0.36270000
vt 0.65830000 0.37500000
vt 0.66590000 0.36270000
vt 0.66510000 0.35140000
vt 0.65080000 0.13720000
vt 0.65830000 0.25000000
vt 0.65750000 0.13720000
vt 0.65750000 0.23780000
vt 0.62710000 0.15830000
vt 0.63130000 0.15760000
vt 0.63180000 0.14880000
vt 0.62650000 0.14970000
vt 0.65680000 0.22650000
vt 0.65160000 0.22650000
vt 0.65680000 0.22650000
vt 0.65160000 0.22650000
vt 0.65160000 0.27360000
vt 0.65680000 0.27360000
vt 0.65680000 0.27360000
vt 0.65160000 0.27360000
vt 0.65160000 0.27360000
vt 0.65680000 0.27360000
vt 0.70740000 0.36380000
vt 0.70650000 0.35230000
vt 0.65210000 0.28230000
vt 0.65620000 0.28230000
vt 0.66510000 0.22650000
vt 0.65990000 0.22650000
vt 0.66820000 0.35140000
vt 0.66820000 0.35140000
vt 0.67420000 0.13720000
vt 0.67500000 0.12500000
vt 0.67570000 0.23780000
vt 0.67570000 0.13720000
vt 0.67650000 0.35140000
vt 0.67650000 0.27360000
vt 0.67570000 0.26220000
vt 0.67570000 0.36270000
vt 0.65750000 0.26220000
vt 0.65080000 0.26220000
vt 0.67650000 0.22650000
vt 0.68180000 0.22650000
vt 0.68260000 0.23780000
vt 0.68260000 0.13720000
vt 0.68180000 0.27360000
vt 0.68180000 0.35140000
vt 0.68260000 0.36270000
vt 0.68490000 0.14880000
vt 0.68420000 0.13730000
vt 0.68490000 0.22650000
vt 0.69010000 0.22670000
vt 0.69090000 0.23820000
vt 0.69000000 0.14970000
vt 0.62350000 0.22740000
vt 0.61860000 0.22960000
vt 0.69010000 0.22670000
vt 0.69000000 0.14970000
vt 0.69000000 0.14970000
vt 0.69010000 0.22670000
vt 0.68420000 0.23780000
vt 0.65990000 0.35140000
vt 0.69080000 0.13840000
vt 0.67500000 0.37500000
vt 0.67420000 0.36270000
vt 0.68180000 0.14860000
vt 0.67650000 0.14860000
vt 0.66510000 0.14860000
vt 0.62710000 0.28280000
vt 0.63130000 0.28240000
vt 0.63180000 0.27370000
vt 0.62650000 0.27410000
vt 0.68330000 0.12500000
vt 0.69090000 0.26270000
vt 0.69090000 0.36280000
vt 0.68490000 0.35150000
vt 0.68490000 0.27370000
vt 0.68420000 0.26220000
vt 0.63550000 0.28230000
vt 0.63480000 0.27360000
vt 0.69990000 0.37550000
vt 0.69920000 0.36330000
vt 0.69890000 0.26650000
vt 0.69250000 0.26320000
vt 0.69250000 0.36280000
vt 0.69830000 0.35190000
vt 0.64170000 0.00000000
vt 0.63340000 0.00000000
vt 0.63340000 0.01140000
vt 0.64170000 0.01140000
vt 0.70150000 0.35210000
vt 0.70130000 0.27930000
vt 0.69010000 0.35150000
vt 0.68490000 0.35150000
vt 0.68490000 0.35150000
vt 0.69010000 0.35150000
vt 0.69830000 0.35190000
vt 0.69820000 0.27750000
vt 0.63180000 0.14880000
vt 0.63180000 0.22650000
vt 0.63250000 0.23780000
vt 0.63250000 0.13730000
vt 0.65680000 0.35140000
vt 0.65160000 0.35140000
vt 0.61020000 0.35230000
vt 0.65680000 0.22650000
vt 0.65160000 0.22650000
vt 0.65620000 0.21770000
vt 0.65210000 0.21770000
vt 0.65210000 0.15720000
vt 0.65160000 0.14860000
vt 0.65680000 0.35140000
vt 0.65160000 0.35140000
vt 0.66820000 0.27360000
vt 0.67340000 0.27360000
vt 0.66820000 0.27360000
vt 0.67340000 0.35140000
vt 0.66820000 0.35140000
vt 0.66880000 0.28230000
vt 0.67290000 0.28230000
vt 0.69320000 0.22740000
vt 0.63250000 0.36270000
vt 0.63250000 0.26220000
vt 0.63180000 0.27370000
vt 0.62650000 0.14970000
vt 0.64850000 0.22650000
vt 0.63480000 0.27360000
vt 0.64010000 0.27360000
vt 0.63480000 0.27360000
vt 0.64010000 0.22650000
vt 0.63480000 0.22650000
vt 0.63480000 0.35140000
vt 0.64010000 0.14860000
vt 0.63480000 0.14860000
vt 0.63550000 0.15720000
vt 0.63960000 0.15720000
vt 0.64010000 0.22650000
vt 0.63960000 0.21770000
vt 0.63550000 0.21770000
vt 0.63480000 0.22650000
vt 0.65990000 0.27360000
vt 0.66510000 0.27360000
vt 0.66510000 0.14860000
vt 0.66510000 0.14860000
vt 0.65990000 0.14860000
vt 0.66510000 0.35140000
vt 0.65990000 0.35140000
vt 0.65990000 0.35140000
vt 0.66510000 0.35140000
vt 0.66510000 0.22650000
vt 0.66460000 0.21770000
vt 0.61530000 0.27930000
vt 0.61480000 0.28850000
vt 0.61530000 0.27930000
vt 0.69160000 0.12620000
vt 0.68540000 0.15760000
vt 0.68950000 0.15830000
vt 0.68490000 0.14880000
vt 0.67650000 0.14860000
vt 0.68180000 0.14860000
vt 0.66460000 0.15720000
vt 0.63180000 0.27370000
vt 0.63180000 0.35150000
vt 0.67650000 0.14860000
vt 0.68180000 0.14860000
vt 0.66510000 0.22650000
vt 0.67650000 0.22650000
vt 0.68180000 0.22650000
vt 0.68120000 0.21770000
vt 0.67710000 0.21770000
vt 0.65990000 0.14860000
vt 0.65990000 0.22650000
vt 0.66040000 0.28230000
vt 0.66460000 0.28230000
vt 0.66510000 0.27360000
vt 0.65990000 0.27360000
vt 0.67650000 0.35140000
vt 0.67650000 0.27360000
vt 0.67650000 0.27360000
vt 0.67650000 0.35140000
vt 0.66040000 0.34270000
vt 0.66460000 0.34270000
vt 0.64310000 0.35140000
vt 0.68180000 0.27360000
vt 0.68180000 0.35140000
vt 0.66820000 0.22650000
vt 0.67340000 0.22650000
vt 0.67340000 0.22650000
vt 0.66820000 0.22650000
vt 0.67340000 0.14860000
vt 0.67290000 0.15720000
vt 0.67290000 0.21770000
vt 0.66880000 0.34270000
vt 0.67290000 0.34270000
vt 0.66880000 0.21770000
vt 0.66880000 0.15720000
vt 0.66820000 0.14860000
vt 0.67650000 0.22650000
vt 0.68180000 0.22650000
vt 0.68180000 0.27360000
vt 0.67710000 0.28230000
vt 0.68120000 0.28230000
vt 0.68120000 0.34270000
vt 0.68180000 0.35140000
vt 0.67710000 0.15720000
vt 0.68120000 0.15720000
vt 0.64310000 0.14860000
vt 0.70000000 0.50010000
vt 0.70830000 0.49990000
vt 0.70810000 0.48820000
vt 0.70000000 0.48870000
vt 0.61140000 0.17020000
vt 0.60920000 0.25980000
vt 0.70830000 0.12500000
vt 0.70770000 0.13410000
vt 0.69970000 0.01440000
vt 0.70000000 0.00000000
vt 0.70530000 0.17020000
vt 0.60090000 0.25530000
vt 0.60860000 0.48760000
vt 0.70820000 0.37630000
vt 0.64790000 0.28230000
vt 0.64380000 0.28230000
vt 0.64380000 0.34270000
vt 0.64790000 0.34270000
vt 0.65160000 0.14860000
vt 0.65680000 0.14860000
vt 0.65160000 0.14860000
vt 0.65680000 0.14860000
vt 0.65210000 0.34270000
vt 0.69160000 0.00000000
vt 0.69150000 0.01210000
vt 0.69930000 0.13830000
vt 0.69860000 0.14980000
vt 0.68540000 0.34270000
vt 0.68540000 0.28240000
vt 0.68490000 0.27370000
vt 0.69310000 0.15260000
vt 0.69320000 0.22740000
vt 0.69310000 0.15260000
vt 0.70650000 0.35230000
vt 0.70600000 0.28260000
vt 0.70650000 0.35230000
vt 0.69730000 0.16850000
vt 0.69750000 0.22050000
vt 0.69370000 0.21890000
vt 0.69370000 0.16250000
vt 0.61670000 0.50010000
vt 0.62500000 0.49990000
vt 0.62500000 0.48870000
vt 0.61670000 0.48870000
vt 0.62500000 0.00000000
vt 0.61670000 0.00000000
vt 0.60830000 0.49990000
vt 0.69370000 0.34290000
vt 0.69780000 0.34320000
vt 0.69770000 0.28590000
vt 0.69370000 0.28400000
vt 0.63550000 0.34270000
vt 0.63340000 0.48870000
vt 0.60880000 0.13410000
vt 0.60990000 0.27160000
vt 0.61620000 0.26750000
vt 0.61070000 0.28260000
vt 0.61070000 0.28260000
vt 0.61070000 0.28260000
vt 0.61850000 0.27750000
vt 0.62350000 0.27490000
vt 0.61120000 0.29110000
vt 0.62290000 0.34290000
vt 0.62350000 0.35160000
vt 0.66820000 0.22650000
vt 0.67340000 0.22650000
vt 0.61870000 0.16040000
vt 0.61860000 0.22960000
vt 0.62650000 0.35150000
vt 0.62710000 0.34280000
vt 0.64850000 0.35140000
vt 0.62350000 0.35160000
vt 0.61750000 0.36330000
vt 0.62350000 0.35160000
vt 0.61820000 0.35190000
vt 0.62350000 0.15260000
vt 0.62350000 0.22740000
vt 0.62350000 0.15260000
vt 0.69160000 0.49990000
vt 0.62350000 0.27490000
vt 0.62300000 0.28400000
vt 0.70190000 0.28850000
vt 0.70550000 0.29110000
vt 0.62350000 0.15260000
vt 0.62650000 0.22670000
vt 0.62650000 0.14970000
vt 0.63180000 0.14880000
vt 0.63180000 0.22650000
vt 0.63180000 0.22650000
vt 0.64310000 0.22650000
vt 0.62710000 0.21800000
vt 0.62650000 0.22670000
vt 0.63130000 0.21780000
vt 0.69320000 0.27490000
vt 0.69320000 0.35160000
vt 0.69820000 0.27750000
vt 0.69820000 0.27750000
vt 0.69830000 0.35190000
vt 0.61870000 0.16040000
vt 0.70590000 0.34350000
vt 0.63130000 0.34270000
vt 0.65680000 0.14860000
vt 0.65620000 0.15720000
vt 0.68490000 0.14880000
vt 0.68490000 0.22650000
vt 0.68950000 0.28280000
vt 0.69010000 0.27410000
vt 0.68540000 0.21780000
vt 0.68950000 0.21800000
vt 0.65620000 0.34270000
vt 0.69010000 0.27410000
vt 0.62650000 0.27410000
vt 0.69010000 0.35150000
vt 0.68490000 0.22650000
vt 0.69010000 0.27410000
vt 0.68950000 0.34280000
vt 0.67500000 0.00000000
vt 0.66670000 0.00000000
vt 0.67500000 0.01140000
vt 0.67710000 0.34270000
vt 0.63340000 0.50010000
vt 0.68330000 0.50010000
vt 0.70200000 0.34340000
vt 0.71550000 0.48360000
vt 0.68330000 0.01140000
vt 0.68330000 0.00000000
vt 0.68490000 0.27370000
vt 0.67500000 0.48870000
vt 0.60830000 0.12500000
vt 0.60000000 0.25000000
vt 0.71660000 0.49990000
vt 0.67500000 0.49990000
vt 0.64850000 0.27360000
vt 0.64310000 0.27360000
vt 0.64920000 0.26220000
vt 0.64850000 0.14860000
vt 0.64310000 0.14860000
vt 0.64850000 0.14860000
vt 0.64310000 0.14860000
vt 0.67340000 0.35140000
vt 0.67340000 0.27360000
vt 0.67340000 0.35140000
vt 0.67340000 0.27360000
vt 0.64920000 0.13720000
vt 0.64920000 0.23780000
vt 0.64850000 0.14860000
vt 0.64850000 0.22650000
vt 0.65080000 0.23780000
vt 0.65000000 0.25000000
vt 0.65000000 0.12500000
vt 0.64920000 0.36270000
vt 0.65000000 0.37500000
vt 0.64380000 0.15720000
vt 0.64790000 0.15720000
vt 0.64310000 0.22650000
vt 0.64380000 0.21770000
vt 0.64790000 0.21770000
vt 0.64850000 0.22650000
vt 0.64170000 0.25000000
vt 0.64240000 0.26220000
vt 0.64240000 0.36270000
vt 0.64240000 0.23780000
vt 0.64170000 0.12500000
vt 0.64080000 0.13720000
vt 0.63410000 0.13720000
vt 0.63480000 0.14860000
vt 0.64010000 0.14860000
vt 0.63410000 0.23780000
vt 0.63480000 0.22650000
vt 0.63410000 0.26220000
vt 0.63410000 0.36270000
vt 0.63340000 0.25000000
vt 0.64010000 0.27360000
vt 0.64080000 0.26220000
vt 0.64080000 0.36270000
vt 0.64170000 0.37500000
vt 0.64010000 0.22650000
vt 0.64080000 0.23780000
vt 0.64010000 0.35140000
vt 0.63340000 0.37500000
vt 0.63480000 0.35140000
vt 0.64010000 0.35140000
vt 0.63480000 0.35140000
vt 0.63340000 0.12500000
vt 0.66740000 0.36270000
vt 0.66670000 0.37500000
vt 0.66670000 0.25000000
vt 0.66590000 0.26220000
vt 0.68420000 0.36270000
vt 0.68330000 0.37500000
vt 0.68330000 0.25000000
vt 0.68260000 0.26220000
vt 0.66040000 0.15720000
vt 0.66040000 0.21770000
vt 0.65990000 0.14860000
vt 0.65990000 0.22650000
vt 0.64240000 0.13720000
vt 0.64310000 0.22650000
vt 0.64850000 0.27360000
vt 0.64310000 0.27360000
vt 0.64310000 0.35140000
vt 0.64850000 0.35140000
vt 0.64310000 0.35140000
vt 0.64850000 0.35140000
vt 0.64850000 0.27360000
vt 0.64310000 0.27360000
vt 0.71660000 0.25000000
vt 0.71660000 0.37500000
vt 0.71580000 0.25530000
vt 0.71580000 0.37380000
vt 0.61730000 0.13830000
vt 0.61700000 0.01440000
vt 0.62510000 0.12620000
vt 0.62510000 0.01170000
vt 0.65000000 0.00000000
vt 0.65830000 0.00000000
vt 0.65000000 0.01140000
vt 0.65830000 0.01140000
vt 0.65000000 0.50010000
vt 0.64170000 0.49990000
vt 0.65000000 0.48870000
vt 0.64170000 0.48870000
vt 0.66670000 0.50010000
vt 0.65830000 0.49990000
vt 0.66670000 0.48870000
vt 0.65830000 0.48870000
vt 0.63480000 0.14860000
vt 0.64010000 0.14860000
vt 0.68330000 0.48870000
vt 0.69160000 0.48870000
vt 0.69160000 0.37500000
vt 0.70130000 0.27930000
vt 0.70150000 0.35210000
vt 0.70130000 0.27930000
vt 0.70150000 0.35210000
vt 0.62650000 0.35150000
vt 0.63180000 0.35150000
vt 0.62650000 0.35150000
vt 0.63180000 0.35150000
vt 0.69810000 0.22960000
vt 0.69780000 0.16040000
vt 0.69810000 0.22960000
vt 0.69780000 0.16040000
vt 0.64010000 0.27360000
vt 0.64010000 0.35140000
vt 0.63960000 0.28230000
vt 0.63960000 0.34270000
vt 0.62300000 0.16250000
vt 0.62300000 0.21890000
vt 0.61930000 0.16850000
vt 0.61920000 0.22050000
vt 0.61520000 0.35210000
vt 0.61530000 0.27930000
vt 0.61590000 0.36330000
vt 0.65830000 0.12500000
vt 0.66670000 0.12500000
vt 0.66670000 0.01140000
vt 0.62580000 0.36280000
vt 0.62580000 0.26270000
vt 0.62650000 0.27410000
vt 0.61770000 0.24160000
vt 0.61860000 0.22960000
vt 0.62350000 0.22740000
vt 0.62650000 0.22670000
vt 0.62580000 0.23820000
vt 0.62580000 0.13840000
vt 0.62420000 0.23860000
vt 0.62430000 0.13990000
vt 0.62510000 0.25050000
vt 0.61820000 0.35190000
vt 0.61850000 0.27750000
vt 0.61880000 0.34320000
vt 0.61900000 0.28590000
vt 0.62500000 0.37500000
vt 0.62420000 0.36280000
vt 0.62420000 0.26320000
vt 0.62350000 0.27490000
vt 0.61850000 0.27750000
vt 0.61820000 0.35190000
vt 0.61770000 0.26650000
vt 0.61700000 0.25470000
vt 0.61670000 0.37550000
vt 0.60850000 0.37630000
vt 0.60930000 0.36380000
vt 0.69880000 0.24160000
vt 0.69810000 0.22960000
vt 0.69780000 0.16040000
vt 0.66740000 0.26220000
vt 0.67500000 0.25000000
vt 0.67420000 0.23780000
vt 0.69250000 0.23860000
vt 0.69160000 0.25050000
vt 0.65750000 0.36270000
vt 0.65080000 0.36270000
vt 0.65680000 0.35140000
vt 0.65160000 0.35140000
vt 0.60000000 0.49990000
vt 0.60000000 0.37500000
vt 0.60100000 0.48360000
vt 0.60080000 0.37380000
vt 0.70670000 0.27160000
vt 0.70050000 0.26750000
vt 0.70750000 0.25980000
vt 0.70080000 0.36330000
vt 0.69970000 0.25470000
vt 0.69320000 0.35160000
vt 0.69320000 0.27490000
vt 0.69320000 0.35160000
vt 0.69320000 0.27490000
vt 0.70600000 0.28260000
vt 0.70600000 0.28260000
vt 0.69310000 0.15260000
vt 0.69320000 0.22740000
vt 0.69230000 0.13990000
vt 0.61020000 0.35230000
vt 0.61520000 0.35210000
vt 0.61020000 0.35230000
vt 0.61520000 0.35210000
vt 0.61870000 0.16040000
vt 0.61810000 0.14980000
vt 0.61080000 0.34350000
vt 0.61470000 0.34340000
vt 0.66740000 0.13720000
vt 0.66740000 0.23780000
vt 0.66820000 0.27360000
vt 0.67420000 0.26220000
vt 0.67340000 0.14860000
vt 0.66820000 0.14860000
vt 0.67340000 0.14860000
vt 0.66820000 0.14860000
vt 0.66510000 0.27360000
vt 0.65990000 0.27360000
vt 0.65910000 0.26220000
vt 0.65910000 0.13720000
vt 0.65910000 0.23780000
vt 0.66590000 0.23780000
vt 0.66590000 0.13720000
vt 0.65830000 0.37500000
vt 0.65910000 0.36270000
vt 0.66590000 0.36270000
vt 0.66510000 0.35140000
vt 0.65080000 0.13720000
vt 0.65750000 0.13720000
vt 0.65830000 0.25000000
vt 0.65750000 0.23780000
vt 0.63130000 0.15760000
vt 0.62710000 0.15830000
vt 0.63180000 0.14880000
vt 0.62650000 0.14970000
vt 0.65160000 0.22650000
vt 0.65680000 0.22650000
vt 0.65680000 0.22650000
vt 0.65160000 0.22650000
vt 0.65680000 0.27360000
vt 0.65160000 0.27360000
vt 0.65680000 0.27360000
vt 0.65160000 0.27360000
vt 0.65680000 0.27360000
vt 0.65160000 0.27360000
vt 0.70740000 0.36380000
vt 0.70650000 0.35230000
vt 0.65210000 0.28230000
vt 0.65620000 0.28230000
vt 0.65990000 0.22650000
vt 0.66510000 0.22650000
vt 0.66820000 0.35140000
vt 0.66820000 0.35140000
vt 0.67420000 0.13720000
vt 0.67570000 0.23780000
vt 0.67500000 0.12500000
vt 0.67570000 0.13720000
vt 0.67650000 0.27360000
vt 0.67650000 0.35140000
vt 0.67570000 0.26220000
vt 0.67570000 0.36270000
vt 0.65750000 0.26220000
vt 0.65080000 0.26220000
vt 0.67650000 0.22650000
vt 0.68180000 0.22650000
vt 0.68260000 0.23780000
vt 0.68260000 0.13720000
vt 0.68180000 0.35140000
vt 0.68180000 0.27360000
vt 0.68260000 0.36270000
vt 0.68420000 0.13730000
vt 0.68490000 0.14880000
vt 0.68490000 0.22650000
vt 0.69090000 0.23820000
vt 0.69010000 0.22670000
vt 0.69000000 0.14970000
vt 0.61860000 0.22960000
vt 0.62350000 0.22740000
vt 0.69000000 0.14970000
vt 0.69010000 0.22670000
vt 0.69000000 0.14970000
vt 0.69010000 0.22670000
vt 0.68420000 0.23780000
vt 0.65990000 0.35140000
vt 0.69080000 0.13840000
vt 0.67500000 0.37500000
vt 0.67420000 0.36270000
vt 0.68180000 0.14860000
vt 0.67650000 0.14860000
vt 0.66510000 0.14860000
vt 0.63130000 0.28240000
vt 0.62710000 0.28280000
vt 0.63180000 0.27370000
vt 0.62650000 0.27410000
vt 0.68330000 0.12500000
vt 0.69090000 0.36280000
vt 0.69090000 0.26270000
vt 0.68490000 0.27370000
vt 0.68490000 0.35150000
vt 0.68420000 0.26220000
vt 0.63550000 0.28230000
vt 0.63480000 0.27360000
vt 0.69990000 0.37550000
vt 0.69920000 0.36330000
vt 0.69890000 0.26650000
vt 0.69250000 0.26320000
vt 0.69250000 0.36280000
vt 0.69830000 0.35190000
vt 0.63340000 0.00000000
vt 0.64170000 0.00000000
vt 0.63340000 0.01140000
vt 0.64170000 0.01140000
vt 0.70150000 0.35210000
vt 0.70130000 0.27930000
vt 0.68490000 0.35150000
vt 0.69010000 0.35150000
vt 0.68490000 0.35150000
vt 0.69010000 0.35150000
vt 0.69830000 0.35190000
vt 0.69820000 0.27750000
vt 0.63180000 0.22650000
vt 0.63180000 0.14880000
vt 0.63250000 0.23780000
vt 0.63250000 0.13730000
vt 0.65160000 0.35140000
vt 0.65680000 0.35140000
vt 0.61020000 0.35230000
vt 0.65160000 0.22650000
vt 0.65680000 0.22650000
vt 0.65620000 0.21770000
vt 0.65210000 0.21770000
vt 0.65210000 0.15720000
vt 0.65160000 0.14860000
vt 0.65160000 0.35140000
vt 0.65680000 0.35140000
vt 0.67340000 0.27360000
vt 0.66820000 0.27360000
vt 0.66820000 0.27360000
vt 0.66820000 0.35140000
vt 0.67340000 0.35140000
vt 0.67290000 0.28230000
vt 0.66880000 0.28230000
vt 0.69320000 0.22740000
vt 0.63250000 0.26220000
vt 0.63250000 0.36270000
vt 0.63180000 0.27370000
vt 0.62650000 0.14970000
vt 0.64850000 0.22650000
vt 0.64010000 0.27360000
vt 0.63480000 0.27360000
vt 0.63480000 0.27360000
vt 0.63480000 0.22650000
vt 0.64010000 0.22650000
vt 0.63480000 0.35140000
vt 0.63480000 0.14860000
vt 0.64010000 0.14860000
vt 0.63550000 0.15720000
vt 0.63960000 0.15720000
vt 0.64010000 0.22650000
vt 0.63960000 0.21770000
vt 0.63550000 0.21770000
vt 0.63480000 0.22650000
vt 0.66510000 0.27360000
vt 0.65990000 0.27360000
vt 0.66510000 0.14860000
vt 0.66510000 0.14860000
vt 0.65990000 0.14860000
vt 0.65990000 0.35140000
vt 0.66510000 0.35140000
vt 0.65990000 0.35140000
vt 0.66510000 0.35140000
vt 0.66510000 0.22650000
vt 0.66460000 0.21770000
vt 0.61530000 0.27930000
vt 0.61480000 0.28850000
vt 0.61530000 0.27930000
vt 0.69160000 0.12620000
vt 0.68950000 0.15830000
vt 0.68540000 0.15760000
vt 0.68490000 0.14880000
vt 0.68180000 0.14860000
vt 0.67650000 0.14860000
vt 0.66460000 0.15720000
vt 0.63180000 0.27370000
vt 0.63180000 0.35150000
vt 0.68180000 0.14860000
vt 0.67650000 0.14860000
vt 0.66510000 0.22650000
vt 0.68180000 0.22650000
vt 0.67650000 0.22650000
vt 0.68120000 0.21770000
vt 0.67710000 0.21770000
vt 0.65990000 0.14860000
vt 0.65990000 0.22650000
vt 0.66460000 0.28230000
vt 0.66040000 0.28230000
vt 0.66510000 0.27360000
vt 0.65990000 0.27360000
vt 0.67650000 0.27360000
vt 0.67650000 0.35140000
vt 0.67650000 0.27360000
vt 0.67650000 0.35140000
vt 0.66040000 0.34270000
vt 0.66460000 0.34270000
vt 0.64310000 0.35140000
vt 0.68180000 0.35140000
vt 0.68180000 0.27360000
vt 0.67340000 0.22650000
vt 0.66820000 0.22650000
vt 0.67340000 0.22650000
vt 0.66820000 0.22650000
vt 0.67340000 0.14860000
vt 0.67290000 0.15720000
vt 0.67290000 0.21770000
vt 0.66880000 0.34270000
vt 0.67290000 0.34270000
vt 0.66880000 0.15720000
vt 0.66880000 0.21770000
vt 0.66820000 0.14860000
vt 0.67650000 0.22650000
vt 0.68180000 0.22650000
vt 0.68180000 0.27360000
vt 0.68120000 0.28230000
vt 0.67710000 0.28230000
vt 0.68120000 0.34270000
vt 0.68180000 0.35140000
vt 0.67710000 0.15720000
vt 0.68120000 0.15720000
vt 0.64310000 0.14860000
vt 0.70830000 0.49990000
vt 0.70000000 0.50010000
vt 0.70810000 0.48820000
vt 0.70000000 0.48870000
vt 0.61140000 0.17020000
vt 0.60920000 0.25980000
vt 0.70830000 0.12500000
vt 0.70770000 0.13410000
vt 0.69970000 0.01440000
vt 0.70000000 0.00000000
vt 0.70530000 0.17020000
vt 0.60090000 0.25530000
vt 0.60860000 0.48760000
vt 0.70820000 0.37630000
vt 0.64380000 0.28230000
vt 0.64790000 0.28230000
vt 0.64380000 0.34270000
vt 0.64790000 0.34270000
vt 0.65680000 0.14860000
vt 0.65160000 0.14860000
vt 0.65680000 0.14860000
vt 0.65160000 0.14860000
vt 0.65210000 0.34270000
vt 0.69160000 0.00000000
vt 0.69150000 0.01210000
vt 0.69930000 0.13830000
vt 0.69860000 0.14980000
vt 0.68540000 0.28240000
vt 0.68540000 0.34270000
vt 0.68490000 0.27370000
vt 0.69310000 0.15260000
vt 0.69310000 0.15260000
vt 0.69320000 0.22740000
vt 0.70650000 0.35230000
vt 0.70600000 0.28260000
vt 0.70650000 0.35230000
vt 0.69730000 0.16850000
vt 0.69750000 0.22050000
vt 0.69370000 0.21890000
vt 0.69370000 0.16250000
vt 0.62500000 0.49990000
vt 0.61670000 0.50010000
vt 0.62500000 0.48870000
vt 0.61670000 0.48870000
vt 0.61670000 0.00000000
vt 0.62500000 0.00000000
vt 0.60830000 0.49990000
vt 0.69780000 0.34320000
vt 0.69370000 0.34290000
vt 0.69770000 0.28590000
vt 0.69370000 0.28400000
vt 0.63550000 0.34270000
vt 0.63340000 0.48870000
vt 0.60880000 0.13410000
vt 0.60990000 0.27160000
vt 0.61620000 0.26750000
vt 0.61070000 0.28260000
vt 0.61070000 0.28260000
vt 0.61070000 0.28260000
vt 0.61850000 0.27750000
vt 0.62350000 0.27490000
vt 0.61120000 0.29110000
vt 0.62290000 0.34290000
vt 0.62350000 0.35160000
vt 0.66820000 0.22650000
vt 0.67340000 0.22650000
vt 0.61870000 0.16040000
vt 0.61860000 0.22960000
vt 0.62650000 0.35150000
vt 0.62710000 0.34280000
vt 0.64850000 0.35140000
vt 0.62350000 0.35160000
vt 0.61750000 0.36330000
vt 0.62350000 0.35160000
vt 0.61820000 0.35190000
vt 0.62350000 0.22740000
vt 0.62350000 0.15260000
vt 0.62350000 0.15260000
vt 0.69160000 0.49990000
vt 0.62350000 0.27490000
vt 0.62300000 0.28400000
vt 0.70550000 0.29110000
vt 0.70190000 0.28850000
vt 0.62350000 0.15260000
vt 0.62650000 0.22670000
vt 0.62650000 0.14970000
vt 0.63180000 0.14880000
vt 0.63180000 0.22650000
vt 0.63180000 0.22650000
vt 0.64310000 0.22650000
vt 0.62710000 0.21800000
vt 0.62650000 0.22670000
vt 0.63130000 0.21780000
vt 0.69320000 0.27490000
vt 0.69320000 0.35160000
vt 0.69820000 0.27750000
vt 0.69820000 0.27750000
vt 0.69830000 0.35190000
vt 0.61870000 0.16040000
vt 0.70590000 0.34350000
vt 0.63130000 0.34270000
vt 0.65680000 0.14860000
vt 0.65620000 0.15720000
vt 0.68490000 0.14880000
vt 0.68490000 0.22650000
vt 0.68950000 0.28280000
vt 0.69010000 0.27410000
vt 0.68540000 0.21780000
vt 0.68950000 0.21800000
vt 0.65620000 0.34270000
vt 0.69010000 0.27410000
vt 0.62650000 0.27410000
vt 0.69010000 0.35150000
vt 0.68490000 0.22650000
vt 0.69010000 0.27410000
vt 0.68950000 0.34280000
vt 0.66670000 0.00000000
vt 0.67500000 0.00000000
vt 0.67500000 0.01140000
vt 0.67710000 0.34270000
vt 0.63340000 0.50010000
vt 0.68330000 0.50010000
vt 0.70200000 0.34340000
vt 0.71550000 0.48360000
vt 0.68330000 0.01140000
vt 0.68330000 0.00000000
vt 0.68490000 0.27370000
vt 0.67500000 0.48870000
vt 0.60830000 0.12500000
vt 0.60000000 0.25000000
vt 0.71660000 0.49990000
vt 0.67500000 0.49990000
vt 0.64310000 0.27360000
vt 0.64850000 0.27360000
vt 0.64920000 0.26220000
vt 0.64310000 0.14860000
vt 0.64850000 0.14860000
vt 0.64850000 0.14860000
vt 0.64310000 0.14860000
vt 0.67340000 0.27360000
vt 0.67340000 0.35140000
vt 0.67340000 0.35140000
vt 0.67340000 0.27360000
vt 0.64920000 0.23780000
vt 0.64920000 0.13720000
vt 0.64850000 0.14860000
vt 0.64850000 0.22650000
vt 0.65000000 0.25000000
vt 0.65080000 0.23780000
vt 0.65000000 0.12500000
vt 0.64920000 0.36270000
vt 0.65000000 0.37500000
vt 0.64380000 0.15720000
vt 0.64790000 0.15720000
vt 0.64310000 0.22650000
vt 0.64380000 0.21770000
vt 0.64790000 0.21770000
vt 0.64850000 0.22650000
vt 0.64240000 0.26220000
vt 0.64170000 0.25000000
vt 0.64240000 0.36270000
vt 0.64240000 0.23780000
vt 0.64170000 0.12500000
vt 0.64080000 0.13720000
vt 0.63410000 0.13720000
vt 0.63480000 0.14860000
vt 0.64010000 0.14860000
vt 0.63410000 0.23780000
vt 0.63480000 0.22650000
vt 0.63410000 0.36270000
vt 0.63410000 0.26220000
vt 0.63340000 0.25000000
vt 0.64080000 0.26220000
vt 0.64010000 0.27360000
vt 0.64080000 0.36270000
vt 0.64170000 0.37500000
vt 0.64010000 0.22650000
vt 0.64080000 0.23780000
vt 0.64010000 0.35140000
vt 0.63340000 0.37500000
vt 0.64010000 0.35140000
vt 0.63480000 0.35140000
vt 0.63480000 0.35140000
vt 0.63340000 0.12500000
vt 0.66670000 0.37500000
vt 0.66740000 0.36270000
vt 0.66670000 0.25000000
vt 0.66590000 0.26220000
vt 0.68330000 0.37500000
vt 0.68420000 0.36270000
vt 0.68330000 0.25000000
vt 0.68260000 0.26220000
vt 0.66040000 0.21770000
vt 0.66040000 0.15720000
vt 0.65990000 0.14860000
vt 0.65990000 0.22650000
vt 0.64240000 0.13720000
vt 0.64310000 0.22650000
vt 0.64310000 0.27360000
vt 0.64850000 0.27360000
vt 0.64850000 0.35140000
vt 0.64310000 0.35140000
vt 0.64310000 0.35140000
vt 0.64850000 0.35140000
vt 0.64310000 0.27360000
vt 0.64850000 0.27360000
vt 0.71660000 0.37500000
vt 0.71660000 0.25000000
vt 0.71580000 0.25530000
vt 0.71580000 0.37380000
vt 0.61700000 0.01440000
vt 0.61730000 0.13830000
vt 0.62510000 0.12620000
vt 0.62510000 0.01170000
vt 0.65830000 0.00000000
vt 0.65000000 0.00000000
vt 0.65000000 0.01140000
vt 0.65830000 0.01140000
vt 0.64170000 0.49990000
vt 0.65000000 0.50010000
vt 0.65000000 0.48870000
vt 0.64170000 0.48870000
vt 0.65830000 0.49990000
vt 0.66670000 0.50010000
vt 0.66670000 0.48870000
vt 0.65830000 0.48870000
vt 0.63480000 0.14860000
vt 0.64010000 0.14860000
vt 0.68330000 0.48870000
vt 0.69160000 0.48870000
vt 0.69160000 0.37500000
vt 0.70150000 0.35210000
vt 0.70130000 0.27930000
vt 0.70130000 0.27930000
vt 0.70150000 0.35210000
vt 0.63180000 0.35150000
vt 0.62650000 0.35150000
vt 0.62650000 0.35150000
vt 0.63180000 0.35150000
vt 0.69780000 0.16040000
vt 0.69810000 0.22960000
vt 0.69810000 0.22960000
vt 0.69780000 0.16040000
vt 0.64010000 0.35140000
vt 0.64010000 0.27360000
vt 0.63960000 0.28230000
vt 0.63960000 0.34270000
vt 0.62300000 0.21890000
vt 0.62300000 0.16250000
vt 0.61930000 0.16850000
vt 0.61920000 0.22050000
vt 0.61530000 0.27930000
vt 0.61520000 0.35210000
vt 0.61590000 0.36330000
vt 0.65830000 0.12500000
vt 0.66670000 0.12500000
vt 0.66670000 0.01140000
vt 0.62580000 0.26270000
vt 0.62580000 0.36280000
vt 0.62650000 0.27410000
vt 0.61860000 0.22960000
vt 0.61770000 0.24160000
vt 0.62350000 0.22740000
vt 0.62580000 0.23820000
vt 0.62650000 0.22670000
vt 0.62580000 0.13840000
vt 0.62430000 0.13990000
vt 0.62420000 0.23860000
vt 0.62510000 0.25050000
vt 0.61850000 0.27750000
vt 0.61820000 0.35190000
vt 0.61880000 0.34320000
vt 0.61900000 0.28590000
vt 0.62420000 0.36280000
vt 0.62500000 0.37500000
vt 0.62420000 0.26320000
vt 0.61850000 0.27750000
vt 0.62350000 0.27490000
vt 0.61770000 0.26650000
vt 0.61820000 0.35190000
vt 0.61700000 0.25470000
vt 0.60850000 0.37630000
vt 0.61670000 0.37550000
vt 0.60930000 0.36380000
vt 0.69810000 0.22960000
vt 0.69880000 0.24160000
vt 0.69780000 0.16040000
vt 0.66740000 0.26220000
vt 0.67500000 0.25000000
vt 0.67420000 0.23780000
vt 0.69250000 0.23860000
vt 0.69160000 0.25050000
vt 0.65080000 0.36270000
vt 0.65750000 0.36270000
vt 0.65680000 0.35140000
vt 0.65160000 0.35140000
vt 0.60000000 0.37500000
vt 0.60000000 0.49990000
vt 0.60100000 0.48360000
vt 0.60080000 0.37380000
vt 0.70050000 0.26750000
vt 0.70670000 0.27160000
vt 0.70750000 0.25980000
vt 0.69970000 0.25470000
vt 0.70080000 0.36330000
vt 0.69320000 0.27490000
vt 0.69320000 0.35160000
vt 0.69320000 0.35160000
vt 0.69320000 0.27490000
vt 0.70600000 0.28260000
vt 0.70600000 0.28260000
vt 0.69320000 0.22740000
vt 0.69310000 0.15260000
vt 0.69230000 0.13990000
vt 0.61520000 0.35210000
vt 0.61020000 0.35230000
vt 0.61020000 0.35230000
vt 0.61520000 0.35210000
vt 0.61870000 0.16040000
vt 0.61810000 0.14980000
vt 0.61470000 0.34340000
vt 0.61080000 0.34350000
vt 0.66740000 0.23780000
vt 0.66740000 0.13720000
vt 0.66820000 0.27360000
vt 0.67420000 0.26220000
vt 0.66820000 0.14860000
vt 0.67340000 0.14860000
vt 0.67340000 0.14860000
vt 0.66820000 0.14860000
vt 0.65990000 0.27360000
vt 0.66510000 0.27360000
vt 0.65910000 0.26220000
vt 0.65910000 0.23780000
vt 0.65910000 0.13720000
vt 0.66590000 0.13720000
vt 0.66590000 0.23780000
vt 0.65910000 0.36270000
vt 0.65830000 0.37500000
vt 0.66590000 0.36270000
vt 0.66510000 0.35140000
vt 0.65080000 0.13720000
vt 0.65830000 0.25000000
vt 0.65750000 0.13720000
vt 0.65750000 0.23780000
vt 0.62710000 0.15830000
vt 0.63130000 0.15760000
vt 0.63180000 0.14880000
vt 0.62650000 0.14970000
vt 0.65680000 0.22650000
vt 0.65160000 0.22650000
vt 0.65680000 0.22650000
vt 0.65160000 0.22650000
vt 0.65160000 0.27360000
vt 0.65680000 0.27360000
vt 0.65680000 0.27360000
vt 0.65160000 0.27360000
vt 0.65160000 0.27360000
vt 0.65680000 0.27360000
vt 0.70740000 0.36380000
vt 0.70650000 0.35230000
vt 0.65210000 0.28230000
vt 0.65620000 0.28230000
vt 0.66510000 0.22650000
vt 0.65990000 0.22650000
vt 0.66820000 0.35140000
vt 0.66820000 0.35140000
vt 0.67420000 0.13720000
vt 0.67500000 0.12500000
vt 0.67570000 0.23780000
vt 0.67570000 0.13720000
vt 0.67650000 0.35140000
vt 0.67650000 0.27360000
vt 0.67570000 0.26220000
vt 0.67570000 0.36270000
vt 0.65750000 0.26220000
vt 0.65080000 0.26220000
vt 0.67650000 0.22650000
vt 0.68180000 0.22650000
vt 0.68260000 0.23780000
vt 0.68260000 0.13720000
vt 0.68180000 0.27360000
vt 0.68180000 0.35140000
vt 0.68260000 0.36270000
vt 0.68490000 0.14880000
vt 0.68420000 0.13730000
vt 0.68490000 0.22650000
vt 0.69010000 0.22670000
vt 0.69090000 0.23820000
vt 0.69000000 0.14970000
vt 0.62350000 0.22740000
vt 0.61860000 0.22960000
vt 0.69010000 0.22670000
vt 0.69000000 0.14970000
vt 0.69000000 0.14970000
vt 0.69010000 0.22670000
vt 0.68420000 0.23780000
vt 0.65990000 0.35140000
vt 0.69080000 0.13840000
vt 0.67500000 0.37500000
vt 0.67420000 0.36270000
vt 0.68180000 0.14860000
vt 0.67650000 0.14860000
vt 0.66510000 0.14860000
vt 0.62710000 0.28280000
vt 0.63130000 0.28240000
vt 0.63180000 0.27370000
vt 0.62650000 0.27410000
vt 0.68330000 0.12500000
vt 0.69090000 0.26270000
vt 0.69090000 0.36280000
vt 0.68490000 0.35150000
vt 0.68490000 0.27370000
vt 0.68420000 0.26220000
vt 0.63550000 0.28230000
vt 0.63480000 0.27360000
vt 0.69990000 0.37550000
vt 0.69920000 0.36330000
vt 0.69890000 0.26650000
vt 0.69250000 0.26320000
vt 0.69250000 0.36280000
vt 0.69830000 0.35190000
vt 0.64170000 0.00000000
vt 0.63340000 0.00000000
vt 0.63340000 0.01140000
vt 0.64170000 0.01140000
vt 0.70150000 0.35210000
vt 0.70130000 0.27930000
vt 0.69010000 0.35150000
vt 0.68490000 0.35150000
vt 0.68490000 0.35150000
vt 0.69010000 0.35150000
vt 0.69830000 0.35190000
vt 0.69820000 0.27750000
vt 0.63180000 0.14880000
vt 0.63180000 0.22650000
vt 0.63250000 0.23780000
vt 0.63250000 0.13730000
vt 0.65680000 0.35140000
vt 0.65160000 0.35140000
vt 0.61020000 0.35230000
vt 0.65680000 0.22650000
vt 0.65160000 0.22650000
vt 0.65620000 0.21770000
vt 0.65210000 0.21770000
vt 0.65210000 0.15720000
vt 0.65160000 0.14860000
vt 0.65680000 0.35140000
vt 0.65160000 0.35140000
vt 0.66820000 0.27360000
vt 0.67340000 0.27360000
vt 0.66820000 0.27360000
vt 0.67340000 0.35140000
vt 0.66820000 0.35140000
vt 0.66880000 0.28230000
vt 0.67290000 0.28230000
vt 0.69320000 0.22740000
vt 0.63250000 0.36270000
vt 0.63250000 0.26220000
vt 0.63180000 0.27370000
vt 0.62650000 0.14970000
vt 0.64850000 0.22650000
vt 0.63480000 0.27360000
vt 0.64010000 0.27360000
vt 0.63480000 0.27360000
vt 0.64010000 0.22650000
vt 0.63480000 0.22650000
vt 0.63480000 0.35140000
vt 0.64010000 0.14860000
vt 0.63480000 0.14860000
vt 0.63550000 0.15720000
vt 0.63960000 0.15720000
vt 0.64010000 0.22650000
vt 0.63960000 0.21770000
vt 0.63550000 0.21770000
vt 0.63480000 0.22650000
vt 0.65990000 0.27360000
vt 0.66510000 0.27360000
vt 0.66510000 0.14860000
vt 0.66510000 0.14860000
vt 0.65990000 0.14860000
vt 0.66510000 0.35140000
vt 0.65990000 0.35140000
vt 0.65990000 0.35140000
vt 0.66510000 0.35140000
vt 0.66510000 0.22650000
vt 0.66460000 0.21770000
vt 0.61530000 0.27930000
vt 0.61480000 0.28850000
vt 0.61530000 0.27930000
vt 0.69160000 0.12620000
vt 0.68540000 0.15760000
vt 0.68950000 0.15830000
vt 0.68490000 0.14880000
vt 0.67650000 0.14860000
vt 0.68180000 0.14860000
vt 0.66460000 0.15720000
vt 0.63180000 0.27370000
vt 0.63180000 0.35150000
vt 0.67650000 0.14860000
vt 0.68180000 0.14860000
vt 0.66510000 0.22650000
vt 0.67650000 0.22650000
vt 0.68180000 0.22650000
vt 0.68120000 0.21770000
vt 0.67710000 0.21770000
vt 0.65990000 0.14860000
vt 0.65990000 0.22650000
vt 0.66040000 0.28230000
vt 0.66460000 0.28230000
vt 0.66510000 0.27360000
vt 0.65990000 0.27360000
vt 0.67650000 0.35140000
vt 0.67650000 0.27360000
vt 0.67650000 0.27360000
vt 0.67650000 0.35140000
vt 0.66040000 0.34270000
vt 0.66460000 0.34270000
vt 0.64310000 0.35140000
vt 0.68180000 0.27360000
vt 0.68180000 0.35140000
vt 0.66820000 0.22650000
vt 0.67340000 0.22650000
vt 0.67340000 0.22650000
vt 0.66820000 0.22650000
vt 0.67340000 0.14860000
vt 0.67290000 0.15720000
vt 0.67290000 0.21770000
vt 0.66880000 0.34270000
vt 0.67290000 0.34270000
vt 0.66880000 0.21770000
vt 0.66880000 0.15720000
vt 0.66820000 0.14860000
vt 0.67650000 0.22650000
vt 0.68180000 0.22650000
vt 0.68180000 0.27360000
vt 0.67710000 0.28230000
vt 0.68120000 0.28230000
vt 0.68120000 0.34270000
vt 0.68180000 0.35140000
vt 0.67710000 0.15720000
vt 0.68120000 0.15720000
vt 0.64310000 0.14860000
vt 0.70000000 0.50010000
vt 0.70830000 0.49990000
vt 0.70810000 0.48820000
vt 0.70000000 0.48870000
vt 0.61140000 0.17020000
vt 0.60920000 0.25980000
vt 0.70830000 0.12500000
vt 0.70770000 0.13410000
vt 0.69970000 0.01440000
vt 0.70000000 0.00000000
vt 0.70530000 0.17020000
vt 0.60090000 0.25530000
vt 0.60860000 0.48760000
vt 0.70820000 0.37630000
vt 0.64790000 0.28230000
vt 0.64380000 0.28230000
vt 0.64380000 0.34270000
vt 0.64790000 0.34270000
vt 0.65160000 0.14860000
vt 0.65680000 0.14860000
vt 0.65160000 0.14860000
vt 0.65680000 0.14860000
vt 0.65210000 0.34270000
vt 0.69160000 0.00000000
vt 0.69150000 0.01210000
vt 0.69930000 0.13830000
vt 0.69860000 0.14980000
vt 0.68540000 0.34270000
vt 0.68540000 0.28240000
vt 0.68490000 0.27370000
vt 0.69310000 0.15260000
vt 0.69320000 0.22740000
vt 0.69310000 0.15260000
vt 0.70650000 0.35230000
vt 0.70600000 0.28260000
vt 0.70650000 0.35230000
vt 0.69730000 0.16850000
vt 0.69750000 0.22050000
vt 0.69370000 0.21890000
vt 0.69370000 0.16250000
vt 0.61670000 0.50010000
vt 0.62500000 0.49990000
vt 0.62500000 0.48870000
vt 0.61670000 0.48870000
vt 0.62500000 0.00000000
vt 0.61670000 0.00000000
vt 0.60830000 0.49990000
vt 0.69370000 0.34290000
vt 0.69780000 0.34320000
vt 0.69770000 0.28590000
vt 0.69370000 0.28400000
vt 0.63550000 0.34270000
vt 0.63340000 0.48870000
vt 0.60880000 0.13410000
vt 0.60990000 0.27160000
vt 0.61620000 0.26750000
vt 0.61070000 0.28260000
vt 0.61070000 0.28260000
vt 0.61070000 0.28260000
vt 0.61850000 0.27750000
vt 0.62350000 0.27490000
vt 0.61120000 0.29110000
vt 0.62290000 0.34290000
vt 0.62350000 0.35160000
vt 0.66820000 0.22650000
vt 0.67340000 0.22650000
vt 0.61870000 0.16040000
vt 0.61860000 0.22960000
vt 0.62650000 0.35150000
vt 0.62710000 0.34280000
vt 0.64850000 0.35140000
vt 0.62350000 0.35160000
vt 0.61750000 0.36330000
vt 0.62350000 0.35160000
vt 0.61820000 0.35190000
vt 0.62350000 0.15260000
vt 0.62350000 0.22740000
vt 0.62350000 0.15260000
vt 0.69160000 0.49990000
vt 0.62350000 0.27490000
vt 0.62300000 0.28400000
vt 0.70190000 0.28850000
vt 0.70550000 0.29110000
vt 0.62350000 0.15260000
vt 0.62650000 0.22670000
vt 0.62650000 0.14970000
vt 0.63180000 0.14880000
vt 0.63180000 0.22650000
vt 0.63180000 0.22650000
vt 0.64310000 0.22650000
vt 0.62710000 0.21800000
vt 0.62650000 0.22670000
vt 0.63130000 0.21780000
vt 0.69320000 0.27490000
vt 0.69320000 0.35160000
vt 0.69820000 0.27750000
vt 0.69820000 0.27750000
vt 0.69830000 0.35190000
vt 0.61870000 0.16040000
vt 0.70590000 0.34350000
vt 0.63130000 0.34270000
vt 0.65680000 0.14860000
vt 0.65620000 0.15720000
vt 0.68490000 0.14880000
vt 0.68490000 0.22650000
vt 0.68950000 0.28280000
vt 0.69010000 0.27410000
vt 0.68540000 0.21780000
vt 0.68950000 0.21800000
vt 0.65620000 0.34270000
vt 0.69010000 0.27410000
vt 0.62650000 0.27410000
vt 0.69010000 0.35150000
vt 0.68490000 0.22650000
vt 0.69010000 0.27410000
vt 0.68950000 0.34280000
vt 0.67500000 0.00000000
vt 0.66670000 0.00000000
vt 0.67500000 0.01140000
vt 0.67710000 0.34270000
vt 0.63340000 0.50010000
vt 0.68330000 0.50010000
vt 0.70200000 0.34340000
vt 0.71550000 0.48360000
vt 0.68330000 0.01140000
vt 0.68330000 0.00000000
vt 0.68490000 0.27370000
vt 0.67500000 0.48870000
vt 0.60830000 0.12500000
vt 0.60000000 0.25000000
vt 0.71660000 0.49990000
vt 0.67500000 0.49990000
vt 0.64850000 0.27360000
vt 0.64310000 0.27360000
vt 0.64920000 0.26220000
vt 0.64850000 0.14860000
vt 0.64310000 0.14860000
vt 0.64850000 0.14860000
vt 0.64310000 0.14860000
vt 0.67340000 0.35140000
vt 0.67340000 0.27360000
vt 0.67340000 0.35140000
vt 0.67340000 0.27360000
vt 0.64920000 0.13720000
vt 0.64920000 0.23780000
vt 0.64850000 0.14860000
vt 0.64850000 0.22650000
vt 0.65080000 0.23780000
vt 0.65000000 0.25000000
vt 0.65000000 0.12500000
vt 0.64920000 0.36270000
vt 0.65000000 0.37500000
vt 0.64380000 0.15720000
vt 0.64790000 0.15720000
vt 0.64310000 0.22650000
vt 0.64380000 0.21770000
vt 0.64790000 0.21770000
vt 0.64850000 0.22650000
vt 0.64170000 0.25000000
vt 0.64240000 0.26220000
vt 0.64240000 0.36270000
vt 0.64240000 0.23780000
vt 0.64170000 0.12500000
vt 0.64080000 0.13720000
vt 0.63410000 0.13720000
vt 0.63480000 0.14860000
vt 0.64010000 0.14860000
vt 0.63410000 0.23780000
vt 0.63480000 0.22650000
vt 0.63410000 0.26220000
vt 0.63410000 0.36270000
vt 0.63340000 0.25000000
vt 0.64010000 0.27360000
vt 0.64080000 0.26220000
vt 0.64080000 0.36270000
vt 0.64170000 0.37500000
vt 0.64010000 0.22650000
vt 0.64080000 0.23780000
vt 0.64010000 0.35140000
vt 0.63340000 0.37500000
vt 0.63480000 0.35140000
vt 0.64010000 0.35140000
vt 0.63480000 0.35140000
vt 0.63340000 0.12500000
vt 0.66740000 0.36270000
vt 0.66670000 0.37500000
vt 0.66670000 0.25000000
vt 0.66590000 0.26220000
vt 0.68420000 0.36270000
vt 0.68330000 0.37500000
vt 0.68330000 0.25000000
vt 0.68260000 0.26220000
vt 0.66040000 0.15720000
vt 0.66040000 0.21770000
vt 0.65990000 0.14860000
vt 0.65990000 0.22650000
vt 0.64240000 0.13720000
vt 0.64310000 0.22650000
vt 0.64850000 0.27360000
vt 0.64310000 0.27360000
vt 0.64310000 0.35140000
vt 0.64850000 0.35140000
vt 0.64310000 0.35140000
vt 0.64850000 0.35140000
vt 0.64850000 0.27360000
vt 0.64310000 0.27360000
vt 0.71660000 0.25000000
vt 0.71660000 0.37500000
vt 0.71580000 0.25530000
vt 0.71580000 0.37380000
vt 0.61730000 0.13830000
vt 0.61700000 0.01440000
vt 0.62510000 0.12620000
vt 0.62510000 0.01170000
vt 0.65000000 0.00000000
vt 0.65830000 0.00000000
vt 0.65000000 0.01140000
vt 0.65830000 0.01140000
vt 0.65000000 0.50010000
vt 0.64170000 0.49990000
vt 0.65000000 0.48870000
vt 0.64170000 0.48870000
vt 0.66670000 0.50010000
vt 0.65830000 0.49990000
vt 0.66670000 0.48870000
vt 0.65830000 0.48870000
vt 0.63480000 0.14860000
vt 0.64010000 0.14860000
vt 0.68330000 0.48870000
vt 0.69160000 0.48870000
vt 0.69160000 0.37500000
vt 0.70130000 0.27930000
vt 0.70150000 0.35210000
vt 0.70130000 0.27930000
vt 0.70150000 0.35210000
vt 0.62650000 0.35150000
vt 0.63180000 0.35150000
vt 0.62650000 0.35150000
vt 0.63180000 0.35150000
vt 0.69810000 0.22960000
vt 0.69780000 0.16040000
vt 0.69810000 0.22960000
vt 0.69780000 0.16040000
vt 0.64010000 0.27360000
vt 0.64010000 0.35140000
vt 0.63960000 0.28230000
vt 0.63960000 0.34270000
vt 0.62300000 0.16250000
vt 0.62300000 0.21890000
vt 0.61930000 0.16850000
vt 0.61920000 0.22050000
vt 0.61520000 0.35210000
vt 0.61530000 0.27930000
vt 0.61590000 0.36330000
vt 0.65830000 0.12500000
vt 0.66670000 0.12500000
vt 0.66670000 0.01140000
vt 0.62580000 0.36280000
vt 0.62580000 0.26270000
vt 0.62650000 0.27410000
vt 0.61770000 0.24160000
vt 0.61860000 0.22960000
vt 0.62350000 0.22740000
vt 0.62650000 0.22670000
vt 0.62580000 0.23820000
vt 0.62580000 0.13840000
vt 0.62420000 0.23860000
vt 0.62430000 0.13990000
vt 0.62510000 0.25050000
vt 0.61820000 0.35190000
vt 0.61850000 0.27750000
vt 0.61880000 0.34320000
vt 0.61900000 0.28590000
vt 0.62500000 0.37500000
vt 0.62420000 0.36280000
vt 0.62420000 0.26320000
vt 0.62350000 0.27490000
vt 0.61850000 0.27750000
vt 0.61820000 0.35190000
vt 0.61770000 0.26650000
vt 0.61700000 0.25470000
vt 0.61670000 0.37550000
vt 0.60850000 0.37630000
vt 0.60930000 0.36380000
vt 0.69880000 0.24160000
vt 0.69810000 0.22960000
vt 0.69780000 0.16040000
vt 0.66740000 0.26220000
vt 0.67500000 0.25000000
vt 0.67420000 0.23780000
vt 0.69250000 0.23860000
vt 0.69160000 0.25050000
vt 0.65750000 0.36270000
vt 0.65080000 0.36270000
vt 0.65680000 0.35140000
vt 0.65160000 0.35140000
vt 0.60000000 0.49990000
vt 0.60000000 0.37500000
vt 0.60100000 0.48360000
vt 0.60080000 0.37380000
vt 0.70670000 0.27160000
vt 0.70050000 0.26750000
vt 0.70750000 0.25980000
vt 0.70080000 0.36330000
vt 0.69970000 0.25470000
vt 0.69320000 0.35160000
vt 0.69320000 0.27490000
vt 0.69320000 0.35160000
vt 0.69320000 0.27490000
vt 0.70600000 0.28260000
vt 0.70600000 0.28260000
vt 0.69310000 0.15260000
vt 0.69320000 0.22740000
vt 0.69230000 0.13990000
vt 0.61020000 0.35230000
vt 0.61520000 0.35210000
vt 0.61020000 0.35230000
vt 0.61520000 0.35210000
vt 0.61870000 0.16040000
vt 0.61810000 0.14980000
vt 0.61080000 0.34350000
vt 0.61470000 0.34340000
vt 0.66740000 0.13720000
vt 0.66740000 0.23780000
vt 0.66820000 0.27360000
vt 0.67420000 0.26220000
vt 0.67340000 0.14860000
vt 0.66820000 0.14860000
vt 0.67340000 0.14860000
vt 0.66820000 0.14860000
vt 0.66510000 0.27360000
vt 0.65990000 0.27360000
vt 0.65910000 0.26220000
vt 0.65910000 0.13720000
vt 0.65910000 0.23780000
vt 0.66590000 0.23780000
vt 0.66590000 0.13720000
vt 0.65830000 0.37500000
vt 0.65910000 0.36270000
vt 0.66590000 0.36270000
vt 0.66510000 0.35140000
vt 0.65080000 0.13720000
vt 0.65750000 0.13720000
vt 0.65830000 0.25000000
vt 0.65750000 0.23780000
vt 0.63130000 0.15760000
vt 0.62710000 0.15830000
vt 0.63180000 0.14880000
vt 0.62650000 0.14970000
vt 0.65160000 0.22650000
vt 0.65680000 0.22650000
vt 0.65680000 0.22650000
vt 0.65160000 0.22650000
vt 0.65680000 0.27360000
vt 0.65160000 0.27360000
vt 0.65680000 0.27360000
vt 0.65160000 0.27360000
vt 0.65680000 0.27360000
vt 0.65160000 0.27360000
vt 0.70740000 0.36380000
vt 0.70650000 0.35230000
vt 0.65210000 0.28230000
vt 0.65620000 0.28230000
vt 0.65990000 0.22650000
vt 0.66510000 0.22650000
vt 0.66820000 0.35140000
vt 0.66820000 0.35140000
vt 0.67420000 0.13720000
vt 0.67570000 0.23780000
vt 0.67500000 0.12500000
vt 0.67570000 0.13720000
vt 0.67650000 0.27360000
vt 0.67650000 0.35140000
vt 0.67570000 0.26220000
vt 0.67570000 0.36270000
vt 0.65750000 0.26220000
vt 0.65080000 0.26220000
vt 0.67650000 0.22650000
vt 0.68180000 0.22650000
vt 0.68260000 0.23780000
vt 0.68260000 0.13720000
vt 0.68180000 0.35140000
vt 0.68180000 0.27360000
vt 0.68260000 0.36270000
vt 0.68420000 0.13730000
vt 0.68490000 0.14880000
vt 0.68490000 0.22650000
vt 0.69090000 0.23820000
vt 0.69010000 0.22670000
vt 0.69000000 0.14970000
vt 0.61860000 0.22960000
vt 0.62350000 0.22740000
vt 0.69000000 0.14970000
vt 0.69010000 0.22670000
vt 0.69000000 0.14970000
vt 0.69010000 0.22670000
vt 0.68420000 0.23780000
vt 0.65990000 0.35140000
vt 0.69080000 0.13840000
vt 0.67500000 0.37500000
vt 0.67420000 0.36270000
vt 0.68180000 0.14860000
vt 0.67650000 0.14860000
vt 0.66510000 0.14860000
vt 0.63130000 0.28240000
vt 0.62710000 0.28280000
vt 0.63180000 0.27370000
vt 0.62650000 0.27410000
vt 0.68330000 0.12500000
vt 0.69090000 0.36280000
vt 0.69090000 0.26270000
vt 0.68490000 0.27370000
vt 0.68490000 0.35150000
vt 0.68420000 0.26220000
vt 0.63550000 0.28230000
vt 0.63480000 0.27360000
vt 0.69990000 0.37550000
vt 0.69920000 0.36330000
vt 0.69890000 0.26650000
vt 0.69250000 0.26320000
vt 0.69250000 0.36280000
vt 0.69830000 0.35190000
vt 0.63340000 0.00000000
vt 0.64170000 0.00000000
vt 0.63340000 0.01140000
vt 0.64170000 0.01140000
vt 0.70150000 0.35210000
vt 0.70130000 0.27930000
vt 0.68490000 0.35150000
vt 0.69010000 0.35150000
vt 0.68490000 0.35150000
vt 0.69010000 0.35150000
vt 0.69830000 0.35190000
vt 0.69820000 0.27750000
vt 0.63180000 0.22650000
vt 0.63180000 0.14880000
vt 0.63250000 0.23780000
vt 0.63250000 0.13730000
vt 0.65160000 0.35140000
vt 0.65680000 0.35140000
vt 0.61020000 0.35230000
vt 0.65160000 0.22650000
vt 0.65680000 0.22650000
vt 0.65620000 0.21770000
vt 0.65210000 0.21770000
vt 0.65210000 0.15720000
vt 0.65160000 0.14860000
vt 0.65160000 0.35140000
vt 0.65680000 0.35140000
vt 0.67340000 0.27360000
vt 0.66820000 0.27360000
vt 0.66820000 0.27360000
vt 0.66820000 0.35140000
vt 0.67340000 0.35140000
vt 0.67290000 0.28230000
vt 0.66880000 0.28230000
vt 0.69320000 0.22740000
vt 0.63250000 0.26220000
vt 0.63250000 0.36270000
vt 0.63180000 0.27370000
vt 0.62650000 0.14970000
vt 0.64850000 0.22650000
vt 0.64010000 0.27360000
vt 0.63480000 0.27360000
vt 0.63480000 0.27360000
vt 0.63480000 0.22650000
vt 0.64010000 0.22650000
vt 0.63480000 0.35140000
vt 0.63480000 0.14860000
vt 0.64010000 0.14860000
vt 0.63550000 0.15720000
vt 0.63960000 0.15720000
vt 0.64010000 0.22650000
vt 0.63960000 0.21770000
vt 0.63550000 0.21770000
vt 0.63480000 0.22650000
vt 0.66510000 0.27360000
vt 0.65990000 0.27360000
vt 0.66510000 0.14860000
vt 0.66510000 0.14860000
vt 0.65990000 0.14860000
vt 0.65990000 0.35140000
vt 0.66510000 0.35140000
vt 0.65990000 0.35140000
vt 0.66510000 0.35140000
vt 0.66510000 0.22650000
vt 0.66460000 0.21770000
vt 0.61530000 0.27930000
vt 0.61480000 0.28850000
vt 0.61530000 0.27930000
vt 0.69160000 0.12620000
vt 0.68950000 0.15830000
vt 0.68540000 0.15760000
vt 0.68490000 0.14880000
vt 0.68180000 0.14860000
vt 0.67650000 0.14860000
vt 0.66460000 0.15720000
vt 0.63180000 0.27370000
vt 0.63180000 0.35150000
vt 0.68180000 0.14860000
vt 0.67650000 0.14860000
vt 0.66510000 0.22650000
vt 0.68180000 0.22650000
vt 0.67650000 0.22650000
vt 0.68120000 0.21770000
vt 0.67710000 0.21770000
vt 0.65990000 0.14860000
vt 0.65990000 0.22650000
vt 0.66460000 0.28230000
vt 0.66040000 0.28230000
vt 0.66510000 0.27360000
vt 0.65990000 0.27360000
vt 0.67650000 0.27360000
vt 0.67650000 0.35140000
vt 0.67650000 0.27360000
vt 0.67650000 0.35140000
vt 0.66040000 0.34270000
vt 0.66460000 0.34270000
vt 0.64310000 0.35140000
vt 0.68180000 0.35140000
vt 0.68180000 0.27360000
vt 0.67340000 0.22650000
vt 0.66820000 0.22650000
vt 0.67340000 0.22650000
vt 0.66820000 0.22650000
vt 0.67340000 0.14860000
vt 0.67290000 0.15720000
vt 0.67290000 0.21770000
vt 0.66880000 0.34270000
vt 0.67290000 0.34270000
vt 0.66880000 0.15720000
vt 0.66880000 0.21770000
vt 0.66820000 0.14860000
vt 0.67650000 0.22650000
vt 0.68180000 0.22650000
vt 0.68180000 0.27360000
vt 0.68120000 0.28230000
vt 0.67710000 0.28230000
vt 0.68120000 0.34270000
vt 0.68180000 0.35140000
vt 0.67710000 0.15720000
vt 0.68120000 0.15720000
vt 0.64310000 0.14860000
vt 0.70830000 0.49990000
vt 0.70000000 0.50010000
vt 0.70810000 0.48820000
vt 0.70000000 0.48870000
vt 0.61140000 0.17020000
vt 0.60920000 0.25980000
vt 0.70830000 0.12500000
vt 0.70770000 0.13410000
vt 0.69970000 0.01440000
vt 0.70000000 0.00000000
vt 0.70530000 0.17020000
vt 0.60090000 0.25530000
vt 0.60860000 0.48760000
vt 0.70820000 0.37630000
vt 0.64380000 0.28230000
vt 0.64790000 0.28230000
vt 0.64380000 0.34270000
vt 0.64790000 0.34270000
vt 0.65680000 0.14860000
vt 0.65160000 0.14860000
vt 0.65680000 0.14860000
vt 0.65160000 0.14860000
vt 0.65210000 0.34270000
vt 0.69160000 0.00000000
vt 0.69150000 0.01210000
vt 0.69930000 0.13830000
vt 0.69860000 0.14980000
vt 0.68540000 0.28240000
vt 0.68540000 0.34270000
vt 0.68490000 0.27370000
vt 0.69310000 0.15260000
vt 0.69310000 0.15260000
vt 0.69320000 0.22740000
vt 0.70650000 0.35230000
vt 0.70600000 0.28260000
vt 0.70650000 0.35230000
vt 0.69730000 0.16850000
vt 0.69750000 0.22050000
vt 0.69370000 0.21890000
vt 0.69370000 0.16250000
vt 0.62500000 0.49990000
vt 0.61670000 0.50010000
vt 0.62500000 0.48870000
vt 0.61670000 0.48870000
vt 0.61670000 0.00000000
vt 0.62500000 0.00000000
vt 0.60830000 0.49990000
vt 0.69780000 0.34320000
vt 0.69370000 0.34290000
vt 0.69770000 0.28590000
vt 0.69370000 0.28400000
vt 0.63550000 0.34270000
vt 0.63340000 0.48870000
vt 0.60880000 0.13410000
vt 0.60990000 0.27160000
vt 0.61620000 0.26750000
vt 0.61070000 0.28260000
vt 0.61070000 0.28260000
vt 0.61070000 0.28260000
vt 0.61850000 0.27750000
vt 0.62350000 0.27490000
vt 0.61120000 0.29110000
vt 0.62290000 0.34290000
vt 0.62350000 0.35160000
vt 0.66820000 0.22650000
vt 0.67340000 0.22650000
vt 0.61870000 0.16040000
vt 0.61860000 0.22960000
vt 0.62650000 0.35150000
vt 0.62710000 0.34280000
vt 0.64850000 0.35140000
vt 0.62350000 0.35160000
vt 0.61750000 0.36330000
vt 0.62350000 0.35160000
vt 0.61820000 0.35190000
vt 0.62350000 0.22740000
vt 0.62350000 0.15260000
vt 0.62350000 0.15260000
vt 0.69160000 0.49990000
vt 0.62350000 0.27490000
vt 0.62300000 0.28400000
vt 0.70550000 0.29110000
vt 0.70190000 0.28850000
vt 0.62350000 0.15260000
vt 0.62650000 0.22670000
vt 0.62650000 0.14970000
vt 0.63180000 0.14880000
vt 0.63180000 0.22650000
vt 0.63180000 0.22650000
vt 0.64310000 0.22650000
vt 0.62710000 0.21800000
vt 0.62650000 0.22670000
vt 0.63130000 0.21780000
vt 0.69320000 0.27490000
vt 0.69320000 0.35160000
vt 0.69820000 0.27750000
vt 0.69820000 0.27750000
vt 0.69830000 0.35190000
vt 0.61870000 0.16040000
vt 0.70590000 0.34350000
vt 0.63130000 0.34270000
vt 0.65680000 0.14860000
vt 0.65620000 0.15720000
vt 0.68490000 0.14880000
vt 0.68490000 0.22650000
vt 0.68950000 0.28280000
vt 0.69010000 0.27410000
vt 0.68540000 0.21780000
vt 0.68950000 0.21800000
vt 0.65620000 0.34270000
vt 0.69010000 0.27410000
vt 0.62650000 0.27410000
vt 0.69010000 0.35150000
vt 0.68490000 0.22650000
vt 0.69010000 0.27410000
vt 0.68950000 0.34280000
vt 0.66670000 0.00000000
vt 0.67500000 0.00000000
vt 0.67500000 0.01140000
vt 0.67710000 0.34270000
vt 0.63340000 0.50010000
vt 0.68330000 0.50010000
vt 0.70200000 0.34340000
vt 0.71550000 0.48360000
vt 0.68330000 0.01140000
vt 0.68330000 0.00000000
vt 0.68490000 0.27370000
vt 0.67500000 0.48870000
vt 0.60830000 0.12500000
vt 0.60000000 0.25000000
vt 0.71660000 0.49990000
vt 0.67500000 0.49990000
vt 0.69160000 0.48870000
vt 0.69160000 0.37500000
vt 0.70150000 0.35210000
vt 0.69810000 0.22960000
vt 0.69810000 0.22960000
vt 0.64010000 0.35140000
vt 0.64010000 0.27360000
vt 0.63960000 0.28230000
vt 0.61850000 0.27750000
vt 0.61900000 0.28590000
vt 0.62420000 0.26320000
vt 0.70600000 0.28260000
vt 0.61080000 0.34350000
vt 0.66820000 0.14860000
vt 0.65210000 0.28230000
vt 0.65620000 0.28230000
vt 0.66820000 0.35140000
vt 0.62350000 0.22740000
vt 0.61860000 0.22960000
vt 0.69000000 0.14970000
vt 0.63550000 0.28230000
vt 0.69990000 0.37550000
vt 0.69250000 0.26320000
vt 0.66820000 0.27360000
vt 0.66880000 0.28230000
vt 0.67290000 0.28230000
vt 0.69320000 0.22740000
vt 0.64010000 0.14860000
vt 0.64010000 0.22650000
vt 0.66040000 0.28230000
vt 0.66460000 0.28230000
vt 0.66820000 0.22650000
vt 0.67710000 0.28230000
vt 0.68120000 0.28230000
vt 0.70000000 0.48870000
vt 0.64790000 0.28230000
vt 0.64380000 0.28230000
vt 0.69160000 0.00000000
vt 0.69320000 0.22740000
vt 0.69770000 0.28590000
vt 0.61860000 0.22960000
vt 0.62350000 0.22740000
vt 0.69160000 0.49990000
vt 0.65080000 0.23780000
vt 0.64080000 0.13720000
vt 0.64010000 0.14860000
vt 0.64010000 0.27360000
vt 0.64080000 0.26220000
vt 0.64080000 0.36270000
vt 0.64010000 0.22650000
vt 0.64080000 0.23780000
vt 0.64010000 0.35140000
vt 0.62510000 0.01170000
vt 0.64010000 0.27360000
vt 0.64010000 0.35140000
vt 0.63960000 0.34270000
vt 0.61530000 0.27930000
vt 0.61770000 0.24160000
vt 0.62580000 0.13840000
vt 0.62430000 0.13990000
vt 0.61850000 0.27750000
vt 0.61820000 0.35190000
vt 0.69880000 0.24160000
vt 0.69780000 0.16040000
vt 0.65080000 0.36270000
vt 0.69230000 0.13990000
vt 0.61870000 0.16040000
vt 0.65080000 0.13720000
vt 0.65620000 0.28230000
vt 0.65080000 0.26220000
vt 0.68180000 0.22650000
vt 0.68180000 0.35140000
vt 0.68180000 0.27360000
vt 0.68180000 0.14860000
vt 0.62710000 0.28280000
vt 0.69250000 0.36280000
vt 0.65620000 0.21770000
vt 0.66880000 0.28230000
vt 0.64010000 0.14860000
vt 0.64010000 0.22650000
vt 0.61530000 0.27930000
vt 0.66040000 0.34270000
vt 0.66460000 0.34270000
vt 0.66880000 0.34270000
vt 0.67290000 0.34270000
vt 0.66880000 0.15720000
vt 0.66880000 0.21770000
vt 0.68120000 0.34270000
vt 0.64380000 0.34270000
vt 0.64790000 0.34270000
vt 0.65210000 0.34270000
vt 0.68540000 0.34270000
vt 0.69310000 0.15260000
vt 0.63550000 0.34270000
vt 0.62710000 0.34280000
vt 0.62710000 0.21800000
vt 0.63130000 0.34270000
vt 0.65620000 0.15720000
vt 0.65620000 0.34270000
vt 0.68950000 0.34280000
vt 0.67710000 0.34270000
vt 0.64310000 0.27360000
vt 0.64310000 0.14860000
vt 0.64850000 0.14860000
vt 0.67340000 0.27360000
vt 0.67340000 0.35140000
vt 0.67340000 0.35140000
vt 0.67340000 0.27360000
vt 0.65080000 0.23780000
vt 0.64380000 0.15720000
vt 0.64790000 0.15720000
vt 0.64310000 0.22650000
vt 0.64790000 0.21770000
vt 0.64240000 0.26220000
vt 0.64170000 0.25000000
vt 0.64240000 0.36270000
vt 0.64240000 0.23780000
vt 0.64170000 0.12500000
vt 0.64080000 0.13720000
vt 0.63410000 0.13720000
vt 0.63480000 0.14860000
vt 0.64010000 0.14860000
vt 0.63410000 0.23780000
vt 0.63480000 0.22650000
vt 0.63410000 0.36270000
vt 0.63410000 0.26220000
vt 0.64080000 0.26220000
vt 0.64010000 0.27360000
vt 0.64080000 0.36270000
vt 0.64170000 0.37500000
vt 0.64010000 0.22650000
vt 0.64080000 0.23780000
vt 0.64010000 0.35140000
vt 0.63480000 0.35140000
vt 0.66740000 0.36270000
vt 0.66590000 0.26220000
vt 0.68330000 0.37500000
vt 0.68420000 0.36270000
vt 0.68330000 0.25000000
vt 0.68260000 0.26220000
vt 0.66040000 0.15720000
vt 0.64240000 0.13720000
vt 0.64310000 0.22650000
vt 0.64850000 0.27360000
vt 0.64850000 0.35140000
vt 0.64310000 0.35140000
vt 0.64310000 0.27360000
vt 0.71660000 0.25000000
vt 0.71580000 0.37380000
vt 0.61700000 0.01440000
vt 0.62510000 0.12620000
vt 0.62510000 0.01170000
vt 0.64170000 0.49990000
vt 0.65000000 0.50010000
vt 0.64170000 0.48870000
vt 0.65830000 0.49990000
vt 0.66670000 0.50010000
vt 0.68330000 0.48870000
vt 0.69160000 0.48870000
vt 0.69160000 0.37500000
vt 0.70150000 0.35210000
vt 0.63180000 0.35150000
vt 0.62650000 0.35150000
vt 0.62650000 0.35150000
vt 0.63180000 0.35150000
vt 0.69780000 0.16040000
vt 0.69810000 0.22960000
vt 0.69810000 0.22960000
vt 0.63960000 0.28230000
vt 0.63960000 0.34270000
vt 0.62300000 0.21890000
vt 0.62300000 0.16250000
vt 0.61520000 0.35210000
vt 0.62580000 0.36280000
vt 0.61860000 0.22960000
vt 0.61770000 0.24160000
vt 0.62350000 0.22740000
vt 0.62580000 0.23820000
vt 0.62650000 0.22670000
vt 0.62430000 0.13990000
vt 0.62420000 0.23860000
vt 0.62510000 0.25050000
vt 0.61880000 0.34320000
vt 0.61900000 0.28590000
vt 0.62420000 0.36280000
vt 0.61850000 0.27750000
vt 0.62350000 0.27490000
vt 0.61770000 0.26650000
vt 0.61820000 0.35190000
vt 0.61700000 0.25470000
vt 0.60850000 0.37630000
vt 0.61670000 0.37550000
vt 0.60930000 0.36380000
vt 0.66740000 0.26220000
vt 0.67420000 0.23780000
vt 0.69160000 0.25050000
vt 0.65080000 0.36270000
vt 0.65750000 0.36270000
vt 0.65680000 0.35140000
vt 0.65160000 0.35140000
vt 0.60000000 0.37500000
vt 0.60000000 0.49990000
vt 0.60080000 0.37380000
vt 0.70750000 0.25980000
vt 0.69970000 0.25470000
vt 0.70080000 0.36330000
vt 0.69320000 0.27490000
vt 0.69320000 0.35160000
vt 0.69320000 0.35160000
vt 0.69320000 0.27490000
vt 0.70600000 0.28260000
vt 0.70600000 0.28260000
vt 0.69320000 0.22740000
vt 0.69310000 0.15260000
vt 0.61020000 0.35230000
vt 0.61470000 0.34340000
vt 0.61080000 0.34350000
vt 0.66740000 0.23780000
vt 0.66740000 0.13720000
vt 0.66820000 0.27360000
vt 0.67420000 0.26220000
vt 0.66820000 0.14860000
vt 0.67340000 0.14860000
vt 0.67340000 0.14860000
vt 0.66820000 0.14860000
vt 0.65990000 0.27360000
vt 0.66510000 0.27360000
vt 0.65910000 0.26220000
vt 0.65910000 0.23780000
vt 0.65910000 0.13720000
vt 0.66590000 0.13720000
vt 0.66590000 0.23780000
vt 0.65910000 0.36270000
vt 0.66590000 0.36270000
vt 0.66510000 0.35140000
vt 0.65080000 0.13720000
vt 0.65750000 0.13720000
vt 0.65750000 0.23780000
vt 0.63130000 0.15760000
vt 0.63180000 0.14880000
vt 0.62650000 0.14970000
vt 0.65680000 0.22650000
vt 0.65160000 0.22650000
vt 0.65680000 0.22650000
vt 0.65160000 0.22650000
vt 0.65160000 0.27360000
vt 0.65680000 0.27360000
vt 0.65680000 0.27360000
vt 0.65160000 0.27360000
vt 0.65160000 0.27360000
vt 0.70740000 0.36380000
vt 0.65210000 0.28230000
vt 0.66510000 0.22650000
vt 0.65990000 0.22650000
vt 0.66820000 0.35140000
vt 0.66820000 0.35140000
vt 0.67420000 0.13720000
vt 0.67650000 0.35140000
vt 0.67650000 0.27360000
vt 0.65750000 0.26220000
vt 0.65080000 0.26220000
vt 0.67650000 0.22650000
vt 0.68260000 0.23780000
vt 0.68260000 0.13720000
vt 0.68260000 0.36270000
vt 0.68420000 0.13730000
vt 0.69090000 0.23820000
vt 0.69000000 0.14970000
vt 0.69010000 0.22670000
vt 0.69000000 0.14970000
vt 0.69000000 0.14970000
vt 0.69010000 0.22670000
vt 0.68420000 0.23780000
vt 0.65990000 0.35140000
vt 0.69080000 0.13840000
vt 0.67420000 0.36270000
vt 0.67650000 0.14860000
vt 0.66510000 0.14860000
vt 0.62710000 0.28280000
vt 0.63130000 0.28240000
vt 0.63180000 0.27370000
vt 0.62650000 0.27410000
vt 0.68330000 0.12500000
vt 0.69090000 0.26270000
vt 0.63550000 0.28230000
vt 0.63480000 0.27360000
vt 0.69990000 0.37550000
vt 0.69920000 0.36330000
vt 0.69890000 0.26650000
vt 0.69830000 0.35190000
vt 0.64170000 0.00000000
vt 0.63340000 0.01140000
vt 0.64170000 0.01140000
vt 0.70150000 0.35210000
vt 0.70130000 0.27930000
vt 0.69010000 0.35150000
vt 0.68490000 0.35150000
vt 0.69010000 0.35150000
vt 0.63180000 0.14880000
vt 0.63180000 0.22650000
vt 0.63250000 0.23780000
vt 0.63250000 0.13730000
vt 0.65680000 0.35140000
vt 0.65160000 0.35140000
vt 0.61020000 0.35230000
vt 0.65160000 0.22650000
vt 0.65210000 0.21770000
vt 0.65210000 0.15720000
vt 0.65160000 0.14860000
vt 0.65160000 0.35140000
vt 0.67340000 0.27360000
vt 0.66820000 0.27360000
vt 0.67340000 0.35140000
vt 0.66880000 0.28230000
vt 0.67290000 0.28230000
vt 0.69320000 0.22740000
vt 0.63250000 0.36270000
vt 0.63250000 0.26220000
vt 0.63180000 0.27370000
vt 0.64850000 0.22650000
vt 0.63480000 0.27360000
vt 0.63480000 0.35140000
vt 0.63480000 0.14860000
vt 0.63550000 0.15720000
vt 0.63960000 0.15720000
vt 0.63960000 0.21770000
vt 0.63550000 0.21770000
vt 0.63480000 0.22650000
vt 0.66510000 0.27360000
vt 0.66510000 0.14860000
vt 0.66510000 0.14860000
vt 0.66510000 0.35140000
vt 0.66510000 0.35140000
vt 0.66510000 0.22650000
vt 0.66460000 0.21770000
vt 0.61530000 0.27930000
vt 0.61530000 0.27930000
vt 0.69160000 0.12620000
vt 0.68540000 0.15760000
vt 0.68490000 0.14880000
vt 0.68180000 0.14860000
vt 0.66460000 0.15720000
vt 0.63180000 0.27370000
vt 0.63180000 0.35150000
vt 0.68180000 0.14860000
vt 0.66510000 0.22650000
vt 0.68180000 0.22650000
vt 0.68120000 0.21770000
vt 0.65990000 0.14860000
vt 0.66460000 0.28230000
vt 0.66510000 0.27360000
vt 0.66460000 0.34270000
vt 0.64310000 0.35140000
vt 0.68180000 0.27360000
vt 0.68180000 0.35140000
vt 0.66820000 0.22650000
vt 0.67340000 0.22650000
vt 0.67340000 0.22650000
vt 0.67340000 0.14860000
vt 0.67290000 0.15720000
vt 0.67290000 0.21770000
vt 0.66880000 0.34270000
vt 0.67290000 0.34270000
vt 0.66880000 0.21770000
vt 0.66880000 0.15720000
vt 0.68180000 0.22650000
vt 0.68180000 0.27360000
vt 0.68120000 0.28230000
vt 0.68120000 0.34270000
vt 0.68180000 0.35140000
vt 0.67710000 0.15720000
vt 0.68120000 0.15720000
vt 0.64310000 0.14860000
vt 0.70000000 0.50010000
vt 0.70810000 0.48820000
vt 0.70000000 0.48870000
vt 0.61140000 0.17020000
vt 0.60920000 0.25980000
vt 0.70770000 0.13410000
vt 0.69970000 0.01440000
vt 0.70000000 0.00000000
vt 0.70530000 0.17020000
vt 0.60090000 0.25530000
vt 0.64790000 0.28230000
vt 0.64790000 0.34270000
vt 0.65160000 0.14860000
vt 0.65680000 0.14860000
vt 0.65160000 0.14860000
vt 0.65680000 0.14860000
vt 0.65210000 0.34270000
vt 0.69160000 0.00000000
vt 0.69930000 0.13830000
vt 0.68540000 0.34270000
vt 0.68540000 0.28240000
vt 0.69310000 0.15260000
vt 0.70650000 0.35230000
vt 0.70600000 0.28260000
vt 0.69730000 0.16850000
vt 0.69750000 0.22050000
vt 0.69370000 0.16250000
vt 0.61670000 0.48870000
vt 0.60830000 0.49990000
vt 0.69770000 0.28590000
vt 0.69370000 0.28400000
vt 0.63550000 0.34270000
vt 0.60990000 0.27160000
vt 0.61620000 0.26750000
vt 0.61070000 0.28260000
vt 0.61070000 0.28260000
vt 0.62350000 0.27490000
vt 0.62290000 0.34290000
vt 0.62350000 0.35160000
vt 0.66820000 0.22650000
vt 0.67340000 0.22650000
vt 0.61860000 0.22960000
vt 0.62710000 0.34280000
vt 0.61750000 0.36330000
vt 0.62350000 0.35160000
vt 0.62350000 0.15260000
vt 0.62350000 0.15260000
vt 0.69160000 0.49990000
vt 0.62350000 0.27490000
vt 0.62300000 0.28400000
vt 0.70190000 0.28850000
vt 0.62650000 0.14970000
vt 0.63180000 0.14880000
vt 0.63180000 0.22650000
vt 0.63180000 0.22650000
vt 0.62710000 0.21800000
vt 0.62650000 0.22670000
vt 0.63130000 0.21780000
vt 0.69820000 0.27750000
vt 0.69820000 0.27750000
vt 0.69830000 0.35190000
vt 0.61870000 0.16040000
vt 0.63130000 0.34270000
vt 0.65620000 0.15720000
vt 0.68950000 0.28280000
vt 0.69010000 0.27410000
vt 0.69010000 0.27410000
vt 0.68490000 0.22650000
vt 0.68950000 0.34280000
vt 0.68330000 0.50010000
vt 0.71550000 0.48360000
vt 0.68330000 0.01140000
vt 0.68330000 0.00000000
vt 0.60830000 0.12500000
vt 0.71660000 0.49990000
vt 0.67500000 0.49990000
vt 0.64850000 0.27360000
vt 0.64310000 0.27360000
vt 0.64850000 0.14860000
vt 0.64310000 0.14860000
vt 0.64850000 0.14860000
vt 0.67340000 0.35140000
vt 0.67340000 0.27360000
vt 0.67340000 0.35140000
vt 0.67340000 0.27360000
vt 0.64920000 0.23780000
vt 0.64850000 0.14860000
vt 0.64850000 0.22650000
vt 0.65080000 0.23780000
vt 0.64790000 0.15720000
vt 0.64310000 0.22650000
vt 0.64790000 0.21770000
vt 0.64850000 0.22650000
vt 0.64170000 0.25000000
vt 0.64170000 0.12500000
vt 0.64080000 0.13720000
vt 0.63410000 0.13720000
vt 0.63480000 0.14860000
vt 0.64010000 0.14860000
vt 0.63410000 0.23780000
vt 0.63480000 0.22650000
vt 0.63410000 0.26220000
vt 0.63410000 0.36270000
vt 0.63340000 0.25000000
vt 0.64010000 0.27360000
vt 0.64080000 0.26220000
vt 0.64080000 0.36270000
vt 0.64170000 0.37500000
vt 0.64010000 0.22650000
vt 0.64080000 0.23780000
vt 0.64010000 0.35140000
vt 0.63340000 0.37500000
vt 0.63480000 0.35140000
vt 0.63340000 0.12500000
vt 0.66740000 0.36270000
vt 0.66590000 0.26220000
vt 0.68420000 0.36270000
vt 0.68330000 0.37500000
vt 0.68330000 0.25000000
vt 0.68260000 0.26220000
vt 0.65990000 0.14860000
vt 0.65990000 0.22650000
vt 0.64310000 0.22650000
vt 0.64850000 0.27360000
vt 0.64850000 0.35140000
vt 0.64310000 0.35140000
vt 0.64850000 0.35140000
vt 0.64850000 0.27360000
vt 0.64310000 0.27360000
vt 0.71660000 0.25000000
vt 0.71580000 0.37380000
vt 0.61730000 0.13830000
vt 0.61700000 0.01440000
vt 0.62510000 0.12620000
vt 0.62510000 0.01170000
vt 0.65000000 0.00000000
vt 0.65830000 0.00000000
vt 0.65000000 0.01140000
vt 0.65830000 0.01140000
vt 0.64170000 0.49990000
vt 0.64170000 0.48870000
vt 0.68330000 0.48870000
vt 0.69160000 0.37500000
vt 0.70130000 0.27930000
vt 0.70150000 0.35210000
vt 0.70130000 0.27930000
vt 0.70150000 0.35210000
vt 0.63180000 0.35150000
vt 0.62650000 0.35150000
vt 0.63180000 0.35150000
vt 0.69810000 0.22960000
vt 0.69780000 0.16040000
vt 0.69810000 0.22960000
vt 0.63960000 0.28230000
vt 0.63960000 0.34270000
vt 0.62300000 0.16250000
vt 0.62300000 0.21890000
vt 0.61520000 0.35210000
vt 0.66670000 0.01140000
vt 0.62580000 0.36280000
vt 0.62580000 0.26270000
vt 0.61770000 0.24160000
vt 0.61860000 0.22960000
vt 0.62350000 0.22740000
vt 0.62650000 0.22670000
vt 0.62580000 0.23820000
vt 0.62420000 0.23860000
vt 0.62430000 0.13990000
vt 0.62510000 0.25050000
vt 0.61880000 0.34320000
vt 0.61900000 0.28590000
vt 0.62420000 0.36280000
vt 0.62350000 0.27490000
vt 0.61850000 0.27750000
vt 0.61770000 0.26650000
vt 0.61700000 0.25470000
vt 0.60850000 0.37630000
vt 0.60930000 0.36380000
vt 0.69880000 0.24160000
vt 0.66740000 0.26220000
vt 0.67500000 0.25000000
vt 0.67420000 0.23780000
vt 0.65750000 0.36270000
vt 0.65080000 0.36270000
vt 0.65680000 0.35140000
vt 0.65160000 0.35140000
vt 0.60000000 0.49990000
vt 0.60000000 0.37500000
vt 0.60100000 0.48360000
vt 0.60080000 0.37380000
vt 0.70750000 0.25980000
vt 0.69970000 0.25470000
vt 0.69320000 0.35160000
vt 0.69320000 0.27490000
vt 0.69320000 0.35160000
vt 0.69320000 0.27490000
vt 0.70600000 0.28260000
vt 0.70600000 0.28260000
vt 0.69310000 0.15260000
vt 0.69320000 0.22740000
vt 0.61020000 0.35230000
vt 0.61020000 0.35230000
vt 0.61810000 0.14980000
vt 0.61470000 0.34340000
vt 0.66740000 0.13720000
vt 0.66740000 0.23780000
vt 0.67420000 0.26220000
vt 0.67340000 0.14860000
vt 0.66820000 0.14860000
vt 0.67340000 0.14860000
vt 0.66510000 0.27360000
vt 0.65910000 0.26220000
vt 0.65910000 0.13720000
vt 0.65910000 0.23780000
vt 0.66590000 0.23780000
vt 0.66590000 0.13720000
vt 0.65910000 0.36270000
vt 0.66590000 0.36270000
vt 0.66510000 0.35140000
vt 0.65080000 0.13720000
vt 0.65750000 0.13720000
vt 0.65750000 0.23780000
vt 0.63130000 0.15760000
vt 0.62710000 0.15830000
vt 0.63180000 0.14880000
vt 0.65160000 0.22650000
vt 0.65680000 0.22650000
vt 0.65680000 0.22650000
vt 0.65160000 0.22650000
vt 0.65680000 0.27360000
vt 0.65160000 0.27360000
vt 0.65680000 0.27360000
vt 0.65160000 0.27360000
vt 0.65160000 0.27360000
vt 0.70740000 0.36380000
vt 0.65210000 0.28230000
vt 0.66510000 0.22650000
vt 0.66820000 0.35140000
vt 0.67420000 0.13720000
vt 0.67570000 0.23780000
vt 0.67500000 0.12500000
vt 0.67650000 0.27360000
vt 0.67650000 0.35140000
vt 0.65750000 0.26220000
vt 0.65080000 0.26220000
vt 0.67650000 0.22650000
vt 0.68260000 0.23780000
vt 0.68260000 0.13720000
vt 0.68260000 0.36270000
vt 0.68420000 0.13730000
vt 0.69090000 0.23820000
vt 0.69000000 0.14970000
vt 0.69010000 0.22670000
vt 0.69000000 0.14970000
vt 0.69010000 0.22670000
vt 0.68420000 0.23780000
vt 0.69080000 0.13840000
vt 0.67500000 0.37500000
vt 0.67420000 0.36270000
vt 0.67650000 0.14860000
vt 0.66510000 0.14860000
vt 0.63130000 0.28240000
vt 0.63180000 0.27370000
vt 0.62650000 0.27410000
vt 0.68330000 0.12500000
vt 0.69090000 0.26270000
vt 0.68490000 0.27370000
vt 0.63550000 0.28230000
vt 0.63480000 0.27360000
vt 0.69920000 0.36330000
vt 0.69890000 0.26650000
vt 0.69830000 0.35190000
vt 0.63340000 0.00000000
vt 0.64170000 0.00000000
vt 0.63340000 0.01140000
vt 0.64170000 0.01140000
vt 0.70150000 0.35210000
vt 0.70130000 0.27930000
vt 0.68490000 0.35150000
vt 0.69010000 0.35150000
vt 0.69010000 0.35150000
vt 0.63180000 0.22650000
vt 0.63180000 0.14880000
vt 0.63250000 0.23780000
vt 0.63250000 0.13730000
vt 0.65160000 0.35140000
vt 0.65680000 0.35140000
vt 0.61020000 0.35230000
vt 0.65160000 0.22650000
vt 0.65210000 0.21770000
vt 0.65210000 0.15720000
vt 0.65160000 0.14860000
vt 0.65160000 0.35140000
vt 0.67340000 0.27360000
vt 0.66820000 0.27360000
vt 0.67340000 0.35140000
vt 0.67290000 0.28230000
vt 0.66880000 0.28230000
vt 0.69320000 0.22740000
vt 0.63250000 0.26220000
vt 0.63250000 0.36270000
vt 0.63180000 0.27370000
vt 0.64850000 0.22650000
vt 0.63480000 0.27360000
vt 0.63480000 0.35140000
vt 0.63480000 0.14860000
vt 0.63550000 0.15720000
vt 0.63960000 0.15720000
vt 0.63960000 0.21770000
vt 0.63550000 0.21770000
vt 0.63480000 0.22650000
vt 0.66510000 0.27360000
vt 0.66510000 0.14860000
vt 0.65990000 0.35140000
vt 0.66510000 0.35140000
vt 0.66460000 0.21770000
vt 0.61530000 0.27930000
vt 0.69160000 0.12620000
vt 0.68950000 0.15830000
vt 0.68540000 0.15760000
vt 0.68490000 0.14880000
vt 0.68180000 0.14860000
vt 0.66460000 0.15720000
vt 0.63180000 0.27370000
vt 0.63180000 0.35150000
vt 0.68180000 0.14860000
vt 0.66510000 0.22650000
vt 0.68180000 0.22650000
vt 0.68120000 0.21770000
vt 0.66460000 0.28230000
vt 0.65990000 0.27360000
vt 0.66460000 0.34270000
vt 0.64310000 0.35140000
vt 0.68180000 0.35140000
vt 0.68180000 0.27360000
vt 0.67340000 0.22650000
vt 0.66820000 0.22650000
vt 0.67340000 0.22650000
vt 0.67340000 0.14860000
vt 0.67290000 0.15720000
vt 0.67290000 0.21770000
vt 0.66880000 0.34270000
vt 0.67290000 0.34270000
vt 0.66880000 0.15720000
vt 0.66880000 0.21770000
vt 0.68180000 0.22650000
vt 0.68180000 0.27360000
vt 0.68120000 0.28230000
vt 0.68120000 0.34270000
vt 0.68180000 0.35140000
vt 0.68120000 0.15720000
vt 0.64310000 0.14860000
vt 0.70830000 0.49990000
vt 0.70810000 0.48820000
vt 0.61140000 0.17020000
vt 0.60920000 0.25980000
vt 0.70770000 0.13410000
vt 0.69970000 0.01440000
vt 0.70000000 0.00000000
vt 0.70530000 0.17020000
vt 0.60090000 0.25530000
vt 0.60860000 0.48760000
vt 0.64790000 0.28230000
vt 0.64790000 0.34270000
vt 0.65680000 0.14860000
vt 0.65160000 0.14860000
vt 0.65680000 0.14860000
vt 0.65160000 0.14860000
vt 0.65210000 0.34270000
vt 0.69930000 0.13830000
vt 0.68540000 0.28240000
vt 0.68540000 0.34270000
vt 0.68490000 0.27370000
vt 0.69310000 0.15260000
vt 0.70650000 0.35230000
vt 0.70600000 0.28260000
vt 0.69730000 0.16850000
vt 0.69750000 0.22050000
vt 0.69370000 0.16250000
vt 0.61670000 0.48870000
vt 0.60830000 0.49990000
vt 0.69770000 0.28590000
vt 0.69370000 0.28400000
vt 0.63550000 0.34270000
vt 0.63340000 0.48870000
vt 0.60990000 0.27160000
vt 0.61620000 0.26750000
vt 0.61070000 0.28260000
vt 0.61070000 0.28260000
vt 0.62350000 0.27490000
vt 0.62290000 0.34290000
vt 0.62350000 0.35160000
vt 0.67340000 0.22650000
vt 0.61870000 0.16040000
vt 0.61860000 0.22960000
vt 0.62710000 0.34280000
vt 0.64850000 0.35140000
vt 0.62350000 0.35160000
vt 0.62350000 0.15260000
vt 0.62350000 0.15260000
vt 0.62350000 0.27490000
vt 0.62300000 0.28400000
vt 0.70190000 0.28850000
vt 0.62650000 0.22670000
vt 0.62650000 0.14970000
vt 0.63180000 0.14880000
vt 0.63180000 0.22650000
vt 0.63180000 0.22650000
vt 0.62650000 0.22670000
vt 0.63130000 0.21780000
vt 0.69820000 0.27750000
vt 0.69820000 0.27750000
vt 0.69830000 0.35190000
vt 0.61870000 0.16040000
vt 0.63130000 0.34270000
vt 0.68950000 0.28280000
vt 0.69010000 0.27410000
vt 0.69010000 0.27410000
vt 0.62650000 0.27410000
vt 0.68490000 0.22650000
vt 0.69010000 0.27410000
vt 0.68950000 0.34280000
vt 0.66670000 0.00000000
vt 0.67500000 0.00000000
vt 0.67500000 0.01140000
vt 0.63340000 0.50010000
vt 0.68330000 0.50010000
vt 0.71550000 0.48360000
vt 0.68330000 0.01140000
vt 0.68330000 0.00000000
vt 0.68490000 0.27370000
vt 0.67500000 0.48870000
vt 0.60830000 0.12500000
vt 0.71660000 0.49990000
vt 0.67500000 0.49990000
f 1/1 2/2 3/3
f 4/4 5/5 6/6
f 4/4 6/6 7/7
f 8/8 9/9 10/10
f 8/8 10/10 11/11
f 12/12 13/13 14/14
f 12/12 14/14 15/15
f 16/16 17/17 18/18
f 16/16 18/18 13/13
f 3/3 19/19 20/20
f 5/5 4/4 21/21
f 5/5 21/21 22/22
f 4/4 23/23 24/24
f 4/4 24/24 21/21
f 25/25 24/24 23/23
f 25/25 23/23 26/26
f 26/26 5/5 22/22
f 26/26 22/22 25/25
f 27/27 28/28 29/29
f 28/28 30/30 31/31
f 28/28 31/31 32/32
f 32/32 33/33 34/34
f 32/32 34/34 35/35
f 33/33 36/36 37/37
f 33/33 37/37 34/34
f 38/38 39/39 40/40
f 41/41 42/42 43/43
f 41/41 43/43 44/44
f 35/35 45/45 46/46
f 43/43 47/47 38/38
f 43/43 38/38 48/48
f 36/36 45/45 37/37
f 49/49 50/50 51/51
f 49/49 51/51 47/47
f 33/33 52/52 36/36
f 53/53 54/54 55/55
f 53/53 55/55 56/56
f 57/57 58/58 59/59
f 57/57 59/59 60/60
f 28/28 39/39 41/41
f 61/61 62/62 63/63
f 61/61 63/63 64/64
f 31/31 30/30 65/65
f 30/30 15/15 66/66
f 67/67 68/68 2/2
f 67/67 2/2 1/1
f 69/69 70/70 71/71
f 69/69 71/71 72/72
f 12/12 16/16 13/13
f 73/73 74/74 68/68
f 73/73 68/68 67/67
f 75/75 76/76 77/77
f 75/75 77/77 78/78
f 79/79 80/80 81/81
f 79/79 81/81 82/82
f 83/83 84/84 85/85
f 83/83 85/85 86/86
f 87/87 88/88 89/89
f 87/87 89/89 90/90
f 91/91 92/92 93/93
f 91/91 93/93 94/94
f 35/35 34/34 95/95
f 35/35 95/95 96/96
f 57/57 97/97 98/98
f 57/57 98/98 99/99
f 48/48 44/44 43/43
f 100/100 101/101 102/102
f 100/100 102/102 103/103
f 104/104 105/105 106/106
f 104/104 106/106 107/107
f 108/108 109/109 110/110
f 108/108 110/110 111/111
f 112/112 113/113 114/114
f 112/112 114/114 115/115
f 116/116 117/117 118/118
f 116/116 118/118 119/119
f 120/120 121/121 122/122
f 86/86 123/123 124/124
f 86/86 124/124 125/125
f 126/126 127/127 106/106
f 126/126 106/106 128/128
f 129/129 130/130 131/131
f 132/132 133/133 134/134
f 132/132 134/134 81/81
f 135/135 136/136 137/137
f 138/138 139/139 140/140
f 138/138 140/140 141/141
f 142/142 143/143 144/144
f 145/145 146/146 144/144
f 147/147 148/148 145/145
f 130/130 149/149 136/136
f 130/130 136/136 131/131
f 150/150 151/151 122/122
f 150/150 122/122 152/152
f 153/153 154/154 155/155
f 55/55 156/156 157/157
f 55/55 157/157 158/158
f 154/154 159/159 160/160
f 161/161 162/162 163/163
f 161/161 163/163 164/164
f 165/165 166/166 167/167
f 165/165 167/167 168/168
f 169/169 170/170 171/171
f 172/172 173/173 169/169
f 174/174 175/175 176/176
f 174/174 176/176 177/177
f 101/101 178/178 179/179
f 101/101 179/179 102/102
f 180/180 181/181 182/182
f 183/183 184/184 185/185
f 183/183 185/185 186/186
f 129/129 187/187 188/188
f 129/129 188/188 130/130
f 189/189 190/190 184/184
f 189/189 184/184 183/183
f 191/191 192/192 124/124
f 193/193 11/11 194/194
f 193/193 194/194 156/156
f 195/195 196/196 197/197
f 195/195 197/197 198/198
f 158/158 191/191 55/55
f 199/199 200/200 56/56
f 199/199 56/56 201/201
f 202/202 203/203 123/123
f 204/204 205/205 55/55
f 206/206 207/207 208/208
f 206/206 208/208 209/209
f 210/210 18/18 17/17
f 149/149 147/147 137/137
f 149/149 137/137 136/136
f 211/211 212/212 213/213
f 214/214 215/215 216/216
f 214/214 216/216 217/217
f 218/218 219/219 17/17
f 219/219 218/218 220/220
f 219/219 220/220 221/221
f 222/222 223/223 224/224
f 222/222 224/224 225/225
f 226/226 227/227 223/223
f 226/226 223/223 222/222
f 173/173 228/228 229/229
f 173/173 229/229 103/103
f 227/227 226/226 230/230
f 227/227 230/230 231/231
f 232/232 233/233 202/202
f 9/9 234/234 235/235
f 9/9 235/235 10/10
f 236/236 158/158 157/157
f 237/237 238/238 239/239
f 240/240 241/241 242/242
f 240/240 242/242 243/243
f 244/244 211/211 245/245
f 244/244 245/245 225/225
f 246/246 238/238 247/247
f 248/248 59/59 249/249
f 250/250 251/251 252/252
f 250/250 252/252 60/60
f 253/253 254/254 255/255
f 256/256 257/257 258/258
f 259/259 260/260 129/129
f 259/259 129/129 131/131
f 261/261 262/262 263/263
f 261/261 263/263 264/264
f 265/265 59/59 257/257
f 211/211 206/206 201/201
f 56/56 55/55 201/201
f 266/266 206/206 209/209
f 257/257 160/160 267/267
f 257/257 267/267 258/258
f 124/124 204/204 55/55
f 124/124 55/55 191/191
f 268/268 194/194 269/269
f 54/54 156/156 55/55
f 156/156 194/194 157/157
f 157/157 238/238 237/237
f 157/157 237/237 236/236
f 57/57 60/60 252/252
f 213/213 218/218 17/17
f 213/213 17/17 16/16
f 243/243 242/242 157/157
f 59/59 242/242 60/60
f 270/270 249/249 239/239
f 270/270 239/239 271/271
f 272/272 232/232 205/205
f 272/272 205/205 204/204
f 273/273 274/274 275/275
f 273/273 275/275 276/276
f 59/59 265/265 277/277
f 59/59 277/277 249/249
f 278/278 279/279 99/99
f 280/280 281/281 282/282
f 283/283 114/114 113/113
f 283/283 113/113 284/284
f 282/282 278/278 160/160
f 99/99 285/285 286/286
f 287/287 172/172 288/288
f 160/160 289/289 288/288
f 289/289 290/290 175/175
f 291/291 292/292 293/293
f 291/291 293/293 294/294
f 101/101 100/100 295/295
f 101/101 295/295 296/296
f 297/297 298/298 299/299
f 297/297 299/299 300/300
f 301/301 176/176 175/175
f 301/301 175/175 290/290
f 302/302 290/290 286/286
f 303/303 304/304 305/305
f 303/303 305/305 306/306
f 207/207 244/244 162/162
f 244/244 225/225 224/224
f 307/307 308/308 164/164
f 307/307 164/164 163/163
f 161/161 245/245 16/16
f 309/309 121/121 186/186
f 309/309 186/186 185/185
f 310/310 311/311 221/221
f 310/310 221/221 220/220
f 311/311 310/310 312/312
f 311/311 312/312 313/313
f 313/313 314/314 315/315
f 313/313 315/315 311/311
f 316/316 317/317 308/308
f 316/316 308/308 307/307
f 318/318 319/319 8/8
f 318/318 8/8 320/320
f 321/321 322/322 234/234
f 321/321 234/234 9/9
f 323/323 324/324 319/319
f 323/323 319/319 318/318
f 110/110 325/325 180/180
f 110/110 180/180 153/153
f 52/52 81/81 134/134
f 132/132 137/137 305/305
f 40/40 306/306 305/305
f 326/326 327/327 328/328
f 326/326 328/328 107/107
f 306/306 329/329 303/303
f 15/15 14/14 6/6
f 15/15 6/6 330/330
f 265/265 257/257 256/256
f 265/265 256/256 255/255
f 133/133 329/329 134/134
f 126/126 327/327 40/40
f 327/327 326/326 48/48
f 127/127 126/126 137/137
f 43/43 42/42 47/47
f 331/331 332/332 42/42
f 331/331 42/42 333/333
f 334/334 335/335 37/37
f 334/334 37/37 45/45
f 50/50 49/49 112/112
f 50/50 112/112 336/336
f 45/45 35/35 96/96
f 45/45 96/96 334/334
f 337/337 338/338 339/339
f 337/337 339/339 340/340
f 49/49 332/332 113/113
f 49/49 113/113 112/112
f 341/341 337/337 340/340
f 341/341 340/340 342/342
f 342/342 343/343 344/344
f 342/342 344/344 341/341
f 338/338 344/344 343/343
f 338/338 343/343 339/339
f 38/38 47/47 51/51
f 345/345 346/346 200/200
f 345/345 200/200 199/199
f 63/63 347/347 348/348
f 63/63 348/348 349/349
f 350/350 351/351 352/352
f 350/350 352/352 353/353
f 64/64 354/354 355/355
f 64/64 355/355 61/61
f 183/183 356/356 357/357
f 183/183 357/357 189/189
f 287/287 302/302 286/286
f 287/287 286/286 285/285
f 253/253 258/258 267/267
f 253/253 267/267 254/254
f 356/356 183/183 186/186
f 356/356 186/186 358/358
f 159/159 180/180 182/182
f 159/159 182/182 359/359
f 360/360 361/361 263/263
f 360/360 263/263 362/362
f 363/363 364/364 270/270
f 363/363 270/270 271/271
f 234/234 320/320 193/193
f 234/234 193/193 235/235
f 62/62 61/61 355/355
f 62/62 355/355 365/365
f 104/104 366/366 275/275
f 104/104 275/275 367/367
f 368/368 369/369 364/364
f 368/368 364/364 363/363
f 347/347 354/354 370/370
f 347/347 370/370 348/348
f 371/371 372/372 373/373
f 371/371 373/373 374/374
f 349/349 348/348 272/272
f 349/349 272/272 375/375
f 353/353 352/352 266/266
f 353/353 266/266 209/209
f 354/354 64/64 376/376
f 354/354 376/376 370/370
f 377/377 378/378 379/379
f 377/377 379/379 380/380
f 381/381 382/382 383/383
f 381/381 383/383 384/384
f 64/64 63/63 349/349
f 64/64 349/349 376/376
f 380/380 351/351 385/385
f 380/380 385/385 377/377
f 351/351 350/350 386/386
f 351/351 386/386 385/385
f 67/67 70/70 387/387
f 67/67 387/387 73/73
f 1/1 71/71 70/70
f 1/1 70/70 67/67
f 384/384 383/383 241/241
f 384/384 241/241 240/240
f 320/320 8/8 11/11
f 320/320 11/11 193/193
f 388/388 389/389 251/251
f 388/388 251/251 250/250
f 390/390 391/391 392/392
f 390/390 392/392 393/393
f 392/392 394/394 395/395
f 392/392 395/395 396/396
f 322/322 318/318 320/320
f 322/322 320/320 234/234
f 323/323 397/397 398/398
f 323/323 398/398 324/324
f 399/399 400/400 401/401
f 399/399 401/401 393/393
f 393/393 392/392 396/396
f 393/393 396/396 399/399
f 402/402 363/363 271/271
f 402/402 271/271 246/246
f 389/389 384/384 240/240
f 389/389 240/240 251/251
f 369/369 372/372 403/403
f 369/369 403/403 364/364
f 383/383 388/388 250/250
f 383/383 250/250 241/241
f 382/382 404/404 388/388
f 382/382 388/388 383/383
f 405/405 406/406 404/404
f 405/405 404/404 382/382
f 406/406 407/407 408/408
f 406/406 408/408 404/404
f 371/371 368/368 363/363
f 371/371 363/363 402/402
f 408/408 381/381 384/384
f 408/408 384/384 389/389
f 409/409 374/374 373/373
f 409/409 373/373 410/410
f 14/14 411/411 7/7
f 14/14 7/7 6/6
f 68/68 69/69 72/72
f 68/68 72/72 2/2
f 3/3 16/16 27/27
f 3/3 27/27 1/1
f 66/66 411/411 65/65
f 66/66 65/65 30/30
f 28/28 41/41 44/44
f 28/28 44/44 29/29
f 16/16 12/12 28/28
f 16/16 28/28 27/27
f 343/343 342/342 340/340
f 343/343 340/340 339/339
f 412/412 413/413 414/414
f 412/412 414/414 415/415
f 149/149 80/80 416/416
f 149/149 416/416 417/417
f 76/76 418/418 419/419
f 76/76 419/419 77/77
f 420/420 419/419 418/418
f 420/420 418/418 421/421
f 422/422 171/171 77/77
f 422/422 77/77 419/419
f 150/150 417/417 423/423
f 150/150 423/423 168/168
f 424/424 150/150 168/168
f 424/424 168/168 167/167
f 285/285 415/415 414/414
f 285/285 414/414 425/425
f 99/99 98/98 415/415
f 99/99 415/415 285/285
f 426/426 427/427 428/428
f 426/426 428/428 429/429
f 430/430 431/431 212/212
f 430/430 212/212 210/210
f 245/245 161/161 164/164
f 245/245 164/164 225/225
f 268/268 57/57 252/252
f 268/268 252/252 243/243
f 207/207 206/206 211/211
f 207/207 211/211 244/244
f 432/432 433/433 431/431
f 432/432 431/431 430/430
f 337/337 341/341 334/334
f 337/337 334/334 96/96
f 16/16 245/245 211/211
f 16/16 211/211 213/213
f 378/378 377/377 385/385
f 378/378 385/385 386/386
f 434/434 230/230 226/226
f 434/434 226/226 317/317
f 421/421 435/435 436/436
f 421/421 436/436 420/420
f 436/436 359/359 437/437
f 436/436 437/437 420/420
f 182/182 438/438 437/437
f 182/182 437/437 359/359
f 121/121 309/309 152/152
f 121/121 152/152 122/122
f 359/359 267/267 160/160
f 359/359 160/160 159/159
f 439/439 440/440 441/441
f 439/439 441/441 298/298
f 172/172 422/422 437/437
f 172/172 437/437 438/438
f 172/172 169/169 171/171
f 172/172 171/171 422/422
f 442/442 111/111 155/155
f 442/442 155/155 181/181
f 443/443 444/444 442/442
f 443/443 442/442 325/325
f 109/109 443/443 325/325
f 109/109 325/325 110/110
f 445/445 178/178 446/446
f 445/445 446/446 447/447
f 444/444 108/108 111/111
f 444/444 111/111 442/442
f 109/109 108/108 448/448
f 109/109 448/448 449/449
f 444/444 443/443 450/450
f 444/444 450/450 451/451
f 452/452 453/453 454/454
f 452/452 454/454 455/455
f 351/351 380/380 345/345
f 351/351 345/345 352/352
f 350/350 353/353 346/346
f 350/350 346/346 379/379
f 456/456 457/457 79/79
f 456/456 79/79 82/82
f 166/166 458/458 424/424
f 166/166 424/424 167/167
f 459/459 460/460 461/461
f 459/459 461/461 462/462
f 200/200 346/346 353/353
f 200/200 353/353 209/209
f 463/463 115/115 114/114
f 463/463 114/114 283/283
f 143/143 454/454 464/464
f 143/143 464/464 48/48
f 416/416 465/465 423/423
f 416/416 423/423 417/417
f 417/417 150/150 152/152
f 417/417 152/152 466/466
f 467/467 120/120 122/122
f 467/467 122/122 151/151
f 468/468 120/120 467/467
f 468/468 467/467 466/466
f 152/152 309/309 468/468
f 152/152 468/468 466/466
f 469/469 356/356 358/358
f 469/469 358/358 470/470
f 146/146 145/145 471/471
f 146/146 471/471 472/472
f 190/190 189/189 357/357
f 190/190 357/357 473/473
f 159/159 154/154 153/153
f 159/159 153/153 180/180
f 266/266 199/199 201/201
f 266/266 201/201 206/206
f 474/474 140/140 139/139
f 474/474 139/139 475/475
f 391/391 390/390 476/476
f 391/391 476/476 477/477
f 50/50 331/331 333/333
f 50/50 333/333 51/51
f 409/409 410/410 369/369
f 409/409 369/369 368/368
f 246/246 271/271 239/239
f 246/246 239/239 238/238
f 119/119 118/118 478/478
f 119/119 478/478 479/479
f 191/191 158/158 477/477
f 191/191 477/477 476/476
f 193/193 156/156 54/54
f 193/193 54/54 235/235
f 198/198 197/197 236/236
f 198/198 236/236 192/192
f 248/248 249/249 270/270
f 248/248 270/270 247/247
f 335/335 95/95 34/34
f 335/335 34/34 37/37
f 157/157 242/242 59/59
f 157/157 59/59 248/248
f 80/80 149/149 130/130
f 80/80 130/130 188/188
f 137/137 132/132 81/81
f 137/137 81/81 135/135
f 143/143 127/127 137/137
f 143/143 137/137 144/144
f 276/276 480/480 481/481
f 276/276 481/481 273/273
f 387/387 482/482 429/429
f 387/387 429/429 428/428
f 483/483 148/148 484/484
f 483/483 484/484 142/142
f 148/148 483/483 485/485
f 148/148 485/485 486/486
f 483/483 146/146 472/472
f 483/483 472/472 485/485
f 487/487 488/488 259/259
f 487/487 259/259 489/489
f 490/490 412/412 415/415
f 490/490 415/415 98/98
f 491/491 138/138 141/141
f 491/491 141/141 492/492
f 493/493 494/494 446/446
f 493/493 446/446 296/296
f 495/495 131/131 136/136
f 495/495 136/136 135/135
f 482/482 387/387 70/70
f 482/482 70/70 69/69
f 174/174 302/302 287/287
f 174/174 287/287 288/288
f 2/2 72/72 19/19
f 2/2 19/19 3/3
f 27/27 29/29 71/71
f 27/27 71/71 1/1
f 33/33 32/32 31/31
f 33/33 31/31 52/52
f 160/160 288/288 172/172
f 160/160 172/172 154/154
f 52/52 306/306 40/40
f 52/52 40/40 36/36
f 134/134 329/329 306/306
f 134/134 306/306 52/52
f 187/187 495/495 135/135
f 187/187 135/135 188/188
f 137/137 126/126 40/40
f 137/137 40/40 305/305
f 304/304 133/133 132/132
f 304/304 132/132 305/305
f 329/329 133/133 496/496
f 329/329 496/496 497/497
f 217/217 216/216 498/498
f 217/217 498/498 497/497
f 216/216 499/499 500/500
f 216/216 500/500 498/498
f 26/26 23/23 501/501
f 26/26 501/501 330/330
f 502/502 214/214 217/217
f 502/502 217/217 503/503
f 491/491 475/475 485/485
f 491/491 485/485 472/472
f 62/62 365/365 347/347
f 62/62 347/347 63/63
f 215/215 504/504 499/499
f 215/215 499/499 216/216
f 459/459 462/462 505/505
f 459/459 505/505 506/506
f 506/506 505/505 177/177
f 506/506 177/177 176/176
f 302/302 174/174 177/177
f 302/302 177/177 507/507
f 505/505 508/508 507/507
f 505/505 507/507 177/177
f 150/150 424/424 455/455
f 150/150 455/455 151/151
f 508/508 509/509 301/301
f 508/508 301/301 507/507
f 460/460 459/459 506/506
f 460/460 506/506 509/509
f 509/509 506/506 176/176
f 509/509 176/176 301/301
f 124/124 123/123 203/203
f 124/124 203/203 204/204
f 228/228 173/173 285/285
f 228/228 285/285 425/425
f 170/170 169/169 102/102
f 170/170 102/102 179/179
f 427/427 426/426 74/74
f 427/427 74/74 73/73
f 478/478 487/487 489/489
f 478/478 489/489 510/510
f 494/494 511/511 447/447
f 494/494 447/447 446/446
f 182/182 181/181 155/155
f 182/182 155/155 438/438
f 273/273 481/481 512/512
f 273/273 512/512 274/274
f 488/488 479/479 260/260
f 488/488 260/260 259/259
f 116/116 119/119 479/479
f 116/116 479/479 488/488
f 286/286 290/290 289/289
f 286/286 289/289 99/99
f 513/513 315/315 314/314
f 513/513 314/314 514/514
f 515/515 262/262 258/258
f 515/515 258/258 253/253
f 262/262 261/261 256/256
f 262/262 256/256 258/258
f 261/261 516/516 255/255
f 261/261 255/255 256/256
f 262/262 515/515 362/362
f 262/262 362/362 263/263
f 440/440 517/517 518/518
f 440/440 518/518 441/441
f 361/361 360/360 519/519
f 361/361 519/519 520/520
f 264/264 263/263 361/361
f 264/264 361/361 520/520
f 411/411 66/66 501/501
f 411/411 501/501 7/7
f 205/205 232/232 202/202
f 205/205 202/202 211/211
f 350/350 379/379 378/378
f 350/350 378/378 386/386
f 123/123 212/212 211/211
f 123/123 211/211 202/202
f 162/162 161/161 20/20
f 162/162 20/20 207/207
f 254/254 267/267 359/359
f 254/254 359/359 277/277
f 431/431 218/218 213/213
f 431/431 213/213 212/212
f 219/219 430/430 210/210
f 219/219 210/210 17/17
f 315/315 513/513 433/433
f 315/315 433/433 432/432
f 521/521 434/434 317/317
f 521/521 317/317 316/316
f 48/48 38/38 40/40
f 48/48 40/40 327/327
f 508/508 505/505 462/462
f 508/508 462/462 461/461
f 327/327 126/126 128/128
f 327/327 128/128 328/328
f 188/188 135/135 81/81
f 188/188 81/81 80/80
f 300/300 522/522 518/518
f 300/300 518/518 297/297
f 105/105 523/523 128/128
f 105/105 128/128 106/106
f 5/5 26/26 330/330
f 5/5 330/330 6/6
f 276/276 275/275 366/366
f 276/276 366/366 523/523
f 447/447 295/295 100/100
f 447/447 100/100 445/445
f 524/524 280/280 58/58
f 524/524 58/58 279/279
f 147/147 145/145 144/144
f 147/147 144/144 137/137
f 519/519 360/360 362/362
f 519/519 362/362 525/525
f 341/341 344/344 335/335
f 341/341 335/335 334/334
f 281/281 526/526 278/278
f 281/281 278/278 282/282
f 200/200 209/209 208/208
f 200/200 208/208 56/56
f 72/72 71/71 29/29
f 72/72 29/29 19/19
f 203/203 202/202 233/233
f 203/203 233/233 375/375
f 391/391 196/196 394/394
f 391/391 394/394 392/392
f 380/380 379/379 346/346
f 380/380 346/346 345/345
f 365/365 355/355 354/354
f 365/365 354/354 347/347
f 24/24 25/25 22/22
f 24/24 22/22 21/21
f 241/241 250/250 60/60
f 241/241 60/60 242/242
f 503/503 217/217 497/497
f 503/503 497/497 496/496
f 178/178 445/445 229/229
f 178/178 229/229 179/179
f 499/499 503/503 496/496
f 499/499 496/496 500/500
f 227/227 316/316 307/307
f 227/227 307/307 223/223
f 516/516 261/261 264/264
f 516/516 264/264 525/525
f 297/297 518/518 517/517
f 297/297 517/517 527/527
f 279/279 278/278 526/526
f 279/279 526/526 524/524
f 439/439 298/298 297/297
f 439/439 297/297 527/527
f 317/317 226/226 222/222
f 317/317 222/222 308/308
f 403/403 402/402 246/246
f 403/403 246/246 247/247
f 372/372 371/371 402/402
f 372/372 402/402 403/403
f 528/528 529/529 125/125
f 528/528 125/125 530/530
f 529/529 83/83 86/86
f 529/529 86/86 125/125
f 251/251 240/240 243/243
f 251/251 243/243 252/252
f 277/277 237/237 239/239
f 277/277 239/239 249/249
f 268/268 243/243 157/157
f 268/268 157/157 194/194
f 10/10 235/235 54/54
f 10/10 54/54 269/269
f 395/395 394/394 401/401
f 395/395 401/401 400/400
f 381/381 408/408 407/407
f 381/381 407/407 531/531
f 322/322 321/321 398/398
f 322/322 398/398 397/397
f 324/324 398/398 321/321
f 324/324 321/321 319/319
f 463/463 283/283 284/284
f 463/463 284/284 336/336
f 284/284 113/113 332/332
f 284/284 332/332 331/331
f 338/338 337/337 96/96
f 338/338 96/96 95/95
f 374/374 409/409 368/368
f 374/374 368/368 371/371
f 449/449 450/450 443/443
f 449/449 443/443 109/109
f 308/308 222/222 225/225
f 308/308 225/225 164/164
f 53/53 268/268 269/269
f 53/53 269/269 54/54
f 524/524 300/300 299/299
f 524/524 299/299 280/280
f 453/453 532/532 464/464
f 453/453 464/464 454/454
f 28/28 46/46 40/40
f 28/28 40/40 39/39
f 11/11 10/10 269/269
f 11/11 269/269 194/194
f 88/88 91/91 94/94
f 88/88 94/94 89/89
f 533/533 490/490 98/98
f 533/533 98/98 97/97
f 486/486 471/471 145/145
f 486/486 145/145 148/148
f 510/510 489/489 495/495
f 510/510 495/495 187/187
f 511/511 534/534 295/295
f 511/511 295/295 447/447
f 475/475 491/491 492/492
f 475/475 492/492 474/474
f 425/425 414/414 535/535
f 425/425 535/535 78/78
f 420/420 437/437 422/422
f 420/420 422/422 419/419
f 523/523 366/366 328/328
f 523/523 328/328 128/128
f 151/151 455/455 454/454
f 151/151 454/454 143/143
f 536/536 277/277 359/359
f 536/536 359/359 436/436
f 325/325 442/442 181/181
f 325/325 181/181 180/180
f 401/401 394/394 196/196
f 401/401 196/196 195/195
f 435/435 537/537 536/536
f 435/435 536/536 436/436
f 482/482 74/74 426/426
f 482/482 426/426 429/429
f 522/522 538/538 441/441
f 522/522 441/441 518/518
f 469/469 184/184 190/190
f 469/469 190/190 473/473
f 172/172 287/287 285/285
f 172/172 285/285 173/173
f 185/185 470/470 468/468
f 185/185 468/468 309/309
f 489/489 259/259 131/131
f 489/489 131/131 495/495
f 445/445 100/100 103/103
f 445/445 103/103 229/229
f 171/171 425/425 78/78
f 171/171 78/78 77/77
f 296/296 295/295 534/534
f 296/296 534/534 493/493
f 99/99 289/289 160/160
f 99/99 160/160 278/278
f 121/121 120/120 358/358
f 121/121 358/358 186/186
f 36/36 40/40 46/46
f 36/36 46/46 45/45
f 523/523 105/105 480/480
f 523/523 480/480 276/276
f 20/20 161/161 16/16
f 20/20 16/16 3/3
f 13/13 65/65 411/411
f 13/13 411/411 14/14
f 53/53 93/93 539/539
f 53/53 539/539 268/268
f 192/192 191/191 476/476
f 192/192 476/476 198/198
f 466/466 467/467 149/149
f 466/466 149/149 417/417
f 503/503 499/499 504/504
f 503/503 504/504 502/502
f 41/41 39/39 333/333
f 41/41 333/333 42/42
f 32/32 35/35 46/46
f 32/32 46/46 28/28
f 512/512 481/481 480/480
f 512/512 480/480 367/367
f 20/20 89/89 94/94
f 20/20 94/94 207/207
f 310/310 513/513 514/514
f 310/310 514/514 312/312
f 44/44 90/90 89/89
f 44/44 89/89 20/20
f 48/48 464/464 90/90
f 48/48 90/90 44/44
f 138/138 491/491 472/472
f 138/138 472/472 471/471
f 298/298 441/441 538/538
f 298/298 538/538 299/299
f 530/530 237/237 277/277
f 530/530 277/277 536/536
f 265/265 255/255 254/254
f 265/265 254/254 277/277
f 123/123 18/18 210/210
f 123/123 210/210 212/212
f 19/19 29/29 44/44
f 19/19 44/44 20/20
f 525/525 264/264 520/520
f 525/525 520/520 519/519
f 525/525 362/362 515/515
f 525/525 515/515 516/516
f 73/73 387/387 428/428
f 73/73 428/428 427/427
f 184/184 469/469 470/470
f 184/184 470/470 185/185
f 440/440 439/439 527/527
f 440/440 527/527 517/517
f 461/461 460/460 509/509
f 461/461 509/509 508/508
f 281/281 280/280 299/299
f 281/281 299/299 538/538
f 133/133 304/304 500/500
f 133/133 500/500 496/496
f 108/108 444/444 451/451
f 108/108 451/451 448/448
f 531/531 405/405 382/382
f 531/531 382/382 381/381
f 312/312 514/514 314/314
f 312/312 314/314 313/313
f 178/178 101/101 296/296
f 178/178 296/296 446/446
f 311/311 315/315 432/432
f 311/311 432/432 221/221
f 513/513 310/310 220/220
f 513/513 220/220 433/433
f 218/218 431/431 433/433
f 218/218 433/433 220/220
f 348/348 370/370 232/232
f 348/348 232/232 272/272
f 238/238 157/157 248/248
f 238/238 248/248 247/247
f 430/430 219/219 221/221
f 430/430 221/221 432/432
f 115/115 463/463 336/336
f 115/115 336/336 112/112
f 151/151 484/484 149/149
f 151/151 149/149 467/467
f 105/105 104/104 367/367
f 105/105 367/367 480/480
f 82/82 81/81 52/52
f 82/82 52/52 293/293
f 457/457 540/540 465/465
f 457/457 465/465 79/79
f 541/541 165/165 168/168
f 541/541 168/168 423/423
f 542/542 75/75 78/78
f 542/542 78/78 535/535
f 537/537 528/528 530/530
f 537/537 530/530 536/536
f 125/125 124/124 237/237
f 125/125 237/237 530/530
f 79/79 465/465 416/416
f 79/79 416/416 80/80
f 154/154 172/172 438/438
f 154/154 438/438 155/155
f 475/475 139/139 486/486
f 475/475 486/486 485/485
f 58/58 280/280 282/282
f 58/58 282/282 59/59
f 450/450 449/449 448/448
f 450/450 448/448 451/451
f 326/326 127/127 143/143
f 326/326 143/143 48/48
f 39/39 38/38 51/51
f 39/39 51/51 333/333
f 228/228 170/170 179/179
f 228/228 179/179 229/229
f 175/175 174/174 288/288
f 175/175 288/288 289/289
f 57/57 99/99 279/279
f 57/57 279/279 58/58
f 59/59 282/282 160/160
f 59/59 160/160 257/257
f 390/390 195/195 198/198
f 390/390 198/198 476/476
f 484/484 148/148 147/147
f 484/484 147/147 149/149
f 170/170 228/228 425/425
f 170/170 425/425 171/171
f 53/53 56/56 208/208
f 53/53 208/208 207/207
f 538/538 522/522 526/526
f 538/538 526/526 281/281
f 146/146 483/483 142/142
f 146/146 142/142 144/144
f 370/370 376/376 233/233
f 370/370 233/233 232/232
f 397/397 323/323 318/318
f 397/397 318/318 322/322
f 140/140 474/474 492/492
f 140/140 492/492 141/141
f 139/139 138/138 471/471
f 139/139 471/471 486/486
f 479/479 478/478 510/510
f 479/479 510/510 260/260
f 356/356 469/469 473/473
f 356/356 473/473 357/357
f 501/501 66/66 15/15
f 501/501 15/15 330/330
f 103/103 102/102 169/169
f 103/103 169/169 173/173
f 487/487 478/478 118/118
f 487/487 118/118 117/117
f 522/522 300/300 524/524
f 522/522 524/524 526/526
f 111/111 110/110 153/153
f 111/111 153/153 155/155
f 151/151 143/143 142/142
f 151/151 142/142 484/484
f 497/497 498/498 303/303
f 497/497 303/303 329/329
f 293/293 52/52 31/31
f 293/293 31/31 294/294
f 117/117 116/116 488/488
f 117/117 488/488 487/487
f 375/375 272/272 204/204
f 375/375 204/204 203/203
f 12/12 15/15 30/30
f 12/12 30/30 28/28
f 201/201 55/55 205/205
f 201/201 205/205 211/211
f 224/224 163/163 162/162
f 224/224 162/162 244/244
f 231/231 521/521 316/316
f 231/231 316/316 227/227
f 18/18 31/31 65/65
f 18/18 65/65 13/13
f 290/290 302/302 507/507
f 290/290 507/507 301/301
f 120/120 468/468 470/470
f 120/120 470/470 358/358
f 274/274 512/512 367/367
f 274/274 367/367 275/275
f 410/410 373/373 372/372
f 410/410 372/372 369/369
f 158/158 236/236 197/197
f 158/158 197/197 477/477
f 215/215 214/214 502/502
f 215/215 502/502 504/504
f 192/192 236/236 237/237
f 192/192 237/237 124/124
f 107/107 106/106 127/127
f 107/107 127/127 326/326
f 268/268 539/539 97/97
f 268/268 97/97 57/57
f 260/260 510/510 187/187
f 260/260 187/187 129/129
f 196/196 391/391 477/477
f 196/196 477/477 197/197
f 294/294 31/31 18/18
f 294/294 18/18 85/85
f 85/85 18/18 123/123
f 85/85 123/123 86/86
f 292/292 456/456 82/82
f 292/292 82/82 293/293
f 516/516 515/515 253/253
f 516/516 253/253 255/255
f 207/207 94/94 93/93
f 207/207 93/93 53/53
f 540/540 541/541 423/423
f 540/540 423/423 465/465
f 543/543 533/533 97/97
f 543/543 97/97 539/539
f 92/92 543/543 539/539
f 92/92 539/539 93/93
f 532/532 87/87 90/90
f 532/532 90/90 464/464
f 494/494 493/493 534/534
f 494/494 534/534 511/511
f 223/223 307/307 163/163
f 223/223 163/163 224/224
f 84/84 291/291 294/294
f 84/84 294/294 85/85
f 521/521 231/231 230/230
f 521/521 230/230 434/434
f 195/195 390/390 393/393
f 195/195 393/393 401/401
f 458/458 452/452 455/455
f 458/458 455/455 424/424
f 396/396 395/395 400/400
f 396/396 400/400 399/399
f 23/23 4/4 7/7
f 23/23 7/7 501/501
f 413/413 542/542 535/535
f 413/413 535/535 414/414
f 304/304 303/303 498/498
f 304/304 498/498 500/500
f 332/332 49/49 47/47
f 332/332 47/47 42/42
f 331/331 50/50 336/336
f 331/331 336/336 284/284
f 352/352 345/345 199/199
f 352/352 199/199 266/266
f 344/344 338/338 95/95
f 344/344 95/95 335/335
f 74/74 482/482 69/69
f 74/74 69/69 68/68
f 364/364 403/403 247/247
f 364/364 247/247 270/270
f 319/319 321/321 9/9
f 319/319 9/9 8/8
f 404/404 408/408 389/389
f 404/404 389/389 388/388
f 366/366 104/104 107/107
f 366/366 107/107 328/328
f 405/405 531/531 407/407
f 405/405 407/407 406/406
f 376/376 349/349 375/375
f 376/376 375/375 233/233
f 544/544 545/545 546/546
f 547/547 548/548 549/549
f 549/549 548/548 550/550
f 551/551 552/552 553/553
f 553/553 552/552 554/554
f 555/555 556/556 557/557
f 557/557 556/556 558/558
f 559/559 560/560 561/561
f 561/561 560/560 555/555
f 562/562 546/546 563/563
f 548/548 547/547 564/564
f 564/564 547/547 565/565
f 566/566 548/548 567/567
f 567/567 548/548 564/564
f 567/567 568/568 566/566
f 566/566 568/568 569/569
f 547/547 569/569 565/565
f 565/565 569/569 568/568
f 570/570 571/571 572/572
f 573/573 570/570 574/574
f 574/574 570/570 575/575
f 576/576 575/575 577/577
f 577/577 575/575 578/578
f 579/579 576/576 580/580
f 580/580 576/576 577/577
f 581/581 582/582 583/583
f 584/584 585/585 586/586
f 586/586 585/585 587/587
f 588/588 578/578 589/589
f 590/590 586/586 582/582
f 582/582 586/586 591/591
f 588/588 579/579 580/580
f 592/592 593/593 594/594
f 594/594 593/593 590/590
f 595/595 576/576 579/579
f 596/596 597/597 598/598
f 598/598 597/597 599/599
f 600/600 601/601 602/602
f 602/602 601/601 603/603
f 581/581 570/570 585/585
f 604/604 605/605 606/606
f 606/606 605/605 607/607
f 573/573 574/574 608/608
f 558/558 573/573 609/609
f 610/610 611/611 544/544
f 544/544 611/611 545/545
f 612/612 613/613 614/614
f 614/614 613/613 615/615
f 560/560 556/556 555/555
f 616/616 617/617 610/610
f 610/610 617/617 611/611
f 618/618 619/619 620/620
f 620/620 619/619 621/621
f 622/622 623/623 624/624
f 624/624 623/623 625/625
f 626/626 627/627 628/628
f 628/628 627/627 629/629
f 630/630 631/631 632/632
f 632/632 631/631 633/633
f 634/634 635/635 636/636
f 636/636 635/635 637/637
f 577/577 578/578 638/638
f 638/638 578/578 639/639
f 640/640 601/601 641/641
f 641/641 601/601 642/642
f 587/587 591/591 586/586
f 643/643 644/644 645/645
f 645/645 644/644 646/646
f 647/647 648/648 649/649
f 649/649 648/648 650/650
f 651/651 652/652 653/653
f 653/653 652/652 654/654
f 655/655 656/656 657/657
f 657/657 656/656 658/658
f 659/659 660/660 661/661
f 661/661 660/660 662/662
f 663/663 664/664 665/665
f 666/666 629/629 667/667
f 667/667 629/629 668/668
f 669/669 670/670 649/649
f 649/649 670/670 671/671
f 672/672 673/673 674/674
f 675/675 676/676 677/677
f 677/677 676/676 624/624
f 678/678 679/679 680/680
f 681/681 682/682 683/683
f 683/683 682/682 684/684
f 685/685 686/686 687/687
f 688/688 689/689 687/687
f 690/690 691/691 689/689
f 692/692 672/672 678/678
f 678/678 672/672 674/674
f 693/693 694/694 665/665
f 665/665 694/694 695/695
f 696/696 697/697 698/698
f 699/699 598/598 700/700
f 700/700 598/598 701/701
f 702/702 696/696 703/703
f 704/704 705/705 706/706
f 706/706 705/705 707/707
f 708/708 709/709 710/710
f 710/710 709/709 711/711
f 712/712 713/713 714/714
f 715/715 716/716 713/713
f 717/717 718/718 719/719
f 719/719 718/718 720/720
f 721/721 643/643 722/722
f 722/722 643/643 645/645
f 723/723 724/724 725/725
f 726/726 727/727 728/728
f 728/728 727/727 729/729
f 730/730 673/673 731/731
f 731/731 673/673 672/672
f 732/732 733/733 726/726
f 726/726 733/733 727/727
f 734/734 735/735 667/667
f 554/554 736/736 737/737
f 737/737 736/736 699/699
f 738/738 739/739 740/740
f 740/740 739/739 741/741
f 735/735 701/701 598/598
f 742/742 743/743 599/599
f 599/599 743/743 744/744
f 745/745 746/746 666/666
f 747/747 748/748 598/598
f 749/749 750/750 751/751
f 751/751 750/750 752/752
f 561/561 753/753 559/559
f 691/691 692/692 680/680
f 680/680 692/692 678/678
f 754/754 755/755 756/756
f 757/757 758/758 759/759
f 759/759 758/758 760/760
f 761/761 762/762 559/559
f 762/762 761/761 763/763
f 763/763 761/761 764/764
f 765/765 766/766 767/767
f 767/767 766/766 768/768
f 769/769 770/770 765/765
f 765/765 770/770 766/766
f 771/771 715/715 772/772
f 772/772 715/715 646/646
f 770/770 769/769 773/773
f 773/773 769/769 774/774
f 775/775 776/776 746/746
f 777/777 551/551 778/778
f 778/778 551/551 553/553
f 701/701 779/779 700/700
f 780/780 781/781 782/782
f 783/783 784/784 785/785
f 785/785 784/784 786/786
f 755/755 787/787 788/788
f 788/788 787/787 768/768
f 780/780 789/789 790/790
f 602/602 791/791 792/792
f 793/793 794/794 795/795
f 795/795 794/794 603/603
f 796/796 797/797 798/798
f 799/799 800/800 801/801
f 802/802 803/803 673/673
f 673/673 803/803 674/674
f 804/804 805/805 806/806
f 806/806 805/805 807/807
f 602/602 808/808 799/799
f 750/750 755/755 744/744
f 598/598 599/599 744/744
f 750/750 809/809 752/752
f 703/703 799/799 810/810
f 810/810 799/799 801/801
f 748/748 667/667 598/598
f 598/598 667/667 735/735
f 737/737 811/811 812/812
f 699/699 596/596 598/598
f 737/737 699/699 700/700
f 780/780 700/700 781/781
f 781/781 700/700 779/779
f 603/603 601/601 795/795
f 762/762 756/756 559/559
f 559/559 756/756 560/560
f 785/785 786/786 700/700
f 785/785 602/602 603/603
f 792/792 813/813 782/782
f 782/782 813/813 814/814
f 776/776 815/815 747/747
f 747/747 815/815 748/748
f 816/816 817/817 818/818
f 818/818 817/817 819/819
f 808/808 602/602 820/820
f 820/820 602/602 792/792
f 821/821 822/822 642/642
f 823/823 824/824 825/825
f 657/657 826/826 655/655
f 655/655 826/826 827/827
f 822/822 825/825 703/703
f 828/828 642/642 829/829
f 716/716 830/830 831/831
f 832/832 703/703 831/831
f 833/833 832/832 717/717
f 834/834 835/835 836/836
f 836/836 835/835 837/837
f 644/644 643/643 838/838
f 838/838 643/643 839/839
f 840/840 841/841 842/842
f 842/842 841/841 843/843
f 719/719 844/844 717/717
f 717/717 844/844 833/833
f 833/833 845/845 829/829
f 846/846 847/847 848/848
f 848/848 847/847 849/849
f 787/787 749/749 704/704
f 768/768 787/787 767/767
f 850/850 851/851 707/707
f 707/707 851/851 706/706
f 788/788 705/705 560/560
f 663/663 852/852 729/729
f 729/729 852/852 728/728
f 853/853 854/854 764/764
f 764/764 854/854 763/763
f 854/854 853/853 855/855
f 855/855 853/853 856/856
f 857/857 856/856 858/858
f 858/858 856/856 853/853
f 859/859 860/860 850/850
f 850/850 860/860 851/851
f 861/861 862/862 552/552
f 552/552 862/862 863/863
f 864/864 865/865 777/777
f 777/777 865/865 551/551
f 866/866 867/867 861/861
f 861/861 867/867 862/862
f 868/868 653/653 724/724
f 724/724 653/653 697/697
f 624/624 595/595 677/677
f 680/680 676/676 848/848
f 849/849 583/583 848/848
f 869/869 870/870 871/871
f 871/871 870/870 650/650
f 872/872 849/849 847/847
f 557/557 558/558 549/549
f 549/549 558/558 873/873
f 799/799 808/808 800/800
f 800/800 808/808 798/798
f 872/872 675/675 677/677
f 869/869 670/670 583/583
f 870/870 869/869 591/591
f 670/670 669/669 680/680
f 584/584 586/586 590/590
f 874/874 875/875 584/584
f 584/584 875/875 876/876
f 877/877 878/878 580/580
f 580/580 878/878 588/588
f 593/593 592/592 656/656
f 656/656 592/592 879/879
f 578/578 588/588 639/639
f 639/639 588/588 878/878
f 880/880 881/881 882/882
f 882/882 881/881 883/883
f 874/874 593/593 655/655
f 655/655 593/593 656/656
f 881/881 884/884 883/883
f 883/883 884/884 885/885
f 886/886 885/885 887/887
f 887/887 885/885 884/884
f 887/887 880/880 886/886
f 886/886 880/880 882/882
f 590/590 582/582 594/594
f 888/888 889/889 742/742
f 742/742 889/889 743/743
f 890/890 606/606 891/891
f 891/891 606/606 892/892
f 893/893 894/894 895/895
f 895/895 894/894 896/896
f 897/897 607/607 898/898
f 898/898 607/607 605/605
f 899/899 727/727 900/900
f 900/900 727/727 733/733
f 845/845 830/830 829/829
f 829/829 830/830 828/828
f 801/801 797/797 810/810
f 810/810 797/797 796/796
f 727/727 899/899 729/729
f 729/729 899/899 901/901
f 724/724 702/702 725/725
f 725/725 702/702 902/902
f 903/903 904/904 806/806
f 806/806 904/904 905/905
f 906/906 907/907 813/813
f 813/813 907/907 814/814
f 863/863 777/777 736/736
f 736/736 777/777 778/778
f 605/605 604/604 898/898
f 898/898 604/604 908/908
f 909/909 648/648 818/818
f 818/818 648/648 910/910
f 911/911 912/912 906/906
f 906/906 912/912 907/907
f 897/897 890/890 913/913
f 913/913 890/890 891/891
f 914/914 915/915 916/916
f 916/916 915/915 917/917
f 891/891 892/892 815/815
f 815/815 892/892 918/918
f 895/895 896/896 809/809
f 809/809 896/896 752/752
f 607/607 897/897 919/919
f 919/919 897/897 913/913
f 920/920 921/921 922/922
f 922/922 921/921 923/923
f 924/924 925/925 926/926
f 926/926 925/925 927/927
f 606/606 607/607 892/892
f 892/892 607/607 919/919
f 893/893 923/923 928/928
f 928/928 923/923 921/921
f 894/894 893/893 929/929
f 929/929 893/893 928/928
f 612/612 611/611 930/930
f 930/930 611/611 617/617
f 614/614 545/545 612/612
f 612/612 545/545 611/611
f 926/926 927/927 783/783
f 783/783 927/927 784/784
f 552/552 863/863 554/554
f 554/554 863/863 736/736
f 931/931 932/932 793/793
f 793/793 932/932 794/794
f 933/933 934/934 935/935
f 935/935 934/934 936/936
f 937/937 935/935 938/938
f 938/938 935/935 939/939
f 862/862 864/864 863/863
f 863/863 864/864 777/777
f 940/940 867/867 941/941
f 941/941 867/867 866/866
f 942/942 943/943 944/944
f 944/944 943/943 936/936
f 935/935 936/936 939/939
f 939/939 936/936 943/943
f 907/907 945/945 814/814
f 814/814 945/945 789/789
f 927/927 931/931 784/784
f 784/784 931/931 793/793
f 914/914 911/911 946/946
f 946/946 911/911 906/906
f 932/932 926/926 794/794
f 794/794 926/926 783/783
f 947/947 924/924 932/932
f 932/932 924/924 926/926
f 948/948 949/949 947/947
f 947/947 949/949 924/924
f 950/950 948/948 951/951
f 951/951 948/948 947/947
f 912/912 915/915 907/907
f 907/907 915/915 945/945
f 925/925 951/951 927/927
f 927/927 951/951 931/931
f 917/917 952/952 916/916
f 916/916 952/952 953/953
f 954/954 557/557 550/550
f 550/550 557/557 549/549
f 613/613 610/610 615/615
f 615/615 610/610 544/544
f 560/560 546/546 571/571
f 571/571 546/546 545/545
f 954/954 609/609 608/608
f 608/608 609/609 573/573
f 585/585 570/570 587/587
f 587/587 570/570 572/572
f 556/556 560/560 570/570
f 570/570 560/560 571/571
f 885/885 886/886 883/883
f 883/883 886/886 882/882
f 955/955 956/956 957/957
f 957/957 956/956 958/958
f 622/622 692/692 959/959
f 959/959 692/692 960/960
f 961/961 618/618 962/962
f 962/962 618/618 620/620
f 962/962 963/963 961/961
f 961/961 963/963 964/964
f 714/714 965/965 620/620
f 620/620 965/965 962/962
f 960/960 694/694 966/966
f 966/966 694/694 711/711
f 694/694 967/967 711/711
f 711/711 967/967 710/710
f 958/958 828/828 957/957
f 957/957 828/828 968/968
f 641/641 642/642 958/958
f 958/958 642/642 828/828
f 969/969 970/970 971/971
f 971/971 970/970 972/972
f 973/973 974/974 754/754
f 754/754 974/974 753/753
f 705/705 788/788 707/707
f 707/707 788/788 768/768
f 601/601 811/811 795/795
f 795/795 811/811 786/786
f 750/750 749/749 755/755
f 755/755 749/749 787/787
f 975/975 976/976 973/973
f 973/973 976/976 974/974
f 884/884 881/881 878/878
f 878/878 881/881 639/639
f 788/788 560/560 755/755
f 755/755 560/560 756/756
f 921/921 920/920 928/928
f 928/928 920/920 929/929
f 773/773 977/977 770/770
f 770/770 977/977 859/859
f 978/978 964/964 979/979
f 979/979 964/964 963/963
f 902/902 979/979 980/980
f 980/980 979/979 963/963
f 981/981 725/725 980/980
f 980/980 725/725 902/902
f 852/852 663/663 695/695
f 695/695 663/663 665/665
f 810/810 902/902 703/703
f 703/703 902/902 702/702
f 982/982 983/983 984/984
f 984/984 983/983 840/840
f 965/965 716/716 980/980
f 980/980 716/716 981/981
f 713/713 716/716 714/714
f 714/714 716/716 965/965
f 654/654 985/985 698/698
f 698/698 985/985 723/723
f 986/986 987/987 985/985
f 985/985 987/987 868/868
f 987/987 651/651 868/868
f 868/868 651/651 653/653
f 721/721 988/988 989/989
f 989/989 988/988 990/990
f 652/652 986/986 654/654
f 654/654 986/986 985/985
f 652/652 651/651 991/991
f 991/991 651/651 992/992
f 987/987 986/986 993/993
f 993/993 986/986 994/994
f 995/995 996/996 997/997
f 997/997 996/996 998/998
f 923/923 893/893 889/889
f 889/889 893/893 895/895
f 896/896 894/894 888/888
f 888/888 894/894 922/922
f 999/999 1000/1000 623/623
f 623/623 1000/1000 625/625
f 1001/1001 708/708 967/967
f 967/967 708/708 710/710
f 1002/1002 1003/1003 1004/1004
f 1004/1004 1003/1003 1005/1005
f 888/888 742/742 896/896
f 896/896 742/742 752/752
f 658/658 1006/1006 657/657
f 657/657 1006/1006 826/826
f 997/997 685/685 1007/1007
f 1007/1007 685/685 591/591
f 1008/1008 959/959 966/966
f 966/966 959/959 960/960
f 694/694 960/960 695/695
f 695/695 960/960 1009/1009
f 664/664 1010/1010 665/665
f 665/665 1010/1010 693/693
f 664/664 1011/1011 1010/1010
f 1010/1010 1011/1011 1009/1009
f 852/852 695/695 1011/1011
f 1011/1011 695/695 1009/1009
f 899/899 1012/1012 901/901
f 901/901 1012/1012 1013/1013
f 689/689 688/688 1014/1014
f 1014/1014 688/688 1015/1015
f 733/733 732/732 900/900
f 900/900 732/732 1016/1016
f 696/696 702/702 697/697
f 697/697 702/702 724/724
f 743/743 809/809 744/744
f 744/744 809/809 750/750
f 683/683 1017/1017 681/681
f 681/681 1017/1017 1018/1018
f 934/934 933/933 1019/1019
f 1019/1019 933/933 1020/1020
f 875/875 592/592 876/876
f 876/876 592/592 594/594
f 953/953 952/952 911/911
f 911/911 952/952 912/912
f 814/814 789/789 782/782
f 782/782 789/789 780/780
f 661/661 662/662 1021/1021
f 1021/1021 662/662 1022/1022
f 701/701 735/735 1020/1020
f 1020/1020 735/735 1019/1019
f 699/699 736/736 596/596
f 596/596 736/736 778/778
f 740/740 741/741 779/779
f 779/779 741/741 734/734
f 792/792 791/791 813/813
f 813/813 791/791 790/790
f 638/638 877/877 577/577
f 577/577 877/877 580/580
f 785/785 700/700 602/602
f 602/602 700/700 791/791
f 692/692 622/622 672/672
f 672/672 622/622 731/731
f 676/676 680/680 624/624
f 624/624 680/680 679/679
f 669/669 685/685 680/680
f 680/680 685/685 687/687
f 1023/1023 819/819 1024/1024
f 1024/1024 819/819 817/817
f 1025/1025 930/930 972/972
f 972/972 930/930 971/971
f 690/690 1026/1026 1027/1027
f 1027/1027 1026/1026 686/686
f 1026/1026 690/690 1028/1028
f 1028/1028 690/690 1029/1029
f 688/688 1026/1026 1015/1015
f 1015/1015 1026/1026 1028/1028
f 1030/1030 1031/1031 803/803
f 803/803 1031/1031 1032/1032
f 956/956 1033/1033 958/958
f 958/958 1033/1033 641/641
f 682/682 1034/1034 684/684
f 684/684 1034/1034 1035/1035
f 1036/1036 1037/1037 989/989
f 989/989 1037/1037 839/839
f 674/674 1038/1038 678/678
f 678/678 1038/1038 679/679
f 930/930 1025/1025 612/612
f 612/612 1025/1025 613/613
f 845/845 718/718 830/830
f 830/830 718/718 831/831
f 615/615 544/544 562/562
f 562/562 544/544 546/546
f 572/572 571/571 614/614
f 614/614 571/571 545/545
f 575/575 576/576 574/574
f 574/574 576/576 595/595
f 831/831 703/703 716/716
f 716/716 703/703 696/696
f 849/849 595/595 583/583
f 583/583 595/595 579/579
f 872/872 677/677 849/849
f 849/849 677/677 595/595
f 1038/1038 730/730 679/679
f 679/679 730/730 731/731
f 670/670 680/680 583/583
f 583/583 680/680 848/848
f 675/675 846/846 676/676
f 676/676 846/846 848/848
f 675/675 872/872 1039/1039
f 1039/1039 872/872 1040/1040
f 759/759 760/760 1041/1041
f 1041/1041 760/760 1040/1040
f 1042/1042 759/759 1043/1043
f 1043/1043 759/759 1041/1041
f 566/566 569/569 1044/1044
f 1044/1044 569/569 873/873
f 758/758 1045/1045 760/760
f 760/760 1045/1045 1046/1046
f 1018/1018 1034/1034 1028/1028
f 1028/1028 1034/1034 1015/1015
f 908/908 604/604 890/890
f 890/890 604/604 606/606
f 1047/1047 757/757 1042/1042
f 1042/1042 757/757 759/759
f 1005/1005 1003/1003 1048/1048
f 1048/1048 1003/1003 1049/1049
f 1048/1048 1049/1049 720/720
f 720/720 1049/1049 719/719
f 718/718 845/845 720/720
f 720/720 845/845 1050/1050
f 1051/1051 1048/1048 1050/1050
f 1050/1050 1048/1048 720/720
f 967/967 694/694 998/998
f 998/998 694/694 693/693
f 1052/1052 1051/1051 844/844
f 844/844 1051/1051 1050/1050
f 1003/1003 1002/1002 1049/1049
f 1049/1049 1002/1002 1052/1052
f 1049/1049 1052/1052 719/719
f 719/719 1052/1052 844/844
f 666/666 667/667 745/745
f 745/745 667/667 748/748
f 715/715 771/771 828/828
f 828/828 771/771 968/968
f 713/713 712/712 645/645
f 645/645 712/712 722/722
f 970/970 969/969 616/616
f 616/616 969/969 617/617
f 1031/1031 1021/1021 1032/1032
f 1032/1032 1021/1021 1053/1053
f 1054/1054 1036/1036 990/990
f 990/990 1036/1036 989/989
f 723/723 725/725 698/698
f 698/698 725/725 981/981
f 1024/1024 817/817 1055/1055
f 1055/1055 817/817 816/816
f 1022/1022 1030/1030 802/802
f 802/802 1030/1030 803/803
f 662/662 660/660 1022/1022
f 1022/1022 660/660 1030/1030
f 833/833 829/829 832/832
f 832/832 829/829 642/642
f 858/858 1056/1056 857/857
f 857/857 1056/1056 1057/1057
f 804/804 1058/1058 801/801
f 801/801 1058/1058 797/797
f 805/805 804/804 800/800
f 800/800 804/804 801/801
f 1059/1059 805/805 798/798
f 798/798 805/805 800/800
f 1058/1058 804/804 905/905
f 905/905 804/804 806/806
f 1060/1060 982/982 1061/1061
f 1061/1061 982/982 984/984
f 904/904 903/903 1062/1062
f 1062/1062 903/903 1063/1063
f 806/806 807/807 903/903
f 903/903 807/807 1063/1063
f 609/609 954/954 1044/1044
f 1044/1044 954/954 550/550
f 776/776 747/747 746/746
f 746/746 747/747 755/755
f 922/922 894/894 920/920
f 920/920 894/894 929/929
f 754/754 666/666 755/755
f 755/755 666/666 746/746
f 705/705 704/704 563/563
f 563/563 704/704 749/749
f 810/810 796/796 902/902
f 902/902 796/796 820/820
f 762/762 973/973 756/756
f 756/756 973/973 754/754
f 974/974 761/761 753/753
f 753/753 761/761 559/559
f 1056/1056 858/858 975/975
f 975/975 858/858 976/976
f 977/977 1064/1064 859/859
f 859/859 1064/1064 860/860
f 582/582 591/591 583/583
f 583/583 591/591 869/869
f 1048/1048 1051/1051 1005/1005
f 1005/1005 1051/1051 1004/1004
f 670/670 869/869 671/671
f 671/671 869/869 871/871
f 679/679 731/731 624/624
f 624/624 731/731 622/622
f 1065/1065 843/843 1061/1061
f 1061/1061 843/843 841/841
f 1066/1066 647/647 671/671
f 671/671 647/647 649/649
f 569/569 547/547 873/873
f 873/873 547/547 549/549
f 818/818 819/819 909/909
f 909/909 819/819 1066/1066
f 838/838 990/990 644/644
f 644/644 990/990 988/988
f 824/824 1067/1067 600/600
f 600/600 1067/1067 821/821
f 689/689 691/691 687/687
f 687/687 691/691 680/680
f 904/904 1062/1062 905/905
f 905/905 1062/1062 1068/1068
f 887/887 884/884 877/877
f 877/877 884/884 878/878
f 1069/1069 823/823 822/822
f 822/822 823/823 825/825
f 752/752 742/742 751/751
f 751/751 742/742 599/599
f 614/614 615/615 572/572
f 572/572 615/615 562/562
f 746/746 745/745 775/775
f 775/775 745/745 918/918
f 738/738 933/933 937/937
f 937/937 933/933 935/935
f 922/922 923/923 888/888
f 888/888 923/923 889/889
f 898/898 908/908 897/897
f 897/897 908/908 890/890
f 568/568 567/567 565/565
f 565/565 567/567 564/564
f 794/794 783/783 603/603
f 603/603 783/783 785/785
f 760/760 1046/1046 1040/1040
f 1040/1040 1046/1046 1039/1039
f 988/988 721/721 772/772
f 772/772 721/721 722/722
f 1046/1046 1042/1042 1039/1039
f 1039/1039 1042/1042 1043/1043
f 860/860 769/769 851/851
f 851/851 769/769 765/765
f 805/805 1059/1059 807/807
f 807/807 1059/1059 1068/1068
f 1061/1061 841/841 1060/1060
f 1060/1060 841/841 1070/1070
f 822/822 821/821 1069/1069
f 1069/1069 821/821 1067/1067
f 840/840 983/983 841/841
f 841/841 983/983 1070/1070
f 770/770 859/859 766/766
f 766/766 859/859 850/850
f 945/945 946/946 789/789
f 789/789 946/946 790/790
f 915/915 914/914 945/945
f 945/945 914/914 946/946
f 1071/1071 1072/1072 668/668
f 668/668 1072/1072 1073/1073
f 627/627 1071/1071 629/629
f 629/629 1071/1071 668/668
f 784/784 793/793 786/786
f 786/786 793/793 795/795
f 781/781 820/820 782/782
f 782/782 820/820 792/792
f 786/786 811/811 700/700
f 700/700 811/811 737/737
f 778/778 553/553 596/596
f 596/596 553/553 812/812
f 937/937 938/938 944/944
f 944/944 938/938 942/942
f 951/951 925/925 950/950
f 950/950 925/925 1074/1074
f 865/865 864/864 941/941
f 941/941 864/864 940/940
f 941/941 866/866 865/865
f 865/865 866/866 861/861
f 826/826 1006/1006 827/827
f 827/827 1006/1006 879/879
f 655/655 827/827 874/874
f 874/874 827/827 875/875
f 881/881 880/880 639/639
f 639/639 880/880 638/638
f 952/952 917/917 912/912
f 912/912 917/917 915/915
f 993/993 992/992 987/987
f 987/987 992/992 651/651
f 766/766 850/850 768/768
f 768/768 850/850 707/707
f 811/811 597/597 812/812
f 812/812 597/597 596/596
f 843/843 1067/1067 842/842
f 842/842 1067/1067 824/824
f 1075/1075 995/995 1007/1007
f 1007/1007 995/995 997/997
f 589/589 570/570 583/583
f 583/583 570/570 581/581
f 553/553 554/554 812/812
f 812/812 554/554 737/737
f 635/635 630/630 637/637
f 637/637 630/630 632/632
f 1033/1033 1076/1076 641/641
f 641/641 1076/1076 640/640
f 1014/1014 1029/1029 689/689
f 689/689 1029/1029 690/690
f 1032/1032 1053/1053 1038/1038
f 1038/1038 1053/1053 730/730
f 1077/1077 1054/1054 838/838
f 838/838 1054/1054 990/990
f 1034/1034 1018/1018 1035/1035
f 1035/1035 1018/1018 1017/1017
f 957/957 968/968 1078/1078
f 1078/1078 968/968 621/621
f 980/980 963/963 965/965
f 965/965 963/963 962/962
f 909/909 1066/1066 871/871
f 871/871 1066/1066 671/671
f 998/998 693/693 997/997
f 997/997 693/693 685/685
f 820/820 1079/1079 902/902
f 902/902 1079/1079 979/979
f 985/985 868/868 723/723
f 723/723 868/868 724/724
f 937/937 944/944 738/738
f 738/738 944/944 739/739
f 1080/1080 978/978 1079/1079
f 1079/1079 978/978 979/979
f 616/616 1025/1025 970/970
f 970/970 1025/1025 972/972
f 1081/1081 1065/1065 984/984
f 984/984 1065/1065 1061/1061
f 726/726 1012/1012 732/732
f 732/732 1012/1012 1016/1016
f 830/830 716/716 828/828
f 828/828 716/716 715/715
f 1013/1013 728/728 1011/1011
f 1011/1011 728/728 852/852
f 803/803 1032/1032 674/674
f 674/674 1032/1032 1038/1038
f 644/644 988/988 646/646
f 646/646 988/988 772/772
f 968/968 714/714 621/621
f 621/621 714/714 620/620
f 838/838 839/839 1077/1077
f 1077/1077 839/839 1037/1037
f 832/832 642/642 703/703
f 703/703 642/642 822/822
f 664/664 663/663 901/901
f 901/901 663/663 729/729
f 583/583 579/579 589/589
f 589/589 579/579 588/588
f 647/647 1066/1066 1023/1023
f 1023/1023 1066/1066 819/819
f 705/705 563/563 560/560
f 560/560 563/563 546/546
f 608/608 555/555 954/954
f 954/954 555/555 557/557
f 636/636 597/597 1082/1082
f 1082/1082 597/597 811/811
f 735/735 734/734 1019/1019
f 1019/1019 734/734 741/741
f 1010/1010 1009/1009 692/692
f 692/692 1009/1009 960/960
f 1042/1042 1046/1046 1047/1047
f 1047/1047 1046/1046 1045/1045
f 581/581 585/585 876/876
f 876/876 585/585 584/584
f 578/578 575/575 589/589
f 589/589 575/575 570/570
f 1024/1024 1055/1055 1023/1023
f 1023/1023 1055/1055 910/910
f 632/632 563/563 637/637
f 637/637 563/563 749/749
f 1056/1056 854/854 1057/1057
f 1057/1057 854/854 855/855
f 633/633 587/587 632/632
f 632/632 587/587 563/563
f 1007/1007 591/591 633/633
f 633/633 591/591 587/587
f 1034/1034 682/682 1015/1015
f 1015/1015 682/682 1014/1014
f 984/984 840/840 1081/1081
f 1081/1081 840/840 842/842
f 781/781 1073/1073 820/820
f 820/820 1073/1073 1079/1079
f 798/798 808/808 796/796
f 796/796 808/808 820/820
f 561/561 666/666 753/753
f 753/753 666/666 754/754
f 572/572 562/562 587/587
f 587/587 562/562 563/563
f 807/807 1068/1068 1063/1063
f 1063/1063 1068/1068 1062/1062
f 905/905 1068/1068 1058/1058
f 1058/1058 1068/1068 1059/1059
f 930/930 617/617 971/971
f 971/971 617/617 969/969
f 1012/1012 726/726 1013/1013
f 1013/1013 726/726 728/728
f 983/983 982/982 1070/1070
f 1070/1070 982/982 1060/1060
f 1002/1002 1004/1004 1052/1052
f 1052/1052 1004/1004 1051/1051
f 824/824 823/823 842/842
f 842/842 823/823 1081/1081
f 846/846 675/675 1043/1043
f 1043/1043 675/675 1039/1039
f 986/986 652/652 994/994
f 994/994 652/652 991/991
f 949/949 1074/1074 924/924
f 924/924 1074/1074 925/925
f 1057/1057 855/855 857/857
f 857/857 855/855 856/856
f 643/643 721/721 839/839
f 839/839 721/721 989/989
f 858/858 853/853 976/976
f 976/976 853/853 764/764
f 854/854 1056/1056 763/763
f 763/763 1056/1056 975/975
f 973/973 762/762 975/975
f 975/975 762/762 763/763
f 913/913 891/891 776/776
f 776/776 891/891 815/815
f 700/700 780/780 791/791
f 791/791 780/780 790/790
f 761/761 974/974 764/764
f 764/764 974/974 976/976
f 1006/1006 658/658 879/879
f 879/879 658/658 656/656
f 1027/1027 693/693 692/692
f 692/692 693/693 1010/1010
f 648/648 647/647 910/910
f 910/910 647/647 1023/1023
f 624/624 625/625 595/595
f 595/595 625/625 836/836
f 1083/1083 999/999 1008/1008
f 1008/1008 999/999 623/623
f 709/709 1084/1084 711/711
f 711/711 1084/1084 966/966
f 619/619 1085/1085 621/621
f 621/621 1085/1085 1078/1078
f 1072/1072 1080/1080 1073/1073
f 1073/1073 1080/1080 1079/1079
f 667/667 668/668 781/781
f 781/781 668/668 1073/1073
f 1008/1008 623/623 959/959
f 959/959 623/623 622/622
f 716/716 696/696 981/981
f 981/981 696/696 698/698
f 681/681 1018/1018 1029/1029
f 1029/1029 1018/1018 1028/1028
f 824/824 600/600 825/825
f 825/825 600/600 602/602
f 992/992 993/993 991/991
f 991/991 993/993 994/994
f 669/669 870/870 685/685
f 685/685 870/870 591/591
f 582/582 581/581 594/594
f 594/594 581/581 876/876
f 712/712 771/771 722/722
f 722/722 771/771 772/772
f 718/718 717/717 831/831
f 831/831 717/717 832/832
f 642/642 601/601 821/821
f 821/821 601/601 600/600
f 825/825 602/602 703/703
f 703/703 602/602 799/799
f 739/739 934/934 741/741
f 741/741 934/934 1019/1019
f 690/690 1027/1027 691/691
f 691/691 1027/1027 692/692
f 771/771 712/712 968/968
f 968/968 712/712 714/714
f 599/599 597/597 751/751
f 751/751 597/597 749/749
f 1065/1065 1081/1081 1069/1069
f 1069/1069 1081/1081 823/823
f 1026/1026 688/688 686/686
f 686/686 688/688 687/687
f 919/919 913/913 775/775
f 775/775 913/913 776/776
f 867/867 940/940 862/862
f 862/862 940/940 864/864
f 1017/1017 683/683 1035/1035
f 1035/1035 683/683 684/684
f 682/682 681/681 1014/1014
f 1014/1014 681/681 1029/1029
f 1021/1021 1022/1022 1053/1053
f 1053/1053 1022/1022 802/802
f 1012/1012 899/899 1016/1016
f 1016/1016 899/899 900/900
f 609/609 1044/1044 558/558
f 558/558 1044/1044 873/873
f 645/645 646/646 713/713
f 713/713 646/646 715/715
f 1021/1021 1031/1031 661/661
f 661/661 1031/1031 659/659
f 843/843 1065/1065 1067/1067
f 1067/1067 1065/1065 1069/1069
f 653/653 654/654 697/697
f 697/697 654/654 698/698
f 685/685 693/693 686/686
f 686/686 693/693 1027/1027
f 1041/1041 1040/1040 847/847
f 847/847 1040/1040 872/872
f 595/595 836/836 574/574
f 574/574 836/836 837/837
f 660/660 659/659 1030/1030
f 1030/1030 659/659 1031/1031
f 815/815 918/918 748/748
f 748/748 918/918 745/745
f 558/558 556/556 573/573
f 573/573 556/556 570/570
f 598/598 744/744 747/747
f 747/747 744/744 755/755
f 706/706 767/767 704/704
f 704/704 767/767 787/787
f 1064/1064 774/774 860/860
f 860/860 774/774 769/769
f 574/574 561/561 608/608
f 608/608 561/561 555/555
f 845/845 833/833 1050/1050
f 1050/1050 833/833 844/844
f 1011/1011 664/664 1013/1013
f 1013/1013 664/664 901/901
f 1055/1055 816/816 910/910
f 910/910 816/816 818/818
f 916/916 953/953 914/914
f 914/914 953/953 911/911
f 779/779 701/701 740/740
f 740/740 701/701 1020/1020
f 758/758 757/757 1045/1045
f 1045/1045 757/757 1047/1047
f 779/779 734/734 781/781
f 781/781 734/734 667/667
f 649/649 650/650 669/669
f 669/669 650/650 870/870
f 1082/1082 811/811 640/640
f 640/640 811/811 601/601
f 1053/1053 802/802 730/730
f 730/730 802/802 673/673
f 933/933 738/738 1020/1020
f 1020/1020 738/738 740/740
f 574/574 837/837 561/561
f 561/561 837/837 628/628
f 561/561 628/628 666/666
f 666/666 628/628 629/629
f 1000/1000 834/834 625/625
f 625/625 834/834 836/836
f 1058/1058 1059/1059 797/797
f 797/797 1059/1059 798/798
f 637/637 749/749 636/636
f 636/636 749/749 597/597
f 1084/1084 1083/1083 966/966
f 966/966 1083/1083 1008/1008
f 1076/1076 1086/1086 640/640
f 640/640 1086/1086 1082/1082
f 1086/1086 634/634 1082/1082
f 1082/1082 634/634 636/636
f 631/631 1075/1075 633/633
f 633/633 1075/1075 1007/1007
f 1037/1037 1036/1036 1077/1077
f 1077/1077 1036/1036 1054/1054
f 851/851 765/765 706/706
f 706/706 765/765 767/767
f 835/835 626/626 837/837
f 837/837 626/626 628/628
f 774/774 1064/1064 773/773
f 773/773 1064/1064 977/977
f 934/934 739/739 936/936
f 936/936 739/739 944/944
f 996/996 1001/1001 998/998
f 998/998 1001/1001 967/967
f 938/938 939/939 942/942
f 942/942 939/939 943/943
f 548/548 566/566 550/550
f 550/550 566/566 1044/1044
f 1085/1085 955/955 1078/1078
f 1078/1078 955/955 957/957
f 847/847 846/846 1041/1041
f 1041/1041 846/846 1043/1043
f 593/593 874/874 590/590
f 590/590 874/874 584/584
f 592/592 875/875 879/879
f 879/879 875/875 827/827
f 889/889 895/895 743/743
f 743/743 895/895 809/809
f 880/880 887/887 638/638
f 638/638 887/887 877/877
f 1025/1025 616/616 613/613
f 613/613 616/616 610/610
f 946/946 906/906 790/790
f 790/790 906/906 813/813
f 865/865 861/861 551/551
f 551/551 861/861 552/552
f 951/951 947/947 931/931
f 931/931 947/947 932/932
f 648/648 909/909 650/650
f 650/650 909/909 871/871
f 1074/1074 949/949 950/950
f 950/950 949/949 948/948
f 892/892 919/919 918/918
f 918/918 919/919 775/775
f 1089/1089 1088/1088 1087/1087
f 1092/1092 1091/1091 1090/1090
f 1093/1093 1092/1092 1090/1090
f 1096/1096 1095/1095 1094/1094
f 1097/1097 1096/1096 1094/1094
f 1100/1100 1099/1099 1098/1098
f 1101/1101 1100/1100 1098/1098
f 1104/1104 1103/1103 1102/1102
f 1099/1099 1104/1104 1102/1102
f 1106/1106 1105/1105 1089/1089
f 1107/1107 1090/1090 1091/1091
f 1108/1108 1107/1107 1091/1091
f 1110/1110 1109/1109 1090/1090
f 1107/1107 1110/1110 1090/1090
f 1109/1109 1110/1110 1111/1111
f 1112/1112 1109/1109 1111/1111
f 1108/1108 1091/1091 1112/1112
f 1111/1111 1108/1108 1112/1112
f 1115/1115 1114/1114 1113/1113
f 1117/1117 1116/1116 1114/1114
f 1118/1118 1117/1117 1114/1114
f 1120/1120 1119/1119 1118/1118
f 1121/1121 1120/1120 1118/1118
f 1123/1123 1122/1122 1119/1119
f 1120/1120 1123/1123 1119/1119
f 1126/1126 1125/1125 1124/1124
f 1129/1129 1128/1128 1127/1127
f 1130/1130 1129/1129 1127/1127
f 1132/1132 1131/1131 1121/1121
f 1124/1124 1133/1133 1129/1129
f 1134/1134 1124/1124 1129/1129
f 1123/1123 1131/1131 1122/1122
f 1137/1137 1136/1136 1135/1135
f 1133/1133 1137/1137 1135/1135
f 1122/1122 1138/1138 1119/1119
f 1141/1141 1140/1140 1139/1139
f 1142/1142 1141/1141 1139/1139
f 1145/1145 1144/1144 1143/1143
f 1146/1146 1145/1145 1143/1143
f 1127/1127 1125/1125 1114/1114
f 1149/1149 1148/1148 1147/1147
f 1150/1150 1149/1149 1147/1147
f 1151/1151 1116/1116 1117/1117
f 1152/1152 1101/1101 1116/1116
f 1088/1088 1154/1154 1153/1153
f 1087/1087 1088/1088 1153/1153
f 1157/1157 1156/1156 1155/1155
f 1158/1158 1157/1157 1155/1155
f 1099/1099 1102/1102 1098/1098
f 1154/1154 1160/1160 1159/1159
f 1153/1153 1154/1154 1159/1159
f 1163/1163 1162/1162 1161/1161
f 1164/1164 1163/1163 1161/1161
f 1167/1167 1166/1166 1165/1165
f 1168/1168 1167/1167 1165/1165
f 1171/1171 1170/1170 1169/1169
f 1172/1172 1171/1171 1169/1169
f 1175/1175 1174/1174 1173/1173
f 1176/1176 1175/1175 1173/1173
f 1179/1179 1178/1178 1177/1177
f 1180/1180 1179/1179 1177/1177
f 1181/1181 1120/1120 1121/1121
f 1182/1182 1181/1181 1121/1121
f 1184/1184 1183/1183 1143/1143
f 1185/1185 1184/1184 1143/1143
f 1129/1129 1130/1130 1134/1134
f 1188/1188 1187/1187 1186/1186
f 1189/1189 1188/1188 1186/1186
f 1192/1192 1191/1191 1190/1190
f 1193/1193 1192/1192 1190/1190
f 1196/1196 1195/1195 1194/1194
f 1197/1197 1196/1196 1194/1194
f 1200/1200 1199/1199 1198/1198
f 1201/1201 1200/1200 1198/1198
f 1204/1204 1203/1203 1202/1202
f 1205/1205 1204/1204 1202/1202
f 1208/1208 1207/1207 1206/1206
f 1210/1210 1209/1209 1172/1172
f 1211/1211 1210/1210 1172/1172
f 1192/1192 1213/1213 1212/1212
f 1214/1214 1192/1192 1212/1212
f 1217/1217 1216/1216 1215/1215
f 1220/1220 1219/1219 1218/1218
f 1167/1167 1220/1220 1218/1218
f 1223/1223 1222/1222 1221/1221
f 1226/1226 1225/1225 1224/1224
f 1227/1227 1226/1226 1224/1224
f 1230/1230 1229/1229 1228/1228
f 1230/1230 1232/1232 1231/1231
f 1231/1231 1234/1234 1233/1233
f 1222/1222 1235/1235 1216/1216
f 1217/1217 1222/1222 1216/1216
f 1208/1208 1237/1237 1236/1236
f 1238/1238 1208/1208 1236/1236
f 1241/1241 1240/1240 1239/1239
f 1243/1243 1242/1242 1141/1141
f 1244/1244 1243/1243 1141/1141
f 1246/1246 1245/1245 1240/1240
f 1249/1249 1248/1248 1247/1247
f 1250/1250 1249/1249 1247/1247
f 1253/1253 1252/1252 1251/1251
f 1254/1254 1253/1253 1251/1251
f 1257/1257 1256/1256 1255/1255
f 1255/1255 1259/1259 1258/1258
f 1262/1262 1261/1261 1260/1260
f 1263/1263 1262/1262 1260/1260
f 1265/1265 1264/1264 1187/1187
f 1188/1188 1265/1265 1187/1187
f 1268/1268 1267/1267 1266/1266
f 1271/1271 1270/1270 1269/1269
f 1272/1272 1271/1271 1269/1269
f 1274/1274 1273/1273 1215/1215
f 1216/1216 1274/1274 1215/1215
f 1270/1270 1276/1276 1275/1275
f 1269/1269 1270/1270 1275/1275
f 1210/1210 1278/1278 1277/1277
f 1280/1280 1097/1097 1279/1279
f 1242/1242 1280/1280 1279/1279
f 1283/1283 1282/1282 1281/1281
f 1284/1284 1283/1283 1281/1281
f 1141/1141 1277/1277 1244/1244
f 1142/1142 1286/1286 1285/1285
f 1287/1287 1142/1142 1285/1285
f 1209/1209 1289/1289 1288/1288
f 1141/1141 1291/1291 1290/1290
f 1294/1294 1293/1293 1292/1292
f 1295/1295 1294/1294 1292/1292
f 1103/1103 1104/1104 1296/1296
f 1223/1223 1233/1233 1235/1235
f 1222/1222 1223/1223 1235/1235
f 1299/1299 1298/1298 1297/1297
f 1302/1302 1301/1301 1300/1300
f 1303/1303 1302/1302 1300/1300
f 1103/1103 1305/1305 1304/1304
f 1306/1306 1304/1304 1305/1305
f 1307/1307 1306/1306 1305/1305
f 1310/1310 1309/1309 1308/1308
f 1311/1311 1310/1310 1308/1308
f 1309/1309 1313/1313 1312/1312
f 1308/1308 1309/1309 1312/1312
f 1315/1315 1314/1314 1259/1259
f 1189/1189 1315/1315 1259/1259
f 1316/1316 1312/1312 1313/1313
f 1317/1317 1316/1316 1313/1313
f 1288/1288 1319/1319 1318/1318
f 1321/1321 1320/1320 1095/1095
f 1096/1096 1321/1321 1095/1095
f 1243/1243 1244/1244 1322/1322
f 1325/1325 1324/1324 1323/1323
f 1328/1328 1327/1327 1326/1326
f 1329/1329 1328/1328 1326/1326
f 1331/1331 1297/1297 1330/1330
f 1311/1311 1331/1331 1330/1330
f 1333/1333 1324/1324 1332/1332
f 1335/1335 1145/1145 1334/1334
f 1338/1338 1337/1337 1336/1336
f 1146/1146 1338/1338 1336/1336
f 1341/1341 1340/1340 1339/1339
f 1344/1344 1343/1343 1342/1342
f 1215/1215 1346/1346 1345/1345
f 1217/1217 1215/1215 1345/1345
f 1349/1349 1348/1348 1347/1347
f 1350/1350 1349/1349 1347/1347
f 1343/1343 1145/1145 1351/1351
f 1287/1287 1292/1292 1297/1297
f 1287/1287 1141/1141 1142/1142
f 1295/1295 1292/1292 1352/1352
f 1353/1353 1246/1246 1343/1343
f 1344/1344 1353/1353 1343/1343
f 1141/1141 1290/1290 1210/1210
f 1277/1277 1141/1141 1210/1210
f 1355/1355 1280/1280 1354/1354
f 1141/1141 1242/1242 1140/1140
f 1243/1243 1280/1280 1242/1242
f 1323/1323 1324/1324 1243/1243
f 1322/1322 1323/1323 1243/1243
f 1338/1338 1146/1146 1143/1143
f 1103/1103 1304/1304 1299/1299
f 1102/1102 1103/1103 1299/1299
f 1243/1243 1328/1328 1329/1329
f 1146/1146 1328/1328 1145/1145
f 1325/1325 1335/1335 1356/1356
f 1357/1357 1325/1325 1356/1356
f 1291/1291 1318/1318 1358/1358
f 1290/1290 1291/1291 1358/1358
f 1361/1361 1360/1360 1359/1359
f 1362/1362 1361/1361 1359/1359
f 1363/1363 1351/1351 1145/1145
f 1335/1335 1363/1363 1145/1145
f 1185/1185 1365/1365 1364/1364
f 1368/1368 1367/1367 1366/1366
f 1199/1199 1200/1200 1369/1369
f 1370/1370 1199/1199 1369/1369
f 1246/1246 1364/1364 1368/1368
f 1372/1372 1371/1371 1185/1185
f 1374/1374 1258/1258 1373/1373
f 1374/1374 1375/1375 1246/1246
f 1261/1261 1376/1376 1375/1375
f 1379/1379 1378/1378 1377/1377
f 1380/1380 1379/1379 1377/1377
f 1381/1381 1186/1186 1187/1187
f 1382/1382 1381/1381 1187/1187
f 1385/1385 1384/1384 1383/1383
f 1386/1386 1385/1385 1383/1383
f 1261/1261 1262/1262 1387/1387
f 1376/1376 1261/1261 1387/1387
f 1372/1372 1376/1376 1388/1388
f 1391/1391 1390/1390 1389/1389
f 1392/1392 1391/1391 1389/1389
f 1248/1248 1330/1330 1293/1293
f 1310/1310 1311/1311 1330/1330
f 1250/1250 1394/1394 1393/1393
f 1249/1249 1250/1250 1393/1393
f 1102/1102 1331/1331 1247/1247
f 1272/1272 1207/1207 1395/1395
f 1271/1271 1272/1272 1395/1395
f 1307/1307 1397/1397 1396/1396
f 1306/1306 1307/1307 1396/1396
f 1398/1398 1396/1396 1397/1397
f 1399/1399 1398/1398 1397/1397
f 1401/1401 1400/1400 1399/1399
f 1397/1397 1401/1401 1399/1399
f 1394/1394 1403/1403 1402/1402
f 1393/1393 1394/1394 1402/1402
f 1094/1094 1405/1405 1404/1404
f 1406/1406 1094/1094 1404/1404
f 1320/1320 1408/1408 1407/1407
f 1095/1095 1320/1320 1407/1407
f 1405/1405 1410/1410 1409/1409
f 1404/1404 1405/1405 1409/1409
f 1266/1266 1411/1411 1196/1196
f 1239/1239 1266/1266 1196/1196
f 1220/1220 1167/1167 1138/1138
f 1391/1391 1223/1223 1218/1218
f 1391/1391 1392/1392 1126/1126
f 1414/1414 1413/1413 1412/1412
f 1193/1193 1414/1414 1412/1412
f 1389/1389 1415/1415 1392/1392
f 1092/1092 1100/1100 1101/1101
f 1416/1416 1092/1092 1101/1101
f 1342/1342 1343/1343 1351/1351
f 1341/1341 1342/1342 1351/1351
f 1220/1220 1415/1415 1219/1219
f 1126/1126 1413/1413 1212/1212
f 1134/1134 1412/1412 1413/1413
f 1223/1223 1212/1212 1213/1213
f 1133/1133 1128/1128 1129/1129
f 1128/1128 1418/1418 1417/1417
f 1419/1419 1128/1128 1417/1417
f 1123/1123 1421/1421 1420/1420
f 1131/1131 1123/1123 1420/1420
f 1198/1198 1135/1135 1136/1136
f 1422/1422 1198/1198 1136/1136
f 1182/1182 1121/1121 1131/1131
f 1420/1420 1182/1182 1131/1131
f 1425/1425 1424/1424 1423/1423
f 1426/1426 1425/1425 1423/1423
f 1199/1199 1418/1418 1135/1135
f 1198/1198 1199/1199 1135/1135
f 1426/1426 1423/1423 1427/1427
f 1428/1428 1426/1426 1427/1427
f 1430/1430 1429/1429 1428/1428
f 1427/1427 1430/1430 1428/1428
f 1429/1429 1430/1430 1424/1424
f 1425/1425 1429/1429 1424/1424
f 1137/1137 1133/1133 1124/1124
f 1286/1286 1432/1432 1431/1431
f 1285/1285 1286/1286 1431/1431
f 1434/1434 1433/1433 1149/1149
f 1435/1435 1434/1434 1149/1149
f 1438/1438 1437/1437 1436/1436
f 1439/1439 1438/1438 1436/1436
f 1441/1441 1440/1440 1150/1150
f 1147/1147 1441/1441 1150/1150
f 1443/1443 1442/1442 1269/1269
f 1275/1275 1443/1443 1269/1269
f 1372/1372 1388/1388 1373/1373
f 1371/1371 1372/1372 1373/1373
f 1353/1353 1344/1344 1339/1339
f 1340/1340 1353/1353 1339/1339
f 1272/1272 1269/1269 1442/1442
f 1444/1444 1272/1272 1442/1442
f 1268/1268 1266/1266 1245/1245
f 1445/1445 1268/1268 1245/1245
f 1349/1349 1447/1447 1446/1446
f 1448/1448 1349/1349 1446/1446
f 1356/1356 1450/1450 1449/1449
f 1357/1357 1356/1356 1449/1449
f 1279/1279 1406/1406 1320/1320
f 1321/1321 1279/1279 1320/1320
f 1441/1441 1147/1147 1148/1148
f 1451/1451 1441/1441 1148/1148
f 1361/1361 1452/1452 1190/1190
f 1453/1453 1361/1361 1190/1190
f 1450/1450 1455/1455 1454/1454
f 1449/1449 1450/1450 1454/1454
f 1456/1456 1440/1440 1433/1433
f 1434/1434 1456/1456 1433/1433
f 1459/1459 1458/1458 1457/1457
f 1460/1460 1459/1459 1457/1457
f 1358/1358 1434/1434 1435/1435
f 1461/1461 1358/1358 1435/1435
f 1352/1352 1438/1438 1439/1439
f 1295/1295 1352/1352 1439/1439
f 1462/1462 1150/1150 1440/1440
f 1456/1456 1462/1462 1440/1440
f 1465/1465 1464/1464 1463/1463
f 1466/1466 1465/1465 1463/1463
f 1469/1469 1468/1468 1467/1467
f 1470/1470 1469/1469 1467/1467
f 1435/1435 1149/1149 1150/1150
f 1462/1462 1435/1435 1150/1150
f 1471/1471 1437/1437 1466/1466
f 1463/1463 1471/1471 1466/1466
f 1472/1472 1436/1436 1437/1437
f 1471/1471 1472/1472 1437/1437
f 1473/1473 1156/1156 1153/1153
f 1159/1159 1473/1473 1153/1153
f 1156/1156 1157/1157 1087/1087
f 1153/1153 1156/1156 1087/1087
f 1327/1327 1469/1469 1470/1470
f 1326/1326 1327/1327 1470/1470
f 1097/1097 1094/1094 1406/1406
f 1279/1279 1097/1097 1406/1406
f 1337/1337 1475/1475 1474/1474
f 1336/1336 1337/1337 1474/1474
f 1478/1478 1477/1477 1476/1476
f 1479/1479 1478/1478 1476/1476
f 1481/1481 1480/1480 1478/1478
f 1482/1482 1481/1481 1478/1478
f 1406/1406 1404/1404 1408/1408
f 1320/1320 1406/1406 1408/1408
f 1484/1484 1483/1483 1409/1409
f 1410/1410 1484/1484 1409/1409
f 1487/1487 1486/1486 1485/1485
f 1479/1479 1487/1487 1485/1485
f 1482/1482 1478/1478 1479/1479
f 1485/1485 1482/1482 1479/1479
f 1357/1357 1449/1449 1488/1488
f 1332/1332 1357/1357 1488/1488
f 1326/1326 1470/1470 1475/1475
f 1337/1337 1326/1326 1475/1475
f 1489/1489 1458/1458 1455/1455
f 1450/1450 1489/1489 1455/1455
f 1336/1336 1474/1474 1469/1469
f 1327/1327 1336/1336 1469/1469
f 1474/1474 1490/1490 1468/1468
f 1469/1469 1474/1474 1468/1468
f 1490/1490 1492/1492 1491/1491
f 1468/1468 1490/1490 1491/1491
f 1494/1494 1493/1493 1492/1492
f 1490/1490 1494/1494 1492/1492
f 1449/1449 1454/1454 1457/1457
f 1488/1488 1449/1449 1457/1457
f 1470/1470 1467/1467 1494/1494
f 1475/1475 1470/1470 1494/1494
f 1459/1459 1460/1460 1495/1495
f 1496/1496 1459/1459 1495/1495
f 1093/1093 1497/1497 1100/1100
f 1092/1092 1093/1093 1100/1100
f 1158/1158 1155/1155 1154/1154
f 1088/1088 1158/1158 1154/1154
f 1113/1113 1102/1102 1089/1089
f 1087/1087 1113/1113 1089/1089
f 1151/1151 1497/1497 1152/1152
f 1116/1116 1151/1151 1152/1152
f 1130/1130 1127/1127 1114/1114
f 1115/1115 1130/1130 1114/1114
f 1114/1114 1098/1098 1102/1102
f 1113/1113 1114/1114 1102/1102
f 1426/1426 1428/1428 1429/1429
f 1425/1425 1426/1426 1429/1429
f 1500/1500 1499/1499 1498/1498
f 1501/1501 1500/1500 1498/1498
f 1502/1502 1166/1166 1235/1235
f 1503/1503 1502/1502 1235/1235
f 1505/1505 1504/1504 1162/1162
f 1163/1163 1505/1505 1162/1162
f 1504/1504 1505/1505 1506/1506
f 1507/1507 1504/1504 1506/1506
f 1163/1163 1257/1257 1508/1508
f 1505/1505 1163/1163 1508/1508
f 1509/1509 1503/1503 1236/1236
f 1254/1254 1509/1509 1236/1236
f 1254/1254 1236/1236 1510/1510
f 1253/1253 1254/1254 1510/1510
f 1500/1500 1501/1501 1371/1371
f 1511/1511 1500/1500 1371/1371
f 1501/1501 1184/1184 1185/1185
f 1371/1371 1501/1501 1185/1185
f 1514/1514 1513/1513 1512/1512
f 1515/1515 1514/1514 1512/1512
f 1298/1298 1517/1517 1516/1516
f 1296/1296 1298/1298 1516/1516
f 1250/1250 1247/1247 1331/1331
f 1311/1311 1250/1250 1331/1331
f 1338/1338 1143/1143 1354/1354
f 1329/1329 1338/1338 1354/1354
f 1297/1297 1292/1292 1293/1293
f 1330/1330 1297/1297 1293/1293
f 1517/1517 1519/1519 1518/1518
f 1516/1516 1517/1517 1518/1518
f 1420/1420 1427/1427 1423/1423
f 1182/1182 1420/1420 1423/1423
f 1297/1297 1331/1331 1102/1102
f 1299/1299 1297/1297 1102/1102
f 1471/1471 1463/1463 1464/1464
f 1472/1472 1471/1471 1464/1464
f 1312/1312 1316/1316 1520/1520
f 1403/1403 1312/1312 1520/1520
f 1522/1522 1521/1521 1507/1507
f 1506/1506 1522/1522 1507/1507
f 1523/1523 1445/1445 1522/1522
f 1506/1506 1523/1523 1522/1522
f 1523/1523 1524/1524 1268/1268
f 1445/1445 1523/1523 1268/1268
f 1238/1238 1395/1395 1207/1207
f 1208/1208 1238/1238 1207/1207
f 1246/1246 1353/1353 1445/1445
f 1245/1245 1246/1246 1445/1445
f 1527/1527 1526/1526 1525/1525
f 1384/1384 1527/1527 1525/1525
f 1523/1523 1508/1508 1258/1258
f 1524/1524 1523/1523 1258/1258
f 1257/1257 1255/1255 1258/1258
f 1508/1508 1257/1257 1258/1258
f 1241/1241 1197/1197 1528/1528
f 1267/1267 1241/1241 1528/1528
f 1528/1528 1530/1530 1529/1529
f 1411/1411 1528/1528 1529/1529
f 1411/1411 1529/1529 1195/1195
f 1196/1196 1411/1411 1195/1195
f 1532/1532 1264/1264 1531/1531
f 1533/1533 1532/1532 1531/1531
f 1197/1197 1194/1194 1530/1530
f 1528/1528 1197/1197 1530/1530
f 1534/1534 1194/1194 1195/1195
f 1535/1535 1534/1534 1195/1195
f 1536/1536 1529/1529 1530/1530
f 1537/1537 1536/1536 1530/1530
f 1540/1540 1539/1539 1538/1538
f 1541/1541 1540/1540 1538/1538
f 1431/1431 1466/1466 1437/1437
f 1438/1438 1431/1431 1437/1437
f 1432/1432 1439/1439 1436/1436
f 1465/1465 1432/1432 1436/1436
f 1165/1165 1543/1543 1542/1542
f 1168/1168 1165/1165 1542/1542
f 1510/1510 1544/1544 1252/1252
f 1253/1253 1510/1510 1252/1252
f 1547/1547 1546/1546 1545/1545
f 1548/1548 1547/1547 1545/1545
f 1439/1439 1432/1432 1286/1286
f 1295/1295 1439/1439 1286/1286
f 1200/1200 1201/1201 1549/1549
f 1369/1369 1200/1200 1549/1549
f 1550/1550 1540/1540 1229/1229
f 1134/1134 1550/1550 1229/1229
f 1509/1509 1551/1551 1502/1502
f 1503/1503 1509/1509 1502/1502
f 1238/1238 1236/1236 1503/1503
f 1552/1552 1238/1238 1503/1503
f 1208/1208 1206/1206 1553/1553
f 1237/1237 1208/1208 1553/1553
f 1553/1553 1206/1206 1554/1554
f 1552/1552 1553/1553 1554/1554
f 1554/1554 1395/1395 1238/1238
f 1552/1552 1554/1554 1238/1238
f 1444/1444 1442/1442 1555/1555
f 1556/1556 1444/1444 1555/1555
f 1557/1557 1231/1231 1232/1232
f 1558/1558 1557/1557 1232/1232
f 1443/1443 1275/1275 1276/1276
f 1559/1559 1443/1443 1276/1276
f 1239/1239 1240/1240 1245/1245
f 1266/1266 1239/1239 1245/1245
f 1287/1287 1285/1285 1352/1352
f 1292/1292 1287/1287 1352/1352
f 1225/1225 1226/1226 1560/1560
f 1561/1561 1225/1225 1560/1560
f 1562/1562 1476/1476 1477/1477
f 1563/1563 1562/1562 1477/1477
f 1419/1419 1417/1417 1136/1136
f 1137/1137 1419/1419 1136/1136
f 1455/1455 1496/1496 1495/1495
f 1454/1454 1455/1455 1495/1495
f 1325/1325 1357/1357 1332/1332
f 1324/1324 1325/1325 1332/1332
f 1564/1564 1204/1204 1205/1205
f 1565/1565 1564/1564 1205/1205
f 1563/1563 1244/1244 1277/1277
f 1562/1562 1563/1563 1277/1277
f 1140/1140 1242/1242 1279/1279
f 1321/1321 1140/1140 1279/1279
f 1322/1322 1283/1283 1284/1284
f 1278/1278 1322/1322 1284/1284
f 1356/1356 1335/1335 1334/1334
f 1333/1333 1356/1356 1334/1334
f 1120/1120 1181/1181 1421/1421
f 1123/1123 1120/1120 1421/1421
f 1145/1145 1328/1328 1243/1243
f 1334/1334 1145/1145 1243/1243
f 1216/1216 1235/1235 1166/1166
f 1274/1274 1216/1216 1166/1166
f 1167/1167 1218/1218 1223/1223
f 1221/1221 1167/1167 1223/1223
f 1223/1223 1213/1213 1229/1229
f 1230/1230 1223/1223 1229/1229
f 1567/1567 1566/1566 1362/1362
f 1359/1359 1567/1567 1362/1362
f 1515/1515 1568/1568 1473/1473
f 1514/1514 1515/1515 1473/1473
f 1570/1570 1234/1234 1569/1569
f 1228/1228 1570/1570 1569/1569
f 1571/1571 1569/1569 1234/1234
f 1572/1572 1571/1571 1234/1234
f 1558/1558 1232/1232 1569/1569
f 1571/1571 1558/1558 1569/1569
f 1345/1345 1574/1574 1573/1573
f 1575/1575 1345/1345 1573/1573
f 1501/1501 1498/1498 1576/1576
f 1184/1184 1501/1501 1576/1576
f 1227/1227 1224/1224 1577/1577
f 1578/1578 1227/1227 1577/1577
f 1532/1532 1580/1580 1579/1579
f 1382/1382 1532/1532 1579/1579
f 1222/1222 1217/1217 1581/1581
f 1221/1221 1222/1222 1581/1581
f 1156/1156 1473/1473 1568/1568
f 1155/1155 1156/1156 1568/1568
f 1373/1373 1388/1388 1260/1260
f 1374/1374 1373/1373 1260/1260
f 1105/1105 1158/1158 1088/1088
f 1089/1089 1105/1105 1088/1088
f 1157/1157 1115/1115 1113/1113
f 1087/1087 1157/1157 1113/1113
f 1117/1117 1118/1118 1119/1119
f 1138/1138 1117/1117 1119/1119
f 1258/1258 1374/1374 1246/1246
f 1240/1240 1258/1258 1246/1246
f 1126/1126 1392/1392 1138/1138
f 1122/1122 1126/1126 1138/1138
f 1392/1392 1415/1415 1220/1220
f 1138/1138 1392/1392 1220/1220
f 1221/1221 1581/1581 1273/1273
f 1274/1274 1221/1221 1273/1273
f 1126/1126 1212/1212 1223/1223
f 1391/1391 1126/1126 1223/1223
f 1218/1218 1219/1219 1390/1390
f 1391/1391 1218/1218 1390/1390
f 1582/1582 1219/1219 1415/1415
f 1583/1583 1582/1582 1415/1415
f 1584/1584 1302/1302 1303/1303
f 1583/1583 1584/1584 1303/1303
f 1586/1586 1585/1585 1302/1302
f 1584/1584 1586/1586 1302/1302
f 1587/1587 1109/1109 1112/1112
f 1416/1416 1587/1587 1112/1112
f 1303/1303 1300/1300 1588/1588
f 1589/1589 1303/1303 1588/1588
f 1571/1571 1561/1561 1577/1577
f 1558/1558 1571/1571 1577/1577
f 1433/1433 1451/1451 1148/1148
f 1149/1149 1433/1433 1148/1148
f 1585/1585 1590/1590 1301/1301
f 1302/1302 1585/1585 1301/1301
f 1591/1591 1548/1548 1545/1545
f 1592/1592 1591/1591 1545/1545
f 1263/1263 1591/1591 1592/1592
f 1262/1262 1263/1263 1592/1592
f 1263/1263 1260/1260 1388/1388
f 1593/1593 1263/1263 1388/1388
f 1593/1593 1594/1594 1591/1591
f 1263/1263 1593/1593 1591/1591
f 1541/1541 1510/1510 1236/1236
f 1237/1237 1541/1541 1236/1236
f 1387/1387 1595/1595 1594/1594
f 1593/1593 1387/1387 1594/1594
f 1592/1592 1545/1545 1546/1546
f 1595/1595 1592/1592 1546/1546
f 1262/1262 1592/1592 1595/1595
f 1387/1387 1262/1262 1595/1595
f 1289/1289 1209/1209 1210/1210
f 1290/1290 1289/1289 1210/1210
f 1371/1371 1259/1259 1314/1314
f 1511/1511 1371/1371 1314/1314
f 1188/1188 1255/1255 1256/1256
f 1265/1265 1188/1188 1256/1256
f 1160/1160 1512/1512 1513/1513
f 1159/1159 1160/1160 1513/1513
f 1575/1575 1573/1573 1564/1564
f 1596/1596 1575/1575 1564/1564
f 1533/1533 1597/1597 1580/1580
f 1532/1532 1533/1533 1580/1580
f 1241/1241 1267/1267 1268/1268
f 1524/1524 1241/1241 1268/1268
f 1598/1598 1567/1567 1359/1359
f 1360/1360 1598/1598 1359/1359
f 1346/1346 1565/1565 1574/1574
f 1345/1345 1346/1346 1574/1574
f 1565/1565 1205/1205 1202/1202
f 1574/1574 1565/1565 1202/1202
f 1375/1375 1376/1376 1372/1372
f 1185/1185 1375/1375 1372/1372
f 1400/1400 1401/1401 1599/1599
f 1600/1600 1400/1400 1599/1599
f 1344/1344 1348/1348 1601/1601
f 1339/1339 1344/1344 1601/1601
f 1342/1342 1347/1347 1348/1348
f 1344/1344 1342/1342 1348/1348
f 1341/1341 1602/1602 1347/1347
f 1342/1342 1341/1341 1347/1347
f 1448/1448 1601/1601 1348/1348
f 1349/1349 1448/1448 1348/1348
f 1604/1604 1603/1603 1526/1526
f 1527/1527 1604/1604 1526/1526
f 1605/1605 1446/1446 1447/1447
f 1606/1606 1605/1605 1447/1447
f 1447/1447 1349/1349 1350/1350
f 1606/1606 1447/1447 1350/1350
f 1587/1587 1152/1152 1497/1497
f 1093/1093 1587/1587 1497/1497
f 1288/1288 1318/1318 1291/1291
f 1297/1297 1288/1288 1291/1291
f 1464/1464 1465/1465 1436/1436
f 1472/1472 1464/1464 1436/1436
f 1297/1297 1298/1298 1209/1209
f 1288/1288 1297/1297 1209/1209
f 1106/1106 1247/1247 1248/1248
f 1293/1293 1106/1106 1248/1248
f 1445/1445 1353/1353 1340/1340
f 1363/1363 1445/1445 1340/1340
f 1299/1299 1304/1304 1517/1517
f 1298/1298 1299/1299 1517/1517
f 1296/1296 1516/1516 1305/1305
f 1103/1103 1296/1296 1305/1305
f 1519/1519 1599/1599 1401/1401
f 1518/1518 1519/1519 1401/1401
f 1403/1403 1520/1520 1607/1607
f 1402/1402 1403/1403 1607/1607
f 1126/1126 1124/1124 1134/1134
f 1413/1413 1126/1126 1134/1134
f 1548/1548 1591/1591 1594/1594
f 1547/1547 1548/1548 1594/1594
f 1214/1214 1212/1212 1413/1413
f 1414/1414 1214/1214 1413/1413
f 1167/1167 1221/1221 1274/1274
f 1166/1166 1167/1167 1274/1274
f 1604/1604 1608/1608 1386/1386
f 1383/1383 1604/1604 1386/1386
f 1214/1214 1609/1609 1191/1191
f 1192/1192 1214/1214 1191/1191
f 1416/1416 1112/1112 1091/1091
f 1092/1092 1416/1416 1091/1091
f 1452/1452 1361/1361 1362/1362
f 1609/1609 1452/1452 1362/1362
f 1186/1186 1381/1381 1533/1533
f 1531/1531 1186/1186 1533/1533
f 1144/1144 1366/1366 1610/1610
f 1365/1365 1144/1144 1610/1610
f 1230/1230 1231/1231 1233/1233
f 1223/1223 1230/1230 1233/1233
f 1448/1448 1446/1446 1605/1605
f 1611/1611 1448/1448 1605/1605
f 1421/1421 1430/1430 1427/1427
f 1420/1420 1421/1421 1427/1427
f 1364/1364 1612/1612 1367/1367
f 1368/1368 1364/1364 1367/1367
f 1294/1294 1295/1295 1286/1286
f 1142/1142 1294/1294 1286/1286
f 1115/1115 1157/1157 1158/1158
f 1105/1105 1115/1115 1158/1158
f 1319/1319 1288/1288 1289/1289
f 1461/1461 1319/1319 1289/1289
f 1480/1480 1282/1282 1477/1477
f 1478/1478 1480/1480 1477/1477
f 1432/1432 1465/1465 1466/1466
f 1431/1431 1432/1432 1466/1466
f 1440/1440 1441/1441 1451/1451
f 1433/1433 1440/1440 1451/1451
f 1108/1108 1111/1111 1110/1110
f 1107/1107 1108/1108 1110/1110
f 1146/1146 1336/1336 1327/1327
f 1328/1328 1146/1146 1327/1327
f 1583/1583 1303/1303 1589/1589
f 1582/1582 1583/1583 1589/1589
f 1315/1315 1531/1531 1264/1264
f 1265/1265 1315/1315 1264/1264
f 1582/1582 1589/1589 1585/1585
f 1586/1586 1582/1582 1585/1585
f 1393/1393 1402/1402 1313/1313
f 1309/1309 1393/1393 1313/1313
f 1350/1350 1347/1347 1602/1602
f 1611/1611 1350/1350 1602/1602
f 1603/1603 1604/1604 1383/1383
f 1613/1613 1603/1603 1383/1383
f 1612/1612 1364/1364 1365/1365
f 1610/1610 1612/1612 1365/1365
f 1383/1383 1384/1384 1525/1525
f 1613/1613 1383/1383 1525/1525
f 1308/1308 1312/1312 1403/1403
f 1394/1394 1308/1308 1403/1403
f 1332/1332 1488/1488 1489/1489
f 1333/1333 1332/1332 1489/1489
f 1488/1488 1457/1457 1458/1458
f 1489/1489 1488/1488 1458/1458
f 1211/1211 1615/1615 1614/1614
f 1616/1616 1211/1211 1614/1614
f 1172/1172 1169/1169 1615/1615
f 1211/1211 1172/1172 1615/1615
f 1329/1329 1326/1326 1337/1337
f 1338/1338 1329/1329 1337/1337
f 1325/1325 1323/1323 1363/1363
f 1335/1335 1325/1325 1363/1363
f 1243/1243 1329/1329 1354/1354
f 1280/1280 1243/1243 1354/1354
f 1140/1140 1321/1321 1096/1096
f 1355/1355 1140/1140 1096/1096
f 1487/1487 1480/1480 1481/1481
f 1486/1486 1487/1487 1481/1481
f 1493/1493 1494/1494 1467/1467
f 1617/1617 1493/1493 1467/1467
f 1484/1484 1407/1407 1408/1408
f 1483/1483 1484/1484 1408/1408
f 1407/1407 1484/1484 1410/1410
f 1405/1405 1407/1407 1410/1410
f 1370/1370 1369/1369 1549/1549
f 1422/1422 1370/1370 1549/1549
f 1418/1418 1199/1199 1370/1370
f 1417/1417 1418/1418 1370/1370
f 1182/1182 1423/1423 1424/1424
f 1181/1181 1182/1182 1424/1424
f 1454/1454 1495/1495 1460/1460
f 1457/1457 1454/1454 1460/1460
f 1529/1529 1536/1536 1535/1535
f 1195/1195 1529/1529 1535/1535
f 1311/1311 1308/1308 1394/1394
f 1250/1250 1311/1311 1394/1394
f 1355/1355 1354/1354 1139/1139
f 1140/1140 1355/1355 1139/1139
f 1385/1385 1386/1386 1610/1610
f 1366/1366 1385/1385 1610/1610
f 1550/1550 1618/1618 1539/1539
f 1540/1540 1550/1550 1539/1539
f 1126/1126 1132/1132 1114/1114
f 1125/1125 1126/1126 1114/1114
f 1355/1355 1096/1096 1097/1097
f 1280/1280 1355/1355 1097/1097
f 1180/1180 1177/1177 1174/1174
f 1175/1175 1180/1180 1174/1174
f 1184/1184 1576/1576 1619/1619
f 1183/1183 1184/1184 1619/1619
f 1231/1231 1557/1557 1572/1572
f 1234/1234 1231/1231 1572/1572
f 1581/1581 1575/1575 1596/1596
f 1273/1273 1581/1581 1596/1596
f 1381/1381 1620/1620 1597/1597
f 1533/1533 1381/1381 1597/1597
f 1578/1578 1577/1577 1561/1561
f 1560/1560 1578/1578 1561/1561
f 1621/1621 1500/1500 1511/1511
f 1164/1164 1621/1621 1511/1511
f 1508/1508 1523/1523 1506/1506
f 1505/1505 1508/1508 1506/1506
f 1414/1414 1452/1452 1609/1609
f 1214/1214 1414/1414 1609/1609
f 1540/1540 1541/1541 1237/1237
f 1229/1229 1540/1540 1237/1237
f 1445/1445 1363/1363 1622/1622
f 1522/1522 1445/1445 1622/1622
f 1267/1267 1528/1528 1411/1411
f 1266/1266 1267/1267 1411/1411
f 1282/1282 1480/1480 1487/1487
f 1281/1281 1282/1282 1487/1487
f 1622/1622 1623/1623 1521/1521
f 1522/1522 1622/1622 1521/1521
f 1512/1512 1160/1160 1568/1568
f 1515/1515 1512/1512 1568/1568
f 1527/1527 1624/1624 1608/1608
f 1604/1604 1527/1527 1608/1608
f 1276/1276 1270/1270 1555/1555
f 1559/1559 1276/1276 1555/1555
f 1371/1371 1373/1373 1258/1258
f 1259/1259 1371/1371 1258/1258
f 1554/1554 1556/1556 1271/1271
f 1395/1395 1554/1554 1271/1271
f 1217/1217 1345/1345 1575/1575
f 1581/1581 1217/1217 1575/1575
f 1189/1189 1186/1186 1531/1531
f 1315/1315 1189/1189 1531/1531
f 1164/1164 1511/1511 1257/1257
f 1163/1163 1164/1164 1257/1257
f 1620/1620 1381/1381 1382/1382
f 1579/1579 1620/1620 1382/1382
f 1246/1246 1375/1375 1185/1185
f 1364/1364 1246/1246 1185/1185
f 1444/1444 1206/1206 1207/1207
f 1272/1272 1444/1444 1207/1207
f 1132/1132 1126/1126 1122/1122
f 1131/1131 1132/1132 1122/1122
f 1566/1566 1191/1191 1609/1609
f 1362/1362 1566/1566 1609/1609
f 1102/1102 1247/1247 1106/1106
f 1089/1089 1102/1102 1106/1106
f 1497/1497 1151/1151 1099/1099
f 1100/1100 1497/1497 1099/1099
f 1625/1625 1179/1179 1139/1139
f 1354/1354 1625/1625 1139/1139
f 1562/1562 1277/1277 1278/1278
f 1284/1284 1562/1562 1278/1278
f 1235/1235 1553/1553 1552/1552
f 1503/1503 1235/1235 1552/1552
f 1590/1590 1585/1585 1589/1589
f 1588/1588 1590/1590 1589/1589
f 1419/1419 1125/1125 1127/1127
f 1128/1128 1419/1419 1127/1127
f 1132/1132 1121/1121 1118/1118
f 1114/1114 1132/1132 1118/1118
f 1566/1566 1567/1567 1598/1598
f 1453/1453 1566/1566 1598/1598
f 1180/1180 1175/1175 1106/1106
f 1293/1293 1180/1180 1106/1106
f 1600/1600 1599/1599 1396/1396
f 1398/1398 1600/1600 1396/1396
f 1175/1175 1176/1176 1130/1130
f 1106/1106 1175/1175 1130/1130
f 1176/1176 1550/1550 1134/1134
f 1130/1130 1176/1176 1134/1134
f 1558/1558 1577/1577 1224/1224
f 1557/1557 1558/1558 1224/1224
f 1624/1624 1527/1527 1384/1384
f 1385/1385 1624/1624 1384/1384
f 1363/1363 1323/1323 1616/1616
f 1622/1622 1363/1363 1616/1616
f 1340/1340 1341/1341 1351/1351
f 1363/1363 1340/1340 1351/1351
f 1296/1296 1104/1104 1209/1209
f 1298/1298 1296/1296 1209/1209
f 1130/1130 1115/1115 1105/1105
f 1106/1106 1130/1130 1105/1105
f 1606/1606 1350/1350 1611/1611
f 1605/1605 1606/1606 1611/1611
f 1601/1601 1448/1448 1611/1611
f 1602/1602 1601/1601 1611/1611
f 1514/1514 1473/1473 1159/1159
f 1513/1513 1514/1514 1159/1159
f 1556/1556 1555/1555 1270/1270
f 1271/1271 1556/1556 1270/1270
f 1613/1613 1525/1525 1526/1526
f 1603/1603 1613/1613 1526/1526
f 1595/1595 1546/1546 1547/1547
f 1594/1594 1595/1595 1547/1547
f 1385/1385 1366/1366 1367/1367
f 1624/1624 1385/1385 1367/1367
f 1586/1586 1390/1390 1219/1219
f 1582/1582 1586/1586 1219/1219
f 1537/1537 1530/1530 1194/1194
f 1534/1534 1537/1537 1194/1194
f 1468/1468 1491/1491 1617/1617
f 1467/1467 1468/1468 1617/1617
f 1400/1400 1600/1600 1398/1398
f 1399/1399 1400/1400 1398/1398
f 1382/1382 1187/1187 1264/1264
f 1532/1532 1382/1382 1264/1264
f 1518/1518 1401/1401 1397/1397
f 1307/1307 1518/1518 1397/1397
f 1306/1306 1396/1396 1599/1599
f 1519/1519 1306/1306 1599/1599
f 1519/1519 1517/1517 1304/1304
f 1306/1306 1519/1519 1304/1304
f 1318/1318 1456/1456 1434/1434
f 1358/1358 1318/1318 1434/1434
f 1334/1334 1243/1243 1324/1324
f 1333/1333 1334/1334 1324/1324
f 1307/1307 1305/1305 1516/1516
f 1518/1518 1307/1307 1516/1516
f 1422/1422 1549/1549 1201/1201
f 1198/1198 1422/1422 1201/1201
f 1235/1235 1570/1570 1237/1237
f 1553/1553 1235/1235 1237/1237
f 1453/1453 1190/1190 1191/1191
f 1566/1566 1453/1453 1191/1191
f 1138/1138 1167/1167 1168/1168
f 1379/1379 1138/1138 1168/1168
f 1551/1551 1626/1626 1543/1543
f 1165/1165 1551/1551 1543/1543
f 1254/1254 1251/1251 1627/1627
f 1509/1509 1254/1254 1627/1627
f 1164/1164 1161/1161 1628/1628
f 1621/1621 1164/1164 1628/1628
f 1616/1616 1614/1614 1623/1623
f 1622/1622 1616/1616 1623/1623
f 1323/1323 1210/1210 1211/1211
f 1616/1616 1323/1323 1211/1211
f 1502/1502 1551/1551 1165/1165
f 1166/1166 1502/1502 1165/1165
f 1524/1524 1258/1258 1240/1240
f 1241/1241 1524/1524 1240/1240
f 1572/1572 1225/1225 1561/1561
f 1571/1571 1572/1572 1561/1561
f 1368/1368 1366/1366 1144/1144
f 1145/1145 1368/1368 1144/1144
f 1534/1534 1535/1535 1536/1536
f 1537/1537 1534/1534 1536/1536
f 1229/1229 1213/1213 1412/1412
f 1134/1134 1229/1229 1412/1412
f 1137/1137 1124/1124 1125/1125
f 1419/1419 1137/1137 1125/1125
f 1265/1265 1256/1256 1314/1314
f 1315/1315 1265/1265 1314/1314
f 1374/1374 1260/1260 1261/1261
f 1375/1375 1374/1374 1261/1261
f 1365/1365 1185/1185 1143/1143
f 1144/1144 1365/1365 1143/1143
f 1246/1246 1368/1368 1145/1145
f 1343/1343 1246/1246 1145/1145
f 1284/1284 1281/1281 1476/1476
f 1562/1562 1284/1284 1476/1476
f 1233/1233 1234/1234 1570/1570
f 1235/1235 1233/1233 1570/1570
f 1511/1511 1314/1314 1256/1256
f 1257/1257 1511/1511 1256/1256
f 1294/1294 1142/1142 1139/1139
f 1293/1293 1294/1294 1139/1139
f 1612/1612 1608/1608 1624/1624
f 1367/1367 1612/1612 1624/1624
f 1228/1228 1569/1569 1232/1232
f 1230/1230 1228/1228 1232/1232
f 1319/1319 1462/1462 1456/1456
f 1318/1318 1319/1319 1456/1456
f 1404/1404 1409/1409 1483/1483
f 1408/1408 1404/1404 1483/1483
f 1578/1578 1560/1560 1226/1226
f 1227/1227 1578/1578 1226/1226
f 1557/1557 1224/1224 1225/1225
f 1572/1572 1557/1557 1225/1225
f 1596/1596 1564/1564 1565/1565
f 1346/1346 1596/1596 1565/1565
f 1559/1559 1555/1555 1442/1442
f 1443/1443 1559/1559 1442/1442
f 1101/1101 1152/1152 1587/1587
f 1416/1416 1101/1101 1587/1587
f 1255/1255 1188/1188 1189/1189
f 1259/1259 1255/1255 1189/1189
f 1204/1204 1564/1564 1573/1573
f 1203/1203 1204/1204 1573/1573
f 1610/1610 1386/1386 1608/1608
f 1612/1612 1610/1610 1608/1608
f 1239/1239 1196/1196 1197/1197
f 1241/1241 1239/1239 1197/1197
f 1228/1228 1229/1229 1237/1237
f 1570/1570 1228/1228 1237/1237
f 1389/1389 1584/1584 1583/1583
f 1415/1415 1389/1389 1583/1583
f 1117/1117 1138/1138 1379/1379
f 1380/1380 1117/1117 1379/1379
f 1574/1574 1202/1202 1203/1203
f 1573/1573 1574/1574 1203/1203
f 1290/1290 1358/1358 1461/1461
f 1289/1289 1290/1290 1461/1461
f 1116/1116 1101/1101 1098/1098
f 1114/1114 1116/1116 1098/1098
f 1291/1291 1141/1141 1287/1287
f 1297/1297 1291/1291 1287/1287
f 1248/1248 1249/1249 1310/1310
f 1330/1330 1248/1248 1310/1310
f 1402/1402 1607/1607 1317/1317
f 1313/1313 1402/1402 1317/1317
f 1151/1151 1117/1117 1104/1104
f 1099/1099 1151/1151 1104/1104
f 1593/1593 1388/1388 1376/1376
f 1387/1387 1593/1593 1376/1376
f 1556/1556 1554/1554 1206/1206
f 1444/1444 1556/1556 1206/1206
f 1453/1453 1598/1598 1360/1360
f 1361/1361 1453/1453 1360/1360
f 1458/1458 1459/1459 1496/1496
f 1455/1455 1458/1458 1496/1496
f 1283/1283 1322/1322 1244/1244
f 1563/1563 1283/1283 1244/1244
f 1588/1588 1300/1300 1301/1301
f 1590/1590 1588/1588 1301/1301
f 1323/1323 1322/1322 1278/1278
f 1210/1210 1323/1323 1278/1278
f 1213/1213 1192/1192 1193/1193
f 1412/1412 1213/1213 1193/1193
f 1183/1183 1625/1625 1354/1354
f 1143/1143 1183/1183 1354/1354
f 1273/1273 1596/1596 1346/1346
f 1215/1215 1273/1273 1346/1346
f 1563/1563 1477/1477 1282/1282
f 1283/1283 1563/1563 1282/1282
f 1104/1104 1117/1117 1380/1380
f 1171/1171 1104/1104 1380/1380
f 1209/1209 1104/1104 1171/1171
f 1172/1172 1209/1209 1171/1171
f 1168/1168 1542/1542 1378/1378
f 1379/1379 1168/1168 1378/1378
f 1339/1339 1601/1601 1602/1602
f 1341/1341 1339/1339 1602/1602
f 1179/1179 1180/1180 1293/1293
f 1139/1139 1179/1179 1293/1293
f 1509/1509 1627/1627 1626/1626
f 1551/1551 1509/1509 1626/1626
f 1183/1183 1619/1619 1629/1629
f 1625/1625 1183/1183 1629/1629
f 1625/1625 1629/1629 1178/1178
f 1179/1179 1625/1625 1178/1178
f 1176/1176 1173/1173 1618/1618
f 1550/1550 1176/1176 1618/1618
f 1620/1620 1579/1579 1580/1580
f 1597/1597 1620/1620 1580/1580
f 1249/1249 1393/1393 1309/1309
f 1310/1310 1249/1249 1309/1309
f 1380/1380 1377/1377 1170/1170
f 1171/1171 1380/1380 1170/1170
f 1316/1316 1317/1317 1607/1607
f 1520/1520 1316/1316 1607/1607
f 1479/1479 1476/1476 1281/1281
f 1487/1487 1479/1479 1281/1281
f 1541/1541 1538/1538 1544/1544
f 1510/1510 1541/1541 1544/1544
f 1486/1486 1481/1481 1482/1482
f 1485/1485 1486/1486 1482/1482
f 1093/1093 1090/1090 1109/1109
f 1587/1587 1093/1093 1109/1109
f 1621/1621 1628/1628 1499/1499
f 1500/1500 1621/1621 1499/1499
f 1584/1584 1389/1389 1390/1390
f 1586/1586 1584/1584 1390/1390
f 1133/1133 1135/1135 1418/1418
f 1128/1128 1133/1133 1418/1418
f 1422/1422 1136/1136 1417/1417
f 1370/1370 1422/1422 1417/1417
f 1285/1285 1431/1431 1438/1438
f 1352/1352 1285/1285 1438/1438
f 1181/1181 1424/1424 1430/1430
f 1421/1421 1181/1181 1430/1430
f 1155/1155 1568/1568 1160/1160
f 1154/1154 1155/1155 1160/1160
f 1333/1333 1489/1489 1450/1450
f 1356/1356 1333/1333 1450/1450
f 1095/1095 1407/1407 1405/1405
f 1094/1094 1095/1095 1405/1405
f 1475/1475 1494/1494 1490/1490
f 1474/1474 1475/1475 1490/1490
f 1193/1193 1190/1190 1452/1452
f 1414/1414 1193/1193 1452/1452
f 1493/1493 1617/1617 1491/1491
f 1492/1492 1493/1493 1491/1491
f 1461/1461 1435/1435 1462/1462
f 1319/1319 1461/1461 1462/1462
f 1632/1632 1631/1631 1630/1630
f 1635/1635 1634/1634 1633/1633
f 1636/1636 1634/1634 1635/1635
f 1639/1639 1638/1638 1637/1637
f 1640/1640 1638/1638 1639/1639
f 1643/1643 1642/1642 1641/1641
f 1644/1644 1642/1642 1643/1643
f 1647/1647 1646/1646 1645/1645
f 1641/1641 1646/1646 1647/1647
f 1649/1649 1632/1632 1648/1648
f 1650/1650 1633/1633 1634/1634
f 1651/1651 1633/1633 1650/1650
f 1653/1653 1634/1634 1652/1652
f 1650/1650 1634/1634 1653/1653
f 1652/1652 1654/1654 1653/1653
f 1655/1655 1654/1654 1652/1652
f 1651/1651 1655/1655 1633/1633
f 1654/1654 1655/1655 1651/1651
f 1658/1658 1657/1657 1656/1656
f 1660/1660 1656/1656 1659/1659
f 1661/1661 1656/1656 1660/1660
f 1663/1663 1661/1661 1662/1662
f 1664/1664 1661/1661 1663/1663
f 1666/1666 1662/1662 1665/1665
f 1663/1663 1662/1662 1666/1666
f 1669/1669 1668/1668 1667/1667
f 1672/1672 1671/1671 1670/1670
f 1673/1673 1671/1671 1672/1672
f 1675/1675 1664/1664 1674/1674
f 1668/1668 1672/1672 1676/1676
f 1677/1677 1672/1672 1668/1668
f 1666/1666 1665/1665 1674/1674
f 1680/1680 1679/1679 1678/1678
f 1676/1676 1679/1679 1680/1680
f 1665/1665 1662/1662 1681/1681
f 1684/1684 1683/1683 1682/1682
f 1685/1685 1683/1683 1684/1684
f 1688/1688 1687/1687 1686/1686
f 1689/1689 1687/1687 1688/1688
f 1671/1671 1656/1656 1667/1667
f 1692/1692 1691/1691 1690/1690
f 1693/1693 1691/1691 1692/1692
f 1694/1694 1660/1660 1659/1659
f 1695/1695 1659/1659 1644/1644
f 1630/1630 1697/1697 1696/1696
f 1631/1631 1697/1697 1630/1630
f 1700/1700 1699/1699 1698/1698
f 1701/1701 1699/1699 1700/1700
f 1641/1641 1642/1642 1646/1646
f 1696/1696 1703/1703 1702/1702
f 1697/1697 1703/1703 1696/1696
f 1706/1706 1705/1705 1704/1704
f 1707/1707 1705/1705 1706/1706
f 1710/1710 1709/1709 1708/1708
f 1711/1711 1709/1709 1710/1710
f 1714/1714 1713/1713 1712/1712
f 1715/1715 1713/1713 1714/1714
f 1718/1718 1717/1717 1716/1716
f 1719/1719 1717/1717 1718/1718
f 1722/1722 1721/1721 1720/1720
f 1723/1723 1721/1721 1722/1722
f 1724/1724 1664/1664 1663/1663
f 1725/1725 1664/1664 1724/1724
f 1727/1727 1687/1687 1726/1726
f 1728/1728 1687/1687 1727/1727
f 1672/1672 1677/1677 1673/1673
f 1731/1731 1730/1730 1729/1729
f 1732/1732 1730/1730 1731/1731
f 1735/1735 1734/1734 1733/1733
f 1736/1736 1734/1734 1735/1735
f 1739/1739 1738/1738 1737/1737
f 1740/1740 1738/1738 1739/1739
f 1743/1743 1742/1742 1741/1741
f 1744/1744 1742/1742 1743/1743
f 1747/1747 1746/1746 1745/1745
f 1748/1748 1746/1746 1747/1747
f 1751/1751 1750/1750 1749/1749
f 1753/1753 1715/1715 1752/1752
f 1754/1754 1715/1715 1753/1753
f 1735/1735 1756/1756 1755/1755
f 1757/1757 1756/1756 1735/1735
f 1760/1760 1759/1759 1758/1758
f 1763/1763 1762/1762 1761/1761
f 1710/1710 1762/1762 1763/1763
f 1766/1766 1765/1765 1764/1764
f 1769/1769 1768/1768 1767/1767
f 1770/1770 1768/1768 1769/1769
f 1773/1773 1772/1772 1771/1771
f 1773/1773 1775/1775 1774/1774
f 1775/1775 1777/1777 1776/1776
f 1764/1764 1758/1758 1778/1778
f 1760/1760 1758/1758 1764/1764
f 1751/1751 1780/1780 1779/1779
f 1781/1781 1780/1780 1751/1751
f 1784/1784 1783/1783 1782/1782
f 1786/1786 1684/1684 1785/1785
f 1787/1787 1684/1684 1786/1786
f 1789/1789 1782/1782 1788/1788
f 1792/1792 1791/1791 1790/1790
f 1793/1793 1791/1791 1792/1792
f 1796/1796 1795/1795 1794/1794
f 1797/1797 1795/1795 1796/1796
f 1800/1800 1799/1799 1798/1798
f 1799/1799 1802/1802 1801/1801
f 1805/1805 1804/1804 1803/1803
f 1806/1806 1804/1804 1805/1805
f 1808/1808 1729/1729 1807/1807
f 1731/1731 1729/1729 1808/1808
f 1811/1811 1810/1810 1809/1809
f 1814/1814 1813/1813 1812/1812
f 1815/1815 1813/1813 1814/1814
f 1817/1817 1759/1759 1816/1816
f 1758/1758 1759/1759 1817/1817
f 1812/1812 1819/1819 1818/1818
f 1813/1813 1819/1819 1812/1812
f 1753/1753 1821/1821 1820/1820
f 1823/1823 1822/1822 1640/1640
f 1785/1785 1822/1822 1823/1823
f 1826/1826 1825/1825 1824/1824
f 1827/1827 1825/1825 1826/1826
f 1684/1684 1787/1787 1821/1821
f 1685/1685 1829/1829 1828/1828
f 1830/1830 1829/1829 1685/1685
f 1752/1752 1832/1832 1831/1831
f 1684/1684 1834/1834 1833/1833
f 1837/1837 1836/1836 1835/1835
f 1838/1838 1836/1836 1837/1837
f 1645/1645 1839/1839 1647/1647
f 1766/1766 1778/1778 1777/1777
f 1764/1764 1778/1778 1766/1766
f 1842/1842 1841/1841 1840/1840
f 1845/1845 1844/1844 1843/1843
f 1846/1846 1844/1844 1845/1845
f 1645/1645 1848/1848 1847/1847
f 1849/1849 1847/1847 1848/1848
f 1850/1850 1847/1847 1849/1849
f 1853/1853 1852/1852 1851/1851
f 1854/1854 1852/1852 1853/1853
f 1851/1851 1856/1856 1855/1855
f 1852/1852 1856/1856 1851/1851
f 1858/1858 1801/1801 1857/1857
f 1732/1732 1801/1801 1858/1858
f 1859/1859 1855/1855 1856/1856
f 1860/1860 1855/1855 1859/1859
f 1832/1832 1862/1862 1861/1861
f 1864/1864 1637/1637 1863/1863
f 1639/1639 1637/1637 1864/1864
f 1786/1786 1865/1865 1787/1787
f 1868/1868 1867/1867 1866/1866
f 1871/1871 1870/1870 1869/1869
f 1872/1872 1870/1870 1871/1871
f 1874/1874 1873/1873 1841/1841
f 1854/1854 1873/1873 1874/1874
f 1876/1876 1875/1875 1866/1866
f 1878/1878 1877/1877 1688/1688
f 1881/1881 1880/1880 1879/1879
f 1689/1689 1880/1880 1881/1881
f 1884/1884 1883/1883 1882/1882
f 1887/1887 1886/1886 1885/1885
f 1759/1759 1889/1889 1888/1888
f 1760/1760 1889/1889 1759/1759
f 1892/1892 1891/1891 1890/1890
f 1893/1893 1891/1891 1892/1892
f 1885/1885 1894/1894 1688/1688
f 1830/1830 1841/1841 1836/1836
f 1830/1830 1685/1685 1684/1684
f 1838/1838 1895/1895 1836/1836
f 1896/1896 1885/1885 1789/1789
f 1887/1887 1885/1885 1896/1896
f 1684/1684 1753/1753 1834/1834
f 1821/1821 1753/1753 1684/1684
f 1898/1898 1897/1897 1823/1823
f 1684/1684 1682/1682 1785/1785
f 1786/1786 1785/1785 1823/1823
f 1867/1867 1786/1786 1866/1866
f 1865/1865 1786/1786 1867/1867
f 1881/1881 1687/1687 1689/1689
f 1645/1645 1842/1842 1848/1848
f 1646/1646 1842/1842 1645/1645
f 1786/1786 1872/1872 1871/1871
f 1689/1689 1688/1688 1871/1871
f 1868/1868 1899/1899 1878/1878
f 1900/1900 1899/1899 1868/1868
f 1833/1833 1901/1901 1862/1862
f 1834/1834 1901/1901 1833/1833
f 1904/1904 1903/1903 1902/1902
f 1905/1905 1903/1903 1904/1904
f 1906/1906 1688/1688 1894/1894
f 1878/1878 1688/1688 1906/1906
f 1728/1728 1908/1908 1907/1907
f 1911/1911 1910/1910 1909/1909
f 1741/1741 1912/1912 1743/1743
f 1913/1913 1912/1912 1741/1741
f 1789/1789 1911/1911 1908/1908
f 1915/1915 1728/1728 1914/1914
f 1917/1917 1916/1916 1802/1802
f 1917/1917 1789/1789 1918/1918
f 1803/1803 1918/1918 1919/1919
f 1922/1922 1921/1921 1920/1920
f 1923/1923 1921/1921 1922/1922
f 1924/1924 1729/1729 1730/1730
f 1925/1925 1729/1729 1924/1924
f 1928/1928 1927/1927 1926/1926
f 1929/1929 1927/1927 1928/1928
f 1803/1803 1930/1930 1805/1805
f 1919/1919 1930/1930 1803/1803
f 1915/1915 1931/1931 1919/1919
f 1934/1934 1933/1933 1932/1932
f 1935/1935 1933/1933 1934/1934
f 1790/1790 1835/1835 1873/1873
f 1853/1853 1873/1873 1854/1854
f 1793/1793 1937/1937 1936/1936
f 1792/1792 1937/1937 1793/1793
f 1646/1646 1791/1791 1874/1874
f 1815/1815 1938/1938 1749/1749
f 1814/1814 1938/1938 1815/1815
f 1850/1850 1940/1940 1939/1939
f 1849/1849 1940/1940 1850/1850
f 1941/1941 1939/1939 1940/1940
f 1942/1942 1939/1939 1941/1941
f 1944/1944 1942/1942 1943/1943
f 1939/1939 1942/1942 1944/1944
f 1936/1936 1946/1946 1945/1945
f 1937/1937 1946/1946 1936/1936
f 1638/1638 1948/1948 1947/1947
f 1949/1949 1948/1948 1638/1638
f 1863/1863 1951/1951 1950/1950
f 1637/1637 1951/1951 1863/1863
f 1947/1947 1953/1953 1952/1952
f 1948/1948 1953/1953 1947/1947
f 1810/1810 1739/1739 1954/1954
f 1783/1783 1739/1739 1810/1810
f 1763/1763 1681/1681 1710/1710
f 1934/1934 1762/1762 1766/1766
f 1934/1934 1669/1669 1935/1935
f 1957/1957 1956/1956 1955/1955
f 1736/1736 1956/1956 1957/1957
f 1933/1933 1935/1935 1958/1958
f 1635/1635 1644/1644 1643/1643
f 1959/1959 1644/1644 1635/1635
f 1886/1886 1894/1894 1885/1885
f 1884/1884 1894/1894 1886/1886
f 1763/1763 1761/1761 1958/1958
f 1669/1669 1756/1756 1955/1955
f 1677/1677 1955/1955 1956/1956
f 1766/1766 1755/1755 1756/1756
f 1676/1676 1672/1672 1670/1670
f 1670/1670 1961/1961 1960/1960
f 1962/1962 1961/1961 1670/1670
f 1666/1666 1964/1964 1963/1963
f 1674/1674 1964/1964 1666/1666
f 1742/1742 1678/1678 1679/1679
f 1965/1965 1678/1678 1742/1742
f 1725/1725 1674/1674 1664/1664
f 1964/1964 1674/1674 1725/1725
f 1968/1968 1967/1967 1966/1966
f 1969/1969 1967/1967 1968/1968
f 1741/1741 1679/1679 1960/1960
f 1742/1742 1679/1679 1741/1741
f 1969/1969 1970/1970 1967/1967
f 1971/1971 1970/1970 1969/1969
f 1973/1973 1971/1971 1972/1972
f 1970/1970 1971/1971 1973/1973
f 1972/1972 1966/1966 1973/1973
f 1968/1968 1966/1966 1972/1972
f 1680/1680 1668/1668 1676/1676
f 1828/1828 1975/1975 1974/1974
f 1829/1829 1975/1975 1828/1828
f 1977/1977 1692/1692 1976/1976
f 1978/1978 1692/1692 1977/1977
f 1981/1981 1980/1980 1979/1979
f 1982/1982 1980/1980 1981/1981
f 1984/1984 1693/1693 1983/1983
f 1691/1691 1693/1693 1984/1984
f 1986/1986 1813/1813 1985/1985
f 1819/1819 1813/1813 1986/1986
f 1915/1915 1916/1916 1931/1931
f 1914/1914 1916/1916 1915/1915
f 1896/1896 1883/1883 1887/1887
f 1882/1882 1883/1883 1896/1896
f 1815/1815 1985/1985 1813/1813
f 1987/1987 1985/1985 1815/1815
f 1811/1811 1788/1788 1810/1810
f 1988/1988 1788/1788 1811/1811
f 1892/1892 1990/1990 1989/1989
f 1991/1991 1990/1990 1892/1892
f 1899/1899 1993/1993 1992/1992
f 1900/1900 1993/1993 1899/1899
f 1822/1822 1863/1863 1949/1949
f 1864/1864 1863/1863 1822/1822
f 1984/1984 1690/1690 1691/1691
f 1994/1994 1690/1690 1984/1984
f 1904/1904 1734/1734 1995/1995
f 1996/1996 1734/1734 1904/1904
f 1992/1992 1998/1998 1997/1997
f 1993/1993 1998/1998 1992/1992
f 1999/1999 1976/1976 1983/1983
f 1977/1977 1976/1976 1999/1999
f 2002/2002 2001/2001 2000/2000
f 2003/2003 2001/2001 2002/2002
f 1901/1901 1978/1978 1977/1977
f 2004/2004 1978/1978 1901/1901
f 1895/1895 1982/1982 1981/1981
f 1838/1838 1982/1982 1895/1895
f 2005/2005 1983/1983 1693/1693
f 1999/1999 1983/1983 2005/2005
f 2008/2008 2007/2007 2006/2006
f 2009/2009 2007/2007 2008/2008
f 2012/2012 2011/2011 2010/2010
f 2013/2013 2011/2011 2012/2012
f 1978/1978 1693/1693 1692/1692
f 2005/2005 1693/1693 1978/1978
f 2014/2014 2009/2009 1979/1979
f 2007/2007 2009/2009 2014/2014
f 2015/2015 1979/1979 1980/1980
f 2014/2014 1979/1979 2015/2015
f 2016/2016 1697/1697 1698/1698
f 1703/1703 1697/1697 2016/2016
f 1698/1698 1631/1631 1700/1700
f 1697/1697 1631/1631 1698/1698
f 1869/1869 2013/2013 2012/2012
f 1870/1870 2013/2013 1869/1869
f 1640/1640 1949/1949 1638/1638
f 1822/1822 1949/1949 1640/1640
f 1879/1879 2018/2018 2017/2017
f 1880/1880 2018/2018 1879/1879
f 2021/2021 2020/2020 2019/2019
f 2022/2022 2020/2020 2021/2021
f 2024/2024 2021/2021 2023/2023
f 2025/2025 2021/2021 2024/2024
f 1949/1949 1950/1950 1948/1948
f 1863/1863 1950/1950 1949/1949
f 2027/2027 1953/1953 2026/2026
f 1952/1952 1953/1953 2027/2027
f 2030/2030 2029/2029 2028/2028
f 2022/2022 2029/2029 2030/2030
f 2025/2025 2022/2022 2021/2021
f 2029/2029 2022/2022 2025/2025
f 1900/1900 2031/2031 1993/1993
f 1875/1875 2031/2031 1900/1900
f 1870/1870 2017/2017 2013/2013
f 1879/1879 2017/2017 1870/1870
f 2032/2032 1997/1997 2000/2000
f 1992/1992 1997/1997 2032/2032
f 1880/1880 2012/2012 2018/2018
f 1869/1869 2012/2012 1880/1880
f 2018/2018 2010/2010 2033/2033
f 2012/2012 2010/2010 2018/2018
f 2033/2033 2035/2035 2034/2034
f 2010/2010 2035/2035 2033/2033
f 2037/2037 2034/2034 2036/2036
f 2033/2033 2034/2034 2037/2037
f 1993/1993 2001/2001 1998/1998
f 2031/2031 2001/2001 1993/1993
f 2013/2013 2037/2037 2011/2011
f 2017/2017 2037/2037 2013/2013
f 2002/2002 2038/2038 2003/2003
f 2039/2039 2038/2038 2002/2002
f 1636/1636 1643/1643 2040/2040
f 1635/1635 1643/1643 1636/1636
f 1701/1701 1696/1696 1699/1699
f 1630/1630 1696/1696 1701/1701
f 1657/1657 1632/1632 1646/1646
f 1631/1631 1632/1632 1657/1657
f 1694/1694 1695/1695 2040/2040
f 1659/1659 1695/1695 1694/1694
f 1673/1673 1656/1656 1671/1671
f 1658/1658 1656/1656 1673/1673
f 1656/1656 1646/1646 1642/1642
f 1657/1657 1646/1646 1656/1656
f 1969/1969 1972/1972 1971/1971
f 1968/1968 1972/1972 1969/1969
f 2043/2043 2042/2042 2041/2041
f 2044/2044 2042/2042 2043/2043
f 2045/2045 1778/1778 1708/1708
f 2046/2046 1778/1778 2045/2045
f 2048/2048 1704/1704 2047/2047
f 1706/1706 1704/1704 2048/2048
f 2047/2047 2049/2049 2048/2048
f 2050/2050 2049/2049 2047/2047
f 1706/1706 2051/2051 1800/1800
f 2048/2048 2051/2051 1706/1706
f 2052/2052 1780/1780 2046/2046
f 1797/1797 1780/1780 2052/2052
f 1797/1797 2053/2053 1780/1780
f 1796/1796 2053/2053 1797/1797
f 2043/2043 1914/1914 2044/2044
f 2054/2054 1914/1914 2043/2043
f 2044/2044 1728/1728 1727/1727
f 1914/1914 1728/1728 2044/2044
f 2057/2057 2056/2056 2055/2055
f 2058/2058 2056/2056 2057/2057
f 1840/1840 2060/2060 2059/2059
f 1839/1839 2060/2060 1840/1840
f 1793/1793 1874/1874 1791/1791
f 1854/1854 1874/1874 1793/1793
f 1881/1881 1897/1897 1687/1687
f 1872/1872 1897/1897 1881/1881
f 1841/1841 1835/1835 1836/1836
f 1873/1873 1835/1835 1841/1841
f 2059/2059 2062/2062 2061/2061
f 2060/2060 2062/2062 2059/2059
f 1964/1964 1967/1967 1970/1970
f 1725/1725 1967/1967 1964/1964
f 1841/1841 1646/1646 1874/1874
f 1842/1842 1646/1646 1841/1841
f 2014/2014 2006/2006 2007/2007
f 2015/2015 2006/2006 2014/2014
f 1856/1856 2063/2063 1859/1859
f 1945/1945 2063/2063 1856/1856
f 2065/2065 2050/2050 2064/2064
f 2049/2049 2050/2050 2065/2065
f 2066/2066 2065/2065 1988/1988
f 2049/2049 2065/2065 2066/2066
f 2066/2066 1811/1811 2067/2067
f 1988/1988 1811/1811 2066/2066
f 1781/1781 1749/1749 1938/1938
f 1751/1751 1749/1749 1781/1781
f 1789/1789 1988/1988 1896/1896
f 1788/1788 1988/1988 1789/1789
f 2070/2070 2069/2069 2068/2068
f 1926/1926 2069/2069 2070/2070
f 2066/2066 1802/1802 2051/2051
f 2067/2067 1802/1802 2066/2066
f 1800/1800 1802/1802 1799/1799
f 2051/2051 1802/1802 1800/1800
f 1784/1784 2071/2071 1740/1740
f 1809/1809 2071/2071 1784/1784
f 2071/2071 2073/2073 2072/2072
f 1954/1954 2073/2073 2071/2071
f 1954/1954 1737/1737 2073/2073
f 1739/1739 1737/1737 1954/1954
f 2075/2075 2074/2074 1807/1807
f 2076/2076 2074/2074 2075/2075
f 1740/1740 2072/2072 1738/1738
f 2071/2071 2072/2072 1740/1740
f 2077/2077 1737/1737 1738/1738
f 2078/2078 1737/1737 2077/2077
f 2079/2079 2072/2072 2073/2073
f 2080/2080 2072/2072 2079/2079
f 2083/2083 2082/2082 2081/2081
f 2084/2084 2082/2082 2083/2083
f 1975/1975 1979/1979 2009/2009
f 1981/1981 1979/1979 1975/1975
f 1974/1974 1980/1980 1982/1982
f 2008/2008 1980/1980 1974/1974
f 1709/1709 2086/2086 2085/2085
f 1711/1711 2086/2086 1709/1709
f 2053/2053 1794/1794 2087/2087
f 1796/1796 1794/1794 2053/2053
f 2090/2090 2089/2089 2088/2088
f 2091/2091 2089/2089 2090/2090
f 1982/1982 1828/1828 1974/1974
f 1838/1838 1828/1828 1982/1982
f 1743/1743 2092/2092 1744/1744
f 1912/1912 2092/2092 1743/1743
f 2093/2093 1771/1771 2083/2083
f 1677/1677 1771/1771 2093/2093
f 2052/2052 2045/2045 2094/2094
f 2046/2046 2045/2045 2052/2052
f 1781/1781 2046/2046 1780/1780
f 2095/2095 2046/2046 1781/1781
f 1751/1751 2096/2096 1750/1750
f 1779/1779 2096/2096 1751/1751
f 2096/2096 2097/2097 1750/1750
f 2095/2095 2097/2097 2096/2096
f 2097/2097 1781/1781 1938/1938
f 2095/2095 1781/1781 2097/2097
f 1987/1987 2098/2098 1985/1985
f 2099/2099 2098/2098 1987/1987
f 2100/2100 1774/1774 1775/1775
f 2101/2101 1774/1774 2100/2100
f 1986/1986 1818/1818 1819/1819
f 2102/2102 1818/1818 1986/1986
f 1783/1783 1788/1788 1782/1782
f 1810/1810 1788/1788 1783/1783
f 1830/1830 1895/1895 1829/1829
f 1836/1836 1895/1895 1830/1830
f 1767/1767 2103/2103 1769/1769
f 2104/2104 2103/2103 1767/1767
f 2105/2105 2019/2019 2020/2020
f 2106/2106 2019/2019 2105/2105
f 1962/1962 1678/1678 1961/1961
f 1680/1680 1678/1678 1962/1962
f 1997/1997 2038/2038 2039/2039
f 1998/1998 2038/2038 1997/1997
f 1868/1868 1875/1875 1900/1900
f 1866/1866 1875/1875 1868/1868
f 2107/2107 1748/1748 1747/1747
f 2108/2108 1748/1748 2107/2107
f 2106/2106 1821/1821 1787/1787
f 2105/2105 1821/1821 2106/2106
f 1682/1682 1822/1822 1785/1785
f 1864/1864 1822/1822 1682/1682
f 1865/1865 1827/1827 1826/1826
f 1820/1820 1827/1827 1865/1865
f 1899/1899 1877/1877 1878/1878
f 1876/1876 1877/1877 1899/1899
f 1663/1663 1963/1963 1724/1724
f 1666/1666 1963/1963 1663/1663
f 1688/1688 1786/1786 1871/1871
f 1877/1877 1786/1786 1688/1688
f 1758/1758 1708/1708 1778/1778
f 1817/1817 1708/1708 1758/1758
f 1710/1710 1766/1766 1762/1762
f 1765/1765 1766/1766 1710/1710
f 1766/1766 1771/1771 1755/1755
f 1773/1773 1771/1771 1766/1766
f 2110/2110 1905/1905 2109/2109
f 1903/1903 1905/1905 2110/2110
f 2058/2058 2016/2016 2111/2111
f 2057/2057 2016/2016 2058/2058
f 2113/2113 2112/2112 1776/1776
f 1772/1772 2112/2112 2113/2113
f 2114/2114 1776/1776 2112/2112
f 2115/2115 1776/1776 2114/2114
f 2101/2101 2112/2112 1774/1774
f 2114/2114 2112/2112 2101/2101
f 1889/1889 2117/2117 2116/2116
f 2118/2118 2117/2117 1889/1889
f 2044/2044 2119/2119 2042/2042
f 1727/1727 2119/2119 2044/2044
f 1770/1770 2120/2120 1768/1768
f 2121/2121 2120/2120 1770/1770
f 2075/2075 2123/2123 2122/2122
f 1925/1925 2123/2123 2075/2075
f 1764/1764 2124/2124 1760/1760
f 1765/1765 2124/2124 1764/1764
f 1698/1698 2111/2111 2016/2016
f 1699/1699 2111/2111 1698/1698
f 1916/1916 1804/1804 1931/1931
f 1917/1917 1804/1804 1916/1916
f 1648/1648 1630/1630 1701/1701
f 1632/1632 1630/1630 1648/1648
f 1700/1700 1657/1657 1658/1658
f 1631/1631 1657/1657 1700/1700
f 1660/1660 1662/1662 1661/1661
f 1681/1681 1662/1662 1660/1660
f 1802/1802 1789/1789 1917/1917
f 1782/1782 1789/1789 1802/1802
f 1669/1669 1681/1681 1935/1935
f 1665/1665 1681/1681 1669/1669
f 1935/1935 1763/1763 1958/1958
f 1681/1681 1763/1763 1935/1935
f 1765/1765 1816/1816 2124/2124
f 1817/1817 1816/1816 1765/1765
f 1669/1669 1766/1766 1756/1756
f 1934/1934 1766/1766 1669/1669
f 1762/1762 1932/1932 1761/1761
f 1934/1934 1932/1932 1762/1762
f 2125/2125 1958/1958 1761/1761
f 2126/2126 1958/1958 2125/2125
f 2127/2127 1846/1846 1845/1845
f 2126/2126 1846/1846 2127/2127
f 2129/2129 1845/1845 2128/2128
f 2127/2127 1845/1845 2129/2129
f 2130/2130 1655/1655 1652/1652
f 1959/1959 1655/1655 2130/2130
f 1846/1846 2131/2131 1844/1844
f 2132/2132 2131/2131 1846/1846
f 2114/2114 2120/2120 2104/2104
f 2101/2101 2120/2120 2114/2114
f 1976/1976 1690/1690 1994/1994
f 1692/1692 1690/1690 1976/1976
f 2128/2128 1843/1843 2133/2133
f 1845/1845 1843/1843 2128/2128
f 2134/2134 2089/2089 2091/2091
f 2135/2135 2089/2089 2134/2134
f 1806/1806 2135/2135 2134/2134
f 1805/1805 2135/2135 1806/1806
f 1806/1806 1931/1931 1804/1804
f 2136/2136 1931/1931 1806/1806
f 2136/2136 2134/2134 2137/2137
f 1806/1806 2134/2134 2136/2136
f 2084/2084 1780/1780 2053/2053
f 1779/1779 1780/1780 2084/2084
f 1930/1930 2137/2137 2138/2138
f 2136/2136 2137/2137 1930/1930
f 2135/2135 2088/2088 2089/2089
f 2138/2138 2088/2088 2135/2135
f 1805/1805 2138/2138 2135/2135
f 1930/1930 2138/2138 1805/1805
f 1831/1831 1753/1753 1752/1752
f 1834/1834 1753/1753 1831/1831
f 1914/1914 1857/1857 1801/1801
f 2054/2054 1857/1857 1914/1914
f 1731/1731 1798/1798 1799/1799
f 1808/1808 1798/1798 1731/1731
f 1702/1702 2055/2055 2056/2056
f 1703/1703 2055/2055 1702/1702
f 2118/2118 2107/2107 2117/2117
f 2139/2139 2107/2107 2118/2118
f 2076/2076 2122/2122 2140/2140
f 2075/2075 2122/2122 2076/2076
f 1784/1784 1811/1811 1809/1809
f 2067/2067 1811/1811 1784/1784
f 2141/2141 1903/1903 2110/2110
f 1902/1902 1903/1903 2141/2141
f 1888/1888 2116/2116 2108/2108
f 1889/1889 2116/2116 1888/1888
f 2108/2108 1746/1746 1748/1748
f 2116/2116 1746/1746 2108/2108
f 1918/1918 1915/1915 1919/1919
f 1728/1728 1915/1915 1918/1918
f 1943/1943 2142/2142 1944/1944
f 2143/2143 2142/2142 1943/1943
f 1887/1887 2144/2144 1890/1890
f 1883/1883 2144/2144 1887/1887
f 1886/1886 1890/1890 1891/1891
f 1887/1887 1890/1890 1886/1886
f 1884/1884 1891/1891 2145/2145
f 1886/1886 1891/1891 1884/1884
f 1991/1991 1890/1890 2144/2144
f 1892/1892 1890/1890 1991/1991
f 2147/2147 2068/2068 2146/2146
f 2070/2070 2068/2068 2147/2147
f 2148/2148 1989/1989 1990/1990
f 2149/2149 1989/1989 2148/2148
f 1989/1989 1893/1893 1892/1892
f 2149/2149 1893/1893 1989/1989
f 2130/2130 2040/2040 1695/1695
f 1636/1636 2040/2040 2130/2130
f 1832/1832 1833/1833 1862/1862
f 1841/1841 1833/1833 1832/1832
f 2006/2006 1980/1980 2008/2008
f 2015/2015 1980/1980 2006/2006
f 1841/1841 1752/1752 1840/1840
f 1832/1832 1752/1752 1841/1841
f 1649/1649 1790/1790 1791/1791
f 1835/1835 1790/1790 1649/1649
f 1988/1988 1882/1882 1896/1896
f 1906/1906 1882/1882 1988/1988
f 1842/1842 2059/2059 1848/1848
f 1840/1840 2059/2059 1842/1842
f 1839/1839 1847/1847 2060/2060
f 1645/1645 1847/1847 1839/1839
f 2061/2061 1944/1944 2142/2142
f 2062/2062 1944/1944 2061/2061
f 1945/1945 2150/2150 2063/2063
f 1946/1946 2150/2150 1945/1945
f 1669/1669 1677/1677 1668/1668
f 1955/1955 1677/1677 1669/1669
f 2091/2091 2137/2137 2134/2134
f 2090/2090 2137/2137 2091/2091
f 1757/1757 1955/1955 1756/1756
f 1957/1957 1955/1955 1757/1757
f 1710/1710 1817/1817 1765/1765
f 1708/1708 1817/1817 1710/1710
f 2147/2147 1929/1929 2151/2151
f 1927/1927 1929/1929 2147/2147
f 1757/1757 1733/1733 2152/2152
f 1735/1735 1733/1733 1757/1757
f 1959/1959 1633/1633 1655/1655
f 1635/1635 1633/1633 1959/1959
f 1995/1995 1905/1905 1904/1904
f 2152/2152 1905/1905 1995/1995
f 1730/1730 2076/2076 1924/1924
f 2074/2074 2076/2076 1730/1730
f 1686/1686 2153/2153 1910/1910
f 1907/1907 2153/2153 1686/1686
f 1773/1773 1777/1777 1775/1775
f 1766/1766 1777/1777 1773/1773
f 1991/1991 2148/2148 1990/1990
f 2154/2154 2148/2148 1991/1991
f 1963/1963 1970/1970 1973/1973
f 1964/1964 1970/1970 1963/1963
f 1908/1908 1909/1909 2155/2155
f 1911/1911 1909/1909 1908/1908
f 1837/1837 1828/1828 1838/1838
f 1685/1685 1828/1828 1837/1837
f 1658/1658 1701/1701 1700/1700
f 1648/1648 1701/1701 1658/1658
f 1861/1861 1831/1831 1832/1832
f 2004/2004 1831/1831 1861/1861
f 2023/2023 2019/2019 1824/1824
f 2021/2021 2019/2019 2023/2023
f 1974/1974 2009/2009 2008/2008
f 1975/1975 2009/2009 1974/1974
f 1983/1983 1994/1994 1984/1984
f 1976/1976 1994/1994 1983/1983
f 1651/1651 1653/1653 1654/1654
f 1650/1650 1653/1653 1651/1651
f 1689/1689 1869/1869 1880/1880
f 1871/1871 1869/1869 1689/1689
f 2126/2126 2132/2132 1846/1846
f 2125/2125 2132/2132 2126/2126
f 1858/1858 1807/1807 2074/2074
f 1808/1808 1807/1807 1858/1858
f 2125/2125 2128/2128 2132/2132
f 2129/2129 2128/2128 2125/2125
f 1937/1937 1855/1855 1946/1946
f 1851/1851 1855/1855 1937/1937
f 1893/1893 2145/2145 1891/1891
f 2154/2154 2145/2145 1893/1893
f 2146/2146 1927/1927 2147/2147
f 2156/2156 1927/1927 2146/2146
f 2155/2155 1907/1907 1908/1908
f 2153/2153 1907/1907 2155/2155
f 1927/1927 2069/2069 1926/1926
f 2156/2156 2069/2069 1927/1927
f 1852/1852 1945/1945 1856/1856
f 1936/1936 1945/1945 1852/1852
f 1875/1875 2032/2032 2031/2031
f 1876/1876 2032/2032 1875/1875
f 2031/2031 2000/2000 2001/2001
f 2032/2032 2000/2000 2031/2031
f 1754/1754 2158/2158 2157/2157
f 2159/2159 2158/2158 1754/1754
f 1715/1715 2157/2157 1713/1713
f 1754/1754 2157/2157 1715/1715
f 1872/1872 1879/1879 1870/1870
f 1881/1881 1879/1879 1872/1872
f 1868/1868 1906/1906 1867/1867
f 1878/1878 1906/1906 1868/1868
f 1786/1786 1897/1897 1872/1872
f 1823/1823 1897/1897 1786/1786
f 1682/1682 1639/1639 1864/1864
f 1898/1898 1639/1639 1682/1682
f 2030/2030 2024/2024 2023/2023
f 2028/2028 2024/2024 2030/2030
f 2036/2036 2011/2011 2037/2037
f 2160/2160 2011/2011 2036/2036
f 2027/2027 1950/1950 1951/1951
f 2026/2026 1950/1950 2027/2027
f 1951/1951 1952/1952 2027/2027
f 1947/1947 1952/1952 1951/1951
f 1913/1913 2092/2092 1912/1912
f 1965/1965 2092/2092 1913/1913
f 1960/1960 1913/1913 1741/1741
f 1961/1961 1913/1913 1960/1960
f 1725/1725 1966/1966 1967/1967
f 1724/1724 1966/1966 1725/1725
f 1998/1998 2003/2003 2038/2038
f 2001/2001 2003/2003 1998/1998
f 2073/2073 2078/2078 2079/2079
f 1737/1737 2078/2078 2073/2073
f 1854/1854 1936/1936 1852/1852
f 1793/1793 1936/1936 1854/1854
f 1898/1898 1683/1683 1897/1897
f 1682/1682 1683/1683 1898/1898
f 1928/1928 2153/2153 1929/1929
f 1910/1910 2153/2153 1928/1928
f 2093/2093 2081/2081 2161/2161
f 2083/2083 2081/2081 2093/2093
f 1669/1669 1656/1656 1675/1675
f 1667/1667 1656/1656 1669/1669
f 1898/1898 1640/1640 1639/1639
f 1823/1823 1640/1640 1898/1898
f 1723/1723 1716/1716 1721/1721
f 1718/1718 1716/1716 1723/1723
f 1727/1727 2162/2162 2119/2119
f 1726/1726 2162/2162 1727/1727
f 1775/1775 2115/2115 2100/2100
f 1776/1776 2115/2115 1775/1775
f 2124/2124 2139/2139 2118/2118
f 1816/1816 2139/2139 2124/2124
f 1924/1924 2140/2140 2163/2163
f 2076/2076 2140/2140 1924/1924
f 2121/2121 2104/2104 2120/2120
f 2103/2103 2104/2104 2121/2121
f 2164/2164 2054/2054 2043/2043
f 1707/1707 2054/2054 2164/2164
f 2051/2051 2049/2049 2066/2066
f 2048/2048 2049/2049 2051/2051
f 1957/1957 2152/2152 1995/1995
f 1757/1757 2152/2152 1957/1957
f 2083/2083 1779/1779 2084/2084
f 1771/1771 1779/1779 2083/2083
f 1988/1988 2165/2165 1906/1906
f 2065/2065 2165/2165 1988/1988
f 1809/1809 1954/1954 2071/2071
f 1810/1810 1954/1954 1809/1809
f 1824/1824 2030/2030 2023/2023
f 1825/1825 2030/2030 1824/1824
f 2165/2165 2064/2064 2166/2166
f 2065/2065 2064/2064 2165/2165
f 2056/2056 2111/2111 1702/1702
f 2058/2058 2111/2111 2056/2056
f 2070/2070 2151/2151 2167/2167
f 2147/2147 2151/2151 2070/2070
f 1818/1818 2098/2098 1812/1812
f 2102/2102 2098/2098 1818/1818
f 1914/1914 1802/1802 1916/1916
f 1801/1801 1802/1802 1914/1914
f 2097/2097 1814/1814 2099/2099
f 1938/1938 1814/1814 2097/2097
f 1760/1760 2118/2118 1889/1889
f 2124/2124 2118/2118 1760/1760
f 1732/1732 2074/2074 1730/1730
f 1858/1858 2074/2074 1732/1732
f 1707/1707 1800/1800 2054/2054
f 1706/1706 1800/1800 1707/1707
f 2163/2163 1925/1925 1924/1924
f 2123/2123 1925/1925 2163/2163
f 1789/1789 1728/1728 1918/1918
f 1908/1908 1728/1728 1789/1789
f 1987/1987 1749/1749 1750/1750
f 1815/1815 1749/1749 1987/1987
f 1675/1675 1665/1665 1669/1669
f 1674/1674 1665/1665 1675/1675
f 2109/2109 2152/2152 1733/1733
f 1905/1905 2152/2152 2109/2109
f 1646/1646 1649/1649 1791/1791
f 1632/1632 1649/1649 1646/1646
f 2040/2040 1641/1641 1694/1694
f 1643/1643 1641/1641 2040/2040
f 2168/2168 1683/1683 1722/1722
f 1897/1897 1683/1683 2168/2168
f 2105/2105 1820/1820 1821/1821
f 1827/1827 1820/1820 2105/2105
f 1778/1778 2095/2095 2096/2096
f 2046/2046 2095/2095 1778/1778
f 2133/2133 2132/2132 2128/2128
f 2131/2131 2132/2132 2133/2133
f 1962/1962 1671/1671 1667/1667
f 1670/1670 1671/1671 1962/1962
f 1675/1675 1661/1661 1664/1664
f 1656/1656 1661/1661 1675/1675
f 2109/2109 2141/2141 2110/2110
f 1996/1996 2141/2141 2109/2109
f 1723/1723 1649/1649 1718/1718
f 1835/1835 1649/1649 1723/1723
f 2143/2143 1940/1940 2142/2142
f 1941/1941 1940/1940 2143/2143
f 1718/1718 1673/1673 1719/1719
f 1649/1649 1673/1673 1718/1718
f 1719/1719 1677/1677 2093/2093
f 1673/1673 1677/1677 1719/1719
f 2101/2101 1768/1768 2120/2120
f 2100/2100 1768/1768 2101/2101
f 2167/2167 1926/1926 2070/2070
f 1928/1928 1926/1926 2167/2167
f 1906/1906 2159/2159 1867/1867
f 2165/2165 2159/2159 1906/1906
f 1882/1882 1894/1894 1884/1884
f 1906/1906 1894/1894 1882/1882
f 1839/1839 1752/1752 1647/1647
f 1840/1840 1752/1752 1839/1839
f 1673/1673 1648/1648 1658/1658
f 1649/1649 1648/1648 1673/1673
f 2149/2149 2154/2154 1893/1893
f 2148/2148 2154/2154 2149/2149
f 2144/2144 2154/2154 1991/1991
f 2145/2145 2154/2154 2144/2144
f 2057/2057 1703/1703 2016/2016
f 2055/2055 1703/1703 2057/2057
f 2099/2099 1812/1812 2098/2098
f 1814/1814 1812/1812 2099/2099
f 2156/2156 2068/2068 2069/2069
f 2146/2146 2068/2068 2156/2156
f 2138/2138 2090/2090 2088/2088
f 2137/2137 2090/2090 2138/2138
f 1928/1928 1909/1909 1910/1910
f 2167/2167 1909/1909 1928/1928
f 2129/2129 1761/1761 1932/1932
f 2125/2125 1761/1761 2129/2129
f 2080/2080 1738/1738 2072/2072
f 2077/2077 1738/1738 2080/2080
f 2010/2010 2160/2160 2035/2035
f 2011/2011 2160/2160 2010/2010
f 1943/1943 1941/1941 2143/2143
f 1942/1942 1941/1941 1943/1943
f 1925/1925 1807/1807 1729/1729
f 2075/2075 1807/1807 1925/1925
f 2062/2062 1939/1939 1944/1944
f 1850/1850 1939/1939 2062/2062
f 1849/1849 2142/2142 1940/1940
f 2061/2061 2142/2142 1849/1849
f 2061/2061 1848/1848 2059/2059
f 1849/1849 1848/1848 2061/2061
f 1862/1862 1977/1977 1999/1999
f 1901/1901 1977/1977 1862/1862
f 1877/1877 1866/1866 1786/1786
f 1876/1876 1866/1866 1877/1877
f 1850/1850 2060/2060 1847/1847
f 2062/2062 2060/2060 1850/1850
f 1965/1965 1744/1744 2092/2092
f 1742/1742 1744/1744 1965/1965
f 1778/1778 1779/1779 2113/2113
f 2096/2096 1779/1779 1778/1778
f 1996/1996 1733/1733 1734/1734
f 2109/2109 1733/1733 1996/1996
f 1681/1681 1711/1711 1710/1710
f 1922/1922 1711/1711 1681/1681
f 2094/2094 2085/2085 2169/2169
f 1709/1709 2085/2085 2094/2094
f 1797/1797 2170/2170 1795/1795
f 2052/2052 2170/2170 1797/1797
f 1707/1707 2171/2171 1705/1705
f 2164/2164 2171/2171 1707/1707
f 2159/2159 2166/2166 2158/2158
f 2165/2165 2166/2166 2159/2159
f 1867/1867 1754/1754 1753/1753
f 2159/2159 1754/1754 1867/1867
f 2045/2045 1709/1709 2094/2094
f 1708/1708 1709/1709 2045/2045
f 2067/2067 1782/1782 1802/1802
f 1784/1784 1782/1782 2067/2067
f 2115/2115 2104/2104 1767/1767
f 2114/2114 2104/2104 2115/2115
f 1911/1911 1686/1686 1910/1910
f 1688/1688 1686/1686 1911/1911
f 2077/2077 2079/2079 2078/2078
f 2080/2080 2079/2079 2077/2077
f 1771/1771 1956/1956 1755/1755
f 1677/1677 1956/1956 1771/1771
f 1680/1680 1667/1667 1668/1668
f 1962/1962 1667/1667 1680/1680
f 1808/1808 1857/1857 1798/1798
f 1858/1858 1857/1857 1808/1808
f 1917/1917 1803/1803 1804/1804
f 1918/1918 1803/1803 1917/1917
f 1907/1907 1687/1687 1728/1728
f 1686/1686 1687/1687 1907/1907
f 1789/1789 1688/1688 1911/1911
f 1885/1885 1688/1688 1789/1789
f 1827/1827 2020/2020 1825/1825
f 2105/2105 2020/2020 1827/1827
f 1777/1777 2113/2113 1776/1776
f 1778/1778 2113/2113 1777/1777
f 2054/2054 1798/1798 1857/1857
f 1800/1800 1798/1798 2054/2054
f 1837/1837 1683/1683 1685/1685
f 1835/1835 1683/1683 1837/1837
f 2155/2155 2167/2167 2151/2151
f 1909/1909 2167/2167 2155/2155
f 1772/1772 1774/1774 2112/2112
f 1773/1773 1774/1774 1772/1772
f 1861/1861 1999/1999 2005/2005
f 1862/1862 1999/1999 1861/1861
f 1948/1948 2026/2026 1953/1953
f 1950/1950 2026/2026 1948/1948
f 2121/2121 1769/1769 2103/2103
f 1770/1770 1769/1769 2121/2121
f 2100/2100 1767/1767 1768/1768
f 2115/2115 1767/1767 2100/2100
f 2139/2139 2108/2108 2107/2107
f 1888/1888 2108/2108 2139/2139
f 2102/2102 1985/1985 2098/2098
f 1986/1986 1985/1985 2102/2102
f 1644/1644 2130/2130 1695/1695
f 1959/1959 2130/2130 1644/1644
f 1799/1799 1732/1732 1731/1731
f 1801/1801 1732/1732 1799/1799
f 1747/1747 2117/2117 2107/2107
f 1745/1745 2117/2117 1747/1747
f 2153/2153 2151/2151 1929/1929
f 2155/2155 2151/2151 2153/2153
f 1783/1783 1740/1740 1739/1739
f 1784/1784 1740/1740 1783/1783
f 1772/1772 1779/1779 1771/1771
f 2113/2113 1779/1779 1772/1772
f 1933/1933 2126/2126 2127/2127
f 1958/1958 2126/2126 1933/1933
f 1660/1660 1922/1922 1681/1681
f 1923/1923 1922/1922 1660/1660
f 2116/2116 1745/1745 1746/1746
f 2117/2117 1745/1745 2116/2116
f 1834/1834 2004/2004 1901/1901
f 1831/1831 2004/2004 1834/1834
f 1659/1659 1642/1642 1644/1644
f 1656/1656 1642/1642 1659/1659
f 1833/1833 1830/1830 1684/1684
f 1841/1841 1830/1830 1833/1833
f 1790/1790 1853/1853 1792/1792
f 1873/1873 1853/1853 1790/1790
f 1946/1946 1860/1860 2150/2150
f 1855/1855 1860/1860 1946/1946
f 1694/1694 1647/1647 1660/1660
f 1641/1641 1647/1647 1694/1694
f 2136/2136 1919/1919 1931/1931
f 1930/1930 1919/1919 2136/2136
f 2099/2099 1750/1750 2097/2097
f 1987/1987 1750/1750 2099/2099
f 1996/1996 1902/1902 2141/2141
f 1904/1904 1902/1902 1996/1996
f 2000/2000 2039/2039 2002/2002
f 1997/1997 2039/2039 2000/2000
f 1826/1826 1787/1787 1865/1865
f 2106/2106 1787/1787 1826/1826
f 2131/2131 1843/1843 1844/1844
f 2133/2133 1843/1843 2131/2131
f 1867/1867 1820/1820 1865/1865
f 1753/1753 1820/1820 1867/1867
f 1755/1755 1736/1736 1735/1735
f 1956/1956 1736/1736 1755/1755
f 1726/1726 1897/1897 2168/2168
f 1687/1687 1897/1897 1726/1726
f 1816/1816 1888/1888 2139/2139
f 1759/1759 1888/1888 1816/1816
f 2106/2106 1824/1824 2019/2019
f 1826/1826 1824/1824 2106/2106
f 1647/1647 1923/1923 1660/1660
f 1714/1714 1923/1923 1647/1647
f 1752/1752 1714/1714 1647/1647
f 1715/1715 1714/1714 1752/1752
f 1711/1711 1920/1920 2086/2086
f 1922/1922 1920/1920 1711/1711
f 1883/1883 2145/2145 2144/2144
f 1884/1884 2145/2145 1883/1883
f 1722/1722 1835/1835 1723/1723
f 1683/1683 1835/1835 1722/1722
f 2052/2052 2169/2169 2170/2170
f 2094/2094 2169/2169 2052/2052
f 1726/1726 2172/2172 2162/2162
f 2168/2168 2172/2172 1726/1726
f 2168/2168 1720/1720 2172/2172
f 1722/1722 1720/1720 2168/2168
f 1719/1719 2161/2161 1717/1717
f 2093/2093 2161/2161 1719/1719
f 2163/2163 2122/2122 2123/2123
f 2140/2140 2122/2122 2163/2163
f 1792/1792 1851/1851 1937/1937
f 1853/1853 1851/1851 1792/1792
f 1923/1923 1712/1712 1921/1921
f 1714/1714 1712/1712 1923/1923
f 1859/1859 2150/2150 1860/1860
f 2063/2063 2150/2150 1859/1859
f 2022/2022 1825/1825 2020/2020
f 2030/2030 1825/1825 2022/2022
f 2084/2084 2087/2087 2082/2082
f 2053/2053 2087/2087 2084/2084
f 2028/2028 2025/2025 2024/2024
f 2029/2029 2025/2025 2028/2028
f 1636/1636 1652/1652 1634/1634
f 2130/2130 1652/1652 1636/1636
f 2164/2164 2041/2041 2171/2171
f 2043/2043 2041/2041 2164/2164
f 2127/2127 1932/1932 1933/1933
f 2129/2129 1932/1932 2127/2127
f 1676/1676 1960/1960 1679/1679
f 1670/1670 1960/1960 1676/1676
f 1965/1965 1961/1961 1678/1678
f 1913/1913 1961/1961 1965/1965
f 1829/1829 1981/1981 1975/1975
f 1895/1895 1981/1981 1829/1829
f 1724/1724 1973/1973 1966/1966
f 1963/1963 1973/1973 1724/1724
f 1699/1699 1702/1702 2111/2111
f 1696/1696 1702/1702 1699/1699
f 1876/1876 1992/1992 2032/2032
f 1899/1899 1992/1992 1876/1876
f 1637/1637 1947/1947 1951/1951
f 1638/1638 1947/1947 1637/1637
f 2017/2017 2033/2033 2037/2037
f 2018/2018 2033/2033 2017/2017
f 1736/1736 1995/1995 1734/1734
f 1957/1957 1995/1995 1736/1736
f 2036/2036 2035/2035 2160/2160
f 2034/2034 2035/2035 2036/2036
f 2004/2004 2005/2005 1978/1978
f 1861/1861 2005/2005 2004/2004
f 2175/2175 2174/2174 2173/2173
f 2178/2178 2177/2177 2176/2176
f 2179/2179 2178/2178 2176/2176
f 2182/2182 2181/2181 2180/2180
f 2183/2183 2182/2182 2180/2180
f 2186/2186 2185/2185 2184/2184
f 2187/2187 2186/2186 2184/2184
f 2190/2190 2189/2189 2188/2188
f 2185/2185 2190/2190 2188/2188
f 2192/2192 2191/2191 2175/2175
f 2193/2193 2176/2176 2177/2177
f 2194/2194 2193/2193 2177/2177
f 2196/2196 2195/2195 2176/2176
f 2193/2193 2196/2196 2176/2176
f 2195/2195 2196/2196 2197/2197
f 2198/2198 2195/2195 2197/2197
f 2194/2194 2177/2177 2198/2198
f 2197/2197 2194/2194 2198/2198
f 2201/2201 2200/2200 2199/2199
f 2203/2203 2202/2202 2200/2200
f 2204/2204 2203/2203 2200/2200
f 2206/2206 2205/2205 2204/2204
f 2207/2207 2206/2206 2204/2204
f 2209/2209 2208/2208 2205/2205
f 2206/2206 2209/2209 2205/2205
f 2212/2212 2211/2211 2210/2210
f 2215/2215 2214/2214 2213/2213
f 2216/2216 2215/2215 2213/2213
f 2218/2218 2217/2217 2207/2207
f 2210/2210 2219/2219 2215/2215
f 2220/2220 2210/2210 2215/2215
f 2209/2209 2217/2217 2208/2208
f 2223/2223 2222/2222 2221/2221
f 2219/2219 2223/2223 2221/2221
f 2208/2208 2224/2224 2205/2205
f 2227/2227 2226/2226 2225/2225
f 2228/2228 2227/2227 2225/2225
f 2231/2231 2230/2230 2229/2229
f 2232/2232 2231/2231 2229/2229
f 2213/2213 2211/2211 2200/2200
f 2235/2235 2234/2234 2233/2233
f 2236/2236 2235/2235 2233/2233
f 2237/2237 2202/2202 2203/2203
f 2238/2238 2187/2187 2202/2202
f 2174/2174 2240/2240 2239/2239
f 2173/2173 2174/2174 2239/2239
f 2243/2243 2242/2242 2241/2241
f 2244/2244 2243/2243 2241/2241
f 2185/2185 2188/2188 2184/2184
f 2240/2240 2246/2246 2245/2245
f 2239/2239 2240/2240 2245/2245
f 2249/2249 2248/2248 2247/2247
f 2250/2250 2249/2249 2247/2247
f 2253/2253 2252/2252 2251/2251
f 2254/2254 2253/2253 2251/2251
f 2257/2257 2256/2256 2255/2255
f 2258/2258 2257/2257 2255/2255
f 2261/2261 2260/2260 2259/2259
f 2262/2262 2261/2261 2259/2259
f 2265/2265 2264/2264 2263/2263
f 2266/2266 2265/2265 2263/2263
f 2267/2267 2206/2206 2207/2207
f 2268/2268 2267/2267 2207/2207
f 2270/2270 2269/2269 2229/2229
f 2271/2271 2270/2270 2229/2229
f 2215/2215 2216/2216 2220/2220
f 2274/2274 2273/2273 2272/2272
f 2275/2275 2274/2274 2272/2272
f 2278/2278 2277/2277 2276/2276
f 2279/2279 2278/2278 2276/2276
f 2282/2282 2281/2281 2280/2280
f 2283/2283 2282/2282 2280/2280
f 2286/2286 2285/2285 2284/2284
f 2287/2287 2286/2286 2284/2284
f 2290/2290 2289/2289 2288/2288
f 2291/2291 2290/2290 2288/2288
f 2294/2294 2293/2293 2292/2292
f 2296/2296 2295/2295 2258/2258
f 2297/2297 2296/2296 2258/2258
f 2278/2278 2299/2299 2298/2298
f 2300/2300 2278/2278 2298/2298
f 2303/2303 2302/2302 2301/2301
f 2306/2306 2305/2305 2304/2304
f 2253/2253 2306/2306 2304/2304
f 2309/2309 2308/2308 2307/2307
f 2312/2312 2311/2311 2310/2310
f 2313/2313 2312/2312 2310/2310
f 2316/2316 2315/2315 2314/2314
f 2316/2316 2318/2318 2317/2317
f 2317/2317 2320/2320 2319/2319
f 2308/2308 2321/2321 2302/2302
f 2303/2303 2308/2308 2302/2302
f 2294/2294 2323/2323 2322/2322
f 2324/2324 2294/2294 2322/2322
f 2327/2327 2326/2326 2325/2325
f 2329/2329 2328/2328 2227/2227
f 2330/2330 2329/2329 2227/2227
f 2332/2332 2331/2331 2326/2326
f 2335/2335 2334/2334 2333/2333
f 2336/2336 2335/2335 2333/2333
f 2339/2339 2338/2338 2337/2337
f 2340/2340 2339/2339 2337/2337
f 2343/2343 2342/2342 2341/2341
f 2341/2341 2345/2345 2344/2344
f 2348/2348 2347/2347 2346/2346
f 2349/2349 2348/2348 2346/2346
f 2351/2351 2350/2350 2273/2273
f 2274/2274 2351/2351 2273/2273
f 2354/2354 2353/2353 2352/2352
f 2357/2357 2356/2356 2355/2355
f 2358/2358 2357/2357 2355/2355
f 2360/2360 2359/2359 2301/2301
f 2302/2302 2360/2360 2301/2301
f 2356/2356 2362/2362 2361/2361
f 2355/2355 2356/2356 2361/2361
f 2296/2296 2364/2364 2363/2363
f 2366/2366 2183/2183 2365/2365
f 2328/2328 2366/2366 2365/2365
f 2369/2369 2368/2368 2367/2367
f 2370/2370 2369/2369 2367/2367
f 2227/2227 2363/2363 2330/2330
f 2228/2228 2372/2372 2371/2371
f 2373/2373 2228/2228 2371/2371
f 2295/2295 2375/2375 2374/2374
f 2227/2227 2377/2377 2376/2376
f 2380/2380 2379/2379 2378/2378
f 2381/2381 2380/2380 2378/2378
f 2189/2189 2190/2190 2382/2382
f 2309/2309 2319/2319 2321/2321
f 2308/2308 2309/2309 2321/2321
f 2385/2385 2384/2384 2383/2383
f 2388/2388 2387/2387 2386/2386
f 2389/2389 2388/2388 2386/2386
f 2189/2189 2391/2391 2390/2390
f 2392/2392 2390/2390 2391/2391
f 2393/2393 2392/2392 2391/2391
f 2396/2396 2395/2395 2394/2394
f 2397/2397 2396/2396 2394/2394
f 2395/2395 2399/2399 2398/2398
f 2394/2394 2395/2395 2398/2398
f 2401/2401 2400/2400 2345/2345
f 2275/2275 2401/2401 2345/2345
f 2402/2402 2398/2398 2399/2399
f 2403/2403 2402/2402 2399/2399
f 2374/2374 2405/2405 2404/2404
f 2407/2407 2406/2406 2181/2181
f 2182/2182 2407/2407 2181/2181
f 2329/2329 2330/2330 2408/2408
f 2411/2411 2410/2410 2409/2409
f 2414/2414 2413/2413 2412/2412
f 2415/2415 2414/2414 2412/2412
f 2417/2417 2383/2383 2416/2416
f 2397/2397 2417/2417 2416/2416
f 2419/2419 2410/2410 2418/2418
f 2421/2421 2231/2231 2420/2420
f 2424/2424 2423/2423 2422/2422
f 2232/2232 2424/2424 2422/2422
f 2427/2427 2426/2426 2425/2425
f 2430/2430 2429/2429 2428/2428
f 2301/2301 2432/2432 2431/2431
f 2303/2303 2301/2301 2431/2431
f 2435/2435 2434/2434 2433/2433
f 2436/2436 2435/2435 2433/2433
f 2429/2429 2231/2231 2437/2437
f 2373/2373 2378/2378 2383/2383
f 2373/2373 2227/2227 2228/2228
f 2381/2381 2378/2378 2438/2438
f 2439/2439 2332/2332 2429/2429
f 2430/2430 2439/2439 2429/2429
f 2227/2227 2376/2376 2296/2296
f 2363/2363 2227/2227 2296/2296
f 2441/2441 2366/2366 2440/2440
f 2227/2227 2328/2328 2226/2226
f 2329/2329 2366/2366 2328/2328
f 2409/2409 2410/2410 2329/2329
f 2408/2408 2409/2409 2329/2329
f 2424/2424 2232/2232 2229/2229
f 2189/2189 2390/2390 2385/2385
f 2188/2188 2189/2189 2385/2385
f 2329/2329 2414/2414 2415/2415
f 2232/2232 2414/2414 2231/2231
f 2411/2411 2421/2421 2442/2442
f 2443/2443 2411/2411 2442/2442
f 2377/2377 2404/2404 2444/2444
f 2376/2376 2377/2377 2444/2444
f 2447/2447 2446/2446 2445/2445
f 2448/2448 2447/2447 2445/2445
f 2449/2449 2437/2437 2231/2231
f 2421/2421 2449/2449 2231/2231
f 2271/2271 2451/2451 2450/2450
f 2454/2454 2453/2453 2452/2452
f 2285/2285 2286/2286 2455/2455
f 2456/2456 2285/2285 2455/2455
f 2332/2332 2450/2450 2454/2454
f 2458/2458 2457/2457 2271/2271
f 2460/2460 2344/2344 2459/2459
f 2460/2460 2461/2461 2332/2332
f 2347/2347 2462/2462 2461/2461
f 2465/2465 2464/2464 2463/2463
f 2466/2466 2465/2465 2463/2463
f 2467/2467 2272/2272 2273/2273
f 2468/2468 2467/2467 2273/2273
f 2471/2471 2470/2470 2469/2469
f 2472/2472 2471/2471 2469/2469
f 2347/2347 2348/2348 2473/2473
f 2462/2462 2347/2347 2473/2473
f 2458/2458 2462/2462 2474/2474
f 2477/2477 2476/2476 2475/2475
f 2478/2478 2477/2477 2475/2475
f 2334/2334 2416/2416 2379/2379
f 2396/2396 2397/2397 2416/2416
f 2336/2336 2480/2480 2479/2479
f 2335/2335 2336/2336 2479/2479
f 2188/2188 2417/2417 2333/2333
f 2358/2358 2293/2293 2481/2481
f 2357/2357 2358/2358 2481/2481
f 2393/2393 2483/2483 2482/2482
f 2392/2392 2393/2393 2482/2482
f 2484/2484 2482/2482 2483/2483
f 2485/2485 2484/2484 2483/2483
f 2487/2487 2486/2486 2485/2485
f 2483/2483 2487/2487 2485/2485
f 2480/2480 2489/2489 2488/2488
f 2479/2479 2480/2480 2488/2488
f 2180/2180 2491/2491 2490/2490
f 2492/2492 2180/2180 2490/2490
f 2406/2406 2494/2494 2493/2493
f 2181/2181 2406/2406 2493/2493
f 2491/2491 2496/2496 2495/2495
f 2490/2490 2491/2491 2495/2495
f 2352/2352 2497/2497 2282/2282
f 2325/2325 2352/2352 2282/2282
f 2306/2306 2253/2253 2224/2224
f 2477/2477 2309/2309 2304/2304
f 2477/2477 2478/2478 2212/2212
f 2500/2500 2499/2499 2498/2498
f 2279/2279 2500/2500 2498/2498
f 2475/2475 2501/2501 2478/2478
f 2178/2178 2186/2186 2187/2187
f 2502/2502 2178/2178 2187/2187
f 2428/2428 2429/2429 2437/2437
f 2427/2427 2428/2428 2437/2437
f 2306/2306 2501/2501 2305/2305
f 2212/2212 2499/2499 2298/2298
f 2220/2220 2498/2498 2499/2499
f 2309/2309 2298/2298 2299/2299
f 2219/2219 2214/2214 2215/2215
f 2214/2214 2504/2504 2503/2503
f 2505/2505 2214/2214 2503/2503
f 2209/2209 2507/2507 2506/2506
f 2217/2217 2209/2209 2506/2506
f 2284/2284 2221/2221 2222/2222
f 2508/2508 2284/2284 2222/2222
f 2268/2268 2207/2207 2217/2217
f 2506/2506 2268/2268 2217/2217
f 2511/2511 2510/2510 2509/2509
f 2512/2512 2511/2511 2509/2509
f 2285/2285 2504/2504 2221/2221
f 2284/2284 2285/2285 2221/2221
f 2512/2512 2509/2509 2513/2513
f 2514/2514 2512/2512 2513/2513
f 2516/2516 2515/2515 2514/2514
f 2513/2513 2516/2516 2514/2514
f 2515/2515 2516/2516 2510/2510
f 2511/2511 2515/2515 2510/2510
f 2223/2223 2219/2219 2210/2210
f 2372/2372 2518/2518 2517/2517
f 2371/2371 2372/2372 2517/2517
f 2520/2520 2519/2519 2235/2235
f 2521/2521 2520/2520 2235/2235
f 2524/2524 2523/2523 2522/2522
f 2525/2525 2524/2524 2522/2522
f 2527/2527 2526/2526 2236/2236
f 2233/2233 2527/2527 2236/2236
f 2529/2529 2528/2528 2355/2355
f 2361/2361 2529/2529 2355/2355
f 2458/2458 2474/2474 2459/2459
f 2457/2457 2458/2458 2459/2459
f 2439/2439 2430/2430 2425/2425
f 2426/2426 2439/2439 2425/2425
f 2358/2358 2355/2355 2528/2528
f 2530/2530 2358/2358 2528/2528
f 2354/2354 2352/2352 2331/2331
f 2531/2531 2354/2354 2331/2331
f 2435/2435 2533/2533 2532/2532
f 2534/2534 2435/2435 2532/2532
f 2442/2442 2536/2536 2535/2535
f 2443/2443 2442/2442 2535/2535
f 2365/2365 2492/2492 2406/2406
f 2407/2407 2365/2365 2406/2406
f 2527/2527 2233/2233 2234/2234
f 2537/2537 2527/2527 2234/2234
f 2447/2447 2538/2538 2276/2276
f 2539/2539 2447/2447 2276/2276
f 2536/2536 2541/2541 2540/2540
f 2535/2535 2536/2536 2540/2540
f 2542/2542 2526/2526 2519/2519
f 2520/2520 2542/2542 2519/2519
f 2545/2545 2544/2544 2543/2543
f 2546/2546 2545/2545 2543/2543
f 2444/2444 2520/2520 2521/2521
f 2547/2547 2444/2444 2521/2521
f 2438/2438 2524/2524 2525/2525
f 2381/2381 2438/2438 2525/2525
f 2548/2548 2236/2236 2526/2526
f 2542/2542 2548/2548 2526/2526
f 2551/2551 2550/2550 2549/2549
f 2552/2552 2551/2551 2549/2549
f 2555/2555 2554/2554 2553/2553
f 2556/2556 2555/2555 2553/2553
f 2521/2521 2235/2235 2236/2236
f 2548/2548 2521/2521 2236/2236
f 2557/2557 2523/2523 2552/2552
f 2549/2549 2557/2557 2552/2552
f 2558/2558 2522/2522 2523/2523
f 2557/2557 2558/2558 2523/2523
f 2559/2559 2242/2242 2239/2239
f 2245/2245 2559/2559 2239/2239
f 2242/2242 2243/2243 2173/2173
f 2239/2239 2242/2242 2173/2173
f 2413/2413 2555/2555 2556/2556
f 2412/2412 2413/2413 2556/2556
f 2183/2183 2180/2180 2492/2492
f 2365/2365 2183/2183 2492/2492
f 2423/2423 2561/2561 2560/2560
f 2422/2422 2423/2423 2560/2560
f 2564/2564 2563/2563 2562/2562
f 2565/2565 2564/2564 2562/2562
f 2567/2567 2566/2566 2564/2564
f 2568/2568 2567/2567 2564/2564
f 2492/2492 2490/2490 2494/2494
f 2406/2406 2492/2492 2494/2494
f 2570/2570 2569/2569 2495/2495
f 2496/2496 2570/2570 2495/2495
f 2573/2573 2572/2572 2571/2571
f 2565/2565 2573/2573 2571/2571
f 2568/2568 2564/2564 2565/2565
f 2571/2571 2568/2568 2565/2565
f 2443/2443 2535/2535 2574/2574
f 2418/2418 2443/2443 2574/2574
f 2412/2412 2556/2556 2561/2561
f 2423/2423 2412/2412 2561/2561
f 2575/2575 2544/2544 2541/2541
f 2536/2536 2575/2575 2541/2541
f 2422/2422 2560/2560 2555/2555
f 2413/2413 2422/2422 2555/2555
f 2560/2560 2576/2576 2554/2554
f 2555/2555 2560/2560 2554/2554
f 2576/2576 2578/2578 2577/2577
f 2554/2554 2576/2576 2577/2577
f 2580/2580 2579/2579 2578/2578
f 2576/2576 2580/2580 2578/2578
f 2535/2535 2540/2540 2543/2543
f 2574/2574 2535/2535 2543/2543
f 2556/2556 2553/2553 2580/2580
f 2561/2561 2556/2556 2580/2580
f 2545/2545 2546/2546 2581/2581
f 2582/2582 2545/2545 2581/2581
f 2179/2179 2583/2583 2186/2186
f 2178/2178 2179/2179 2186/2186
f 2244/2244 2241/2241 2240/2240
f 2174/2174 2244/2244 2240/2240
f 2199/2199 2188/2188 2175/2175
f 2173/2173 2199/2199 2175/2175
f 2237/2237 2583/2583 2238/2238
f 2202/2202 2237/2237 2238/2238
f 2216/2216 2213/2213 2200/2200
f 2201/2201 2216/2216 2200/2200
f 2200/2200 2184/2184 2188/2188
f 2199/2199 2200/2200 2188/2188
f 2512/2512 2514/2514 2515/2515
f 2511/2511 2512/2512 2515/2515
f 2586/2586 2585/2585 2584/2584
f 2587/2587 2586/2586 2584/2584
f 2588/2588 2252/2252 2321/2321
f 2589/2589 2588/2588 2321/2321
f 2591/2591 2590/2590 2248/2248
f 2249/2249 2591/2591 2248/2248
f 2590/2590 2591/2591 2592/2592
f 2593/2593 2590/2590 2592/2592
f 2249/2249 2343/2343 2594/2594
f 2591/2591 2249/2249 2594/2594
f 2595/2595 2589/2589 2322/2322
f 2340/2340 2595/2595 2322/2322
f 2340/2340 2322/2322 2596/2596
f 2339/2339 2340/2340 2596/2596
f 2586/2586 2587/2587 2457/2457
f 2597/2597 2586/2586 2457/2457
f 2587/2587 2270/2270 2271/2271
f 2457/2457 2587/2587 2271/2271
f 2600/2600 2599/2599 2598/2598
f 2601/2601 2600/2600 2598/2598
f 2384/2384 2603/2603 2602/2602
f 2382/2382 2384/2384 2602/2602
f 2336/2336 2333/2333 2417/2417
f 2397/2397 2336/2336 2417/2417
f 2424/2424 2229/2229 2440/2440
f 2415/2415 2424/2424 2440/2440
f 2383/2383 2378/2378 2379/2379
f 2416/2416 2383/2383 2379/2379
f 2603/2603 2605/2605 2604/2604
f 2602/2602 2603/2603 2604/2604
f 2506/2506 2513/2513 2509/2509
f 2268/2268 2506/2506 2509/2509
f 2383/2383 2417/2417 2188/2188
f 2385/2385 2383/2383 2188/2188
f 2557/2557 2549/2549 2550/2550
f 2558/2558 2557/2557 2550/2550
f 2398/2398 2402/2402 2606/2606
f 2489/2489 2398/2398 2606/2606
f 2608/2608 2607/2607 2593/2593
f 2592/2592 2608/2608 2593/2593
f 2609/2609 2531/2531 2608/2608
f 2592/2592 2609/2609 2608/2608
f 2609/2609 2610/2610 2354/2354
f 2531/2531 2609/2609 2354/2354
f 2324/2324 2481/2481 2293/2293
f 2294/2294 2324/2324 2293/2293
f 2332/2332 2439/2439 2531/2531
f 2331/2331 2332/2332 2531/2531
f 2613/2613 2612/2612 2611/2611
f 2470/2470 2613/2613 2611/2611
f 2609/2609 2594/2594 2344/2344
f 2610/2610 2609/2609 2344/2344
f 2343/2343 2341/2341 2344/2344
f 2594/2594 2343/2343 2344/2344
f 2327/2327 2283/2283 2614/2614
f 2353/2353 2327/2327 2614/2614
f 2614/2614 2616/2616 2615/2615
f 2497/2497 2614/2614 2615/2615
f 2497/2497 2615/2615 2281/2281
f 2282/2282 2497/2497 2281/2281
f 2618/2618 2350/2350 2617/2617
f 2619/2619 2618/2618 2617/2617
f 2283/2283 2280/2280 2616/2616
f 2614/2614 2283/2283 2616/2616
f 2620/2620 2280/2280 2281/2281
f 2621/2621 2620/2620 2281/2281
f 2622/2622 2615/2615 2616/2616
f 2623/2623 2622/2622 2616/2616
f 2626/2626 2625/2625 2624/2624
f 2627/2627 2626/2626 2624/2624
f 2517/2517 2552/2552 2523/2523
f 2524/2524 2517/2517 2523/2523
f 2518/2518 2525/2525 2522/2522
f 2551/2551 2518/2518 2522/2522
f 2251/2251 2629/2629 2628/2628
f 2254/2254 2251/2251 2628/2628
f 2596/2596 2630/2630 2338/2338
f 2339/2339 2596/2596 2338/2338
f 2633/2633 2632/2632 2631/2631
f 2634/2634 2633/2633 2631/2631
f 2525/2525 2518/2518 2372/2372
f 2381/2381 2525/2525 2372/2372
f 2286/2286 2287/2287 2635/2635
f 2455/2455 2286/2286 2635/2635
f 2636/2636 2626/2626 2315/2315
f 2220/2220 2636/2636 2315/2315
f 2595/2595 2637/2637 2588/2588
f 2589/2589 2595/2595 2588/2588
f 2324/2324 2322/2322 2589/2589
f 2638/2638 2324/2324 2589/2589
f 2294/2294 2292/2292 2639/2639
f 2323/2323 2294/2294 2639/2639
f 2639/2639 2292/2292 2640/2640
f 2638/2638 2639/2639 2640/2640
f 2640/2640 2481/2481 2324/2324
f 2638/2638 2640/2640 2324/2324
f 2530/2530 2528/2528 2641/2641
f 2642/2642 2530/2530 2641/2641
f 2643/2643 2317/2317 2318/2318
f 2644/2644 2643/2643 2318/2318
f 2529/2529 2361/2361 2362/2362
f 2645/2645 2529/2529 2362/2362
f 2325/2325 2326/2326 2331/2331
f 2352/2352 2325/2325 2331/2331
f 2373/2373 2371/2371 2438/2438
f 2378/2378 2373/2373 2438/2438
f 2311/2311 2312/2312 2646/2646
f 2647/2647 2311/2311 2646/2646
f 2648/2648 2562/2562 2563/2563
f 2649/2649 2648/2648 2563/2563
f 2505/2505 2503/2503 2222/2222
f 2223/2223 2505/2505 2222/2222
f 2541/2541 2582/2582 2581/2581
f 2540/2540 2541/2541 2581/2581
f 2411/2411 2443/2443 2418/2418
f 2410/2410 2411/2411 2418/2418
f 2650/2650 2290/2290 2291/2291
f 2651/2651 2650/2650 2291/2291
f 2649/2649 2330/2330 2363/2363
f 2648/2648 2649/2649 2363/2363
f 2226/2226 2328/2328 2365/2365
f 2407/2407 2226/2226 2365/2365
f 2408/2408 2369/2369 2370/2370
f 2364/2364 2408/2408 2370/2370
f 2442/2442 2421/2421 2420/2420
f 2419/2419 2442/2442 2420/2420
f 2206/2206 2267/2267 2507/2507
f 2209/2209 2206/2206 2507/2507
f 2231/2231 2414/2414 2329/2329
f 2420/2420 2231/2231 2329/2329
f 2302/2302 2321/2321 2252/2252
f 2360/2360 2302/2302 2252/2252
f 2253/2253 2304/2304 2309/2309
f 2307/2307 2253/2253 2309/2309
f 2309/2309 2299/2299 2315/2315
f 2316/2316 2309/2309 2315/2315
f 2653/2653 2652/2652 2448/2448
f 2445/2445 2653/2653 2448/2448
f 2601/2601 2654/2654 2559/2559
f 2600/2600 2601/2601 2559/2559
f 2656/2656 2320/2320 2655/2655
f 2314/2314 2656/2656 2655/2655
f 2657/2657 2655/2655 2320/2320
f 2658/2658 2657/2657 2320/2320
f 2644/2644 2318/2318 2655/2655
f 2657/2657 2644/2644 2655/2655
f 2431/2431 2660/2660 2659/2659
f 2661/2661 2431/2431 2659/2659
f 2587/2587 2584/2584 2662/2662
f 2270/2270 2587/2587 2662/2662
f 2313/2313 2310/2310 2663/2663
f 2664/2664 2313/2313 2663/2663
f 2618/2618 2666/2666 2665/2665
f 2468/2468 2618/2618 2665/2665
f 2308/2308 2303/2303 2667/2667
f 2307/2307 2308/2308 2667/2667
f 2242/2242 2559/2559 2654/2654
f 2241/2241 2242/2242 2654/2654
f 2459/2459 2474/2474 2346/2346
f 2460/2460 2459/2459 2346/2346
f 2191/2191 2244/2244 2174/2174
f 2175/2175 2191/2191 2174/2174
f 2243/2243 2201/2201 2199/2199
f 2173/2173 2243/2243 2199/2199
f 2203/2203 2204/2204 2205/2205
f 2224/2224 2203/2203 2205/2205
f 2344/2344 2460/2460 2332/2332
f 2326/2326 2344/2344 2332/2332
f 2212/2212 2478/2478 2224/2224
f 2208/2208 2212/2212 2224/2224
f 2478/2478 2501/2501 2306/2306
f 2224/2224 2478/2478 2306/2306
f 2307/2307 2667/2667 2359/2359
f 2360/2360 2307/2307 2359/2359
f 2212/2212 2298/2298 2309/2309
f 2477/2477 2212/2212 2309/2309
f 2304/2304 2305/2305 2476/2476
f 2477/2477 2304/2304 2476/2476
f 2668/2668 2305/2305 2501/2501
f 2669/2669 2668/2668 2501/2501
f 2670/2670 2388/2388 2389/2389
f 2669/2669 2670/2670 2389/2389
f 2672/2672 2671/2671 2388/2388
f 2670/2670 2672/2672 2388/2388
f 2673/2673 2195/2195 2198/2198
f 2502/2502 2673/2673 2198/2198
f 2389/2389 2386/2386 2674/2674
f 2675/2675 2389/2389 2674/2674
f 2657/2657 2647/2647 2663/2663
f 2644/2644 2657/2657 2663/2663
f 2519/2519 2537/2537 2234/2234
f 2235/2235 2519/2519 2234/2234
f 2671/2671 2676/2676 2387/2387
f 2388/2388 2671/2671 2387/2387
f 2677/2677 2634/2634 2631/2631
f 2678/2678 2677/2677 2631/2631
f 2349/2349 2677/2677 2678/2678
f 2348/2348 2349/2349 2678/2678
f 2349/2349 2346/2346 2474/2474
f 2679/2679 2349/2349 2474/2474
f 2679/2679 2680/2680 2677/2677
f 2349/2349 2679/2679 2677/2677
f 2627/2627 2596/2596 2322/2322
f 2323/2323 2627/2627 2322/2322
f 2473/2473 2681/2681 2680/2680
f 2679/2679 2473/2473 2680/2680
f 2678/2678 2631/2631 2632/2632
f 2681/2681 2678/2678 2632/2632
f 2348/2348 2678/2678 2681/2681
f 2473/2473 2348/2348 2681/2681
f 2375/2375 2295/2295 2296/2296
f 2376/2376 2375/2375 2296/2296
f 2457/2457 2345/2345 2400/2400
f 2597/2597 2457/2457 2400/2400
f 2274/2274 2341/2341 2342/2342
f 2351/2351 2274/2274 2342/2342
f 2246/2246 2598/2598 2599/2599
f 2245/2245 2246/2246 2599/2599
f 2661/2661 2659/2659 2650/2650
f 2682/2682 2661/2661 2650/2650
f 2619/2619 2683/2683 2666/2666
f 2618/2618 2619/2619 2666/2666
f 2327/2327 2353/2353 2354/2354
f 2610/2610 2327/2327 2354/2354
f 2684/2684 2653/2653 2445/2445
f 2446/2446 2684/2684 2445/2445
f 2432/2432 2651/2651 2660/2660
f 2431/2431 2432/2432 2660/2660
f 2651/2651 2291/2291 2288/2288
f 2660/2660 2651/2651 2288/2288
f 2461/2461 2462/2462 2458/2458
f 2271/2271 2461/2461 2458/2458
f 2486/2486 2487/2487 2685/2685
f 2686/2686 2486/2486 2685/2685
f 2430/2430 2434/2434 2687/2687
f 2425/2425 2430/2430 2687/2687
f 2428/2428 2433/2433 2434/2434
f 2430/2430 2428/2428 2434/2434
f 2427/2427 2688/2688 2433/2433
f 2428/2428 2427/2427 2433/2433
f 2534/2534 2687/2687 2434/2434
f 2435/2435 2534/2534 2434/2434
f 2690/2690 2689/2689 2612/2612
f 2613/2613 2690/2690 2612/2612
f 2691/2691 2532/2532 2533/2533
f 2692/2692 2691/2691 2533/2533
f 2533/2533 2435/2435 2436/2436
f 2692/2692 2533/2533 2436/2436
f 2673/2673 2238/2238 2583/2583
f 2179/2179 2673/2673 2583/2583
f 2374/2374 2404/2404 2377/2377
f 2383/2383 2374/2374 2377/2377
f 2550/2550 2551/2551 2522/2522
f 2558/2558 2550/2550 2522/2522
f 2383/2383 2384/2384 2295/2295
f 2374/2374 2383/2383 2295/2295
f 2192/2192 2333/2333 2334/2334
f 2379/2379 2192/2192 2334/2334
f 2531/2531 2439/2439 2426/2426
f 2449/2449 2531/2531 2426/2426
f 2385/2385 2390/2390 2603/2603
f 2384/2384 2385/2385 2603/2603
f 2382/2382 2602/2602 2391/2391
f 2189/2189 2382/2382 2391/2391
f 2605/2605 2685/2685 2487/2487
f 2604/2604 2605/2605 2487/2487
f 2489/2489 2606/2606 2693/2693
f 2488/2488 2489/2489 2693/2693
f 2212/2212 2210/2210 2220/2220
f 2499/2499 2212/2212 2220/2220
f 2634/2634 2677/2677 2680/2680
f 2633/2633 2634/2634 2680/2680
f 2300/2300 2298/2298 2499/2499
f 2500/2500 2300/2300 2499/2499
f 2253/2253 2307/2307 2360/2360
f 2252/2252 2253/2253 2360/2360
f 2690/2690 2694/2694 2472/2472
f 2469/2469 2690/2690 2472/2472
f 2300/2300 2695/2695 2277/2277
f 2278/2278 2300/2300 2277/2277
f 2502/2502 2198/2198 2177/2177
f 2178/2178 2502/2502 2177/2177
f 2538/2538 2447/2447 2448/2448
f 2695/2695 2538/2538 2448/2448
f 2272/2272 2467/2467 2619/2619
f 2617/2617 2272/2272 2619/2619
f 2230/2230 2452/2452 2696/2696
f 2451/2451 2230/2230 2696/2696
f 2316/2316 2317/2317 2319/2319
f 2309/2309 2316/2316 2319/2319
f 2534/2534 2532/2532 2691/2691
f 2697/2697 2534/2534 2691/2691
f 2507/2507 2516/2516 2513/2513
f 2506/2506 2507/2507 2513/2513
f 2450/2450 2698/2698 2453/2453
f 2454/2454 2450/2450 2453/2453
f 2380/2380 2381/2381 2372/2372
f 2228/2228 2380/2380 2372/2372
f 2201/2201 2243/2243 2244/2244
f 2191/2191 2201/2201 2244/2244
f 2405/2405 2374/2374 2375/2375
f 2547/2547 2405/2405 2375/2375
f 2566/2566 2368/2368 2563/2563
f 2564/2564 2566/2566 2563/2563
f 2518/2518 2551/2551 2552/2552
f 2517/2517 2518/2518 2552/2552
f 2526/2526 2527/2527 2537/2537
f 2519/2519 2526/2526 2537/2537
f 2194/2194 2197/2197 2196/2196
f 2193/2193 2194/2194 2196/2196
f 2232/2232 2422/2422 2413/2413
f 2414/2414 2232/2232 2413/2413
f 2669/2669 2389/2389 2675/2675
f 2668/2668 2669/2669 2675/2675
f 2401/2401 2617/2617 2350/2350
f 2351/2351 2401/2401 2350/2350
f 2668/2668 2675/2675 2671/2671
f 2672/2672 2668/2668 2671/2671
f 2479/2479 2488/2488 2399/2399
f 2395/2395 2479/2479 2399/2399
f 2436/2436 2433/2433 2688/2688
f 2697/2697 2436/2436 2688/2688
f 2689/2689 2690/2690 2469/2469
f 2699/2699 2689/2689 2469/2469
f 2698/2698 2450/2450 2451/2451
f 2696/2696 2698/2698 2451/2451
f 2469/2469 2470/2470 2611/2611
f 2699/2699 2469/2469 2611/2611
f 2394/2394 2398/2398 2489/2489
f 2480/2480 2394/2394 2489/2489
f 2418/2418 2574/2574 2575/2575
f 2419/2419 2418/2418 2575/2575
f 2574/2574 2543/2543 2544/2544
f 2575/2575 2574/2574 2544/2544
f 2297/2297 2701/2701 2700/2700
f 2702/2702 2297/2297 2700/2700
f 2258/2258 2255/2255 2701/2701
f 2297/2297 2258/2258 2701/2701
f 2415/2415 2412/2412 2423/2423
f 2424/2424 2415/2415 2423/2423
f 2411/2411 2409/2409 2449/2449
f 2421/2421 2411/2411 2449/2449
f 2329/2329 2415/2415 2440/2440
f 2366/2366 2329/2329 2440/2440
f 2226/2226 2407/2407 2182/2182
f 2441/2441 2226/2226 2182/2182
f 2573/2573 2566/2566 2567/2567
f 2572/2572 2573/2573 2567/2567
f 2579/2579 2580/2580 2553/2553
f 2703/2703 2579/2579 2553/2553
f 2570/2570 2493/2493 2494/2494
f 2569/2569 2570/2570 2494/2494
f 2493/2493 2570/2570 2496/2496
f 2491/2491 2493/2493 2496/2496
f 2456/2456 2455/2455 2635/2635
f 2508/2508 2456/2456 2635/2635
f 2504/2504 2285/2285 2456/2456
f 2503/2503 2504/2504 2456/2456
f 2268/2268 2509/2509 2510/2510
f 2267/2267 2268/2268 2510/2510
f 2540/2540 2581/2581 2546/2546
f 2543/2543 2540/2540 2546/2546
f 2615/2615 2622/2622 2621/2621
f 2281/2281 2615/2615 2621/2621
f 2397/2397 2394/2394 2480/2480
f 2336/2336 2397/2397 2480/2480
f 2441/2441 2440/2440 2225/2225
f 2226/2226 2441/2441 2225/2225
f 2471/2471 2472/2472 2696/2696
f 2452/2452 2471/2471 2696/2696
f 2636/2636 2704/2704 2625/2625
f 2626/2626 2636/2636 2625/2625
f 2212/2212 2218/2218 2200/2200
f 2211/2211 2212/2212 2200/2200
f 2441/2441 2182/2182 2183/2183
f 2366/2366 2441/2441 2183/2183
f 2266/2266 2263/2263 2260/2260
f 2261/2261 2266/2266 2260/2260
f 2270/2270 2662/2662 2705/2705
f 2269/2269 2270/2270 2705/2705
f 2317/2317 2643/2643 2658/2658
f 2320/2320 2317/2317 2658/2658
f 2667/2667 2661/2661 2682/2682
f 2359/2359 2667/2667 2682/2682
f 2467/2467 2706/2706 2683/2683
f 2619/2619 2467/2467 2683/2683
f 2664/2664 2663/2663 2647/2647
f 2646/2646 2664/2664 2647/2647
f 2707/2707 2586/2586 2597/2597
f 2250/2250 2707/2707 2597/2597
f 2594/2594 2609/2609 2592/2592
f 2591/2591 2594/2594 2592/2592
f 2500/2500 2538/2538 2695/2695
f 2300/2300 2500/2500 2695/2695
f 2626/2626 2627/2627 2323/2323
f 2315/2315 2626/2626 2323/2323
f 2531/2531 2449/2449 2708/2708
f 2608/2608 2531/2531 2708/2708
f 2353/2353 2614/2614 2497/2497
f 2352/2352 2353/2353 2497/2497
f 2368/2368 2566/2566 2573/2573
f 2367/2367 2368/2368 2573/2573
f 2708/2708 2709/2709 2607/2607
f 2608/2608 2708/2708 2607/2607
f 2598/2598 2246/2246 2654/2654
f 2601/2601 2598/2598 2654/2654
f 2613/2613 2710/2710 2694/2694
f 2690/2690 2613/2613 2694/2694
f 2362/2362 2356/2356 2641/2641
f 2645/2645 2362/2362 2641/2641
f 2457/2457 2459/2459 2344/2344
f 2345/2345 2457/2457 2344/2344
f 2640/2640 2642/2642 2357/2357
f 2481/2481 2640/2640 2357/2357
f 2303/2303 2431/2431 2661/2661
f 2667/2667 2303/2303 2661/2661
f 2275/2275 2272/2272 2617/2617
f 2401/2401 2275/2275 2617/2617
f 2250/2250 2597/2597 2343/2343
f 2249/2249 2250/2250 2343/2343
f 2706/2706 2467/2467 2468/2468
f 2665/2665 2706/2706 2468/2468
f 2332/2332 2461/2461 2271/2271
f 2450/2450 2332/2332 2271/2271
f 2530/2530 2292/2292 2293/2293
f 2358/2358 2530/2530 2293/2293
f 2218/2218 2212/2212 2208/2208
f 2217/2217 2218/2218 2208/2208
f 2652/2652 2277/2277 2695/2695
f 2448/2448 2652/2652 2695/2695
f 2188/2188 2333/2333 2192/2192
f 2175/2175 2188/2188 2192/2192
f 2583/2583 2237/2237 2185/2185
f 2186/2186 2583/2583 2185/2185
f 2711/2711 2265/2265 2225/2225
f 2440/2440 2711/2711 2225/2225
f 2648/2648 2363/2363 2364/2364
f 2370/2370 2648/2648 2364/2364
f 2321/2321 2639/2639 2638/2638
f 2589/2589 2321/2321 2638/2638
f 2676/2676 2671/2671 2675/2675
f 2674/2674 2676/2676 2675/2675
f 2505/2505 2211/2211 2213/2213
f 2214/2214 2505/2505 2213/2213
f 2218/2218 2207/2207 2204/2204
f 2200/2200 2218/2218 2204/2204
f 2652/2652 2653/2653 2684/2684
f 2539/2539 2652/2652 2684/2684
f 2266/2266 2261/2261 2192/2192
f 2379/2379 2266/2266 2192/2192
f 2686/2686 2685/2685 2482/2482
f 2484/2484 2686/2686 2482/2482
f 2261/2261 2262/2262 2216/2216
f 2192/2192 2261/2261 2216/2216
f 2262/2262 2636/2636 2220/2220
f 2216/2216 2262/2262 2220/2220
f 2644/2644 2663/2663 2310/2310
f 2643/2643 2644/2644 2310/2310
f 2710/2710 2613/2613 2470/2470
f 2471/2471 2710/2710 2470/2470
f 2449/2449 2409/2409 2702/2702
f 2708/2708 2449/2449 2702/2702
f 2426/2426 2427/2427 2437/2437
f 2449/2449 2426/2426 2437/2437
f 2382/2382 2190/2190 2295/2295
f 2384/2384 2382/2382 2295/2295
f 2216/2216 2201/2201 2191/2191
f 2192/2192 2216/2216 2191/2191
f 2692/2692 2436/2436 2697/2697
f 2691/2691 2692/2692 2697/2697
f 2687/2687 2534/2534 2697/2697
f 2688/2688 2687/2687 2697/2697
f 2600/2600 2559/2559 2245/2245
f 2599/2599 2600/2600 2245/2245
f 2642/2642 2641/2641 2356/2356
f 2357/2357 2642/2642 2356/2356
f 2699/2699 2611/2611 2612/2612
f 2689/2689 2699/2699 2612/2612
f 2681/2681 2632/2632 2633/2633
f 2680/2680 2681/2681 2633/2633
f 2471/2471 2452/2452 2453/2453
f 2710/2710 2471/2471 2453/2453
f 2672/2672 2476/2476 2305/2305
f 2668/2668 2672/2672 2305/2305
f 2623/2623 2616/2616 2280/2280
f 2620/2620 2623/2623 2280/2280
f 2554/2554 2577/2577 2703/2703
f 2553/2553 2554/2554 2703/2703
f 2486/2486 2686/2686 2484/2484
f 2485/2485 2486/2486 2484/2484
f 2468/2468 2273/2273 2350/2350
f 2618/2618 2468/2468 2350/2350
f 2604/2604 2487/2487 2483/2483
f 2393/2393 2604/2604 2483/2483
f 2392/2392 2482/2482 2685/2685
f 2605/2605 2392/2392 2685/2685
f 2605/2605 2603/2603 2390/2390
f 2392/2392 2605/2605 2390/2390
f 2404/2404 2542/2542 2520/2520
f 2444/2444 2404/2404 2520/2520
f 2420/2420 2329/2329 2410/2410
f 2419/2419 2420/2420 2410/2410
f 2393/2393 2391/2391 2602/2602
f 2604/2604 2393/2393 2602/2602
f 2508/2508 2635/2635 2287/2287
f 2284/2284 2508/2508 2287/2287
f 2321/2321 2656/2656 2323/2323
f 2639/2639 2321/2321 2323/2323
f 2539/2539 2276/2276 2277/2277
f 2652/2652 2539/2539 2277/2277
f 2224/2224 2253/2253 2254/2254
f 2465/2465 2224/2224 2254/2254
f 2637/2637 2712/2712 2629/2629
f 2251/2251 2637/2637 2629/2629
f 2340/2340 2337/2337 2713/2713
f 2595/2595 2340/2340 2713/2713
f 2250/2250 2247/2247 2714/2714
f 2707/2707 2250/2250 2714/2714
f 2702/2702 2700/2700 2709/2709
f 2708/2708 2702/2702 2709/2709
f 2409/2409 2296/2296 2297/2297
f 2702/2702 2409/2409 2297/2297
f 2588/2588 2637/2637 2251/2251
f 2252/2252 2588/2588 2251/2251
f 2610/2610 2344/2344 2326/2326
f 2327/2327 2610/2610 2326/2326
f 2658/2658 2311/2311 2647/2647
f 2657/2657 2658/2658 2647/2647
f 2454/2454 2452/2452 2230/2230
f 2231/2231 2454/2454 2230/2230
f 2620/2620 2621/2621 2622/2622
f 2623/2623 2620/2620 2622/2622
f 2315/2315 2299/2299 2498/2498
f 2220/2220 2315/2315 2498/2498
f 2223/2223 2210/2210 2211/2211
f 2505/2505 2223/2223 2211/2211
f 2351/2351 2342/2342 2400/2400
f 2401/2401 2351/2351 2400/2400
f 2460/2460 2346/2346 2347/2347
f 2461/2461 2460/2460 2347/2347
f 2451/2451 2271/2271 2229/2229
f 2230/2230 2451/2451 2229/2229
f 2332/2332 2454/2454 2231/2231
f 2429/2429 2332/2332 2231/2231
f 2370/2370 2367/2367 2562/2562
f 2648/2648 2370/2370 2562/2562
f 2319/2319 2320/2320 2656/2656
f 2321/2321 2319/2319 2656/2656
f 2597/2597 2400/2400 2342/2342
f 2343/2343 2597/2597 2342/2342
f 2380/2380 2228/2228 2225/2225
f 2379/2379 2380/2380 2225/2225
f 2698/2698 2694/2694 2710/2710
f 2453/2453 2698/2698 2710/2710
f 2314/2314 2655/2655 2318/2318
f 2316/2316 2314/2314 2318/2318
f 2405/2405 2548/2548 2542/2542
f 2404/2404 2405/2405 2542/2542
f 2490/2490 2495/2495 2569/2569
f 2494/2494 2490/2490 2569/2569
f 2664/2664 2646/2646 2312/2312
f 2313/2313 2664/2664 2312/2312
f 2643/2643 2310/2310 2311/2311
f 2658/2658 2643/2643 2311/2311
f 2682/2682 2650/2650 2651/2651
f 2432/2432 2682/2682 2651/2651
f 2645/2645 2641/2641 2528/2528
f 2529/2529 2645/2645 2528/2528
f 2187/2187 2238/2238 2673/2673
f 2502/2502 2187/2187 2673/2673
f 2341/2341 2274/2274 2275/2275
f 2345/2345 2341/2341 2275/2275
f 2290/2290 2650/2650 2659/2659
f 2289/2289 2290/2290 2659/2659
f 2696/2696 2472/2472 2694/2694
f 2698/2698 2696/2696 2694/2694
f 2325/2325 2282/2282 2283/2283
f 2327/2327 2325/2325 2283/2283
f 2314/2314 2315/2315 2323/2323
f 2656/2656 2314/2314 2323/2323
f 2475/2475 2670/2670 2669/2669
f 2501/2501 2475/2475 2669/2669
f 2203/2203 2224/2224 2465/2465
f 2466/2466 2203/2203 2465/2465
f 2660/2660 2288/2288 2289/2289
f 2659/2659 2660/2660 2289/2289
f 2376/2376 2444/2444 2547/2547
f 2375/2375 2376/2376 2547/2547
f 2202/2202 2187/2187 2184/2184
f 2200/2200 2202/2202 2184/2184
f 2377/2377 2227/2227 2373/2373
f 2383/2383 2377/2377 2373/2373
f 2334/2334 2335/2335 2396/2396
f 2416/2416 2334/2334 2396/2396
f 2488/2488 2693/2693 2403/2403
f 2399/2399 2488/2488 2403/2403
f 2237/2237 2203/2203 2190/2190
f 2185/2185 2237/2237 2190/2190
f 2679/2679 2474/2474 2462/2462
f 2473/2473 2679/2679 2462/2462
f 2642/2642 2640/2640 2292/2292
f 2530/2530 2642/2642 2292/2292
f 2539/2539 2684/2684 2446/2446
f 2447/2447 2539/2539 2446/2446
f 2544/2544 2545/2545 2582/2582
f 2541/2541 2544/2544 2582/2582
f 2369/2369 2408/2408 2330/2330
f 2649/2649 2369/2369 2330/2330
f 2674/2674 2386/2386 2387/2387
f 2676/2676 2674/2674 2387/2387
f 2409/2409 2408/2408 2364/2364
f 2296/2296 2409/2409 2364/2364
f 2299/2299 2278/2278 2279/2279
f 2498/2498 2299/2299 2279/2279
f 2269/2269 2711/2711 2440/2440
f 2229/2229 2269/2269 2440/2440
f 2359/2359 2682/2682 2432/2432
f 2301/2301 2359/2359 2432/2432
f 2649/2649 2563/2563 2368/2368
f 2369/2369 2649/2649 2368/2368
f 2190/2190 2203/2203 2466/2466
f 2257/2257 2190/2190 2466/2466
f 2295/2295 2190/2190 2257/2257
f 2258/2258 2295/2295 2257/2257
f 2254/2254 2628/2628 2464/2464
f 2465/2465 2254/2254 2464/2464
f 2425/2425 2687/2687 2688/2688
f 2427/2427 2425/2425 2688/2688
f 2265/2265 2266/2266 2379/2379
f 2225/2225 2265/2265 2379/2379
f 2595/2595 2713/2713 2712/2712
f 2637/2637 2595/2595 2712/2712
f 2269/2269 2705/2705 2715/2715
f 2711/2711 2269/2269 2715/2715
f 2711/2711 2715/2715 2264/2264
f 2265/2265 2711/2711 2264/2264
f 2262/2262 2259/2259 2704/2704
f 2636/2636 2262/2262 2704/2704
f 2706/2706 2665/2665 2666/2666
f 2683/2683 2706/2706 2666/2666
f 2335/2335 2479/2479 2395/2395
f 2396/2396 2335/2335 2395/2395
f 2466/2466 2463/2463 2256/2256
f 2257/2257 2466/2466 2256/2256
f 2402/2402 2403/2403 2693/2693
f 2606/2606 2402/2402 2693/2693
f 2565/2565 2562/2562 2367/2367
f 2573/2573 2565/2565 2367/2367
f 2627/2627 2624/2624 2630/2630
f 2596/2596 2627/2627 2630/2630
f 2572/2572 2567/2567 2568/2568
f 2571/2571 2572/2572 2568/2568
f 2179/2179 2176/2176 2195/2195
f 2673/2673 2179/2179 2195/2195
f 2707/2707 2714/2714 2585/2585
f 2586/2586 2707/2707 2585/2585
f 2670/2670 2475/2475 2476/2476
f 2672/2672 2670/2670 2476/2476
f 2219/2219 2221/2221 2504/2504
f 2214/2214 2219/2219 2504/2504
f 2508/2508 2222/2222 2503/2503
f 2456/2456 2508/2508 2503/2503
f 2371/2371 2517/2517 2524/2524
f 2438/2438 2371/2371 2524/2524
f 2267/2267 2510/2510 2516/2516
f 2507/2507 2267/2267 2516/2516
f 2241/2241 2654/2654 2246/2246
f 2240/2240 2241/2241 2246/2246
f 2419/2419 2575/2575 2536/2536
f 2442/2442 2419/2419 2536/2536
f 2181/2181 2493/2493 2491/2491
f 2180/2180 2181/2181 2491/2491
f 2561/2561 2580/2580 2576/2576
f 2560/2560 2561/2561 2576/2576
f 2279/2279 2276/2276 2538/2538
f 2500/2500 2279/2279 2538/2538
f 2579/2579 2703/2703 2577/2577
f 2578/2578 2579/2579 2577/2577
f 2547/2547 2521/2521 2548/2548
f 2405/2405 2547/2547 2548/2548
f 2718/2718 2717/2717 2716/2716
f 2721/2721 2720/2720 2719/2719
f 2722/2722 2720/2720 2721/2721
f 2725/2725 2724/2724 2723/2723
f 2726/2726 2724/2724 2725/2725
f 2729/2729 2728/2728 2727/2727
f 2730/2730 2728/2728 2729/2729
f 2733/2733 2732/2732 2731/2731
f 2727/2727 2732/2732 2733/2733
f 2735/2735 2718/2718 2734/2734
f 2736/2736 2719/2719 2720/2720
f 2737/2737 2719/2719 2736/2736
f 2739/2739 2720/2720 2738/2738
f 2736/2736 2720/2720 2739/2739
f 2738/2738 2740/2740 2739/2739
f 2741/2741 2740/2740 2738/2738
f 2737/2737 2741/2741 2719/2719
f 2740/2740 2741/2741 2737/2737
f 2744/2744 2743/2743 2742/2742
f 2746/2746 2742/2742 2745/2745
f 2747/2747 2742/2742 2746/2746
f 2749/2749 2747/2747 2748/2748
f 2750/2750 2747/2747 2749/2749
f 2752/2752 2748/2748 2751/2751
f 2749/2749 2748/2748 2752/2752
f 2755/2755 2754/2754 2753/2753
f 2758/2758 2757/2757 2756/2756
f 2759/2759 2757/2757 2758/2758
f 2761/2761 2750/2750 2760/2760
f 2754/2754 2758/2758 2762/2762
f 2763/2763 2758/2758 2754/2754
f 2752/2752 2751/2751 2760/2760
f 2766/2766 2765/2765 2764/2764
f 2762/2762 2765/2765 2766/2766
f 2751/2751 2748/2748 2767/2767
f 2770/2770 2769/2769 2768/2768
f 2771/2771 2769/2769 2770/2770
f 2774/2774 2773/2773 2772/2772
f 2775/2775 2773/2773 2774/2774
f 2757/2757 2742/2742 2753/2753
f 2778/2778 2777/2777 2776/2776
f 2779/2779 2777/2777 2778/2778
f 2780/2780 2746/2746 2745/2745
f 2781/2781 2745/2745 2730/2730
f 2716/2716 2783/2783 2782/2782
f 2717/2717 2783/2783 2716/2716
f 2786/2786 2785/2785 2784/2784
f 2787/2787 2785/2785 2786/2786
f 2727/2727 2728/2728 2732/2732
f 2782/2782 2789/2789 2788/2788
f 2783/2783 2789/2789 2782/2782
f 2792/2792 2791/2791 2790/2790
f 2793/2793 2791/2791 2792/2792
f 2796/2796 2795/2795 2794/2794
f 2797/2797 2795/2795 2796/2796
f 2800/2800 2799/2799 2798/2798
f 2801/2801 2799/2799 2800/2800
f 2804/2804 2803/2803 2802/2802
f 2805/2805 2803/2803 2804/2804
f 2808/2808 2807/2807 2806/2806
f 2809/2809 2807/2807 2808/2808
f 2810/2810 2750/2750 2749/2749
f 2811/2811 2750/2750 2810/2810
f 2813/2813 2773/2773 2812/2812
f 2814/2814 2773/2773 2813/2813
f 2758/2758 2763/2763 2759/2759
f 2817/2817 2816/2816 2815/2815
f 2818/2818 2816/2816 2817/2817
f 2821/2821 2820/2820 2819/2819
f 2822/2822 2820/2820 2821/2821
f 2825/2825 2824/2824 2823/2823
f 2826/2826 2824/2824 2825/2825
f 2829/2829 2828/2828 2827/2827
f 2830/2830 2828/2828 2829/2829
f 2833/2833 2832/2832 2831/2831
f 2834/2834 2832/2832 2833/2833
f 2837/2837 2836/2836 2835/2835
f 2839/2839 2801/2801 2838/2838
f 2840/2840 2801/2801 2839/2839
f 2821/2821 2842/2842 2841/2841
f 2843/2843 2842/2842 2821/2821
f 2846/2846 2845/2845 2844/2844
f 2849/2849 2848/2848 2847/2847
f 2796/2796 2848/2848 2849/2849
f 2852/2852 2851/2851 2850/2850
f 2855/2855 2854/2854 2853/2853
f 2856/2856 2854/2854 2855/2855
f 2859/2859 2858/2858 2857/2857
f 2859/2859 2861/2861 2860/2860
f 2861/2861 2863/2863 2862/2862
f 2850/2850 2844/2844 2864/2864
f 2846/2846 2844/2844 2850/2850
f 2837/2837 2866/2866 2865/2865
f 2867/2867 2866/2866 2837/2837
f 2870/2870 2869/2869 2868/2868
f 2872/2872 2770/2770 2871/2871
f 2873/2873 2770/2770 2872/2872
f 2875/2875 2868/2868 2874/2874
f 2878/2878 2877/2877 2876/2876
f 2879/2879 2877/2877 2878/2878
f 2882/2882 2881/2881 2880/2880
f 2883/2883 2881/2881 2882/2882
f 2886/2886 2885/2885 2884/2884
f 2885/2885 2888/2888 2887/2887
f 2891/2891 2890/2890 2889/2889
f 2892/2892 2890/2890 2891/2891
f 2894/2894 2815/2815 2893/2893
f 2817/2817 2815/2815 2894/2894
f 2897/2897 2896/2896 2895/2895
f 2900/2900 2899/2899 2898/2898
f 2901/2901 2899/2899 2900/2900
f 2903/2903 2845/2845 2902/2902
f 2844/2844 2845/2845 2903/2903
f 2898/2898 2905/2905 2904/2904
f 2899/2899 2905/2905 2898/2898
f 2839/2839 2907/2907 2906/2906
f 2909/2909 2908/2908 2726/2726
f 2871/2871 2908/2908 2909/2909
f 2912/2912 2911/2911 2910/2910
f 2913/2913 2911/2911 2912/2912
f 2770/2770 2873/2873 2907/2907
f 2771/2771 2915/2915 2914/2914
f 2916/2916 2915/2915 2771/2771
f 2838/2838 2918/2918 2917/2917
f 2770/2770 2920/2920 2919/2919
f 2923/2923 2922/2922 2921/2921
f 2924/2924 2922/2922 2923/2923
f 2731/2731 2925/2925 2733/2733
f 2852/2852 2864/2864 2863/2863
f 2850/2850 2864/2864 2852/2852
f 2928/2928 2927/2927 2926/2926
f 2931/2931 2930/2930 2929/2929
f 2932/2932 2930/2930 2931/2931
f 2731/2731 2934/2934 2933/2933
f 2935/2935 2933/2933 2934/2934
f 2936/2936 2933/2933 2935/2935
f 2939/2939 2938/2938 2937/2937
f 2940/2940 2938/2938 2939/2939
f 2937/2937 2942/2942 2941/2941
f 2938/2938 2942/2942 2937/2937
f 2944/2944 2887/2887 2943/2943
f 2818/2818 2887/2887 2944/2944
f 2945/2945 2941/2941 2942/2942
f 2946/2946 2941/2941 2945/2945
f 2918/2918 2948/2948 2947/2947
f 2950/2950 2723/2723 2949/2949
f 2725/2725 2723/2723 2950/2950
f 2872/2872 2951/2951 2873/2873
f 2954/2954 2953/2953 2952/2952
f 2957/2957 2956/2956 2955/2955
f 2958/2958 2956/2956 2957/2957
f 2960/2960 2959/2959 2927/2927
f 2940/2940 2959/2959 2960/2960
f 2962/2962 2961/2961 2952/2952
f 2964/2964 2963/2963 2774/2774
f 2967/2967 2966/2966 2965/2965
f 2775/2775 2966/2966 2967/2967
f 2970/2970 2969/2969 2968/2968
f 2973/2973 2972/2972 2971/2971
f 2845/2845 2975/2975 2974/2974
f 2846/2846 2975/2975 2845/2845
f 2978/2978 2977/2977 2976/2976
f 2979/2979 2977/2977 2978/2978
f 2971/2971 2980/2980 2774/2774
f 2916/2916 2927/2927 2922/2922
f 2916/2916 2771/2771 2770/2770
f 2924/2924 2981/2981 2922/2922
f 2982/2982 2971/2971 2875/2875
f 2973/2973 2971/2971 2982/2982
f 2770/2770 2839/2839 2920/2920
f 2907/2907 2839/2839 2770/2770
f 2984/2984 2983/2983 2909/2909
f 2770/2770 2768/2768 2871/2871
f 2872/2872 2871/2871 2909/2909
f 2953/2953 2872/2872 2952/2952
f 2951/2951 2872/2872 2953/2953
f 2967/2967 2773/2773 2775/2775
f 2731/2731 2928/2928 2934/2934
f 2732/2732 2928/2928 2731/2731
f 2872/2872 2958/2958 2957/2957
f 2775/2775 2774/2774 2957/2957
f 2954/2954 2985/2985 2964/2964
f 2986/2986 2985/2985 2954/2954
f 2919/2919 2987/2987 2948/2948
f 2920/2920 2987/2987 2919/2919
f 2990/2990 2989/2989 2988/2988
f 2991/2991 2989/2989 2990/2990
f 2992/2992 2774/2774 2980/2980
f 2964/2964 2774/2774 2992/2992
f 2814/2814 2994/2994 2993/2993
f 2997/2997 2996/2996 2995/2995
f 2827/2827 2998/2998 2829/2829
f 2999/2999 2998/2998 2827/2827
f 2875/2875 2997/2997 2994/2994
f 3001/3001 2814/2814 3000/3000
f 3003/3003 3002/3002 2888/2888
f 3003/3003 2875/2875 3004/3004
f 2889/2889 3004/3004 3005/3005
f 3008/3008 3007/3007 3006/3006
f 3009/3009 3007/3007 3008/3008
f 3010/3010 2815/2815 2816/2816
f 3011/3011 2815/2815 3010/3010
f 3014/3014 3013/3013 3012/3012
f 3015/3015 3013/3013 3014/3014
f 2889/2889 3016/3016 2891/2891
f 3005/3005 3016/3016 2889/2889
f 3001/3001 3017/3017 3005/3005
f 3020/3020 3019/3019 3018/3018
f 3021/3021 3019/3019 3020/3020
f 2876/2876 2921/2921 2959/2959
f 2939/2939 2959/2959 2940/2940
f 2879/2879 3023/3023 3022/3022
f 2878/2878 3023/3023 2879/2879
f 2732/2732 2877/2877 2960/2960
f 2901/2901 3024/3024 2835/2835
f 2900/2900 3024/3024 2901/2901
f 2936/2936 3026/3026 3025/3025
f 2935/2935 3026/3026 2936/2936
f 3027/3027 3025/3025 3026/3026
f 3028/3028 3025/3025 3027/3027
f 3030/3030 3028/3028 3029/3029
f 3025/3025 3028/3028 3030/3030
f 3022/3022 3032/3032 3031/3031
f 3023/3023 3032/3032 3022/3022
f 2724/2724 3034/3034 3033/3033
f 3035/3035 3034/3034 2724/2724
f 2949/2949 3037/3037 3036/3036
f 2723/2723 3037/3037 2949/2949
f 3033/3033 3039/3039 3038/3038
f 3034/3034 3039/3039 3033/3033
f 2896/2896 2825/2825 3040/3040
f 2869/2869 2825/2825 2896/2896
f 2849/2849 2767/2767 2796/2796
f 3020/3020 2848/2848 2852/2852
f 3020/3020 2755/2755 3021/3021
f 3043/3043 3042/3042 3041/3041
f 2822/2822 3042/3042 3043/3043
f 3019/3019 3021/3021 3044/3044
f 2721/2721 2730/2730 2729/2729
f 3045/3045 2730/2730 2721/2721
f 2972/2972 2980/2980 2971/2971
f 2970/2970 2980/2980 2972/2972
f 2849/2849 2847/2847 3044/3044
f 2755/2755 2842/2842 3041/3041
f 2763/2763 3041/3041 3042/3042
f 2852/2852 2841/2841 2842/2842
f 2762/2762 2758/2758 2756/2756
f 2756/2756 3047/3047 3046/3046
f 3048/3048 3047/3047 2756/2756
f 2752/2752 3050/3050 3049/3049
f 2760/2760 3050/3050 2752/2752
f 2828/2828 2764/2764 2765/2765
f 3051/3051 2764/2764 2828/2828
f 2811/2811 2760/2760 2750/2750
f 3050/3050 2760/2760 2811/2811
f 3054/3054 3053/3053 3052/3052
f 3055/3055 3053/3053 3054/3054
f 2827/2827 2765/2765 3046/3046
f 2828/2828 2765/2765 2827/2827
f 3055/3055 3056/3056 3053/3053
f 3057/3057 3056/3056 3055/3055
f 3059/3059 3057/3057 3058/3058
f 3056/3056 3057/3057 3059/3059
f 3058/3058 3052/3052 3059/3059
f 3054/3054 3052/3052 3058/3058
f 2766/2766 2754/2754 2762/2762
f 2914/2914 3061/3061 3060/3060
f 2915/2915 3061/3061 2914/2914
f 3063/3063 2778/2778 3062/3062
f 3064/3064 2778/2778 3063/3063
f 3067/3067 3066/3066 3065/3065
f 3068/3068 3066/3066 3067/3067
f 3070/3070 2779/2779 3069/3069
f 2777/2777 2779/2779 3070/3070
f 3072/3072 2899/2899 3071/3071
f 2905/2905 2899/2899 3072/3072
f 3001/3001 3002/3002 3017/3017
f 3000/3000 3002/3002 3001/3001
f 2982/2982 2969/2969 2973/2973
f 2968/2968 2969/2969 2982/2982
f 2901/2901 3071/3071 2899/2899
f 3073/3073 3071/3071 2901/2901
f 2897/2897 2874/2874 2896/2896
f 3074/3074 2874/2874 2897/2897
f 2978/2978 3076/3076 3075/3075
f 3077/3077 3076/3076 2978/2978
f 2985/2985 3079/3079 3078/3078
f 2986/2986 3079/3079 2985/2985
f 2908/2908 2949/2949 3035/3035
f 2950/2950 2949/2949 2908/2908
f 3070/3070 2776/2776 2777/2777
f 3080/3080 2776/2776 3070/3070
f 2990/2990 2820/2820 3081/3081
f 3082/3082 2820/2820 2990/2990
f 3078/3078 3084/3084 3083/3083
f 3079/3079 3084/3084 3078/3078
f 3085/3085 3062/3062 3069/3069
f 3063/3063 3062/3062 3085/3085
f 3088/3088 3087/3087 3086/3086
f 3089/3089 3087/3087 3088/3088
f 2987/2987 3064/3064 3063/3063
f 3090/3090 3064/3064 2987/2987
f 2981/2981 3068/3068 3067/3067
f 2924/2924 3068/3068 2981/2981
f 3091/3091 3069/3069 2779/2779
f 3085/3085 3069/3069 3091/3091
f 3094/3094 3093/3093 3092/3092
f 3095/3095 3093/3093 3094/3094
f 3098/3098 3097/3097 3096/3096
f 3099/3099 3097/3097 3098/3098
f 3064/3064 2779/2779 2778/2778
f 3091/3091 2779/2779 3064/3064
f 3100/3100 3095/3095 3065/3065
f 3093/3093 3095/3095 3100/3100
f 3101/3101 3065/3065 3066/3066
f 3100/3100 3065/3065 3101/3101
f 3102/3102 2783/2783 2784/2784
f 2789/2789 2783/2783 3102/3102
f 2784/2784 2717/2717 2786/2786
f 2783/2783 2717/2717 2784/2784
f 2955/2955 3099/3099 3098/3098
f 2956/2956 3099/3099 2955/2955
f 2726/2726 3035/3035 2724/2724
f 2908/2908 3035/3035 2726/2726
f 2965/2965 3104/3104 3103/3103
f 2966/2966 3104/3104 2965/2965
f 3107/3107 3106/3106 3105/3105
f 3108/3108 3106/3106 3107/3107
f 3110/3110 3107/3107 3109/3109
f 3111/3111 3107/3107 3110/3110
f 3035/3035 3036/3036 3034/3034
f 2949/2949 3036/3036 3035/3035
f 3113/3113 3039/3039 3112/3112
f 3038/3038 3039/3039 3113/3113
f 3116/3116 3115/3115 3114/3114
f 3108/3108 3115/3115 3116/3116
f 3111/3111 3108/3108 3107/3107
f 3115/3115 3108/3108 3111/3111
f 2986/2986 3117/3117 3079/3079
f 2961/2961 3117/3117 2986/2986
f 2956/2956 3103/3103 3099/3099
f 2965/2965 3103/3103 2956/2956
f 3118/3118 3083/3083 3086/3086
f 3078/3078 3083/3083 3118/3118
f 2966/2966 3098/3098 3104/3104
f 2955/2955 3098/3098 2966/2966
f 3104/3104 3096/3096 3119/3119
f 3098/3098 3096/3096 3104/3104
f 3119/3119 3121/3121 3120/3120
f 3096/3096 3121/3121 3119/3119
f 3123/3123 3120/3120 3122/3122
f 3119/3119 3120/3120 3123/3123
f 3079/3079 3087/3087 3084/3084
f 3117/3117 3087/3087 3079/3079
f 3099/3099 3123/3123 3097/3097
f 3103/3103 3123/3123 3099/3099
f 3088/3088 3124/3124 3089/3089
f 3125/3125 3124/3124 3088/3088
f 2722/2722 2729/2729 3126/3126
f 2721/2721 2729/2729 2722/2722
f 2787/2787 2782/2782 2785/2785
f 2716/2716 2782/2782 2787/2787
f 2743/2743 2718/2718 2732/2732
f 2717/2717 2718/2718 2743/2743
f 2780/2780 2781/2781 3126/3126
f 2745/2745 2781/2781 2780/2780
f 2759/2759 2742/2742 2757/2757
f 2744/2744 2742/2742 2759/2759
f 2742/2742 2732/2732 2728/2728
f 2743/2743 2732/2732 2742/2742
f 3055/3055 3058/3058 3057/3057
f 3054/3054 3058/3058 3055/3055
f 3129/3129 3128/3128 3127/3127
f 3130/3130 3128/3128 3129/3129
f 3131/3131 2864/2864 2794/2794
f 3132/3132 2864/2864 3131/3131
f 3134/3134 2790/2790 3133/3133
f 2792/2792 2790/2790 3134/3134
f 3133/3133 3135/3135 3134/3134
f 3136/3136 3135/3135 3133/3133
f 2792/2792 3137/3137 2886/2886
f 3134/3134 3137/3137 2792/2792
f 3138/3138 2866/2866 3132/3132
f 2883/2883 2866/2866 3138/3138
f 2883/2883 3139/3139 2866/2866
f 2882/2882 3139/3139 2883/2883
f 3129/3129 3000/3000 3130/3130
f 3140/3140 3000/3000 3129/3129
f 3130/3130 2814/2814 2813/2813
f 3000/3000 2814/2814 3130/3130
f 3143/3143 3142/3142 3141/3141
f 3144/3144 3142/3142 3143/3143
f 2926/2926 3146/3146 3145/3145
f 2925/2925 3146/3146 2926/2926
f 2879/2879 2960/2960 2877/2877
f 2940/2940 2960/2960 2879/2879
f 2967/2967 2983/2983 2773/2773
f 2958/2958 2983/2983 2967/2967
f 2927/2927 2921/2921 2922/2922
f 2959/2959 2921/2921 2927/2927
f 3145/3145 3148/3148 3147/3147
f 3146/3146 3148/3148 3145/3145
f 3050/3050 3053/3053 3056/3056
f 2811/2811 3053/3053 3050/3050
f 2927/2927 2732/2732 2960/2960
f 2928/2928 2732/2732 2927/2927
f 3100/3100 3092/3092 3093/3093
f 3101/3101 3092/3092 3100/3100
f 2942/2942 3149/3149 2945/2945
f 3031/3031 3149/3149 2942/2942
f 3151/3151 3136/3136 3150/3150
f 3135/3135 3136/3136 3151/3151
f 3152/3152 3151/3151 3074/3074
f 3135/3135 3151/3151 3152/3152
f 3152/3152 2897/2897 3153/3153
f 3074/3074 2897/2897 3152/3152
f 2867/2867 2835/2835 3024/3024
f 2837/2837 2835/2835 2867/2867
f 2875/2875 3074/3074 2982/2982
f 2874/2874 3074/3074 2875/2875
f 3156/3156 3155/3155 3154/3154
f 3012/3012 3155/3155 3156/3156
f 3152/3152 2888/2888 3137/3137
f 3153/3153 2888/2888 3152/3152
f 2886/2886 2888/2888 2885/2885
f 3137/3137 2888/2888 2886/2886
f 2870/2870 3157/3157 2826/2826
f 2895/2895 3157/3157 2870/2870
f 3157/3157 3159/3159 3158/3158
f 3040/3040 3159/3159 3157/3157
f 3040/3040 2823/2823 3159/3159
f 2825/2825 2823/2823 3040/3040
f 3161/3161 3160/3160 2893/2893
f 3162/3162 3160/3160 3161/3161
f 2826/2826 3158/3158 2824/2824
f 3157/3157 3158/3158 2826/2826
f 3163/3163 2823/2823 2824/2824
f 3164/3164 2823/2823 3163/3163
f 3165/3165 3158/3158 3159/3159
f 3166/3166 3158/3158 3165/3165
f 3169/3169 3168/3168 3167/3167
f 3170/3170 3168/3168 3169/3169
f 3061/3061 3065/3065 3095/3095
f 3067/3067 3065/3065 3061/3061
f 3060/3060 3066/3066 3068/3068
f 3094/3094 3066/3066 3060/3060
f 2795/2795 3172/3172 3171/3171
f 2797/2797 3172/3172 2795/2795
f 3139/3139 2880/2880 3173/3173
f 2882/2882 2880/2880 3139/3139
f 3176/3176 3175/3175 3174/3174
f 3177/3177 3175/3175 3176/3176
f 3068/3068 2914/2914 3060/3060
f 2924/2924 2914/2914 3068/3068
f 2829/2829 3178/3178 2830/2830
f 2998/2998 3178/3178 2829/2829
f 3179/3179 2857/2857 3169/3169
f 2763/2763 2857/2857 3179/3179
f 3138/3138 3131/3131 3180/3180
f 3132/3132 3131/3131 3138/3138
f 2867/2867 3132/3132 2866/2866
f 3181/3181 3132/3132 2867/2867
f 2837/2837 3182/3182 2836/2836
f 2865/2865 3182/3182 2837/2837
f 3182/3182 3183/3183 2836/2836
f 3181/3181 3183/3183 3182/3182
f 3183/3183 2867/2867 3024/3024
f 3181/3181 2867/2867 3183/3183
f 3073/3073 3184/3184 3071/3071
f 3185/3185 3184/3184 3073/3073
f 3186/3186 2860/2860 2861/2861
f 3187/3187 2860/2860 3186/3186
f 3072/3072 2904/2904 2905/2905
f 3188/3188 2904/2904 3072/3072
f 2869/2869 2874/2874 2868/2868
f 2896/2896 2874/2874 2869/2869
f 2916/2916 2981/2981 2915/2915
f 2922/2922 2981/2981 2916/2916
f 2853/2853 3189/3189 2855/2855
f 3190/3190 3189/3189 2853/2853
f 3191/3191 3105/3105 3106/3106
f 3192/3192 3105/3105 3191/3191
f 3048/3048 2764/2764 3047/3047
f 2766/2766 2764/2764 3048/3048
f 3083/3083 3124/3124 3125/3125
f 3084/3084 3124/3124 3083/3083
f 2954/2954 2961/2961 2986/2986
f 2952/2952 2961/2961 2954/2954
f 3193/3193 2834/2834 2833/2833
f 3194/3194 2834/2834 3193/3193
f 3192/3192 2907/2907 2873/2873
f 3191/3191 2907/2907 3192/3192
f 2768/2768 2908/2908 2871/2871
f 2950/2950 2908/2908 2768/2768
f 2951/2951 2913/2913 2912/2912
f 2906/2906 2913/2913 2951/2951
f 2985/2985 2963/2963 2964/2964
f 2962/2962 2963/2963 2985/2985
f 2749/2749 3049/3049 2810/2810
f 2752/2752 3049/3049 2749/2749
f 2774/2774 2872/2872 2957/2957
f 2963/2963 2872/2872 2774/2774
f 2844/2844 2794/2794 2864/2864
f 2903/2903 2794/2794 2844/2844
f 2796/2796 2852/2852 2848/2848
f 2851/2851 2852/2852 2796/2796
f 2852/2852 2857/2857 2841/2841
f 2859/2859 2857/2857 2852/2852
f 3196/3196 2991/2991 3195/3195
f 2989/2989 2991/2991 3196/3196
f 3144/3144 3102/3102 3197/3197
f 3143/3143 3102/3102 3144/3144
f 3199/3199 3198/3198 2862/2862
f 2858/2858 3198/3198 3199/3199
f 3200/3200 2862/2862 3198/3198
f 3201/3201 2862/2862 3200/3200
f 3187/3187 3198/3198 2860/2860
f 3200/3200 3198/3198 3187/3187
f 2975/2975 3203/3203 3202/3202
f 3204/3204 3203/3203 2975/2975
f 3130/3130 3205/3205 3128/3128
f 2813/2813 3205/3205 3130/3130
f 2856/2856 3206/3206 2854/2854
f 3207/3207 3206/3206 2856/2856
f 3161/3161 3209/3209 3208/3208
f 3011/3011 3209/3209 3161/3161
f 2850/2850 3210/3210 2846/2846
f 2851/2851 3210/3210 2850/2850
f 2784/2784 3197/3197 3102/3102
f 2785/2785 3197/3197 2784/2784
f 3002/3002 2890/2890 3017/3017
f 3003/3003 2890/2890 3002/3002
f 2734/2734 2716/2716 2787/2787
f 2718/2718 2716/2716 2734/2734
f 2786/2786 2743/2743 2744/2744
f 2717/2717 2743/2743 2786/2786
f 2746/2746 2748/2748 2747/2747
f 2767/2767 2748/2748 2746/2746
f 2888/2888 2875/2875 3003/3003
f 2868/2868 2875/2875 2888/2888
f 2755/2755 2767/2767 3021/3021
f 2751/2751 2767/2767 2755/2755
f 3021/3021 2849/2849 3044/3044
f 2767/2767 2849/2849 3021/3021
f 2851/2851 2902/2902 3210/3210
f 2903/2903 2902/2902 2851/2851
f 2755/2755 2852/2852 2842/2842
f 3020/3020 2852/2852 2755/2755
f 2848/2848 3018/3018 2847/2847
f 3020/3020 3018/3018 2848/2848
f 3211/3211 3044/3044 2847/2847
f 3212/3212 3044/3044 3211/3211
f 3213/3213 2932/2932 2931/2931
f 3212/3212 2932/2932 3213/3213
f 3215/3215 2931/2931 3214/3214
f 3213/3213 2931/2931 3215/3215
f 3216/3216 2741/2741 2738/2738
f 3045/3045 2741/2741 3216/3216
f 2932/2932 3217/3217 2930/2930
f 3218/3218 3217/3217 2932/2932
f 3200/3200 3206/3206 3190/3190
f 3187/3187 3206/3206 3200/3200
f 3062/3062 2776/2776 3080/3080
f 2778/2778 2776/2776 3062/3062
f 3214/3214 2929/2929 3219/3219
f 2931/2931 2929/2929 3214/3214
f 3220/3220 3175/3175 3177/3177
f 3221/3221 3175/3175 3220/3220
f 2892/2892 3221/3221 3220/3220
f 2891/2891 3221/3221 2892/2892
f 2892/2892 3017/3017 2890/2890
f 3222/3222 3017/3017 2892/2892
f 3222/3222 3220/3220 3223/3223
f 2892/2892 3220/3220 3222/3222
f 3170/3170 2866/2866 3139/3139
f 2865/2865 2866/2866 3170/3170
f 3016/3016 3223/3223 3224/3224
f 3222/3222 3223/3223 3016/3016
f 3221/3221 3174/3174 3175/3175
f 3224/3224 3174/3174 3221/3221
f 2891/2891 3224/3224 3221/3221
f 3016/3016 3224/3224 2891/2891
f 2917/2917 2839/2839 2838/2838
f 2920/2920 2839/2839 2917/2917
f 3000/3000 2943/2943 2887/2887
f 3140/3140 2943/2943 3000/3000
f 2817/2817 2884/2884 2885/2885
f 2894/2894 2884/2884 2817/2817
f 2788/2788 3141/3141 3142/3142
f 2789/2789 3141/3141 2788/2788
f 3204/3204 3193/3193 3203/3203
f 3225/3225 3193/3193 3204/3204
f 3162/3162 3208/3208 3226/3226
f 3161/3161 3208/3208 3162/3162
f 2870/2870 2897/2897 2895/2895
f 3153/3153 2897/2897 2870/2870
f 3227/3227 2989/2989 3196/3196
f 2988/2988 2989/2989 3227/3227
f 2974/2974 3202/3202 3194/3194
f 2975/2975 3202/3202 2974/2974
f 3194/3194 2832/2832 2834/2834
f 3202/3202 2832/2832 3194/3194
f 3004/3004 3001/3001 3005/3005
f 2814/2814 3001/3001 3004/3004
f 3029/3029 3228/3228 3030/3030
f 3229/3229 3228/3228 3029/3029
f 2973/2973 3230/3230 2976/2976
f 2969/2969 3230/3230 2973/2973
f 2972/2972 2976/2976 2977/2977
f 2973/2973 2976/2976 2972/2972
f 2970/2970 2977/2977 3231/3231
f 2972/2972 2977/2977 2970/2970
f 3077/3077 2976/2976 3230/3230
f 2978/2978 2976/2976 3077/3077
f 3233/3233 3154/3154 3232/3232
f 3156/3156 3154/3154 3233/3233
f 3234/3234 3075/3075 3076/3076
f 3235/3235 3075/3075 3234/3234
f 3075/3075 2979/2979 2978/2978
f 3235/3235 2979/2979 3075/3075
f 3216/3216 3126/3126 2781/2781
f 2722/2722 3126/3126 3216/3216
f 2918/2918 2919/2919 2948/2948
f 2927/2927 2919/2919 2918/2918
f 3092/3092 3066/3066 3094/3094
f 3101/3101 3066/3066 3092/3092
f 2927/2927 2838/2838 2926/2926
f 2918/2918 2838/2838 2927/2927
f 2735/2735 2876/2876 2877/2877
f 2921/2921 2876/2876 2735/2735
f 3074/3074 2968/2968 2982/2982
f 2992/2992 2968/2968 3074/3074
f 2928/2928 3145/3145 2934/2934
f 2926/2926 3145/3145 2928/2928
f 2925/2925 2933/2933 3146/3146
f 2731/2731 2933/2933 2925/2925
f 3147/3147 3030/3030 3228/3228
f 3148/3148 3030/3030 3147/3147
f 3031/3031 3236/3236 3149/3149
f 3032/3032 3236/3236 3031/3031
f 2755/2755 2763/2763 2754/2754
f 3041/3041 2763/2763 2755/2755
f 3177/3177 3223/3223 3220/3220
f 3176/3176 3223/3223 3177/3177
f 2843/2843 3041/3041 2842/2842
f 3043/3043 3041/3041 2843/2843
f 2796/2796 2903/2903 2851/2851
f 2794/2794 2903/2903 2796/2796
f 3233/3233 3015/3015 3237/3237
f 3013/3013 3015/3015 3233/3233
f 2843/2843 2819/2819 3238/3238
f 2821/2821 2819/2819 2843/2843
f 3045/3045 2719/2719 2741/2741
f 2721/2721 2719/2719 3045/3045
f 3081/3081 2991/2991 2990/2990
f 3238/3238 2991/2991 3081/3081
f 2816/2816 3162/3162 3010/3010
f 3160/3160 3162/3162 2816/2816
f 2772/2772 3239/3239 2996/2996
f 2993/2993 3239/3239 2772/2772
f 2859/2859 2863/2863 2861/2861
f 2852/2852 2863/2863 2859/2859
f 3077/3077 3234/3234 3076/3076
f 3240/3240 3234/3234 3077/3077
f 3049/3049 3056/3056 3059/3059
f 3050/3050 3056/3056 3049/3049
f 2994/2994 2995/2995 3241/3241
f 2997/2997 2995/2995 2994/2994
f 2923/2923 2914/2914 2924/2924
f 2771/2771 2914/2914 2923/2923
f 2744/2744 2787/2787 2786/2786
f 2734/2734 2787/2787 2744/2744
f 2947/2947 2917/2917 2918/2918
f 3090/3090 2917/2917 2947/2947
f 3109/3109 3105/3105 2910/2910
f 3107/3107 3105/3105 3109/3109
f 3060/3060 3095/3095 3094/3094
f 3061/3061 3095/3095 3060/3060
f 3069/3069 3080/3080 3070/3070
f 3062/3062 3080/3080 3069/3069
f 2737/2737 2739/2739 2740/2740
f 2736/2736 2739/2739 2737/2737
f 2775/2775 2955/2955 2966/2966
f 2957/2957 2955/2955 2775/2775
f 3212/3212 3218/3218 2932/2932
f 3211/3211 3218/3218 3212/3212
f 2944/2944 2893/2893 3160/3160
f 2894/2894 2893/2893 2944/2944
f 3211/3211 3214/3214 3218/3218
f 3215/3215 3214/3214 3211/3211
f 3023/3023 2941/2941 3032/3032
f 2937/2937 2941/2941 3023/3023
f 2979/2979 3231/3231 2977/2977
f 3240/3240 3231/3231 2979/2979
f 3232/3232 3013/3013 3233/3233
f 3242/3242 3013/3013 3232/3232
f 3241/3241 2993/2993 2994/2994
f 3239/3239 2993/2993 3241/3241
f 3013/3013 3155/3155 3012/3012
f 3242/3242 3155/3155 3013/3013
f 2938/2938 3031/3031 2942/2942
f 3022/3022 3031/3031 2938/2938
f 2961/2961 3118/3118 3117/3117
f 2962/2962 3118/3118 2961/2961
f 3117/3117 3086/3086 3087/3087
f 3118/3118 3086/3086 3117/3117
f 2840/2840 3244/3244 3243/3243
f 3245/3245 3244/3244 2840/2840
f 2801/2801 3243/3243 2799/2799
f 2840/2840 3243/3243 2801/2801
f 2958/2958 2965/2965 2956/2956
f 2967/2967 2965/2965 2958/2958
f 2954/2954 2992/2992 2953/2953
f 2964/2964 2992/2992 2954/2954
f 2872/2872 2983/2983 2958/2958
f 2909/2909 2983/2983 2872/2872
f 2768/2768 2725/2725 2950/2950
f 2984/2984 2725/2725 2768/2768
f 3116/3116 3110/3110 3109/3109
f 3114/3114 3110/3110 3116/3116
f 3122/3122 3097/3097 3123/3123
f 3246/3246 3097/3097 3122/3122
f 3113/3113 3036/3036 3037/3037
f 3112/3112 3036/3036 3113/3113
f 3037/3037 3038/3038 3113/3113
f 3033/3033 3038/3038 3037/3037
f 2999/2999 3178/3178 2998/2998
f 3051/3051 3178/3178 2999/2999
f 3046/3046 2999/2999 2827/2827
f 3047/3047 2999/2999 3046/3046
f 2811/2811 3052/3052 3053/3053
f 2810/2810 3052/3052 2811/2811
f 3084/3084 3089/3089 3124/3124
f 3087/3087 3089/3089 3084/3084
f 3159/3159 3164/3164 3165/3165
f 2823/2823 3164/3164 3159/3159
f 2940/2940 3022/3022 2938/2938
f 2879/2879 3022/3022 2940/2940
f 2984/2984 2769/2769 2983/2983
f 2768/2768 2769/2769 2984/2984
f 3014/3014 3239/3239 3015/3015
f 2996/2996 3239/3239 3014/3014
f 3179/3179 3167/3167 3247/3247
f 3169/3169 3167/3167 3179/3179
f 2755/2755 2742/2742 2761/2761
f 2753/2753 2742/2742 2755/2755
f 2984/2984 2726/2726 2725/2725
f 2909/2909 2726/2726 2984/2984
f 2809/2809 2802/2802 2807/2807
f 2804/2804 2802/2802 2809/2809
f 2813/2813 3248/3248 3205/3205
f 2812/2812 3248/3248 2813/2813
f 2861/2861 3201/3201 3186/3186
f 2862/2862 3201/3201 2861/2861
f 3210/3210 3225/3225 3204/3204
f 2902/2902 3225/3225 3210/3210
f 3010/3010 3226/3226 3249/3249
f 3162/3162 3226/3226 3010/3010
f 3207/3207 3190/3190 3206/3206
f 3189/3189 3190/3190 3207/3207
f 3250/3250 3140/3140 3129/3129
f 2793/2793 3140/3140 3250/3250
f 3137/3137 3135/3135 3152/3152
f 3134/3134 3135/3135 3137/3137
f 3043/3043 3238/3238 3081/3081
f 2843/2843 3238/3238 3043/3043
f 3169/3169 2865/2865 3170/3170
f 2857/2857 2865/2865 3169/3169
f 3074/3074 3251/3251 2992/2992
f 3151/3151 3251/3251 3074/3074
f 2895/2895 3040/3040 3157/3157
f 2896/2896 3040/3040 2895/2895
f 2910/2910 3116/3116 3109/3109
f 2911/2911 3116/3116 2910/2910
f 3251/3251 3150/3150 3252/3252
f 3151/3151 3150/3150 3251/3251
f 3142/3142 3197/3197 2788/2788
f 3144/3144 3197/3197 3142/3142
f 3156/3156 3237/3237 3253/3253
f 3233/3233 3237/3237 3156/3156
f 2904/2904 3184/3184 2898/2898
f 3188/3188 3184/3184 2904/2904
f 3000/3000 2888/2888 3002/3002
f 2887/2887 2888/2888 3000/3000
f 3183/3183 2900/2900 3185/3185
f 3024/3024 2900/2900 3183/3183
f 2846/2846 3204/3204 2975/2975
f 3210/3210 3204/3204 2846/2846
f 2818/2818 3160/3160 2816/2816
f 2944/2944 3160/3160 2818/2818
f 2793/2793 2886/2886 3140/3140
f 2792/2792 2886/2886 2793/2793
f 3249/3249 3011/3011 3010/3010
f 3209/3209 3011/3011 3249/3249
f 2875/2875 2814/2814 3004/3004
f 2994/2994 2814/2814 2875/2875
f 3073/3073 2835/2835 2836/2836
f 2901/2901 2835/2835 3073/3073
f 2761/2761 2751/2751 2755/2755
f 2760/2760 2751/2751 2761/2761
f 3195/3195 3238/3238 2819/2819
f 2991/2991 3238/3238 3195/3195
f 2732/2732 2735/2735 2877/2877
f 2718/2718 2735/2735 2732/2732
f 3126/3126 2727/2727 2780/2780
f 2729/2729 2727/2727 3126/3126
f 3254/3254 2769/2769 2808/2808
f 2983/2983 2769/2769 3254/3254
f 3191/3191 2906/2906 2907/2907
f 2913/2913 2906/2906 3191/3191
f 2864/2864 3181/3181 3182/3182
f 3132/3132 3181/3181 2864/2864
f 3219/3219 3218/3218 3214/3214
f 3217/3217 3218/3218 3219/3219
f 3048/3048 2757/2757 2753/2753
f 2756/2756 2757/2757 3048/3048
f 2761/2761 2747/2747 2750/2750
f 2742/2742 2747/2747 2761/2761
f 3195/3195 3227/3227 3196/3196
f 3082/3082 3227/3227 3195/3195
f 2809/2809 2735/2735 2804/2804
f 2921/2921 2735/2735 2809/2809
f 3229/3229 3026/3026 3228/3228
f 3027/3027 3026/3026 3229/3229
f 2804/2804 2759/2759 2805/2805
f 2735/2735 2759/2759 2804/2804
f 2805/2805 2763/2763 3179/3179
f 2759/2759 2763/2763 2805/2805
f 3187/3187 2854/2854 3206/3206
f 3186/3186 2854/2854 3187/3187
f 3253/3253 3012/3012 3156/3156
f 3014/3014 3012/3012 3253/3253
f 2992/2992 3245/3245 2953/2953
f 3251/3251 3245/3245 2992/2992
f 2968/2968 2980/2980 2970/2970
f 2992/2992 2980/2980 2968/2968
f 2925/2925 2838/2838 2733/2733
f 2926/2926 2838/2838 2925/2925
f 2759/2759 2734/2734 2744/2744
f 2735/2735 2734/2734 2759/2759
f 3235/3235 3240/3240 2979/2979
f 3234/3234 3240/3240 3235/3235
f 3230/3230 3240/3240 3077/3077
f 3231/3231 3240/3240 3230/3230
f 3143/3143 2789/2789 3102/3102
f 3141/3141 2789/2789 3143/3143
f 3185/3185 2898/2898 3184/3184
f 2900/2900 2898/2898 3185/3185
f 3242/3242 3154/3154 3155/3155
f 3232/3232 3154/3154 3242/3242
f 3224/3224 3176/3176 3174/3174
f 3223/3223 3176/3176 3224/3224
f 3014/3014 2995/2995 2996/2996
f 3253/3253 2995/2995 3014/3014
f 3215/3215 2847/2847 3018/3018
f 3211/3211 2847/2847 3215/3215
f 3166/3166 2824/2824 3158/3158
f 3163/3163 2824/2824 3166/3166
f 3096/3096 3246/3246 3121/3121
f 3097/3097 3246/3246 3096/3096
f 3029/3029 3027/3027 3229/3229
f 3028/3028 3027/3027 3029/3029
f 3011/3011 2893/2893 2815/2815
f 3161/3161 2893/2893 3011/3011
f 3148/3148 3025/3025 3030/3030
f 2936/2936 3025/3025 3148/3148
f 2935/2935 3228/3228 3026/3026
f 3147/3147 3228/3228 2935/2935
f 3147/3147 2934/2934 3145/3145
f 2935/2935 2934/2934 3147/3147
f 2948/2948 3063/3063 3085/3085
f 2987/2987 3063/3063 2948/2948
f 2963/2963 2952/2952 2872/2872
f 2962/2962 2952/2952 2963/2963
f 2936/2936 3146/3146 2933/2933
f 3148/3148 3146/3146 2936/2936
f 3051/3051 2830/2830 3178/3178
f 2828/2828 2830/2830 3051/3051
f 2864/2864 2865/2865 3199/3199
f 3182/3182 2865/2865 2864/2864
f 3082/3082 2819/2819 2820/2820
f 3195/3195 2819/2819 3082/3082
f 2767/2767 2797/2797 2796/2796
f 3008/3008 2797/2797 2767/2767
f 3180/3180 3171/3171 3255/3255
f 2795/2795 3171/3171 3180/3180
f 2883/2883 3256/3256 2881/2881
f 3138/3138 3256/3256 2883/2883
f 2793/2793 3257/3257 2791/2791
f 3250/3250 3257/3257 2793/2793
f 3245/3245 3252/3252 3244/3244
f 3251/3251 3252/3252 3245/3245
f 2953/2953 2840/2840 2839/2839
f 3245/3245 2840/2840 2953/2953
f 3131/3131 2795/2795 3180/3180
f 2794/2794 2795/2795 3131/3131
f 3153/3153 2868/2868 2888/2888
f 2870/2870 2868/2868 3153/3153
f 3201/3201 3190/3190 2853/2853
f 3200/3200 3190/3190 3201/3201
f 2997/2997 2772/2772 2996/2996
f 2774/2774 2772/2772 2997/2997
f 3163/3163 3165/3165 3164/3164
f 3166/3166 3165/3165 3163/3163
f 2857/2857 3042/3042 2841/2841
f 2763/2763 3042/3042 2857/2857
f 2766/2766 2753/2753 2754/2754
f 3048/3048 2753/2753 2766/2766
f 2894/2894 2943/2943 2884/2884
f 2944/2944 2943/2943 2894/2894
f 3003/3003 2889/2889 2890/2890
f 3004/3004 2889/2889 3003/3003
f 2993/2993 2773/2773 2814/2814
f 2772/2772 2773/2773 2993/2993
f 2875/2875 2774/2774 2997/2997
f 2971/2971 2774/2774 2875/2875
f 2913/2913 3106/3106 2911/2911
f 3191/3191 3106/3106 2913/2913
f 2863/2863 3199/3199 2862/2862
f 2864/2864 3199/3199 2863/2863
f 3140/3140 2884/2884 2943/2943
f 2886/2886 2884/2884 3140/3140
f 2923/2923 2769/2769 2771/2771
f 2921/2921 2769/2769 2923/2923
f 3241/3241 3253/3253 3237/3237
f 2995/2995 3253/3253 3241/3241
f 2858/2858 2860/2860 3198/3198
f 2859/2859 2860/2860 2858/2858
f 2947/2947 3085/3085 3091/3091
f 2948/2948 3085/3085 2947/2947
f 3034/3034 3112/3112 3039/3039
f 3036/3036 3112/3112 3034/3034
f 3207/3207 2855/2855 3189/3189
f 2856/2856 2855/2855 3207/3207
f 3186/3186 2853/2853 2854/2854
f 3201/3201 2853/2853 3186/3186
f 3225/3225 3194/3194 3193/3193
f 2974/2974 3194/3194 3225/3225
f 3188/3188 3071/3071 3184/3184
f 3072/3072 3071/3071 3188/3188
f 2730/2730 3216/3216 2781/2781
f 3045/3045 3216/3216 2730/2730
f 2885/2885 2818/2818 2817/2817
f 2887/2887 2818/2818 2885/2885
f 2833/2833 3203/3203 3193/3193
f 2831/2831 3203/3203 2833/2833
f 3239/3239 3237/3237 3015/3015
f 3241/3241 3237/3237 3239/3239
f 2869/2869 2826/2826 2825/2825
f 2870/2870 2826/2826 2869/2869
f 2858/2858 2865/2865 2857/2857
f 3199/3199 2865/2865 2858/2858
f 3019/3019 3212/3212 3213/3213
f 3044/3044 3212/3212 3019/3019
f 2746/2746 3008/3008 2767/2767
f 3009/3009 3008/3008 2746/2746
f 3202/3202 2831/2831 2832/2832
f 3203/3203 2831/2831 3202/3202
f 2920/2920 3090/3090 2987/2987
f 2917/2917 3090/3090 2920/2920
f 2745/2745 2728/2728 2730/2730
f 2742/2742 2728/2728 2745/2745
f 2919/2919 2916/2916 2770/2770
f 2927/2927 2916/2916 2919/2919
f 2876/2876 2939/2939 2878/2878
f 2959/2959 2939/2939 2876/2876
f 3032/3032 2946/2946 3236/3236
f 2941/2941 2946/2946 3032/3032
f 2780/2780 2733/2733 2746/2746
f 2727/2727 2733/2733 2780/2780
f 3222/3222 3005/3005 3017/3017
f 3016/3016 3005/3005 3222/3222
f 3185/3185 2836/2836 3183/3183
f 3073/3073 2836/2836 3185/3185
f 3082/3082 2988/2988 3227/3227
f 2990/2990 2988/2988 3082/3082
f 3086/3086 3125/3125 3088/3088
f 3083/3083 3125/3125 3086/3086
f 2912/2912 2873/2873 2951/2951
f 3192/3192 2873/2873 2912/2912
f 3217/3217 2929/2929 2930/2930
f 3219/3219 2929/2929 3217/3217
f 2953/2953 2906/2906 2951/2951
f 2839/2839 2906/2906 2953/2953
f 2841/2841 2822/2822 2821/2821
f 3042/3042 2822/2822 2841/2841
f 2812/2812 2983/2983 3254/3254
f 2773/2773 2983/2983 2812/2812
f 2902/2902 2974/2974 3225/3225
f 2845/2845 2974/2974 2902/2902
f 3192/3192 2910/2910 3105/3105
f 2912/2912 2910/2910 3192/3192
f 2733/2733 3009/3009 2746/2746
f 2800/2800 3009/3009 2733/2733
f 2838/2838 2800/2800 2733/2733
f 2801/2801 2800/2800 2838/2838
f 2797/2797 3006/3006 3172/3172
f 3008/3008 3006/3006 2797/2797
f 2969/2969 3231/3231 3230/3230
f 2970/2970 3231/3231 2969/2969
f 2808/2808 2921/2921 2809/2809
f 2769/2769 2921/2921 2808/2808
f 3138/3138 3255/3255 3256/3256
f 3180/3180 3255/3255 3138/3138
f 2812/2812 3258/3258 3248/3248
f 3254/3254 3258/3258 2812/2812
f 3254/3254 2806/2806 3258/3258
f 2808/2808 2806/2806 3254/3254
f 2805/2805 3247/3247 2803/2803
f 3179/3179 3247/3247 2805/2805
f 3249/3249 3208/3208 3209/3209
f 3226/3226 3208/3208 3249/3249
f 2878/2878 2937/2937 3023/3023
f 2939/2939 2937/2937 2878/2878
f 3009/3009 2798/2798 3007/3007
f 2800/2800 2798/2798 3009/3009
f 2945/2945 3236/3236 2946/2946
f 3149/3149 3236/3236 2945/2945
f 3108/3108 2911/2911 3106/3106
f 3116/3116 2911/2911 3108/3108
f 3170/3170 3173/3173 3168/3168
f 3139/3139 3173/3173 3170/3170
f 3114/3114 3111/3111 3110/3110
f 3115/3115 3111/3111 3114/3114
f 2722/2722 2738/2738 2720/2720
f 3216/3216 2738/2738 2722/2722
f 3250/3250 3127/3127 3257/3257
f 3129/3129 3127/3127 3250/3250
f 3213/3213 3018/3018 3019/3019
f 3215/3215 3018/3018 3213/3213
f 2762/2762 3046/3046 2765/2765
f 2756/2756 3046/3046 2762/2762
f 3051/3051 3047/3047 2764/2764
f 2999/2999 3047/3047 3051/3051
f 2915/2915 3067/3067 3061/3061
f 2981/2981 3067/3067 2915/2915
f 2810/2810 3059/3059 3052/3052
f 3049/3049 3059/3059 2810/2810
f 2785/2785 2788/2788 3197/3197
f 2782/2782 2788/2788 2785/2785
f 2962/2962 3078/3078 3118/3118
f 2985/2985 3078/3078 2962/2962
f 2723/2723 3033/3033 3037/3037
f 2724/2724 3033/3033 2723/2723
f 3103/3103 3119/3119 3123/3123
f 3104/3104 3119/3119 3103/3103
f 2822/2822 3081/3081 2820/2820
f 3043/3043 3081/3081 2822/2822
f 3122/3122 3121/3121 3246/3246
f 3120/3120 3121/3121 3122/3122
f 3090/3090 3091/3091 3064/3064
f 2947/2947 3091/3091 3090/3090
f 3261/3261 3260/3260 3259/3259
f 3264/3264 3263/3263 3262/3262
f 3265/3265 3264/3264 3262/3262
f 3268/3268 3267/3267 3266/3266
f 3269/3269 3268/3268 3266/3266
f 3272/3272 3271/3271 3270/3270
f 3273/3273 3272/3272 3270/3270
f 3276/3276 3275/3275 3274/3274
f 3271/3271 3276/3276 3274/3274
f 3278/3278 3277/3277 3261/3261
f 3279/3279 3262/3262 3263/3263
f 3280/3280 3279/3279 3263/3263
f 3282/3282 3281/3281 3262/3262
f 3279/3279 3282/3282 3262/3262
f 3281/3281 3282/3282 3283/3283
f 3284/3284 3281/3281 3283/3283
f 3280/3280 3263/3263 3284/3284
f 3283/3283 3280/3280 3284/3284
f 3287/3287 3286/3286 3285/3285
f 3289/3289 3288/3288 3286/3286
f 3290/3290 3289/3289 3286/3286
f 3292/3292 3291/3291 3290/3290
f 3293/3293 3292/3292 3290/3290
f 3295/3295 3294/3294 3291/3291
f 3292/3292 3295/3295 3291/3291
f 3298/3298 3297/3297 3296/3296
f 3301/3301 3300/3300 3299/3299
f 3302/3302 3301/3301 3299/3299
f 3304/3304 3303/3303 3293/3293
f 3296/3296 3305/3305 3301/3301
f 3306/3306 3296/3296 3301/3301
f 3295/3295 3303/3303 3294/3294
f 3309/3309 3308/3308 3307/3307
f 3305/3305 3309/3309 3307/3307
f 3294/3294 3310/3310 3291/3291
f 3313/3313 3312/3312 3311/3311
f 3314/3314 3313/3313 3311/3311
f 3317/3317 3316/3316 3315/3315
f 3318/3318 3317/3317 3315/3315
f 3299/3299 3297/3297 3286/3286
f 3321/3321 3320/3320 3319/3319
f 3322/3322 3321/3321 3319/3319
f 3323/3323 3288/3288 3289/3289
f 3324/3324 3273/3273 3288/3288
f 3260/3260 3326/3326 3325/3325
f 3259/3259 3260/3260 3325/3325
f 3329/3329 3328/3328 3327/3327
f 3330/3330 3329/3329 3327/3327
f 3271/3271 3274/3274 3270/3270
f 3326/3326 3332/3332 3331/3331
f 3325/3325 3326/3326 3331/3331
f 3335/3335 3334/3334 3333/3333
f 3336/3336 3335/3335 3333/3333
f 3339/3339 3338/3338 3337/3337
f 3340/3340 3339/3339 3337/3337
f 3343/3343 3342/3342 3341/3341
f 3344/3344 3343/3343 3341/3341
f 3347/3347 3346/3346 3345/3345
f 3348/3348 3347/3347 3345/3345
f 3351/3351 3350/3350 3349/3349
f 3352/3352 3351/3351 3349/3349
f 3353/3353 3292/3292 3293/3293
f 3354/3354 3353/3353 3293/3293
f 3356/3356 3355/3355 3315/3315
f 3357/3357 3356/3356 3315/3315
f 3301/3301 3302/3302 3306/3306
f 3360/3360 3359/3359 3358/3358
f 3361/3361 3360/3360 3358/3358
f 3364/3364 3363/3363 3362/3362
f 3365/3365 3364/3364 3362/3362
f 3368/3368 3367/3367 3366/3366
f 3369/3369 3368/3368 3366/3366
f 3372/3372 3371/3371 3370/3370
f 3373/3373 3372/3372 3370/3370
f 3376/3376 3375/3375 3374/3374
f 3377/3377 3376/3376 3374/3374
f 3380/3380 3379/3379 3378/3378
f 3382/3382 3381/3381 3344/3344
f 3383/3383 3382/3382 3344/3344
f 3364/3364 3385/3385 3384/3384
f 3386/3386 3364/3364 3384/3384
f 3389/3389 3388/3388 3387/3387
f 3392/3392 3391/3391 3390/3390
f 3339/3339 3392/3392 3390/3390
f 3395/3395 3394/3394 3393/3393
f 3398/3398 3397/3397 3396/3396
f 3399/3399 3398/3398 3396/3396
f 3402/3402 3401/3401 3400/3400
f 3402/3402 3404/3404 3403/3403
f 3403/3403 3406/3406 3405/3405
f 3394/3394 3407/3407 3388/3388
f 3389/3389 3394/3394 3388/3388
f 3380/3380 3409/3409 3408/3408
f 3410/3410 3380/3380 3408/3408
f 3413/3413 3412/3412 3411/3411
f 3415/3415 3414/3414 3313/3313
f 3416/3416 3415/3415 3313/3313
f 3418/3418 3417/3417 3412/3412
f 3421/3421 3420/3420 3419/3419
f 3422/3422 3421/3421 3419/3419
f 3425/3425 3424/3424 3423/3423
f 3426/3426 3425/3425 3423/3423
f 3429/3429 3428/3428 3427/3427
f 3427/3427 3431/3431 3430/3430
f 3434/3434 3433/3433 3432/3432
f 3435/3435 3434/3434 3432/3432
f 3437/3437 3436/3436 3359/3359
f 3360/3360 3437/3437 3359/3359
f 3440/3440 3439/3439 3438/3438
f 3443/3443 3442/3442 3441/3441
f 3444/3444 3443/3443 3441/3441
f 3446/3446 3445/3445 3387/3387
f 3388/3388 3446/3446 3387/3387
f 3442/3442 3448/3448 3447/3447
f 3441/3441 3442/3442 3447/3447
f 3382/3382 3450/3450 3449/3449
f 3452/3452 3269/3269 3451/3451
f 3414/3414 3452/3452 3451/3451
f 3455/3455 3454/3454 3453/3453
f 3456/3456 3455/3455 3453/3453
f 3313/3313 3449/3449 3416/3416
f 3314/3314 3458/3458 3457/3457
f 3459/3459 3314/3314 3457/3457
f 3381/3381 3461/3461 3460/3460
f 3313/3313 3463/3463 3462/3462
f 3466/3466 3465/3465 3464/3464
f 3467/3467 3466/3466 3464/3464
f 3275/3275 3276/3276 3468/3468
f 3395/3395 3405/3405 3407/3407
f 3394/3394 3395/3395 3407/3407
f 3471/3471 3470/3470 3469/3469
f 3474/3474 3473/3473 3472/3472
f 3475/3475 3474/3474 3472/3472
f 3275/3275 3477/3477 3476/3476
f 3478/3478 3476/3476 3477/3477
f 3479/3479 3478/3478 3477/3477
f 3482/3482 3481/3481 3480/3480
f 3483/3483 3482/3482 3480/3480
f 3481/3481 3485/3485 3484/3484
f 3480/3480 3481/3481 3484/3484
f 3487/3487 3486/3486 3431/3431
f 3361/3361 3487/3487 3431/3431
f 3488/3488 3484/3484 3485/3485
f 3489/3489 3488/3488 3485/3485
f 3460/3460 3491/3491 3490/3490
f 3493/3493 3492/3492 3267/3267
f 3268/3268 3493/3493 3267/3267
f 3415/3415 3416/3416 3494/3494
f 3497/3497 3496/3496 3495/3495
f 3500/3500 3499/3499 3498/3498
f 3501/3501 3500/3500 3498/3498
f 3503/3503 3469/3469 3502/3502
f 3483/3483 3503/3503 3502/3502
f 3505/3505 3496/3496 3504/3504
f 3507/3507 3317/3317 3506/3506
f 3510/3510 3509/3509 3508/3508
f 3318/3318 3510/3510 3508/3508
f 3513/3513 3512/3512 3511/3511
f 3516/3516 3515/3515 3514/3514
f 3387/3387 3518/3518 3517/3517
f 3389/3389 3387/3387 3517/3517
f 3521/3521 3520/3520 3519/3519
f 3522/3522 3521/3521 3519/3519
f 3515/3515 3317/3317 3523/3523
f 3459/3459 3464/3464 3469/3469
f 3459/3459 3313/3313 3314/3314
f 3467/3467 3464/3464 3524/3524
f 3525/3525 3418/3418 3515/3515
f 3516/3516 3525/3525 3515/3515
f 3313/3313 3462/3462 3382/3382
f 3449/3449 3313/3313 3382/3382
f 3527/3527 3452/3452 3526/3526
f 3313/3313 3414/3414 3312/3312
f 3415/3415 3452/3452 3414/3414
f 3495/3495 3496/3496 3415/3415
f 3494/3494 3495/3495 3415/3415
f 3510/3510 3318/3318 3315/3315
f 3275/3275 3476/3476 3471/3471
f 3274/3274 3275/3275 3471/3471
f 3415/3415 3500/3500 3501/3501
f 3318/3318 3500/3500 3317/3317
f 3497/3497 3507/3507 3528/3528
f 3529/3529 3497/3497 3528/3528
f 3463/3463 3490/3490 3530/3530
f 3462/3462 3463/3463 3530/3530
f 3533/3533 3532/3532 3531/3531
f 3534/3534 3533/3533 3531/3531
f 3535/3535 3523/3523 3317/3317
f 3507/3507 3535/3535 3317/3317
f 3357/3357 3537/3537 3536/3536
f 3540/3540 3539/3539 3538/3538
f 3371/3371 3372/3372 3541/3541
f 3542/3542 3371/3371 3541/3541
f 3418/3418 3536/3536 3540/3540
f 3544/3544 3543/3543 3357/3357
f 3546/3546 3430/3430 3545/3545
f 3546/3546 3547/3547 3418/3418
f 3433/3433 3548/3548 3547/3547
f 3551/3551 3550/3550 3549/3549
f 3552/3552 3551/3551 3549/3549
f 3553/3553 3358/3358 3359/3359
f 3554/3554 3553/3553 3359/3359
f 3557/3557 3556/3556 3555/3555
f 3558/3558 3557/3557 3555/3555
f 3433/3433 3434/3434 3559/3559
f 3548/3548 3433/3433 3559/3559
f 3544/3544 3548/3548 3560/3560
f 3563/3563 3562/3562 3561/3561
f 3564/3564 3563/3563 3561/3561
f 3420/3420 3502/3502 3465/3465
f 3482/3482 3483/3483 3502/3502
f 3422/3422 3566/3566 3565/3565
f 3421/3421 3422/3422 3565/3565
f 3274/3274 3503/3503 3419/3419
f 3444/3444 3379/3379 3567/3567
f 3443/3443 3444/3444 3567/3567
f 3479/3479 3569/3569 3568/3568
f 3478/3478 3479/3479 3568/3568
f 3570/3570 3568/3568 3569/3569
f 3571/3571 3570/3570 3569/3569
f 3573/3573 3572/3572 3571/3571
f 3569/3569 3573/3573 3571/3571
f 3566/3566 3575/3575 3574/3574
f 3565/3565 3566/3566 3574/3574
f 3266/3266 3577/3577 3576/3576
f 3578/3578 3266/3266 3576/3576
f 3492/3492 3580/3580 3579/3579
f 3267/3267 3492/3492 3579/3579
f 3577/3577 3582/3582 3581/3581
f 3576/3576 3577/3577 3581/3581
f 3438/3438 3583/3583 3368/3368
f 3411/3411 3438/3438 3368/3368
f 3392/3392 3339/3339 3310/3310
f 3563/3563 3395/3395 3390/3390
f 3563/3563 3564/3564 3298/3298
f 3586/3586 3585/3585 3584/3584
f 3365/3365 3586/3586 3584/3584
f 3561/3561 3587/3587 3564/3564
f 3264/3264 3272/3272 3273/3273
f 3588/3588 3264/3264 3273/3273
f 3514/3514 3515/3515 3523/3523
f 3513/3513 3514/3514 3523/3523
f 3392/3392 3587/3587 3391/3391
f 3298/3298 3585/3585 3384/3384
f 3306/3306 3584/3584 3585/3585
f 3395/3395 3384/3384 3385/3385
f 3305/3305 3300/3300 3301/3301
f 3300/3300 3590/3590 3589/3589
f 3591/3591 3300/3300 3589/3589
f 3295/3295 3593/3593 3592/3592
f 3303/3303 3295/3295 3592/3592
f 3370/3370 3307/3307 3308/3308
f 3594/3594 3370/3370 3308/3308
f 3354/3354 3293/3293 3303/3303
f 3592/3592 3354/3354 3303/3303
f 3597/3597 3596/3596 3595/3595
f 3598/3598 3597/3597 3595/3595
f 3371/3371 3590/3590 3307/3307
f 3370/3370 3371/3371 3307/3307
f 3598/3598 3595/3595 3599/3599
f 3600/3600 3598/3598 3599/3599
f 3602/3602 3601/3601 3600/3600
f 3599/3599 3602/3602 3600/3600
f 3601/3601 3602/3602 3596/3596
f 3597/3597 3601/3601 3596/3596
f 3309/3309 3305/3305 3296/3296
f 3458/3458 3604/3604 3603/3603
f 3457/3457 3458/3458 3603/3603
f 3606/3606 3605/3605 3321/3321
f 3607/3607 3606/3606 3321/3321
f 3610/3610 3609/3609 3608/3608
f 3611/3611 3610/3610 3608/3608
f 3613/3613 3612/3612 3322/3322
f 3319/3319 3613/3613 3322/3322
f 3615/3615 3614/3614 3441/3441
f 3447/3447 3615/3615 3441/3441
f 3544/3544 3560/3560 3545/3545
f 3543/3543 3544/3544 3545/3545
f 3525/3525 3516/3516 3511/3511
f 3512/3512 3525/3525 3511/3511
f 3444/3444 3441/3441 3614/3614
f 3616/3616 3444/3444 3614/3614
f 3440/3440 3438/3438 3417/3417
f 3617/3617 3440/3440 3417/3417
f 3521/3521 3619/3619 3618/3618
f 3620/3620 3521/3521 3618/3618
f 3528/3528 3622/3622 3621/3621
f 3529/3529 3528/3528 3621/3621
f 3451/3451 3578/3578 3492/3492
f 3493/3493 3451/3451 3492/3492
f 3613/3613 3319/3319 3320/3320
f 3623/3623 3613/3613 3320/3320
f 3533/3533 3624/3624 3362/3362
f 3625/3625 3533/3533 3362/3362
f 3622/3622 3627/3627 3626/3626
f 3621/3621 3622/3622 3626/3626
f 3628/3628 3612/3612 3605/3605
f 3606/3606 3628/3628 3605/3605
f 3631/3631 3630/3630 3629/3629
f 3632/3632 3631/3631 3629/3629
f 3530/3530 3606/3606 3607/3607
f 3633/3633 3530/3530 3607/3607
f 3524/3524 3610/3610 3611/3611
f 3467/3467 3524/3524 3611/3611
f 3634/3634 3322/3322 3612/3612
f 3628/3628 3634/3634 3612/3612
f 3637/3637 3636/3636 3635/3635
f 3638/3638 3637/3637 3635/3635
f 3641/3641 3640/3640 3639/3639
f 3642/3642 3641/3641 3639/3639
f 3607/3607 3321/3321 3322/3322
f 3634/3634 3607/3607 3322/3322
f 3643/3643 3609/3609 3638/3638
f 3635/3635 3643/3643 3638/3638
f 3644/3644 3608/3608 3609/3609
f 3643/3643 3644/3644 3609/3609
f 3645/3645 3328/3328 3325/3325
f 3331/3331 3645/3645 3325/3325
f 3328/3328 3329/3329 3259/3259
f 3325/3325 3328/3328 3259/3259
f 3499/3499 3641/3641 3642/3642
f 3498/3498 3499/3499 3642/3642
f 3269/3269 3266/3266 3578/3578
f 3451/3451 3269/3269 3578/3578
f 3509/3509 3647/3647 3646/3646
f 3508/3508 3509/3509 3646/3646
f 3650/3650 3649/3649 3648/3648
f 3651/3651 3650/3650 3648/3648
f 3653/3653 3652/3652 3650/3650
f 3654/3654 3653/3653 3650/3650
f 3578/3578 3576/3576 3580/3580
f 3492/3492 3578/3578 3580/3580
f 3656/3656 3655/3655 3581/3581
f 3582/3582 3656/3656 3581/3581
f 3659/3659 3658/3658 3657/3657
f 3651/3651 3659/3659 3657/3657
f 3654/3654 3650/3650 3651/3651
f 3657/3657 3654/3654 3651/3651
f 3529/3529 3621/3621 3660/3660
f 3504/3504 3529/3529 3660/3660
f 3498/3498 3642/3642 3647/3647
f 3509/3509 3498/3498 3647/3647
f 3661/3661 3630/3630 3627/3627
f 3622/3622 3661/3661 3627/3627
f 3508/3508 3646/3646 3641/3641
f 3499/3499 3508/3508 3641/3641
f 3646/3646 3662/3662 3640/3640
f 3641/3641 3646/3646 3640/3640
f 3662/3662 3664/3664 3663/3663
f 3640/3640 3662/3662 3663/3663
f 3666/3666 3665/3665 3664/3664
f 3662/3662 3666/3666 3664/3664
f 3621/3621 3626/3626 3629/3629
f 3660/3660 3621/3621 3629/3629
f 3642/3642 3639/3639 3666/3666
f 3647/3647 3642/3642 3666/3666
f 3631/3631 3632/3632 3667/3667
f 3668/3668 3631/3631 3667/3667
f 3265/3265 3669/3669 3272/3272
f 3264/3264 3265/3265 3272/3272
f 3330/3330 3327/3327 3326/3326
f 3260/3260 3330/3330 3326/3326
f 3285/3285 3274/3274 3261/3261
f 3259/3259 3285/3285 3261/3261
f 3323/3323 3669/3669 3324/3324
f 3288/3288 3323/3323 3324/3324
f 3302/3302 3299/3299 3286/3286
f 3287/3287 3302/3302 3286/3286
f 3286/3286 3270/3270 3274/3274
f 3285/3285 3286/3286 3274/3274
f 3598/3598 3600/3600 3601/3601
f 3597/3597 3598/3598 3601/3601
f 3672/3672 3671/3671 3670/3670
f 3673/3673 3672/3672 3670/3670
f 3674/3674 3338/3338 3407/3407
f 3675/3675 3674/3674 3407/3407
f 3677/3677 3676/3676 3334/3334
f 3335/3335 3677/3677 3334/3334
f 3676/3676 3677/3677 3678/3678
f 3679/3679 3676/3676 3678/3678
f 3335/3335 3429/3429 3680/3680
f 3677/3677 3335/3335 3680/3680
f 3681/3681 3675/3675 3408/3408
f 3426/3426 3681/3681 3408/3408
f 3426/3426 3408/3408 3682/3682
f 3425/3425 3426/3426 3682/3682
f 3672/3672 3673/3673 3543/3543
f 3683/3683 3672/3672 3543/3543
f 3673/3673 3356/3356 3357/3357
f 3543/3543 3673/3673 3357/3357
f 3686/3686 3685/3685 3684/3684
f 3687/3687 3686/3686 3684/3684
f 3470/3470 3689/3689 3688/3688
f 3468/3468 3470/3470 3688/3688
f 3422/3422 3419/3419 3503/3503
f 3483/3483 3422/3422 3503/3503
f 3510/3510 3315/3315 3526/3526
f 3501/3501 3510/3510 3526/3526
f 3469/3469 3464/3464 3465/3465
f 3502/3502 3469/3469 3465/3465
f 3689/3689 3691/3691 3690/3690
f 3688/3688 3689/3689 3690/3690
f 3592/3592 3599/3599 3595/3595
f 3354/3354 3592/3592 3595/3595
f 3469/3469 3503/3503 3274/3274
f 3471/3471 3469/3469 3274/3274
f 3643/3643 3635/3635 3636/3636
f 3644/3644 3643/3643 3636/3636
f 3484/3484 3488/3488 3692/3692
f 3575/3575 3484/3484 3692/3692
f 3694/3694 3693/3693 3679/3679
f 3678/3678 3694/3694 3679/3679
f 3695/3695 3617/3617 3694/3694
f 3678/3678 3695/3695 3694/3694
f 3695/3695 3696/3696 3440/3440
f 3617/3617 3695/3695 3440/3440
f 3410/3410 3567/3567 3379/3379
f 3380/3380 3410/3410 3379/3379
f 3418/3418 3525/3525 3617/3617
f 3417/3417 3418/3418 3617/3617
f 3699/3699 3698/3698 3697/3697
f 3556/3556 3699/3699 3697/3697
f 3695/3695 3680/3680 3430/3430
f 3696/3696 3695/3695 3430/3430
f 3429/3429 3427/3427 3430/3430
f 3680/3680 3429/3429 3430/3430
f 3413/3413 3369/3369 3700/3700
f 3439/3439 3413/3413 3700/3700
f 3700/3700 3702/3702 3701/3701
f 3583/3583 3700/3700 3701/3701
f 3583/3583 3701/3701 3367/3367
f 3368/3368 3583/3583 3367/3367
f 3704/3704 3436/3436 3703/3703
f 3705/3705 3704/3704 3703/3703
f 3369/3369 3366/3366 3702/3702
f 3700/3700 3369/3369 3702/3702
f 3706/3706 3366/3366 3367/3367
f 3707/3707 3706/3706 3367/3367
f 3708/3708 3701/3701 3702/3702
f 3709/3709 3708/3708 3702/3702
f 3712/3712 3711/3711 3710/3710
f 3713/3713 3712/3712 3710/3710
f 3603/3603 3638/3638 3609/3609
f 3610/3610 3603/3603 3609/3609
f 3604/3604 3611/3611 3608/3608
f 3637/3637 3604/3604 3608/3608
f 3337/3337 3715/3715 3714/3714
f 3340/3340 3337/3337 3714/3714
f 3682/3682 3716/3716 3424/3424
f 3425/3425 3682/3682 3424/3424
f 3719/3719 3718/3718 3717/3717
f 3720/3720 3719/3719 3717/3717
f 3611/3611 3604/3604 3458/3458
f 3467/3467 3611/3611 3458/3458
f 3372/3372 3373/3373 3721/3721
f 3541/3541 3372/3372 3721/3721
f 3722/3722 3712/3712 3401/3401
f 3306/3306 3722/3722 3401/3401
f 3681/3681 3723/3723 3674/3674
f 3675/3675 3681/3681 3674/3674
f 3410/3410 3408/3408 3675/3675
f 3724/3724 3410/3410 3675/3675
f 3380/3380 3378/3378 3725/3725
f 3409/3409 3380/3380 3725/3725
f 3725/3725 3378/3378 3726/3726
f 3724/3724 3725/3725 3726/3726
f 3726/3726 3567/3567 3410/3410
f 3724/3724 3726/3726 3410/3410
f 3616/3616 3614/3614 3727/3727
f 3728/3728 3616/3616 3727/3727
f 3729/3729 3403/3403 3404/3404
f 3730/3730 3729/3729 3404/3404
f 3615/3615 3447/3447 3448/3448
f 3731/3731 3615/3615 3448/3448
f 3411/3411 3412/3412 3417/3417
f 3438/3438 3411/3411 3417/3417
f 3459/3459 3457/3457 3524/3524
f 3464/3464 3459/3459 3524/3524
f 3397/3397 3398/3398 3732/3732
f 3733/3733 3397/3397 3732/3732
f 3734/3734 3648/3648 3649/3649
f 3735/3735 3734/3734 3649/3649
f 3591/3591 3589/3589 3308/3308
f 3309/3309 3591/3591 3308/3308
f 3627/3627 3668/3668 3667/3667
f 3626/3626 3627/3627 3667/3667
f 3497/3497 3529/3529 3504/3504
f 3496/3496 3497/3497 3504/3504
f 3736/3736 3376/3376 3377/3377
f 3737/3737 3736/3736 3377/3377
f 3735/3735 3416/3416 3449/3449
f 3734/3734 3735/3735 3449/3449
f 3312/3312 3414/3414 3451/3451
f 3493/3493 3312/3312 3451/3451
f 3494/3494 3455/3455 3456/3456
f 3450/3450 3494/3494 3456/3456
f 3528/3528 3507/3507 3506/3506
f 3505/3505 3528/3528 3506/3506
f 3292/3292 3353/3353 3593/3593
f 3295/3295 3292/3292 3593/3593
f 3317/3317 3500/3500 3415/3415
f 3506/3506 3317/3317 3415/3415
f 3388/3388 3407/3407 3338/3338
f 3446/3446 3388/3388 3338/3338
f 3339/3339 3390/3390 3395/3395
f 3393/3393 3339/3339 3395/3395
f 3395/3395 3385/3385 3401/3401
f 3402/3402 3395/3395 3401/3401
f 3739/3739 3738/3738 3534/3534
f 3531/3531 3739/3739 3534/3534
f 3687/3687 3740/3740 3645/3645
f 3686/3686 3687/3687 3645/3645
f 3742/3742 3406/3406 3741/3741
f 3400/3400 3742/3742 3741/3741
f 3743/3743 3741/3741 3406/3406
f 3744/3744 3743/3743 3406/3406
f 3730/3730 3404/3404 3741/3741
f 3743/3743 3730/3730 3741/3741
f 3517/3517 3746/3746 3745/3745
f 3747/3747 3517/3517 3745/3745
f 3673/3673 3670/3670 3748/3748
f 3356/3356 3673/3673 3748/3748
f 3399/3399 3396/3396 3749/3749
f 3750/3750 3399/3399 3749/3749
f 3704/3704 3752/3752 3751/3751
f 3554/3554 3704/3704 3751/3751
f 3394/3394 3389/3389 3753/3753
f 3393/3393 3394/3394 3753/3753
f 3328/3328 3645/3645 3740/3740
f 3327/3327 3328/3328 3740/3740
f 3545/3545 3560/3560 3432/3432
f 3546/3546 3545/3545 3432/3432
f 3277/3277 3330/3330 3260/3260
f 3261/3261 3277/3277 3260/3260
f 3329/3329 3287/3287 3285/3285
f 3259/3259 3329/3329 3285/3285
f 3289/3289 3290/3290 3291/3291
f 3310/3310 3289/3289 3291/3291
f 3430/3430 3546/3546 3418/3418
f 3412/3412 3430/3430 3418/3418
f 3298/3298 3564/3564 3310/3310
f 3294/3294 3298/3298 3310/3310
f 3564/3564 3587/3587 3392/3392
f 3310/3310 3564/3564 3392/3392
f 3393/3393 3753/3753 3445/3445
f 3446/3446 3393/3393 3445/3445
f 3298/3298 3384/3384 3395/3395
f 3563/3563 3298/3298 3395/3395
f 3390/3390 3391/3391 3562/3562
f 3563/3563 3390/3390 3562/3562
f 3754/3754 3391/3391 3587/3587
f 3755/3755 3754/3754 3587/3587
f 3756/3756 3474/3474 3475/3475
f 3755/3755 3756/3756 3475/3475
f 3758/3758 3757/3757 3474/3474
f 3756/3756 3758/3758 3474/3474
f 3759/3759 3281/3281 3284/3284
f 3588/3588 3759/3759 3284/3284
f 3475/3475 3472/3472 3760/3760
f 3761/3761 3475/3475 3760/3760
f 3743/3743 3733/3733 3749/3749
f 3730/3730 3743/3743 3749/3749
f 3605/3605 3623/3623 3320/3320
f 3321/3321 3605/3605 3320/3320
f 3757/3757 3762/3762 3473/3473
f 3474/3474 3757/3757 3473/3473
f 3763/3763 3720/3720 3717/3717
f 3764/3764 3763/3763 3717/3717
f 3435/3435 3763/3763 3764/3764
f 3434/3434 3435/3435 3764/3764
f 3435/3435 3432/3432 3560/3560
f 3765/3765 3435/3435 3560/3560
f 3765/3765 3766/3766 3763/3763
f 3435/3435 3765/3765 3763/3763
f 3713/3713 3682/3682 3408/3408
f 3409/3409 3713/3713 3408/3408
f 3559/3559 3767/3767 3766/3766
f 3765/3765 3559/3559 3766/3766
f 3764/3764 3717/3717 3718/3718
f 3767/3767 3764/3764 3718/3718
f 3434/3434 3764/3764 3767/3767
f 3559/3559 3434/3434 3767/3767
f 3461/3461 3381/3381 3382/3382
f 3462/3462 3461/3461 3382/3382
f 3543/3543 3431/3431 3486/3486
f 3683/3683 3543/3543 3486/3486
f 3360/3360 3427/3427 3428/3428
f 3437/3437 3360/3360 3428/3428
f 3332/3332 3684/3684 3685/3685
f 3331/3331 3332/3332 3685/3685
f 3747/3747 3745/3745 3736/3736
f 3768/3768 3747/3747 3736/3736
f 3705/3705 3769/3769 3752/3752
f 3704/3704 3705/3705 3752/3752
f 3413/3413 3439/3439 3440/3440
f 3696/3696 3413/3413 3440/3440
f 3770/3770 3739/3739 3531/3531
f 3532/3532 3770/3770 3531/3531
f 3518/3518 3737/3737 3746/3746
f 3517/3517 3518/3518 3746/3746
f 3737/3737 3377/3377 3374/3374
f 3746/3746 3737/3737 3374/3374
f 3547/3547 3548/3548 3544/3544
f 3357/3357 3547/3547 3544/3544
f 3572/3572 3573/3573 3771/3771
f 3772/3772 3572/3572 3771/3771
f 3516/3516 3520/3520 3773/3773
f 3511/3511 3516/3516 3773/3773
f 3514/3514 3519/3519 3520/3520
f 3516/3516 3514/3514 3520/3520
f 3513/3513 3774/3774 3519/3519
f 3514/3514 3513/3513 3519/3519
f 3620/3620 3773/3773 3520/3520
f 3521/3521 3620/3620 3520/3520
f 3776/3776 3775/3775 3698/3698
f 3699/3699 3776/3776 3698/3698
f 3777/3777 3618/3618 3619/3619
f 3778/3778 3777/3777 3619/3619
f 3619/3619 3521/3521 3522/3522
f 3778/3778 3619/3619 3522/3522
f 3759/3759 3324/3324 3669/3669
f 3265/3265 3759/3759 3669/3669
f 3460/3460 3490/3490 3463/3463
f 3469/3469 3460/3460 3463/3463
f 3636/3636 3637/3637 3608/3608
f 3644/3644 3636/3636 3608/3608
f 3469/3469 3470/3470 3381/3381
f 3460/3460 3469/3469 3381/3381
f 3278/3278 3419/3419 3420/3420
f 3465/3465 3278/3278 3420/3420
f 3617/3617 3525/3525 3512/3512
f 3535/3535 3617/3617 3512/3512
f 3471/3471 3476/3476 3689/3689
f 3470/3470 3471/3471 3689/3689
f 3468/3468 3688/3688 3477/3477
f 3275/3275 3468/3468 3477/3477
f 3691/3691 3771/3771 3573/3573
f 3690/3690 3691/3691 3573/3573
f 3575/3575 3692/3692 3779/3779
f 3574/3574 3575/3575 3779/3779
f 3298/3298 3296/3296 3306/3306
f 3585/3585 3298/3298 3306/3306
f 3720/3720 3763/3763 3766/3766
f 3719/3719 3720/3720 3766/3766
f 3386/3386 3384/3384 3585/3585
f 3586/3586 3386/3386 3585/3585
f 3339/3339 3393/3393 3446/3446
f 3338/3338 3339/3339 3446/3446
f 3776/3776 3780/3780 3558/3558
f 3555/3555 3776/3776 3558/3558
f 3386/3386 3781/3781 3363/3363
f 3364/3364 3386/3386 3363/3363
f 3588/3588 3284/3284 3263/3263
f 3264/3264 3588/3588 3263/3263
f 3624/3624 3533/3533 3534/3534
f 3781/3781 3624/3624 3534/3534
f 3358/3358 3553/3553 3705/3705
f 3703/3703 3358/3358 3705/3705
f 3316/3316 3538/3538 3782/3782
f 3537/3537 3316/3316 3782/3782
f 3402/3402 3403/3403 3405/3405
f 3395/3395 3402/3402 3405/3405
f 3620/3620 3618/3618 3777/3777
f 3783/3783 3620/3620 3777/3777
f 3593/3593 3602/3602 3599/3599
f 3592/3592 3593/3593 3599/3599
f 3536/3536 3784/3784 3539/3539
f 3540/3540 3536/3536 3539/3539
f 3466/3466 3467/3467 3458/3458
f 3314/3314 3466/3466 3458/3458
f 3287/3287 3329/3329 3330/3330
f 3277/3277 3287/3287 3330/3330
f 3491/3491 3460/3460 3461/3461
f 3633/3633 3491/3491 3461/3461
f 3652/3652 3454/3454 3649/3649
f 3650/3650 3652/3652 3649/3649
f 3604/3604 3637/3637 3638/3638
f 3603/3603 3604/3604 3638/3638
f 3612/3612 3613/3613 3623/3623
f 3605/3605 3612/3612 3623/3623
f 3280/3280 3283/3283 3282/3282
f 3279/3279 3280/3280 3282/3282
f 3318/3318 3508/3508 3499/3499
f 3500/3500 3318/3318 3499/3499
f 3755/3755 3475/3475 3761/3761
f 3754/3754 3755/3755 3761/3761
f 3487/3487 3703/3703 3436/3436
f 3437/3437 3487/3487 3436/3436
f 3754/3754 3761/3761 3757/3757
f 3758/3758 3754/3754 3757/3757
f 3565/3565 3574/3574 3485/3485
f 3481/3481 3565/3565 3485/3485
f 3522/3522 3519/3519 3774/3774
f 3783/3783 3522/3522 3774/3774
f 3775/3775 3776/3776 3555/3555
f 3785/3785 3775/3775 3555/3555
f 3784/3784 3536/3536 3537/3537
f 3782/3782 3784/3784 3537/3537
f 3555/3555 3556/3556 3697/3697
f 3785/3785 3555/3555 3697/3697
f 3480/3480 3484/3484 3575/3575
f 3566/3566 3480/3480 3575/3575
f 3504/3504 3660/3660 3661/3661
f 3505/3505 3504/3504 3661/3661
f 3660/3660 3629/3629 3630/3630
f 3661/3661 3660/3660 3630/3630
f 3383/3383 3787/3787 3786/3786
f 3788/3788 3383/3383 3786/3786
f 3344/3344 3341/3341 3787/3787
f 3383/3383 3344/3344 3787/3787
f 3501/3501 3498/3498 3509/3509
f 3510/3510 3501/3501 3509/3509
f 3497/3497 3495/3495 3535/3535
f 3507/3507 3497/3497 3535/3535
f 3415/3415 3501/3501 3526/3526
f 3452/3452 3415/3415 3526/3526
f 3312/3312 3493/3493 3268/3268
f 3527/3527 3312/3312 3268/3268
f 3659/3659 3652/3652 3653/3653
f 3658/3658 3659/3659 3653/3653
f 3665/3665 3666/3666 3639/3639
f 3789/3789 3665/3665 3639/3639
f 3656/3656 3579/3579 3580/3580
f 3655/3655 3656/3656 3580/3580
f 3579/3579 3656/3656 3582/3582
f 3577/3577 3579/3579 3582/3582
f 3542/3542 3541/3541 3721/3721
f 3594/3594 3542/3542 3721/3721
f 3590/3590 3371/3371 3542/3542
f 3589/3589 3590/3590 3542/3542
f 3354/3354 3595/3595 3596/3596
f 3353/3353 3354/3354 3596/3596
f 3626/3626 3667/3667 3632/3632
f 3629/3629 3626/3626 3632/3632
f 3701/3701 3708/3708 3707/3707
f 3367/3367 3701/3701 3707/3707
f 3483/3483 3480/3480 3566/3566
f 3422/3422 3483/3483 3566/3566
f 3527/3527 3526/3526 3311/3311
f 3312/3312 3527/3527 3311/3311
f 3557/3557 3558/3558 3782/3782
f 3538/3538 3557/3557 3782/3782
f 3722/3722 3790/3790 3711/3711
f 3712/3712 3722/3722 3711/3711
f 3298/3298 3304/3304 3286/3286
f 3297/3297 3298/3298 3286/3286
f 3527/3527 3268/3268 3269/3269
f 3452/3452 3527/3527 3269/3269
f 3352/3352 3349/3349 3346/3346
f 3347/3347 3352/3352 3346/3346
f 3356/3356 3748/3748 3791/3791
f 3355/3355 3356/3356 3791/3791
f 3403/3403 3729/3729 3744/3744
f 3406/3406 3403/3403 3744/3744
f 3753/3753 3747/3747 3768/3768
f 3445/3445 3753/3753 3768/3768
f 3553/3553 3792/3792 3769/3769
f 3705/3705 3553/3553 3769/3769
f 3750/3750 3749/3749 3733/3733
f 3732/3732 3750/3750 3733/3733
f 3793/3793 3672/3672 3683/3683
f 3336/3336 3793/3793 3683/3683
f 3680/3680 3695/3695 3678/3678
f 3677/3677 3680/3680 3678/3678
f 3586/3586 3624/3624 3781/3781
f 3386/3386 3586/3586 3781/3781
f 3712/3712 3713/3713 3409/3409
f 3401/3401 3712/3712 3409/3409
f 3617/3617 3535/3535 3794/3794
f 3694/3694 3617/3617 3794/3794
f 3439/3439 3700/3700 3583/3583
f 3438/3438 3439/3439 3583/3583
f 3454/3454 3652/3652 3659/3659
f 3453/3453 3454/3454 3659/3659
f 3794/3794 3795/3795 3693/3693
f 3694/3694 3794/3794 3693/3693
f 3684/3684 3332/3332 3740/3740
f 3687/3687 3684/3684 3740/3740
f 3699/3699 3796/3796 3780/3780
f 3776/3776 3699/3699 3780/3780
f 3448/3448 3442/3442 3727/3727
f 3731/3731 3448/3448 3727/3727
f 3543/3543 3545/3545 3430/3430
f 3431/3431 3543/3543 3430/3430
f 3726/3726 3728/3728 3443/3443
f 3567/3567 3726/3726 3443/3443
f 3389/3389 3517/3517 3747/3747
f 3753/3753 3389/3389 3747/3747
f 3361/3361 3358/3358 3703/3703
f 3487/3487 3361/3361 3703/3703
f 3336/3336 3683/3683 3429/3429
f 3335/3335 3336/3336 3429/3429
f 3792/3792 3553/3553 3554/3554
f 3751/3751 3792/3792 3554/3554
f 3418/3418 3547/3547 3357/3357
f 3536/3536 3418/3418 3357/3357
f 3616/3616 3378/3378 3379/3379
f 3444/3444 3616/3616 3379/3379
f 3304/3304 3298/3298 3294/3294
f 3303/3303 3304/3304 3294/3294
f 3738/3738 3363/3363 3781/3781
f 3534/3534 3738/3738 3781/3781
f 3274/3274 3419/3419 3278/3278
f 3261/3261 3274/3274 3278/3278
f 3669/3669 3323/3323 3271/3271
f 3272/3272 3669/3669 3271/3271
f 3797/3797 3351/3351 3311/3311
f 3526/3526 3797/3797 3311/3311
f 3734/3734 3449/3449 3450/3450
f 3456/3456 3734/3734 3450/3450
f 3407/3407 3725/3725 3724/3724
f 3675/3675 3407/3407 3724/3724
f 3762/3762 3757/3757 3761/3761
f 3760/3760 3762/3762 3761/3761
f 3591/3591 3297/3297 3299/3299
f 3300/3300 3591/3591 3299/3299
f 3304/3304 3293/3293 3290/3290
f 3286/3286 3304/3304 3290/3290
f 3738/3738 3739/3739 3770/3770
f 3625/3625 3738/3738 3770/3770
f 3352/3352 3347/3347 3278/3278
f 3465/3465 3352/3352 3278/3278
f 3772/3772 3771/3771 3568/3568
f 3570/3570 3772/3772 3568/3568
f 3347/3347 3348/3348 3302/3302
f 3278/3278 3347/3347 3302/3302
f 3348/3348 3722/3722 3306/3306
f 3302/3302 3348/3348 3306/3306
f 3730/3730 3749/3749 3396/3396
f 3729/3729 3730/3730 3396/3396
f 3796/3796 3699/3699 3556/3556
f 3557/3557 3796/3796 3556/3556
f 3535/3535 3495/3495 3788/3788
f 3794/3794 3535/3535 3788/3788
f 3512/3512 3513/3513 3523/3523
f 3535/3535 3512/3512 3523/3523
f 3468/3468 3276/3276 3381/3381
f 3470/3470 3468/3468 3381/3381
f 3302/3302 3287/3287 3277/3277
f 3278/3278 3302/3302 3277/3277
f 3778/3778 3522/3522 3783/3783
f 3777/3777 3778/3778 3783/3783
f 3773/3773 3620/3620 3783/3783
f 3774/3774 3773/3773 3783/3783
f 3686/3686 3645/3645 3331/3331
f 3685/3685 3686/3686 3331/3331
f 3728/3728 3727/3727 3442/3442
f 3443/3443 3728/3728 3442/3442
f 3785/3785 3697/3697 3698/3698
f 3775/3775 3785/3785 3698/3698
f 3767/3767 3718/3718 3719/3719
f 3766/3766 3767/3767 3719/3719
f 3557/3557 3538/3538 3539/3539
f 3796/3796 3557/3557 3539/3539
f 3758/3758 3562/3562 3391/3391
f 3754/3754 3758/3758 3391/3391
f 3709/3709 3702/3702 3366/3366
f 3706/3706 3709/3709 3366/3366
f 3640/3640 3663/3663 3789/3789
f 3639/3639 3640/3640 3789/3789
f 3572/3572 3772/3772 3570/3570
f 3571/3571 3572/3572 3570/3570
f 3554/3554 3359/3359 3436/3436
f 3704/3704 3554/3554 3436/3436
f 3690/3690 3573/3573 3569/3569
f 3479/3479 3690/3690 3569/3569
f 3478/3478 3568/3568 3771/3771
f 3691/3691 3478/3478 3771/3771
f 3691/3691 3689/3689 3476/3476
f 3478/3478 3691/3691 3476/3476
f 3490/3490 3628/3628 3606/3606
f 3530/3530 3490/3490 3606/3606
f 3506/3506 3415/3415 3496/3496
f 3505/3505 3506/3506 3496/3496
f 3479/3479 3477/3477 3688/3688
f 3690/3690 3479/3479 3688/3688
f 3594/3594 3721/3721 3373/3373
f 3370/3370 3594/3594 3373/3373
f 3407/3407 3742/3742 3409/3409
f 3725/3725 3407/3407 3409/3409
f 3625/3625 3362/3362 3363/3363
f 3738/3738 3625/3625 3363/3363
f 3310/3310 3339/3339 3340/3340
f 3551/3551 3310/3310 3340/3340
f 3723/3723 3798/3798 3715/3715
f 3337/3337 3723/3723 3715/3715
f 3426/3426 3423/3423 3799/3799
f 3681/3681 3426/3426 3799/3799
f 3336/3336 3333/3333 3800/3800
f 3793/3793 3336/3336 3800/3800
f 3788/3788 3786/3786 3795/3795
f 3794/3794 3788/3788 3795/3795
f 3495/3495 3382/3382 3383/3383
f 3788/3788 3495/3495 3383/3383
f 3674/3674 3723/3723 3337/3337
f 3338/3338 3674/3674 3337/3337
f 3696/3696 3430/3430 3412/3412
f 3413/3413 3696/3696 3412/3412
f 3744/3744 3397/3397 3733/3733
f 3743/3743 3744/3744 3733/3733
f 3540/3540 3538/3538 3316/3316
f 3317/3317 3540/3540 3316/3316
f 3706/3706 3707/3707 3708/3708
f 3709/3709 3706/3706 3708/3708
f 3401/3401 3385/3385 3584/3584
f 3306/3306 3401/3401 3584/3584
f 3309/3309 3296/3296 3297/3297
f 3591/3591 3309/3309 3297/3297
f 3437/3437 3428/3428 3486/3486
f 3487/3487 3437/3437 3486/3486
f 3546/3546 3432/3432 3433/3433
f 3547/3547 3546/3546 3433/3433
f 3537/3537 3357/3357 3315/3315
f 3316/3316 3537/3537 3315/3315
f 3418/3418 3540/3540 3317/3317
f 3515/3515 3418/3418 3317/3317
f 3456/3456 3453/3453 3648/3648
f 3734/3734 3456/3456 3648/3648
f 3405/3405 3406/3406 3742/3742
f 3407/3407 3405/3405 3742/3742
f 3683/3683 3486/3486 3428/3428
f 3429/3429 3683/3683 3428/3428
f 3466/3466 3314/3314 3311/3311
f 3465/3465 3466/3466 3311/3311
f 3784/3784 3780/3780 3796/3796
f 3539/3539 3784/3784 3796/3796
f 3400/3400 3741/3741 3404/3404
f 3402/3402 3400/3400 3404/3404
f 3491/3491 3634/3634 3628/3628
f 3490/3490 3491/3491 3628/3628
f 3576/3576 3581/3581 3655/3655
f 3580/3580 3576/3576 3655/3655
f 3750/3750 3732/3732 3398/3398
f 3399/3399 3750/3750 3398/3398
f 3729/3729 3396/3396 3397/3397
f 3744/3744 3729/3729 3397/3397
f 3768/3768 3736/3736 3737/3737
f 3518/3518 3768/3768 3737/3737
f 3731/3731 3727/3727 3614/3614
f 3615/3615 3731/3731 3614/3614
f 3273/3273 3324/3324 3759/3759
f 3588/3588 3273/3273 3759/3759
f 3427/3427 3360/3360 3361/3361
f 3431/3431 3427/3427 3361/3361
f 3376/3376 3736/3736 3745/3745
f 3375/3375 3376/3376 3745/3745
f 3782/3782 3558/3558 3780/3780
f 3784/3784 3782/3782 3780/3780
f 3411/3411 3368/3368 3369/3369
f 3413/3413 3411/3411 3369/3369
f 3400/3400 3401/3401 3409/3409
f 3742/3742 3400/3400 3409/3409
f 3561/3561 3756/3756 3755/3755
f 3587/3587 3561/3561 3755/3755
f 3289/3289 3310/3310 3551/3551
f 3552/3552 3289/3289 3551/3551
f 3746/3746 3374/3374 3375/3375
f 3745/3745 3746/3746 3375/3375
f 3462/3462 3530/3530 3633/3633
f 3461/3461 3462/3462 3633/3633
f 3288/3288 3273/3273 3270/3270
f 3286/3286 3288/3288 3270/3270
f 3463/3463 3313/3313 3459/3459
f 3469/3469 3463/3463 3459/3459
f 3420/3420 3421/3421 3482/3482
f 3502/3502 3420/3420 3482/3482
f 3574/3574 3779/3779 3489/3489
f 3485/3485 3574/3574 3489/3489
f 3323/3323 3289/3289 3276/3276
f 3271/3271 3323/3323 3276/3276
f 3765/3765 3560/3560 3548/3548
f 3559/3559 3765/3765 3548/3548
f 3728/3728 3726/3726 3378/3378
f 3616/3616 3728/3728 3378/3378
f 3625/3625 3770/3770 3532/3532
f 3533/3533 3625/3625 3532/3532
f 3630/3630 3631/3631 3668/3668
f 3627/3627 3630/3630 3668/3668
f 3455/3455 3494/3494 3416/3416
f 3735/3735 3455/3455 3416/3416
f 3760/3760 3472/3472 3473/3473
f 3762/3762 3760/3760 3473/3473
f 3495/3495 3494/3494 3450/3450
f 3382/3382 3495/3495 3450/3450
f 3385/3385 3364/3364 3365/3365
f 3584/3584 3385/3385 3365/3365
f 3355/3355 3797/3797 3526/3526
f 3315/3315 3355/3355 3526/3526
f 3445/3445 3768/3768 3518/3518
f 3387/3387 3445/3445 3518/3518
f 3735/3735 3649/3649 3454/3454
f 3455/3455 3735/3735 3454/3454
f 3276/3276 3289/3289 3552/3552
f 3343/3343 3276/3276 3552/3552
f 3381/3381 3276/3276 3343/3343
f 3344/3344 3381/3381 3343/3343
f 3340/3340 3714/3714 3550/3550
f 3551/3551 3340/3340 3550/3550
f 3511/3511 3773/3773 3774/3774
f 3513/3513 3511/3511 3774/3774
f 3351/3351 3352/3352 3465/3465
f 3311/3311 3351/3351 3465/3465
f 3681/3681 3799/3799 3798/3798
f 3723/3723 3681/3681 3798/3798
f 3355/3355 3791/3791 3801/3801
f 3797/3797 3355/3355 3801/3801
f 3797/3797 3801/3801 3350/3350
f 3351/3351 3797/3797 3350/3350
f 3348/3348 3345/3345 3790/3790
f 3722/3722 3348/3348 3790/3790
f 3792/3792 3751/3751 3752/3752
f 3769/3769 3792/3792 3752/3752
f 3421/3421 3565/3565 3481/3481
f 3482/3482 3421/3421 3481/3481
f 3552/3552 3549/3549 3342/3342
f 3343/3343 3552/3552 3342/3342
f 3488/3488 3489/3489 3779/3779
f 3692/3692 3488/3488 3779/3779
f 3651/3651 3648/3648 3453/3453
f 3659/3659 3651/3651 3453/3453
f 3713/3713 3710/3710 3716/3716
f 3682/3682 3713/3713 3716/3716
f 3658/3658 3653/3653 3654/3654
f 3657/3657 3658/3658 3654/3654
f 3265/3265 3262/3262 3281/3281
f 3759/3759 3265/3265 3281/3281
f 3793/3793 3800/3800 3671/3671
f 3672/3672 3793/3793 3671/3671
f 3756/3756 3561/3561 3562/3562
f 3758/3758 3756/3756 3562/3562
f 3305/3305 3307/3307 3590/3590
f 3300/3300 3305/3305 3590/3590
f 3594/3594 3308/3308 3589/3589
f 3542/3542 3594/3594 3589/3589
f 3457/3457 3603/3603 3610/3610
f 3524/3524 3457/3457 3610/3610
f 3353/3353 3596/3596 3602/3602
f 3593/3593 3353/3353 3602/3602
f 3327/3327 3740/3740 3332/3332
f 3326/3326 3327/3327 3332/3332
f 3505/3505 3661/3661 3622/3622
f 3528/3528 3505/3505 3622/3622
f 3267/3267 3579/3579 3577/3577
f 3266/3266 3267/3267 3577/3577
f 3647/3647 3666/3666 3662/3662
f 3646/3646 3647/3647 3662/3662
f 3365/3365 3362/3362 3624/3624
f 3586/3586 3365/3365 3624/3624
f 3665/3665 3789/3789 3663/3663
f 3664/3664 3665/3665 3663/3663
f 3633/3633 3607/3607 3634/3634
f 3491/3491 3633/3633 3634/3634
f 3804/3804 3803/3803 3802/3802
f 3807/3807 3806/3806 3805/3805
f 3808/3808 3806/3806 3807/3807
f 3811/3811 3810/3810 3809/3809
f 3812/3812 3810/3810 3811/3811
f 3815/3815 3814/3814 3813/3813
f 3816/3816 3814/3814 3815/3815
f 3819/3819 3818/3818 3817/3817
f 3813/3813 3818/3818 3819/3819
f 3821/3821 3804/3804 3820/3820
f 3822/3822 3805/3805 3806/3806
f 3823/3823 3805/3805 3822/3822
f 3825/3825 3806/3806 3824/3824
f 3822/3822 3806/3806 3825/3825
f 3824/3824 3826/3826 3825/3825
f 3827/3827 3826/3826 3824/3824
f 3823/3823 3827/3827 3805/3805
f 3826/3826 3827/3827 3823/3823
f 3830/3830 3829/3829 3828/3828
f 3832/3832 3828/3828 3831/3831
f 3833/3833 3828/3828 3832/3832
f 3835/3835 3833/3833 3834/3834
f 3836/3836 3833/3833 3835/3835
f 3838/3838 3834/3834 3837/3837
f 3835/3835 3834/3834 3838/3838
f 3841/3841 3840/3840 3839/3839
f 3844/3844 3843/3843 3842/3842
f 3845/3845 3843/3843 3844/3844
f 3847/3847 3836/3836 3846/3846
f 3840/3840 3844/3844 3848/3848
f 3849/3849 3844/3844 3840/3840
f 3838/3838 3837/3837 3846/3846
f 3852/3852 3851/3851 3850/3850
f 3848/3848 3851/3851 3852/3852
f 3837/3837 3834/3834 3853/3853
f 3856/3856 3855/3855 3854/3854
f 3857/3857 3855/3855 3856/3856
f 3860/3860 3859/3859 3858/3858
f 3861/3861 3859/3859 3860/3860
f 3843/3843 3828/3828 3839/3839
f 3864/3864 3863/3863 3862/3862
f 3865/3865 3863/3863 3864/3864
f 3866/3866 3832/3832 3831/3831
f 3867/3867 3831/3831 3816/3816
f 3802/3802 3869/3869 3868/3868
f 3803/3803 3869/3869 3802/3802
f 3872/3872 3871/3871 3870/3870
f 3873/3873 3871/3871 3872/3872
f 3813/3813 3814/3814 3818/3818
f 3868/3868 3875/3875 3874/3874
f 3869/3869 3875/3875 3868/3868
f 3878/3878 3877/3877 3876/3876
f 3879/3879 3877/3877 3878/3878
f 3882/3882 3881/3881 3880/3880
f 3883/3883 3881/3881 3882/3882
f 3886/3886 3885/3885 3884/3884
f 3887/3887 3885/3885 3886/3886
f 3890/3890 3889/3889 3888/3888
f 3891/3891 3889/3889 3890/3890
f 3894/3894 3893/3893 3892/3892
f 3895/3895 3893/3893 3894/3894
f 3896/3896 3836/3836 3835/3835
f 3897/3897 3836/3836 3896/3896
f 3899/3899 3859/3859 3898/3898
f 3900/3900 3859/3859 3899/3899
f 3844/3844 3849/3849 3845/3845
f 3903/3903 3902/3902 3901/3901
f 3904/3904 3902/3902 3903/3903
f 3907/3907 3906/3906 3905/3905
f 3908/3908 3906/3906 3907/3907
f 3911/3911 3910/3910 3909/3909
f 3912/3912 3910/3910 3911/3911
f 3915/3915 3914/3914 3913/3913
f 3916/3916 3914/3914 3915/3915
f 3919/3919 3918/3918 3917/3917
f 3920/3920 3918/3918 3919/3919
f 3923/3923 3922/3922 3921/3921
f 3925/3925 3887/3887 3924/3924
f 3926/3926 3887/3887 3925/3925
f 3907/3907 3928/3928 3927/3927
f 3929/3929 3928/3928 3907/3907
f 3932/3932 3931/3931 3930/3930
f 3935/3935 3934/3934 3933/3933
f 3882/3882 3934/3934 3935/3935
f 3938/3938 3937/3937 3936/3936
f 3941/3941 3940/3940 3939/3939
f 3942/3942 3940/3940 3941/3941
f 3945/3945 3944/3944 3943/3943
f 3945/3945 3947/3947 3946/3946
f 3947/3947 3949/3949 3948/3948
f 3936/3936 3930/3930 3950/3950
f 3932/3932 3930/3930 3936/3936
f 3923/3923 3952/3952 3951/3951
f 3953/3953 3952/3952 3923/3923
f 3956/3956 3955/3955 3954/3954
f 3958/3958 3856/3856 3957/3957
f 3959/3959 3856/3856 3958/3958
f 3961/3961 3954/3954 3960/3960
f 3964/3964 3963/3963 3962/3962
f 3965/3965 3963/3963 3964/3964
f 3968/3968 3967/3967 3966/3966
f 3969/3969 3967/3967 3968/3968
f 3972/3972 3971/3971 3970/3970
f 3971/3971 3974/3974 3973/3973
f 3977/3977 3976/3976 3975/3975
f 3978/3978 3976/3976 3977/3977
f 3980/3980 3901/3901 3979/3979
f 3903/3903 3901/3901 3980/3980
f 3983/3983 3982/3982 3981/3981
f 3986/3986 3985/3985 3984/3984
f 3987/3987 3985/3985 3986/3986
f 3989/3989 3931/3931 3988/3988
f 3930/3930 3931/3931 3989/3989
f 3984/3984 3991/3991 3990/3990
f 3985/3985 3991/3991 3984/3984
f 3925/3925 3993/3993 3992/3992
f 3995/3995 3994/3994 3812/3812
f 3957/3957 3994/3994 3995/3995
f 3998/3998 3997/3997 3996/3996
f 3999/3999 3997/3997 3998/3998
f 3856/3856 3959/3959 3993/3993
f 3857/3857 4001/4001 4000/4000
f 4002/4002 4001/4001 3857/3857
f 3924/3924 4004/4004 4003/4003
f 3856/3856 4006/4006 4005/4005
f 4009/4009 4008/4008 4007/4007
f 4010/4010 4008/4008 4009/4009
f 3817/3817 4011/4011 3819/3819
f 3938/3938 3950/3950 3949/3949
f 3936/3936 3950/3950 3938/3938
f 4014/4014 4013/4013 4012/4012
f 4017/4017 4016/4016 4015/4015
f 4018/4018 4016/4016 4017/4017
f 3817/3817 4020/4020 4019/4019
f 4021/4021 4019/4019 4020/4020
f 4022/4022 4019/4019 4021/4021
f 4025/4025 4024/4024 4023/4023
f 4026/4026 4024/4024 4025/4025
f 4023/4023 4028/4028 4027/4027
f 4024/4024 4028/4028 4023/4023
f 4030/4030 3973/3973 4029/4029
f 3904/3904 3973/3973 4030/4030
f 4031/4031 4027/4027 4028/4028
f 4032/4032 4027/4027 4031/4031
f 4004/4004 4034/4034 4033/4033
f 4036/4036 3809/3809 4035/4035
f 3811/3811 3809/3809 4036/4036
f 3958/3958 4037/4037 3959/3959
f 4040/4040 4039/4039 4038/4038
f 4043/4043 4042/4042 4041/4041
f 4044/4044 4042/4042 4043/4043
f 4046/4046 4045/4045 4013/4013
f 4026/4026 4045/4045 4046/4046
f 4048/4048 4047/4047 4038/4038
f 4050/4050 4049/4049 3860/3860
f 4053/4053 4052/4052 4051/4051
f 3861/3861 4052/4052 4053/4053
f 4056/4056 4055/4055 4054/4054
f 4059/4059 4058/4058 4057/4057
f 3931/3931 4061/4061 4060/4060
f 3932/3932 4061/4061 3931/3931
f 4064/4064 4063/4063 4062/4062
f 4065/4065 4063/4063 4064/4064
f 4057/4057 4066/4066 3860/3860
f 4002/4002 4013/4013 4008/4008
f 4002/4002 3857/3857 3856/3856
f 4010/4010 4067/4067 4008/4008
f 4068/4068 4057/4057 3961/3961
f 4059/4059 4057/4057 4068/4068
f 3856/3856 3925/3925 4006/4006
f 3993/3993 3925/3925 3856/3856
f 4070/4070 4069/4069 3995/3995
f 3856/3856 3854/3854 3957/3957
f 3958/3958 3957/3957 3995/3995
f 4039/4039 3958/3958 4038/4038
f 4037/4037 3958/3958 4039/4039
f 4053/4053 3859/3859 3861/3861
f 3817/3817 4014/4014 4020/4020
f 3818/3818 4014/4014 3817/3817
f 3958/3958 4044/4044 4043/4043
f 3861/3861 3860/3860 4043/4043
f 4040/4040 4071/4071 4050/4050
f 4072/4072 4071/4071 4040/4040
f 4005/4005 4073/4073 4034/4034
f 4006/4006 4073/4073 4005/4005
f 4076/4076 4075/4075 4074/4074
f 4077/4077 4075/4075 4076/4076
f 4078/4078 3860/3860 4066/4066
f 4050/4050 3860/3860 4078/4078
f 3900/3900 4080/4080 4079/4079
f 4083/4083 4082/4082 4081/4081
f 3913/3913 4084/4084 3915/3915
f 4085/4085 4084/4084 3913/3913
f 3961/3961 4083/4083 4080/4080
f 4087/4087 3900/3900 4086/4086
f 4089/4089 4088/4088 3974/3974
f 4089/4089 3961/3961 4090/4090
f 3975/3975 4090/4090 4091/4091
f 4094/4094 4093/4093 4092/4092
f 4095/4095 4093/4093 4094/4094
f 4096/4096 3901/3901 3902/3902
f 4097/4097 3901/3901 4096/4096
f 4100/4100 4099/4099 4098/4098
f 4101/4101 4099/4099 4100/4100
f 3975/3975 4102/4102 3977/3977
f 4091/4091 4102/4102 3975/3975
f 4087/4087 4103/4103 4091/4091
f 4106/4106 4105/4105 4104/4104
f 4107/4107 4105/4105 4106/4106
f 3962/3962 4007/4007 4045/4045
f 4025/4025 4045/4045 4026/4026
f 3965/3965 4109/4109 4108/4108
f 3964/3964 4109/4109 3965/3965
f 3818/3818 3963/3963 4046/4046
f 3987/3987 4110/4110 3921/3921
f 3986/3986 4110/4110 3987/3987
f 4022/4022 4112/4112 4111/4111
f 4021/4021 4112/4112 4022/4022
f 4113/4113 4111/4111 4112/4112
f 4114/4114 4111/4111 4113/4113
f 4116/4116 4114/4114 4115/4115
f 4111/4111 4114/4114 4116/4116
f 4108/4108 4118/4118 4117/4117
f 4109/4109 4118/4118 4108/4108
f 3810/3810 4120/4120 4119/4119
f 4121/4121 4120/4120 3810/3810
f 4035/4035 4123/4123 4122/4122
f 3809/3809 4123/4123 4035/4035
f 4119/4119 4125/4125 4124/4124
f 4120/4120 4125/4125 4119/4119
f 3982/3982 3911/3911 4126/4126
f 3955/3955 3911/3911 3982/3982
f 3935/3935 3853/3853 3882/3882
f 4106/4106 3934/3934 3938/3938
f 4106/4106 3841/3841 4107/4107
f 4129/4129 4128/4128 4127/4127
f 3908/3908 4128/4128 4129/4129
f 4105/4105 4107/4107 4130/4130
f 3807/3807 3816/3816 3815/3815
f 4131/4131 3816/3816 3807/3807
f 4058/4058 4066/4066 4057/4057
f 4056/4056 4066/4066 4058/4058
f 3935/3935 3933/3933 4130/4130
f 3841/3841 3928/3928 4127/4127
f 3849/3849 4127/4127 4128/4128
f 3938/3938 3927/3927 3928/3928
f 3848/3848 3844/3844 3842/3842
f 3842/3842 4133/4133 4132/4132
f 4134/4134 4133/4133 3842/3842
f 3838/3838 4136/4136 4135/4135
f 3846/3846 4136/4136 3838/3838
f 3914/3914 3850/3850 3851/3851
f 4137/4137 3850/3850 3914/3914
f 3897/3897 3846/3846 3836/3836
f 4136/4136 3846/3846 3897/3897
f 4140/4140 4139/4139 4138/4138
f 4141/4141 4139/4139 4140/4140
f 3913/3913 3851/3851 4132/4132
f 3914/3914 3851/3851 3913/3913
f 4141/4141 4142/4142 4139/4139
f 4143/4143 4142/4142 4141/4141
f 4145/4145 4143/4143 4144/4144
f 4142/4142 4143/4143 4145/4145
f 4144/4144 4138/4138 4145/4145
f 4140/4140 4138/4138 4144/4144
f 3852/3852 3840/3840 3848/3848
f 4000/4000 4147/4147 4146/4146
f 4001/4001 4147/4147 4000/4000
f 4149/4149 3864/3864 4148/4148
f 4150/4150 3864/3864 4149/4149
f 4153/4153 4152/4152 4151/4151
f 4154/4154 4152/4152 4153/4153
f 4156/4156 3865/3865 4155/4155
f 3863/3863 3865/3865 4156/4156
f 4158/4158 3985/3985 4157/4157
f 3991/3991 3985/3985 4158/4158
f 4087/4087 4088/4088 4103/4103
f 4086/4086 4088/4088 4087/4087
f 4068/4068 4055/4055 4059/4059
f 4054/4054 4055/4055 4068/4068
f 3987/3987 4157/4157 3985/3985
f 4159/4159 4157/4157 3987/3987
f 3983/3983 3960/3960 3982/3982
f 4160/4160 3960/3960 3983/3983
f 4064/4064 4162/4162 4161/4161
f 4163/4163 4162/4162 4064/4064
f 4071/4071 4165/4165 4164/4164
f 4072/4072 4165/4165 4071/4071
f 3994/3994 4035/4035 4121/4121
f 4036/4036 4035/4035 3994/3994
f 4156/4156 3862/3862 3863/3863
f 4166/4166 3862/3862 4156/4156
f 4076/4076 3906/3906 4167/4167
f 4168/4168 3906/3906 4076/4076
f 4164/4164 4170/4170 4169/4169
f 4165/4165 4170/4170 4164/4164
f 4171/4171 4148/4148 4155/4155
f 4149/4149 4148/4148 4171/4171
f 4174/4174 4173/4173 4172/4172
f 4175/4175 4173/4173 4174/4174
f 4073/4073 4150/4150 4149/4149
f 4176/4176 4150/4150 4073/4073
f 4067/4067 4154/4154 4153/4153
f 4010/4010 4154/4154 4067/4067
f 4177/4177 4155/4155 3865/3865
f 4171/4171 4155/4155 4177/4177
f 4180/4180 4179/4179 4178/4178
f 4181/4181 4179/4179 4180/4180
f 4184/4184 4183/4183 4182/4182
f 4185/4185 4183/4183 4184/4184
f 4150/4150 3865/3865 3864/3864
f 4177/4177 3865/3865 4150/4150
f 4186/4186 4181/4181 4151/4151
f 4179/4179 4181/4181 4186/4186
f 4187/4187 4151/4151 4152/4152
f 4186/4186 4151/4151 4187/4187
f 4188/4188 3869/3869 3870/3870
f 3875/3875 3869/3869 4188/4188
f 3870/3870 3803/3803 3872/3872
f 3869/3869 3803/3803 3870/3870
f 4041/4041 4185/4185 4184/4184
f 4042/4042 4185/4185 4041/4041
f 3812/3812 4121/4121 3810/3810
f 3994/3994 4121/4121 3812/3812
f 4051/4051 4190/4190 4189/4189
f 4052/4052 4190/4190 4051/4051
f 4193/4193 4192/4192 4191/4191
f 4194/4194 4192/4192 4193/4193
f 4196/4196 4193/4193 4195/4195
f 4197/4197 4193/4193 4196/4196
f 4121/4121 4122/4122 4120/4120
f 4035/4035 4122/4122 4121/4121
f 4199/4199 4125/4125 4198/4198
f 4124/4124 4125/4125 4199/4199
f 4202/4202 4201/4201 4200/4200
f 4194/4194 4201/4201 4202/4202
f 4197/4197 4194/4194 4193/4193
f 4201/4201 4194/4194 4197/4197
f 4072/4072 4203/4203 4165/4165
f 4047/4047 4203/4203 4072/4072
f 4042/4042 4189/4189 4185/4185
f 4051/4051 4189/4189 4042/4042
f 4204/4204 4169/4169 4172/4172
f 4164/4164 4169/4169 4204/4204
f 4052/4052 4184/4184 4190/4190
f 4041/4041 4184/4184 4052/4052
f 4190/4190 4182/4182 4205/4205
f 4184/4184 4182/4182 4190/4190
f 4205/4205 4207/4207 4206/4206
f 4182/4182 4207/4207 4205/4205
f 4209/4209 4206/4206 4208/4208
f 4205/4205 4206/4206 4209/4209
f 4165/4165 4173/4173 4170/4170
f 4203/4203 4173/4173 4165/4165
f 4185/4185 4209/4209 4183/4183
f 4189/4189 4209/4209 4185/4185
f 4174/4174 4210/4210 4175/4175
f 4211/4211 4210/4210 4174/4174
f 3808/3808 3815/3815 4212/4212
f 3807/3807 3815/3815 3808/3808
f 3873/3873 3868/3868 3871/3871
f 3802/3802 3868/3868 3873/3873
f 3829/3829 3804/3804 3818/3818
f 3803/3803 3804/3804 3829/3829
f 3866/3866 3867/3867 4212/4212
f 3831/3831 3867/3867 3866/3866
f 3845/3845 3828/3828 3843/3843
f 3830/3830 3828/3828 3845/3845
f 3828/3828 3818/3818 3814/3814
f 3829/3829 3818/3818 3828/3828
f 4141/4141 4144/4144 4143/4143
f 4140/4140 4144/4144 4141/4141
f 4215/4215 4214/4214 4213/4213
f 4216/4216 4214/4214 4215/4215
f 4217/4217 3950/3950 3880/3880
f 4218/4218 3950/3950 4217/4217
f 4220/4220 3876/3876 4219/4219
f 3878/3878 3876/3876 4220/4220
f 4219/4219 4221/4221 4220/4220
f 4222/4222 4221/4221 4219/4219
f 3878/3878 4223/4223 3972/3972
f 4220/4220 4223/4223 3878/3878
f 4224/4224 3952/3952 4218/4218
f 3969/3969 3952/3952 4224/4224
f 3969/3969 4225/4225 3952/3952
f 3968/3968 4225/4225 3969/3969
f 4215/4215 4086/4086 4216/4216
f 4226/4226 4086/4086 4215/4215
f 4216/4216 3900/3900 3899/3899
f 4086/4086 3900/3900 4216/4216
f 4229/4229 4228/4228 4227/4227
f 4230/4230 4228/4228 4229/4229
f 4012/4012 4232/4232 4231/4231
f 4011/4011 4232/4232 4012/4012
f 3965/3965 4046/4046 3963/3963
f 4026/4026 4046/4046 3965/3965
f 4053/4053 4069/4069 3859/3859
f 4044/4044 4069/4069 4053/4053
f 4013/4013 4007/4007 4008/4008
f 4045/4045 4007/4007 4013/4013
f 4231/4231 4234/4234 4233/4233
f 4232/4232 4234/4234 4231/4231
f 4136/4136 4139/4139 4142/4142
f 3897/3897 4139/4139 4136/4136
f 4013/4013 3818/3818 4046/4046
f 4014/4014 3818/3818 4013/4013
f 4186/4186 4178/4178 4179/4179
f 4187/4187 4178/4178 4186/4186
f 4028/4028 4235/4235 4031/4031
f 4117/4117 4235/4235 4028/4028
f 4237/4237 4222/4222 4236/4236
f 4221/4221 4222/4222 4237/4237
f 4238/4238 4237/4237 4160/4160
f 4221/4221 4237/4237 4238/4238
f 4238/4238 3983/3983 4239/4239
f 4160/4160 3983/3983 4238/4238
f 3953/3953 3921/3921 4110/4110
f 3923/3923 3921/3921 3953/3953
f 3961/3961 4160/4160 4068/4068
f 3960/3960 4160/4160 3961/3961
f 4242/4242 4241/4241 4240/4240
f 4098/4098 4241/4241 4242/4242
f 4238/4238 3974/3974 4223/4223
f 4239/4239 3974/3974 4238/4238
f 3972/3972 3974/3974 3971/3971
f 4223/4223 3974/3974 3972/3972
f 3956/3956 4243/4243 3912/3912
f 3981/3981 4243/4243 3956/3956
f 4243/4243 4245/4245 4244/4244
f 4126/4126 4245/4245 4243/4243
f 4126/4126 3909/3909 4245/4245
f 3911/3911 3909/3909 4126/4126
f 4247/4247 4246/4246 3979/3979
f 4248/4248 4246/4246 4247/4247
f 3912/3912 4244/4244 3910/3910
f 4243/4243 4244/4244 3912/3912
f 4249/4249 3909/3909 3910/3910
f 4250/4250 3909/3909 4249/4249
f 4251/4251 4244/4244 4245/4245
f 4252/4252 4244/4244 4251/4251
f 4255/4255 4254/4254 4253/4253
f 4256/4256 4254/4254 4255/4255
f 4147/4147 4151/4151 4181/4181
f 4153/4153 4151/4151 4147/4147
f 4146/4146 4152/4152 4154/4154
f 4180/4180 4152/4152 4146/4146
f 3881/3881 4258/4258 4257/4257
f 3883/3883 4258/4258 3881/3881
f 4225/4225 3966/3966 4259/4259
f 3968/3968 3966/3966 4225/4225
f 4262/4262 4261/4261 4260/4260
f 4263/4263 4261/4261 4262/4262
f 4154/4154 4000/4000 4146/4146
f 4010/4010 4000/4000 4154/4154
f 3915/3915 4264/4264 3916/3916
f 4084/4084 4264/4264 3915/3915
f 4265/4265 3943/3943 4255/4255
f 3849/3849 3943/3943 4265/4265
f 4224/4224 4217/4217 4266/4266
f 4218/4218 4217/4217 4224/4224
f 3953/3953 4218/4218 3952/3952
f 4267/4267 4218/4218 3953/3953
f 3923/3923 4268/4268 3922/3922
f 3951/3951 4268/4268 3923/3923
f 4268/4268 4269/4269 3922/3922
f 4267/4267 4269/4269 4268/4268
f 4269/4269 3953/3953 4110/4110
f 4267/4267 3953/3953 4269/4269
f 4159/4159 4270/4270 4157/4157
f 4271/4271 4270/4270 4159/4159
f 4272/4272 3946/3946 3947/3947
f 4273/4273 3946/3946 4272/4272
f 4158/4158 3990/3990 3991/3991
f 4274/4274 3990/3990 4158/4158
f 3955/3955 3960/3960 3954/3954
f 3982/3982 3960/3960 3955/3955
f 4002/4002 4067/4067 4001/4001
f 4008/4008 4067/4067 4002/4002
f 3939/3939 4275/4275 3941/3941
f 4276/4276 4275/4275 3939/3939
f 4277/4277 4191/4191 4192/4192
f 4278/4278 4191/4191 4277/4277
f 4134/4134 3850/3850 4133/4133
f 3852/3852 3850/3850 4134/4134
f 4169/4169 4210/4210 4211/4211
f 4170/4170 4210/4210 4169/4169
f 4040/4040 4047/4047 4072/4072
f 4038/4038 4047/4047 4040/4040
f 4279/4279 3920/3920 3919/3919
f 4280/4280 3920/3920 4279/4279
f 4278/4278 3993/3993 3959/3959
f 4277/4277 3993/3993 4278/4278
f 3854/3854 3994/3994 3957/3957
f 4036/4036 3994/3994 3854/3854
f 4037/4037 3999/3999 3998/3998
f 3992/3992 3999/3999 4037/4037
f 4071/4071 4049/4049 4050/4050
f 4048/4048 4049/4049 4071/4071
f 3835/3835 4135/4135 3896/3896
f 3838/3838 4135/4135 3835/3835
f 3860/3860 3958/3958 4043/4043
f 4049/4049 3958/3958 3860/3860
f 3930/3930 3880/3880 3950/3950
f 3989/3989 3880/3880 3930/3930
f 3882/3882 3938/3938 3934/3934
f 3937/3937 3938/3938 3882/3882
f 3938/3938 3943/3943 3927/3927
f 3945/3945 3943/3943 3938/3938
f 4282/4282 4077/4077 4281/4281
f 4075/4075 4077/4077 4282/4282
f 4230/4230 4188/4188 4283/4283
f 4229/4229 4188/4188 4230/4230
f 4285/4285 4284/4284 3948/3948
f 3944/3944 4284/4284 4285/4285
f 4286/4286 3948/3948 4284/4284
f 4287/4287 3948/3948 4286/4286
f 4273/4273 4284/4284 3946/3946
f 4286/4286 4284/4284 4273/4273
f 4061/4061 4289/4289 4288/4288
f 4290/4290 4289/4289 4061/4061
f 4216/4216 4291/4291 4214/4214
f 3899/3899 4291/4291 4216/4216
f 3942/3942 4292/4292 3940/3940
f 4293/4293 4292/4292 3942/3942
f 4247/4247 4295/4295 4294/4294
f 4097/4097 4295/4295 4247/4247
f 3936/3936 4296/4296 3932/3932
f 3937/3937 4296/4296 3936/3936
f 3870/3870 4283/4283 4188/4188
f 3871/3871 4283/4283 3870/3870
f 4088/4088 3976/3976 4103/4103
f 4089/4089 3976/3976 4088/4088
f 3820/3820 3802/3802 3873/3873
f 3804/3804 3802/3802 3820/3820
f 3872/3872 3829/3829 3830/3830
f 3803/3803 3829/3829 3872/3872
f 3832/3832 3834/3834 3833/3833
f 3853/3853 3834/3834 3832/3832
f 3974/3974 3961/3961 4089/4089
f 3954/3954 3961/3961 3974/3974
f 3841/3841 3853/3853 4107/4107
f 3837/3837 3853/3853 3841/3841
f 4107/4107 3935/3935 4130/4130
f 3853/3853 3935/3935 4107/4107
f 3937/3937 3988/3988 4296/4296
f 3989/3989 3988/3988 3937/3937
f 3841/3841 3938/3938 3928/3928
f 4106/4106 3938/3938 3841/3841
f 3934/3934 4104/4104 3933/3933
f 4106/4106 4104/4104 3934/3934
f 4297/4297 4130/4130 3933/3933
f 4298/4298 4130/4130 4297/4297
f 4299/4299 4018/4018 4017/4017
f 4298/4298 4018/4018 4299/4299
f 4301/4301 4017/4017 4300/4300
f 4299/4299 4017/4017 4301/4301
f 4302/4302 3827/3827 3824/3824
f 4131/4131 3827/3827 4302/4302
f 4018/4018 4303/4303 4016/4016
f 4304/4304 4303/4303 4018/4018
f 4286/4286 4292/4292 4276/4276
f 4273/4273 4292/4292 4286/4286
f 4148/4148 3862/3862 4166/4166
f 3864/3864 3862/3862 4148/4148
f 4300/4300 4015/4015 4305/4305
f 4017/4017 4015/4015 4300/4300
f 4306/4306 4261/4261 4263/4263
f 4307/4307 4261/4261 4306/4306
f 3978/3978 4307/4307 4306/4306
f 3977/3977 4307/4307 3978/3978
f 3978/3978 4103/4103 3976/3976
f 4308/4308 4103/4103 3978/3978
f 4308/4308 4306/4306 4309/4309
f 3978/3978 4306/4306 4308/4308
f 4256/4256 3952/3952 4225/4225
f 3951/3951 3952/3952 4256/4256
f 4102/4102 4309/4309 4310/4310
f 4308/4308 4309/4309 4102/4102
f 4307/4307 4260/4260 4261/4261
f 4310/4310 4260/4260 4307/4307
f 3977/3977 4310/4310 4307/4307
f 4102/4102 4310/4310 3977/3977
f 4003/4003 3925/3925 3924/3924
f 4006/4006 3925/3925 4003/4003
f 4086/4086 4029/4029 3973/3973
f 4226/4226 4029/4029 4086/4086
f 3903/3903 3970/3970 3971/3971
f 3980/3980 3970/3970 3903/3903
f 3874/3874 4227/4227 4228/4228
f 3875/3875 4227/4227 3874/3874
f 4290/4290 4279/4279 4289/4289
f 4311/4311 4279/4279 4290/4290
f 4248/4248 4294/4294 4312/4312
f 4247/4247 4294/4294 4248/4248
f 3956/3956 3983/3983 3981/3981
f 4239/4239 3983/3983 3956/3956
f 4313/4313 4075/4075 4282/4282
f 4074/4074 4075/4075 4313/4313
f 4060/4060 4288/4288 4280/4280
f 4061/4061 4288/4288 4060/4060
f 4280/4280 3918/3918 3920/3920
f 4288/4288 3918/3918 4280/4280
f 4090/4090 4087/4087 4091/4091
f 3900/3900 4087/4087 4090/4090
f 4115/4115 4314/4314 4116/4116
f 4315/4315 4314/4314 4115/4115
f 4059/4059 4316/4316 4062/4062
f 4055/4055 4316/4316 4059/4059
f 4058/4058 4062/4062 4063/4063
f 4059/4059 4062/4062 4058/4058
f 4056/4056 4063/4063 4317/4317
f 4058/4058 4063/4063 4056/4056
f 4163/4163 4062/4062 4316/4316
f 4064/4064 4062/4062 4163/4163
f 4319/4319 4240/4240 4318/4318
f 4242/4242 4240/4240 4319/4319
f 4320/4320 4161/4161 4162/4162
f 4321/4321 4161/4161 4320/4320
f 4161/4161 4065/4065 4064/4064
f 4321/4321 4065/4065 4161/4161
f 4302/4302 4212/4212 3867/3867
f 3808/3808 4212/4212 4302/4302
f 4004/4004 4005/4005 4034/4034
f 4013/4013 4005/4005 4004/4004
f 4178/4178 4152/4152 4180/4180
f 4187/4187 4152/4152 4178/4178
f 4013/4013 3924/3924 4012/4012
f 4004/4004 3924/3924 4013/4013
f 3821/3821 3962/3962 3963/3963
f 4007/4007 3962/3962 3821/3821
f 4160/4160 4054/4054 4068/4068
f 4078/4078 4054/4054 4160/4160
f 4014/4014 4231/4231 4020/4020
f 4012/4012 4231/4231 4014/4014
f 4011/4011 4019/4019 4232/4232
f 3817/3817 4019/4019 4011/4011
f 4233/4233 4116/4116 4314/4314
f 4234/4234 4116/4116 4233/4233
f 4117/4117 4322/4322 4235/4235
f 4118/4118 4322/4322 4117/4117
f 3841/3841 3849/3849 3840/3840
f 4127/4127 3849/3849 3841/3841
f 4263/4263 4309/4309 4306/4306
f 4262/4262 4309/4309 4263/4263
f 3929/3929 4127/4127 3928/3928
f 4129/4129 4127/4127 3929/3929
f 3882/3882 3989/3989 3937/3937
f 3880/3880 3989/3989 3882/3882
f 4319/4319 4101/4101 4323/4323
f 4099/4099 4101/4101 4319/4319
f 3929/3929 3905/3905 4324/4324
f 3907/3907 3905/3905 3929/3929
f 4131/4131 3805/3805 3827/3827
f 3807/3807 3805/3805 4131/4131
f 4167/4167 4077/4077 4076/4076
f 4324/4324 4077/4077 4167/4167
f 3902/3902 4248/4248 4096/4096
f 4246/4246 4248/4248 3902/3902
f 3858/3858 4325/4325 4082/4082
f 4079/4079 4325/4325 3858/3858
f 3945/3945 3949/3949 3947/3947
f 3938/3938 3949/3949 3945/3945
f 4163/4163 4320/4320 4162/4162
f 4326/4326 4320/4320 4163/4163
f 4135/4135 4142/4142 4145/4145
f 4136/4136 4142/4142 4135/4135
f 4080/4080 4081/4081 4327/4327
f 4083/4083 4081/4081 4080/4080
f 4009/4009 4000/4000 4010/4010
f 3857/3857 4000/4000 4009/4009
f 3830/3830 3873/3873 3872/3872
f 3820/3820 3873/3873 3830/3830
f 4033/4033 4003/4003 4004/4004
f 4176/4176 4003/4003 4033/4033
f 4195/4195 4191/4191 3996/3996
f 4193/4193 4191/4191 4195/4195
f 4146/4146 4181/4181 4180/4180
f 4147/4147 4181/4181 4146/4146
f 4155/4155 4166/4166 4156/4156
f 4148/4148 4166/4166 4155/4155
f 3823/3823 3825/3825 3826/3826
f 3822/3822 3825/3825 3823/3823
f 3861/3861 4041/4041 4052/4052
f 4043/4043 4041/4041 3861/3861
f 4298/4298 4304/4304 4018/4018
f 4297/4297 4304/4304 4298/4298
f 4030/4030 3979/3979 4246/4246
f 3980/3980 3979/3979 4030/4030
f 4297/4297 4300/4300 4304/4304
f 4301/4301 4300/4300 4297/4297
f 4109/4109 4027/4027 4118/4118
f 4023/4023 4027/4027 4109/4109
f 4065/4065 4317/4317 4063/4063
f 4326/4326 4317/4317 4065/4065
f 4318/4318 4099/4099 4319/4319
f 4328/4328 4099/4099 4318/4318
f 4327/4327 4079/4079 4080/4080
f 4325/4325 4079/4079 4327/4327
f 4099/4099 4241/4241 4098/4098
f 4328/4328 4241/4241 4099/4099
f 4024/4024 4117/4117 4028/4028
f 4108/4108 4117/4117 4024/4024
f 4047/4047 4204/4204 4203/4203
f 4048/4048 4204/4204 4047/4047
f 4203/4203 4172/4172 4173/4173
f 4204/4204 4172/4172 4203/4203
f 3926/3926 4330/4330 4329/4329
f 4331/4331 4330/4330 3926/3926
f 3887/3887 4329/4329 3885/3885
f 3926/3926 4329/4329 3887/3887
f 4044/4044 4051/4051 4042/4042
f 4053/4053 4051/4051 4044/4044
f 4040/4040 4078/4078 4039/4039
f 4050/4050 4078/4078 4040/4040
f 3958/3958 4069/4069 4044/4044
f 3995/3995 4069/4069 3958/3958
f 3854/3854 3811/3811 4036/4036
f 4070/4070 3811/3811 3854/3854
f 4202/4202 4196/4196 4195/4195
f 4200/4200 4196/4196 4202/4202
f 4208/4208 4183/4183 4209/4209
f 4332/4332 4183/4183 4208/4208
f 4199/4199 4122/4122 4123/4123
f 4198/4198 4122/4122 4199/4199
f 4123/4123 4124/4124 4199/4199
f 4119/4119 4124/4124 4123/4123
f 4085/4085 4264/4264 4084/4084
f 4137/4137 4264/4264 4085/4085
f 4132/4132 4085/4085 3913/3913
f 4133/4133 4085/4085 4132/4132
f 3897/3897 4138/4138 4139/4139
f 3896/3896 4138/4138 3897/3897
f 4170/4170 4175/4175 4210/4210
f 4173/4173 4175/4175 4170/4170
f 4245/4245 4250/4250 4251/4251
f 3909/3909 4250/4250 4245/4245
f 4026/4026 4108/4108 4024/4024
f 3965/3965 4108/4108 4026/4026
f 4070/4070 3855/3855 4069/4069
f 3854/3854 3855/3855 4070/4070
f 4100/4100 4325/4325 4101/4101
f 4082/4082 4325/4325 4100/4100
f 4265/4265 4253/4253 4333/4333
f 4255/4255 4253/4253 4265/4265
f 3841/3841 3828/3828 3847/3847
f 3839/3839 3828/3828 3841/3841
f 4070/4070 3812/3812 3811/3811
f 3995/3995 3812/3812 4070/4070
f 3895/3895 3888/3888 3893/3893
f 3890/3890 3888/3888 3895/3895
f 3899/3899 4334/4334 4291/4291
f 3898/3898 4334/4334 3899/3899
f 3947/3947 4287/4287 4272/4272
f 3948/3948 4287/4287 3947/3947
f 4296/4296 4311/4311 4290/4290
f 3988/3988 4311/4311 4296/4296
f 4096/4096 4312/4312 4335/4335
f 4248/4248 4312/4312 4096/4096
f 4293/4293 4276/4276 4292/4292
f 4275/4275 4276/4276 4293/4293
f 4336/4336 4226/4226 4215/4215
f 3879/3879 4226/4226 4336/4336
f 4223/4223 4221/4221 4238/4238
f 4220/4220 4221/4221 4223/4223
f 4129/4129 4324/4324 4167/4167
f 3929/3929 4324/4324 4129/4129
f 4255/4255 3951/3951 4256/4256
f 3943/3943 3951/3951 4255/4255
f 4160/4160 4337/4337 4078/4078
f 4237/4237 4337/4337 4160/4160
f 3981/3981 4126/4126 4243/4243
f 3982/3982 4126/4126 3981/3981
f 3996/3996 4202/4202 4195/4195
f 3997/3997 4202/4202 3996/3996
f 4337/4337 4236/4236 4338/4338
f 4237/4237 4236/4236 4337/4337
f 4228/4228 4283/4283 3874/3874
f 4230/4230 4283/4283 4228/4228
f 4242/4242 4323/4323 4339/4339
f 4319/4319 4323/4323 4242/4242
f 3990/3990 4270/4270 3984/3984
f 4274/4274 4270/4270 3990/3990
f 4086/4086 3974/3974 4088/4088
f 3973/3973 3974/3974 4086/4086
f 4269/4269 3986/3986 4271/4271
f 4110/4110 3986/3986 4269/4269
f 3932/3932 4290/4290 4061/4061
f 4296/4296 4290/4290 3932/3932
f 3904/3904 4246/4246 3902/3902
f 4030/4030 4246/4246 3904/3904
f 3879/3879 3972/3972 4226/4226
f 3878/3878 3972/3972 3879/3879
f 4335/4335 4097/4097 4096/4096
f 4295/4295 4097/4097 4335/4335
f 3961/3961 3900/3900 4090/4090
f 4080/4080 3900/3900 3961/3961
f 4159/4159 3921/3921 3922/3922
f 3987/3987 3921/3921 4159/4159
f 3847/3847 3837/3837 3841/3841
f 3846/3846 3837/3837 3847/3847
f 4281/4281 4324/4324 3905/3905
f 4077/4077 4324/4324 4281/4281
f 3818/3818 3821/3821 3963/3963
f 3804/3804 3821/3821 3818/3818
f 4212/4212 3813/3813 3866/3866
f 3815/3815 3813/3813 4212/4212
f 4340/4340 3855/3855 3894/3894
f 4069/4069 3855/3855 4340/4340
f 4277/4277 3992/3992 3993/3993
f 3999/3999 3992/3992 4277/4277
f 3950/3950 4267/4267 4268/4268
f 4218/4218 4267/4267 3950/3950
f 4305/4305 4304/4304 4300/4300
f 4303/4303 4304/4304 4305/4305
f 4134/4134 3843/3843 3839/3839
f 3842/3842 3843/3843 4134/4134
f 3847/3847 3833/3833 3836/3836
f 3828/3828 3833/3833 3847/3847
f 4281/4281 4313/4313 4282/4282
f 4168/4168 4313/4313 4281/4281
f 3895/3895 3821/3821 3890/3890
f 4007/4007 3821/3821 3895/3895
f 4315/4315 4112/4112 4314/4314
f 4113/4113 4112/4112 4315/4315
f 3890/3890 3845/3845 3891/3891
f 3821/3821 3845/3845 3890/3890
f 3891/3891 3849/3849 4265/4265
f 3845/3845 3849/3849 3891/3891
f 4273/4273 3940/3940 4292/4292
f 4272/4272 3940/3940 4273/4273
f 4339/4339 4098/4098 4242/4242
f 4100/4100 4098/4098 4339/4339
f 4078/4078 4331/4331 4039/4039
f 4337/4337 4331/4331 4078/4078
f 4054/4054 4066/4066 4056/4056
f 4078/4078 4066/4066 4054/4054
f 4011/4011 3924/3924 3819/3819
f 4012/4012 3924/3924 4011/4011
f 3845/3845 3820/3820 3830/3830
f 3821/3821 3820/3820 3845/3845
f 4321/4321 4326/4326 4065/4065
f 4320/4320 4326/4326 4321/4321
f 4316/4316 4326/4326 4163/4163
f 4317/4317 4326/4326 4316/4316
f 4229/4229 3875/3875 4188/4188
f 4227/4227 3875/3875 4229/4229
f 4271/4271 3984/3984 4270/4270
f 3986/3986 3984/3984 4271/4271
f 4328/4328 4240/4240 4241/4241
f 4318/4318 4240/4240 4328/4328
f 4310/4310 4262/4262 4260/4260
f 4309/4309 4262/4262 4310/4310
f 4100/4100 4081/4081 4082/4082
f 4339/4339 4081/4081 4100/4100
f 4301/4301 3933/3933 4104/4104
f 4297/4297 3933/3933 4301/4301
f 4252/4252 3910/3910 4244/4244
f 4249/4249 3910/3910 4252/4252
f 4182/4182 4332/4332 4207/4207
f 4183/4183 4332/4332 4182/4182
f 4115/4115 4113/4113 4315/4315
f 4114/4114 4113/4113 4115/4115
f 4097/4097 3979/3979 3901/3901
f 4247/4247 3979/3979 4097/4097
f 4234/4234 4111/4111 4116/4116
f 4022/4022 4111/4111 4234/4234
f 4021/4021 4314/4314 4112/4112
f 4233/4233 4314/4314 4021/4021
f 4233/4233 4020/4020 4231/4231
f 4021/4021 4020/4020 4233/4233
f 4034/4034 4149/4149 4171/4171
f 4073/4073 4149/4149 4034/4034
f 4049/4049 4038/4038 3958/3958
f 4048/4048 4038/4038 4049/4049
f 4022/4022 4232/4232 4019/4019
f 4234/4234 4232/4232 4022/4022
f 4137/4137 3916/3916 4264/4264
f 3914/3914 3916/3916 4137/4137
f 3950/3950 3951/3951 4285/4285
f 4268/4268 3951/3951 3950/3950
f 4168/4168 3905/3905 3906/3906
f 4281/4281 3905/3905 4168/4168
f 3853/3853 3883/3883 3882/3882
f 4094/4094 3883/3883 3853/3853
f 4266/4266 4257/4257 4341/4341
f 3881/3881 4257/4257 4266/4266
f 3969/3969 4342/4342 3967/3967
f 4224/4224 4342/4342 3969/3969
f 3879/3879 4343/4343 3877/3877
f 4336/4336 4343/4343 3879/3879
f 4331/4331 4338/4338 4330/4330
f 4337/4337 4338/4338 4331/4331
f 4039/4039 3926/3926 3925/3925
f 4331/4331 3926/3926 4039/4039
f 4217/4217 3881/3881 4266/4266
f 3880/3880 3881/3881 4217/4217
f 4239/4239 3954/3954 3974/3974
f 3956/3956 3954/3954 4239/4239
f 4287/4287 4276/4276 3939/3939
f 4286/4286 4276/4276 4287/4287
f 4083/4083 3858/3858 4082/4082
f 3860/3860 3858/3858 4083/4083
f 4249/4249 4251/4251 4250/4250
f 4252/4252 4251/4251 4249/4249
f 3943/3943 4128/4128 3927/3927
f 3849/3849 4128/4128 3943/3943
f 3852/3852 3839/3839 3840/3840
f 4134/4134 3839/3839 3852/3852
f 3980/3980 4029/4029 3970/3970
f 4030/4030 4029/4029 3980/3980
f 4089/4089 3975/3975 3976/3976
f 4090/4090 3975/3975 4089/4089
f 4079/4079 3859/3859 3900/3900
f 3858/3858 3859/3859 4079/4079
f 3961/3961 3860/3860 4083/4083
f 4057/4057 3860/3860 3961/3961
f 3999/3999 4192/4192 3997/3997
f 4277/4277 4192/4192 3999/3999
f 3949/3949 4285/4285 3948/3948
f 3950/3950 4285/4285 3949/3949
f 4226/4226 3970/3970 4029/4029
f 3972/3972 3970/3970 4226/4226
f 4009/4009 3855/3855 3857/3857
f 4007/4007 3855/3855 4009/4009
f 4327/4327 4339/4339 4323/4323
f 4081/4081 4339/4339 4327/4327
f 3944/3944 3946/3946 4284/4284
f 3945/3945 3946/3946 3944/3944
f 4033/4033 4171/4171 4177/4177
f 4034/4034 4171/4171 4033/4033
f 4120/4120 4198/4198 4125/4125
f 4122/4122 4198/4198 4120/4120
f 4293/4293 3941/3941 4275/4275
f 3942/3942 3941/3941 4293/4293
f 4272/4272 3939/3939 3940/3940
f 4287/4287 3939/3939 4272/4272
f 4311/4311 4280/4280 4279/4279
f 4060/4060 4280/4280 4311/4311
f 4274/4274 4157/4157 4270/4270
f 4158/4158 4157/4157 4274/4274
f 3816/3816 4302/4302 3867/3867
f 4131/4131 4302/4302 3816/3816
f 3971/3971 3904/3904 3903/3903
f 3973/3973 3904/3904 3971/3971
f 3919/3919 4289/4289 4279/4279
f 3917/3917 4289/4289 3919/3919
f 4325/4325 4323/4323 4101/4101
f 4327/4327 4323/4323 4325/4325
f 3955/3955 3912/3912 3911/3911
f 3956/3956 3912/3912 3955/3955
f 3944/3944 3951/3951 3943/3943
f 4285/4285 3951/3951 3944/3944
f 4105/4105 4298/4298 4299/4299
f 4130/4130 4298/4298 4105/4105
f 3832/3832 4094/4094 3853/3853
f 4095/4095 4094/4094 3832/3832
f 4288/4288 3917/3917 3918/3918
f 4289/4289 3917/3917 4288/4288
f 4006/4006 4176/4176 4073/4073
f 4003/4003 4176/4176 4006/4006
f 3831/3831 3814/3814 3816/3816
f 3828/3828 3814/3814 3831/3831
f 4005/4005 4002/4002 3856/3856
f 4013/4013 4002/4002 4005/4005
f 3962/3962 4025/4025 3964/3964
f 4045/4045 4025/4025 3962/3962
f 4118/4118 4032/4032 4322/4322
f 4027/4027 4032/4032 4118/4118
f 3866/3866 3819/3819 3832/3832
f 3813/3813 3819/3819 3866/3866
f 4308/4308 4091/4091 4103/4103
f 4102/4102 4091/4091 4308/4308
f 4271/4271 3922/3922 4269/4269
f 4159/4159 3922/3922 4271/4271
f 4168/4168 4074/4074 4313/4313
f 4076/4076 4074/4074 4168/4168
f 4172/4172 4211/4211 4174/4174
f 4169/4169 4211/4211 4172/4172
f 3998/3998 3959/3959 4037/4037
f 4278/4278 3959/3959 3998/3998
f 4303/4303 4015/4015 4016/4016
f 4305/4305 4015/4015 4303/4303
f 4039/4039 3992/3992 4037/4037
f 3925/3925 3992/3992 4039/4039
f 3927/3927 3908/3908 3907/3907
f 4128/4128 3908/3908 3927/3927
f 3898/3898 4069/4069 4340/4340
f 3859/3859 4069/4069 3898/3898
f 3988/3988 4060/4060 4311/4311
f 3931/3931 4060/4060 3988/3988
f 4278/4278 3996/3996 4191/4191
f 3998/3998 3996/3996 4278/4278
f 3819/3819 4095/4095 3832/3832
f 3886/3886 4095/4095 3819/3819
f 3924/3924 3886/3886 3819/3819
f 3887/3887 3886/3886 3924/3924
f 3883/3883 4092/4092 4258/4258
f 4094/4094 4092/4092 3883/3883
f 4055/4055 4317/4317 4316/4316
f 4056/4056 4317/4317 4055/4055
f 3894/3894 4007/4007 3895/3895
f 3855/3855 4007/4007 3894/3894
f 4224/4224 4341/4341 4342/4342
f 4266/4266 4341/4341 4224/4224
f 3898/3898 4344/4344 4334/4334
f 4340/4340 4344/4344 3898/3898
f 4340/4340 3892/3892 4344/4344
f 3894/3894 3892/3892 4340/4340
f 3891/3891 4333/4333 3889/3889
f 4265/4265 4333/4333 3891/3891
f 4335/4335 4294/4294 4295/4295
f 4312/4312 4294/4294 4335/4335
f 3964/3964 4023/4023 4109/4109
f 4025/4025 4023/4023 3964/3964
f 4095/4095 3884/3884 4093/4093
f 3886/3886 3884/3884 4095/4095
f 4031/4031 4322/4322 4032/4032
f 4235/4235 4322/4322 4031/4031
f 4194/4194 3997/3997 4192/4192
f 4202/4202 3997/3997 4194/4194
f 4256/4256 4259/4259 4254/4254
f 4225/4225 4259/4259 4256/4256
f 4200/4200 4197/4197 4196/4196
f 4201/4201 4197/4197 4200/4200
f 3808/3808 3824/3824 3806/3806
f 4302/4302 3824/3824 3808/3808
f 4336/4336 4213/4213 4343/4343
f 4215/4215 4213/4213 4336/4336
f 4299/4299 4104/4104 4105/4105
f 4301/4301 4104/4104 4299/4299
f 3848/3848 4132/4132 3851/3851
f 3842/3842 4132/4132 3848/3848
f 4137/4137 4133/4133 3850/3850
f 4085/4085 4133/4133 4137/4137
f 4001/4001 4153/4153 4147/4147
f 4067/4067 4153/4153 4001/4001
f 3896/3896 4145/4145 4138/4138
f 4135/4135 4145/4145 3896/3896
f 3871/3871 3874/3874 4283/4283
f 3868/3868 3874/3874 3871/3871
f 4048/4048 4164/4164 4204/4204
f 4071/4071 4164/4164 4048/4048
f 3809/3809 4119/4119 4123/4123
f 3810/3810 4119/4119 3809/3809
f 4189/4189 4205/4205 4209/4209
f 4190/4190 4205/4205 4189/4189
f 3908/3908 4167/4167 3906/3906
f 4129/4129 4167/4167 3908/3908
f 4208/4208 4207/4207 4332/4332
f 4206/4206 4207/4207 4208/4208
f 4176/4176 4177/4177 4150/4150
f 4033/4033 4177/4177 4176/4176
f 3261/3261 3260/3260 3259/3259
f 3264/3264 3263/3263 3262/3262
f 3265/3265 3264/3264 3262/3262
f 3268/3268 3267/3267 3266/3266
f 3269/3269 3268/3268 3266/3266
f 3272/3272 3271/3271 3270/3270
f 3273/3273 3272/3272 3270/3270
f 3276/3276 3275/3275 3274/3274
f 3271/3271 3276/3276 3274/3274
f 3278/3278 3277/3277 3261/3261
f 3279/3279 3262/3262 3263/3263
f 3280/3280 3279/3279 3263/3263
f 3282/3282 3281/3281 3262/3262
f 3279/3279 3282/3282 3262/3262
f 3281/3281 3282/3282 3283/3283
f 3284/3284 3281/3281 3283/3283
f 3280/3280 3263/3263 3284/3284
f 3283/3283 3280/3280 3284/3284
f 3287/3287 3286/3286 3285/3285
f 3289/3289 3288/3288 3286/3286
f 3290/3290 3289/3289 3286/3286
f 3292/3292 3291/3291 3290/3290
f 3293/3293 3292/3292 3290/3290
f 3295/3295 3294/3294 3291/3291
f 3292/3292 3295/3295 3291/3291
f 3298/3298 3297/3297 3296/3296
f 3301/3301 3300/3300 3299/3299
f 3302/3302 3301/3301 3299/3299
f 3304/3304 3303/3303 3293/3293
f 3296/3296 3305/3305 3301/3301
f 3306/3306 3296/3296 3301/3301
f 3295/3295 3303/3303 3294/3294
f 3309/3309 3308/3308 3307/3307
f 3305/3305 3309/3309 3307/3307
f 3294/3294 3310/3310 3291/3291
f 3313/3313 3312/3312 3311/3311
f 3314/3314 3313/3313 3311/3311
f 3317/3317 3316/3316 3315/3315
f 3318/3318 3317/3317 3315/3315
f 3299/3299 3297/3297 3286/3286
f 3321/3321 3320/3320 3319/3319
f 3322/3322 3321/3321 3319/3319
f 3323/3323 3288/3288 3289/3289
f 3324/3324 3273/3273 3288/3288
f 3260/3260 3326/3326 3325/3325
f 3259/3259 3260/3260 3325/3325
f 3329/3329 3328/3328 3327/3327
f 3330/3330 3329/3329 3327/3327
f 3271/3271 3274/3274 3270/3270
f 3326/3326 3332/3332 3331/3331
f 3325/3325 3326/3326 3331/3331
f 3335/3335 3334/3334 3333/3333
f 3336/3336 3335/3335 3333/3333
f 3339/3339 3338/3338 3337/3337
f 3340/3340 3339/3339 3337/3337
f 3343/3343 3342/3342 3341/3341
f 3344/3344 3343/3343 3341/3341
f 3347/3347 3346/3346 3345/3345
f 3348/3348 3347/3347 3345/3345
f 3351/3351 3350/3350 3349/3349
f 3352/3352 3351/3351 3349/3349
f 3353/3353 3292/3292 3293/3293
f 3354/3354 3353/3353 3293/3293
f 4345/4345 3355/3355 3315/3315
f 4346/4346 4345/4345 3315/3315
f 3301/3301 3302/3302 3306/3306
f 3360/3360 3359/3359 4347/4347
f 3361/3361 3360/3360 4347/4347
f 3364/3364 3363/3363 3362/3362
f 3365/3365 3364/3364 3362/3362
f 4349/4349 4348/4348 3366/3366
f 3369/3369 4349/4349 3366/3366
f 4352/4352 4351/4351 4350/4350
f 3373/3373 4352/4352 4350/4350
f 3376/3376 3375/3375 3374/3374
f 3377/3377 3376/3376 3374/3374
f 3380/3380 3379/3379 3378/3378
f 3382/3382 3381/3381 3344/3344
f 3383/3383 3382/3382 3344/3344
f 3364/3364 3385/3385 3384/3384
f 3386/3386 3364/3364 3384/3384
f 3389/3389 3388/3388 3387/3387
f 3392/3392 3391/3391 3390/3390
f 3339/3339 3392/3392 3390/3390
f 3395/3395 3394/3394 3393/3393
f 3398/3398 3397/3397 4353/4353
f 4354/4354 3398/3398 4353/4353
f 4355/4355 3401/3401 3400/3400
f 4355/4355 3404/3404 3403/3403
f 3403/3403 3406/3406 3405/3405
f 3394/3394 3407/3407 3388/3388
f 3389/3389 3394/3394 3388/3388
f 3380/3380 3409/3409 3408/3408
f 3410/3410 3380/3380 3408/3408
f 3413/3413 3412/3412 3411/3411
f 3415/3415 3414/3414 3313/3313
f 3416/3416 3415/3415 3313/3313
f 3418/3418 3417/3417 3412/3412
f 3421/3421 3420/3420 3419/3419
f 3422/3422 3421/3421 3419/3419
f 3425/3425 3424/3424 3423/3423
f 3426/3426 3425/3425 3423/3423
f 3429/3429 3428/3428 3427/3427
f 3427/3427 3431/3431 3430/3430
f 3434/3434 3433/3433 3432/3432
f 3435/3435 3434/3434 3432/3432
f 3437/3437 4356/4356 3359/3359
f 3360/3360 3437/3437 3359/3359
f 3440/3440 3439/3439 3438/3438
f 3443/3443 3442/3442 3441/3441
f 3444/3444 3443/3443 3441/3441
f 3446/3446 3445/3445 3387/3387
f 3388/3388 3446/3446 3387/3387
f 3442/3442 4357/4357 3447/3447
f 3441/3441 3442/3442 3447/3447
f 3382/3382 3450/3450 3449/3449
f 3452/3452 3269/3269 3451/3451
f 3414/3414 3452/3452 3451/3451
f 3455/3455 3454/3454 4358/4358
f 3456/3456 3455/3455 4358/4358
f 3313/3313 3449/3449 3416/3416
f 3314/3314 3458/3458 3457/3457
f 3459/3459 3314/3314 3457/3457
f 3381/3381 3461/3461 3460/3460
f 3313/3313 3463/3463 3462/3462
f 3466/3466 3465/3465 3464/3464
f 3467/3467 3466/3466 3464/3464
f 3275/3275 3276/3276 3468/3468
f 3395/3395 3405/3405 3407/3407
f 3394/3394 3395/3395 3407/3407
f 3471/3471 3470/3470 3469/3469
f 3474/3474 3473/3473 3472/3472
f 3475/3475 3474/3474 3472/3472
f 3275/3275 3477/3477 3476/3476
f 3478/3478 3476/3476 3477/3477
f 3479/3479 3478/3478 3477/3477
f 3482/3482 3481/3481 3480/3480
f 3483/3483 3482/3482 3480/3480
f 3481/3481 3485/3485 3484/3484
f 3480/3480 3481/3481 3484/3484
f 3487/3487 3486/3486 3431/3431
f 3361/3361 3487/3487 3431/3431
f 4359/4359 3484/3484 3485/3485
f 4360/4360 4359/4359 3485/3485
f 3460/3460 3491/3491 3490/3490
f 3493/3493 4361/4361 3267/3267
f 3268/3268 3493/3493 3267/3267
f 3415/3415 3416/3416 3494/3494
f 3497/3497 3496/3496 3495/3495
f 3500/3500 3499/3499 3498/3498
f 3501/3501 3500/3500 3498/3498
f 3503/3503 3469/3469 3502/3502
f 3483/3483 3503/3503 3502/3502
f 3505/3505 3496/3496 3504/3504
f 3507/3507 3317/3317 3506/3506
f 3510/3510 3509/3509 3508/3508
f 3318/3318 3510/3510 3508/3508
f 3513/3513 3512/3512 3511/3511
f 3516/3516 3515/3515 3514/3514
f 3387/3387 4363/4363 4362/4362
f 3389/3389 3387/3387 4362/4362
f 4364/4364 3520/3520 3519/3519
f 3522/3522 4364/4364 3519/3519
f 3515/3515 3317/3317 3523/3523
f 3459/3459 3464/3464 3469/3469
f 3459/3459 3313/3313 3314/3314
f 3467/3467 3464/3464 3524/3524
f 3525/3525 3418/3418 3515/3515
f 3516/3516 3525/3525 3515/3515
f 3313/3313 3462/3462 3382/3382
f 3449/3449 3313/3313 3382/3382
f 3527/3527 3452/3452 3526/3526
f 3313/3313 3414/3414 3312/3312
f 3415/3415 3452/3452 3414/3414
f 3495/3495 3496/3496 3415/3415
f 3494/3494 3495/3495 3415/3415
f 3510/3510 3318/3318 3315/3315
f 3275/3275 3476/3476 3471/3471
f 3274/3274 3275/3275 3471/3471
f 3415/3415 3500/3500 3501/3501
f 3318/3318 3500/3500 3317/3317
f 3497/3497 3507/3507 3528/3528
f 3529/3529 3497/3497 3528/3528
f 3463/3463 3490/3490 3530/3530
f 3462/3462 3463/3463 3530/3530
f 3533/3533 3532/3532 3531/3531
f 3534/3534 3533/3533 3531/3531
f 3535/3535 3523/3523 3317/3317
f 3507/3507 3535/3535 3317/3317
f 4346/4346 3537/3537 3536/3536
f 3540/3540 3539/3539 3538/3538
f 4351/4351 4352/4352 4365/4365
f 3542/3542 4351/4351 4365/4365
f 3418/3418 3536/3536 3540/3540
f 3544/3544 4366/4366 4346/4346
f 4367/4367 3430/3430 3545/3545
f 4367/4367 3547/3547 3418/3418
f 3433/3433 3548/3548 3547/3547
f 3551/3551 3550/3550 3549/3549
f 3552/3552 3551/3551 3549/3549
f 3553/3553 4347/4347 3359/3359
f 3554/3554 3553/3553 3359/3359
f 3557/3557 3556/3556 3555/3555
f 3558/3558 3557/3557 3555/3555
f 3433/3433 3434/3434 3559/3559
f 3548/3548 3433/3433 3559/3559
f 3544/3544 3548/3548 3560/3560
f 3563/3563 3562/3562 3561/3561
f 3564/3564 3563/3563 3561/3561
f 3420/3420 3502/3502 3465/3465
f 3482/3482 3483/3483 3502/3502
f 3422/3422 3566/3566 3565/3565
f 3421/3421 3422/3422 3565/3565
f 3274/3274 3503/3503 3419/3419
f 3444/3444 3379/3379 3567/3567
f 3443/3443 3444/3444 3567/3567
f 3479/3479 3569/3569 3568/3568
f 3478/3478 3479/3479 3568/3568
f 3570/3570 3568/3568 3569/3569
f 3571/3571 3570/3570 3569/3569
f 3573/3573 3572/3572 3571/3571
f 3569/3569 3573/3573 3571/3571
f 3566/3566 3575/3575 3574/3574
f 3565/3565 3566/3566 3574/3574
f 3266/3266 3577/3577 3576/3576
f 4368/4368 3266/3266 3576/3576
f 4361/4361 3580/3580 3579/3579
f 3267/3267 4361/4361 3579/3579
f 3577/3577 4370/4370 4369/4369
f 3576/3576 3577/3577 4369/4369
f 3438/3438 4371/4371 4349/4349
f 3411/3411 3438/3438 4349/4349
f 3392/3392 3339/3339 3310/3310
f 3563/3563 3395/3395 3390/3390
f 3563/3563 3564/3564 3298/3298
f 3586/3586 3585/3585 3584/3584
f 3365/3365 3586/3586 3584/3584
f 3561/3561 3587/3587 3564/3564
f 3264/3264 3272/3272 3273/3273
f 3588/3588 3264/3264 3273/3273
f 3514/3514 3515/3515 3523/3523
f 3513/3513 3514/3514 3523/3523
f 3392/3392 3587/3587 3391/3391
f 3298/3298 3585/3585 3384/3384
f 3306/3306 3584/3584 3585/3585
f 3395/3395 3384/3384 3385/3385
f 3305/3305 3300/3300 3301/3301
f 3300/3300 3590/3590 3589/3589
f 3591/3591 3300/3300 3589/3589
f 3295/3295 3593/3593 3592/3592
f 3303/3303 3295/3295 3592/3592
f 4350/4350 3307/3307 3308/3308
f 3594/3594 4350/4350 3308/3308
f 3354/3354 3293/3293 3303/3303
f 3592/3592 3354/3354 3303/3303
f 3597/3597 3596/3596 4372/4372
f 3598/3598 3597/3597 4372/4372
f 4351/4351 3590/3590 3307/3307
f 4350/4350 4351/4351 3307/3307
f 3598/3598 4372/4372 4373/4373
f 3600/3600 3598/3598 4373/4373
f 3602/3602 3601/3601 3600/3600
f 4373/4373 3602/3602 3600/3600
f 3601/3601 3602/3602 3596/3596
f 3597/3597 3601/3601 3596/3596
f 3309/3309 3305/3305 3296/3296
f 3458/3458 3604/3604 3603/3603
f 3457/3457 3458/3458 3603/3603
f 3606/3606 3605/3605 3321/3321
f 3607/3607 3606/3606 3321/3321
f 3610/3610 3609/3609 3608/3608
f 3611/3611 3610/3610 3608/3608
f 3613/3613 3612/3612 3322/3322
f 3319/3319 3613/3613 3322/3322
f 3615/3615 3614/3614 3441/3441
f 3447/3447 3615/3615 3441/3441
f 3544/3544 3560/3560 3545/3545
f 4366/4366 3544/3544 3545/3545
f 3525/3525 3516/3516 3511/3511
f 3512/3512 3525/3525 3511/3511
f 3444/3444 3441/3441 3614/3614
f 3616/3616 3444/3444 3614/3614
f 3440/3440 3438/3438 3417/3417
f 3617/3617 3440/3440 3417/3417
f 4364/4364 3619/3619 3618/3618
f 3620/3620 4364/4364 3618/3618
f 3528/3528 3622/3622 3621/3621
f 3529/3529 3528/3528 3621/3621
f 3451/3451 4368/4368 4361/4361
f 3493/3493 3451/3451 4361/4361
f 3613/3613 3319/3319 3320/3320
f 3623/3623 3613/3613 3320/3320
f 3533/3533 3624/3624 3362/3362
f 3625/3625 3533/3533 3362/3362
f 3622/3622 3627/3627 3626/3626
f 3621/3621 3622/3622 3626/3626
f 3628/3628 3612/3612 3605/3605
f 3606/3606 3628/3628 3605/3605
f 3631/3631 3630/3630 3629/3629
f 3632/3632 3631/3631 3629/3629
f 3530/3530 3606/3606 3607/3607
f 3633/3633 3530/3530 3607/3607
f 3524/3524 3610/3610 3611/3611
f 3467/3467 3524/3524 3611/3611
f 3634/3634 3322/3322 3612/3612
f 3628/3628 3634/3634 3612/3612
f 3637/3637 4375/4375 4374/4374
f 3638/3638 3637/3637 4374/4374
f 3641/3641 3640/3640 3639/3639
f 3642/3642 3641/3641 3639/3639
f 3607/3607 3321/3321 3322/3322
f 3634/3634 3607/3607 3322/3322
f 3643/3643 3609/3609 3638/3638
f 4374/4374 3643/3643 3638/3638
f 3644/3644 3608/3608 3609/3609
f 3643/3643 3644/3644 3609/3609
f 3645/3645 3328/3328 3325/3325
f 3331/3331 3645/3645 3325/3325
f 3328/3328 3329/3329 3259/3259
f 3325/3325 3328/3328 3259/3259
f 3499/3499 3641/3641 3642/3642
f 3498/3498 3499/3499 3642/3642
f 3269/3269 3266/3266 4368/4368
f 3451/3451 3269/3269 4368/4368
f 3509/3509 3647/3647 3646/3646
f 3508/3508 3509/3509 3646/3646
f 3650/3650 3649/3649 4376/4376
f 3651/3651 3650/3650 4376/4376
f 3653/3653 3652/3652 3650/3650
f 3654/3654 3653/3653 3650/3650
f 4368/4368 3576/3576 3580/3580
f 4361/4361 4368/4368 3580/3580
f 3656/3656 3655/3655 4369/4369
f 4370/4370 3656/3656 4369/4369
f 3659/3659 3658/3658 3657/3657
f 3651/3651 3659/3659 3657/3657
f 3654/3654 3650/3650 3651/3651
f 3657/3657 3654/3654 3651/3651
f 3529/3529 3621/3621 3660/3660
f 3504/3504 3529/3529 3660/3660
f 3498/3498 3642/3642 3647/3647
f 3509/3509 3498/3498 3647/3647
f 3661/3661 3630/3630 3627/3627
f 3622/3622 3661/3661 3627/3627
f 3508/3508 3646/3646 3641/3641
f 3499/3499 3508/3508 3641/3641
f 3646/3646 3662/3662 3640/3640
f 3641/3641 3646/3646 3640/3640
f 3662/3662 4378/4378 4377/4377
f 3640/3640 3662/3662 4377/4377
f 3666/3666 3665/3665 4378/4378
f 3662/3662 3666/3666 4378/4378
f 3621/3621 3626/3626 3629/3629
f 3660/3660 3621/3621 3629/3629
f 3642/3642 3639/3639 3666/3666
f 3647/3647 3642/3642 3666/3666
f 3631/3631 3632/3632 3667/3667
f 3668/3668 3631/3631 3667/3667
f 3265/3265 3669/3669 3272/3272
f 3264/3264 3265/3265 3272/3272
f 3330/3330 3327/3327 3326/3326
f 3260/3260 3330/3330 3326/3326
f 3285/3285 3274/3274 3261/3261
f 3259/3259 3285/3285 3261/3261
f 3323/3323 3669/3669 3324/3324
f 3288/3288 3323/3323 3324/3324
f 3302/3302 3299/3299 3286/3286
f 3287/3287 3302/3302 3286/3286
f 3286/3286 3270/3270 3274/3274
f 3285/3285 3286/3286 3274/3274
f 3598/3598 3600/3600 3601/3601
f 3597/3597 3598/3598 3601/3601
f 3672/3672 3671/3671 3670/3670
f 4379/4379 3672/3672 3670/3670
f 3674/3674 3338/3338 3407/3407
f 3675/3675 3674/3674 3407/3407
f 3677/3677 3676/3676 3334/3334
f 3335/3335 3677/3677 3334/3334
f 3676/3676 3677/3677 3678/3678
f 3679/3679 3676/3676 3678/3678
f 3335/3335 3429/3429 3680/3680
f 3677/3677 3335/3335 3680/3680
f 3681/3681 3675/3675 3408/3408
f 3426/3426 3681/3681 3408/3408
f 3426/3426 3408/3408 3682/3682
f 3425/3425 3426/3426 3682/3682
f 3672/3672 4379/4379 4366/4366
f 3683/3683 3672/3672 4366/4366
f 4379/4379 4345/4345 4346/4346
f 4366/4366 4379/4379 4346/4346
f 3686/3686 4381/4381 4380/4380
f 3687/3687 3686/3686 4380/4380
f 3470/3470 3689/3689 3688/3688
f 3468/3468 3470/3470 3688/3688
f 3422/3422 3419/3419 3503/3503
f 3483/3483 3422/3422 3503/3503
f 3510/3510 3315/3315 3526/3526
f 3501/3501 3510/3510 3526/3526
f 3469/3469 3464/3464 3465/3465
f 3502/3502 3469/3469 3465/3465
f 3689/3689 3691/3691 3690/3690
f 3688/3688 3689/3689 3690/3690
f 3592/3592 4373/4373 4372/4372
f 3354/3354 3592/3592 4372/4372
f 3469/3469 3503/3503 3274/3274
f 3471/3471 3469/3469 3274/3274
f 3643/3643 4374/4374 4375/4375
f 3644/3644 3643/3643 4375/4375
f 3484/3484 4359/4359 3692/3692
f 3575/3575 3484/3484 3692/3692
f 3694/3694 4382/4382 3679/3679
f 3678/3678 3694/3694 3679/3679
f 3695/3695 3617/3617 3694/3694
f 3678/3678 3695/3695 3694/3694
f 3695/3695 3696/3696 3440/3440
f 3617/3617 3695/3695 3440/3440
f 3410/3410 3567/3567 3379/3379
f 3380/3380 3410/3410 3379/3379
f 3418/3418 3525/3525 3617/3617
f 3417/3417 3418/3418 3617/3617
f 3699/3699 3698/3698 3697/3697
f 3556/3556 3699/3699 3697/3697
f 3695/3695 3680/3680 3430/3430
f 3696/3696 3695/3695 3430/3430
f 3429/3429 3427/3427 3430/3430
f 3680/3680 3429/3429 3430/3430
f 3413/3413 3369/3369 3700/3700
f 3439/3439 3413/3413 3700/3700
f 3700/3700 3702/3702 4383/4383
f 4371/4371 3700/3700 4383/4383
f 4371/4371 4383/4383 4348/4348
f 4349/4349 4371/4371 4348/4348
f 3704/3704 4356/4356 3703/3703
f 3705/3705 3704/3704 3703/3703
f 3369/3369 3366/3366 3702/3702
f 3700/3700 3369/3369 3702/3702
f 3706/3706 3366/3366 4348/4348
f 3707/3707 3706/3706 4348/4348
f 3708/3708 4383/4383 3702/3702
f 3709/3709 3708/3708 3702/3702
f 3712/3712 3711/3711 3710/3710
f 3713/3713 3712/3712 3710/3710
f 3603/3603 3638/3638 3609/3609
f 3610/3610 3603/3603 3609/3609
f 3604/3604 3611/3611 3608/3608
f 3637/3637 3604/3604 3608/3608
f 3337/3337 3715/3715 3714/3714
f 3340/3340 3337/3337 3714/3714
f 3682/3682 3716/3716 3424/3424
f 3425/3425 3682/3682 3424/3424
f 4384/4384 3718/3718 3717/3717
f 3720/3720 4384/4384 3717/3717
f 3611/3611 3604/3604 3458/3458
f 3467/3467 3611/3611 3458/3458
f 4352/4352 3373/3373 3721/3721
f 4365/4365 4352/4352 3721/3721
f 3722/3722 3712/3712 3401/3401
f 3306/3306 3722/3722 3401/3401
f 3681/3681 3723/3723 3674/3674
f 3675/3675 3681/3681 3674/3674
f 3410/3410 3408/3408 3675/3675
f 3724/3724 3410/3410 3675/3675
f 3380/3380 3378/3378 3725/3725
f 3409/3409 3380/3380 3725/3725
f 3725/3725 3378/3378 3726/3726
f 3724/3724 3725/3725 3726/3726
f 3726/3726 3567/3567 3410/3410
f 3724/3724 3726/3726 3410/3410
f 3616/3616 3614/3614 3727/3727
f 3728/3728 3616/3616 3727/3727
f 3729/3729 3403/3403 3404/3404
f 3730/3730 3729/3729 3404/3404
f 3615/3615 3447/3447 4357/4357
f 3731/3731 3615/3615 4357/4357
f 3411/3411 3412/3412 3417/3417
f 3438/3438 3411/3411 3417/3417
f 3459/3459 3457/3457 3524/3524
f 3464/3464 3459/3459 3524/3524
f 3397/3397 3398/3398 3732/3732
f 3733/3733 3397/3397 3732/3732
f 3734/3734 4376/4376 3649/3649
f 3735/3735 3734/3734 3649/3649
f 3591/3591 3589/3589 3308/3308
f 3309/3309 3591/3591 3308/3308
f 3627/3627 3668/3668 3667/3667
f 3626/3626 3627/3627 3667/3667
f 3497/3497 3529/3529 3504/3504
f 3496/3496 3497/3497 3504/3504
f 3736/3736 3376/3376 3377/3377
f 4385/4385 3736/3736 3377/3377
f 3735/3735 3416/3416 3449/3449
f 3734/3734 3735/3735 3449/3449
f 3312/3312 3414/3414 3451/3451
f 3493/3493 3312/3312 3451/3451
f 3494/3494 3455/3455 3456/3456
f 3450/3450 3494/3494 3456/3456
f 3528/3528 3507/3507 3506/3506
f 3505/3505 3528/3528 3506/3506
f 3292/3292 3353/3353 3593/3593
f 3295/3295 3292/3292 3593/3593
f 3317/3317 3500/3500 3415/3415
f 3506/3506 3317/3317 3415/3415
f 3388/3388 3407/3407 3338/3338
f 3446/3446 3388/3388 3338/3338
f 3339/3339 3390/3390 3395/3395
f 3393/3393 3339/3339 3395/3395
f 3395/3395 3385/3385 3401/3401
f 4355/4355 3395/3395 3401/3401
f 3739/3739 3738/3738 3534/3534
f 3531/3531 3739/3739 3534/3534
f 3687/3687 3740/3740 3645/3645
f 3686/3686 3687/3687 3645/3645
f 3742/3742 3406/3406 3741/3741
f 3400/3400 3742/3742 3741/3741
f 3743/3743 3741/3741 3406/3406
f 3744/3744 3743/3743 3406/3406
f 3730/3730 3404/3404 3741/3741
f 3743/3743 3730/3730 3741/3741
f 4362/4362 4386/4386 3745/3745
f 3747/3747 4362/4362 3745/3745
f 4379/4379 3670/3670 4387/4387
f 4345/4345 4379/4379 4387/4387
f 4354/4354 4353/4353 3749/3749
f 3750/3750 4354/4354 3749/3749
f 3704/3704 3752/3752 3751/3751
f 3554/3554 3704/3704 3751/3751
f 3394/3394 3389/3389 3753/3753
f 3393/3393 3394/3394 3753/3753
f 3328/3328 3645/3645 3740/3740
f 3327/3327 3328/3328 3740/3740
f 3545/3545 3560/3560 3432/3432
f 4367/4367 3545/3545 3432/3432
f 3277/3277 3330/3330 3260/3260
f 3261/3261 3277/3277 3260/3260
f 3329/3329 3287/3287 3285/3285
f 3259/3259 3329/3329 3285/3285
f 3289/3289 3290/3290 3291/3291
f 3310/3310 3289/3289 3291/3291
f 3430/3430 4367/4367 3418/3418
f 3412/3412 3430/3430 3418/3418
f 3298/3298 3564/3564 3310/3310
f 3294/3294 3298/3298 3310/3310
f 3564/3564 3587/3587 3392/3392
f 3310/3310 3564/3564 3392/3392
f 3393/3393 3753/3753 3445/3445
f 3446/3446 3393/3393 3445/3445
f 3298/3298 3384/3384 3395/3395
f 3563/3563 3298/3298 3395/3395
f 3390/3390 3391/3391 3562/3562
f 3563/3563 3390/3390 3562/3562
f 3754/3754 3391/3391 3587/3587
f 3755/3755 3754/3754 3587/3587
f 3756/3756 3474/3474 3475/3475
f 3755/3755 3756/3756 3475/3475
f 3758/3758 3757/3757 3474/3474
f 3756/3756 3758/3758 3474/3474
f 3759/3759 3281/3281 3284/3284
f 3588/3588 3759/3759 3284/3284
f 3475/3475 3472/3472 3760/3760
f 3761/3761 3475/3475 3760/3760
f 3743/3743 3733/3733 3749/3749
f 3730/3730 3743/3743 3749/3749
f 3605/3605 3623/3623 3320/3320
f 3321/3321 3605/3605 3320/3320
f 3757/3757 3762/3762 3473/3473
f 3474/3474 3757/3757 3473/3473
f 3763/3763 3720/3720 3717/3717
f 3764/3764 3763/3763 3717/3717
f 3435/3435 3763/3763 3764/3764
f 3434/3434 3435/3435 3764/3764
f 3435/3435 3432/3432 3560/3560
f 3765/3765 3435/3435 3560/3560
f 3765/3765 3766/3766 3763/3763
f 3435/3435 3765/3765 3763/3763
f 3713/3713 3682/3682 3408/3408
f 3409/3409 3713/3713 3408/3408
f 3559/3559 3767/3767 3766/3766
f 3765/3765 3559/3559 3766/3766
f 3764/3764 3717/3717 3718/3718
f 3767/3767 3764/3764 3718/3718
f 3434/3434 3764/3764 3767/3767
f 3559/3559 3434/3434 3767/3767
f 3461/3461 3381/3381 3382/3382
f 3462/3462 3461/3461 3382/3382
f 4366/4366 3431/3431 3486/3486
f 3683/3683 4366/4366 3486/3486
f 3360/3360 3427/3427 3428/3428
f 3437/3437 3360/3360 3428/3428
f 3332/3332 4380/4380 4381/4381
f 3331/3331 3332/3332 4381/4381
f 3747/3747 3745/3745 3736/3736
f 3768/3768 3747/3747 3736/3736
f 3705/3705 3769/3769 3752/3752
f 3704/3704 3705/3705 3752/3752
f 3413/3413 3439/3439 3440/3440
f 3696/3696 3413/3413 3440/3440
f 3770/3770 3739/3739 3531/3531
f 3532/3532 3770/3770 3531/3531
f 4363/4363 4385/4385 4386/4386
f 4362/4362 4363/4363 4386/4386
f 4385/4385 3377/3377 3374/3374
f 4386/4386 4385/4385 3374/3374
f 3547/3547 3548/3548 3544/3544
f 4346/4346 3547/3547 3544/3544
f 3572/3572 3573/3573 3771/3771
f 3772/3772 3572/3572 3771/3771
f 3516/3516 3520/3520 3773/3773
f 3511/3511 3516/3516 3773/3773
f 3514/3514 3519/3519 3520/3520
f 3516/3516 3514/3514 3520/3520
f 3513/3513 3774/3774 3519/3519
f 3514/3514 3513/3513 3519/3519
f 3620/3620 3773/3773 3520/3520
f 4364/4364 3620/3620 3520/3520
f 3776/3776 3775/3775 3698/3698
f 3699/3699 3776/3776 3698/3698
f 3777/3777 3618/3618 3619/3619
f 3778/3778 3777/3777 3619/3619
f 3619/3619 4364/4364 3522/3522
f 3778/3778 3619/3619 3522/3522
f 3759/3759 3324/3324 3669/3669
f 3265/3265 3759/3759 3669/3669
f 3460/3460 3490/3490 3463/3463
f 3469/3469 3460/3460 3463/3463
f 4375/4375 3637/3637 3608/3608
f 3644/3644 4375/4375 3608/3608
f 3469/3469 3470/3470 3381/3381
f 3460/3460 3469/3469 3381/3381
f 3278/3278 3419/3419 3420/3420
f 3465/3465 3278/3278 3420/3420
f 3617/3617 3525/3525 3512/3512
f 3535/3535 3617/3617 3512/3512
f 3471/3471 3476/3476 3689/3689
f 3470/3470 3471/3471 3689/3689
f 3468/3468 3688/3688 3477/3477
f 3275/3275 3468/3468 3477/3477
f 3691/3691 3771/3771 3573/3573
f 3690/3690 3691/3691 3573/3573
f 3575/3575 3692/3692 3779/3779
f 3574/3574 3575/3575 3779/3779
f 3298/3298 3296/3296 3306/3306
f 3585/3585 3298/3298 3306/3306
f 3720/3720 3763/3763 3766/3766
f 4384/4384 3720/3720 3766/3766
f 3386/3386 3384/3384 3585/3585
f 3586/3586 3386/3386 3585/3585
f 3339/3339 3393/3393 3446/3446
f 3338/3338 3339/3339 3446/3446
f 3776/3776 3780/3780 3558/3558
f 3555/3555 3776/3776 3558/3558
f 3386/3386 3781/3781 3363/3363
f 3364/3364 3386/3386 3363/3363
f 3588/3588 3284/3284 3263/3263
f 3264/3264 3588/3588 3263/3263
f 3624/3624 3533/3533 3534/3534
f 3781/3781 3624/3624 3534/3534
f 4347/4347 3553/3553 3705/3705
f 3703/3703 4347/4347 3705/3705
f 3316/3316 3538/3538 3782/3782
f 3537/3537 3316/3316 3782/3782
f 4355/4355 3403/3403 3405/3405
f 3395/3395 4355/4355 3405/3405
f 3620/3620 3618/3618 3777/3777
f 3783/3783 3620/3620 3777/3777
f 3593/3593 3602/3602 4373/4373
f 3592/3592 3593/3593 4373/4373
f 3536/3536 3784/3784 3539/3539
f 3540/3540 3536/3536 3539/3539
f 3466/3466 3467/3467 3458/3458
f 3314/3314 3466/3466 3458/3458
f 3287/3287 3329/3329 3330/3330
f 3277/3277 3287/3287 3330/3330
f 3491/3491 3460/3460 3461/3461
f 3633/3633 3491/3491 3461/3461
f 3652/3652 3454/3454 3649/3649
f 3650/3650 3652/3652 3649/3649
f 3604/3604 3637/3637 3638/3638
f 3603/3603 3604/3604 3638/3638
f 3612/3612 3613/3613 3623/3623
f 3605/3605 3612/3612 3623/3623
f 3280/3280 3283/3283 3282/3282
f 3279/3279 3280/3280 3282/3282
f 3318/3318 3508/3508 3499/3499
f 3500/3500 3318/3318 3499/3499
f 3755/3755 3475/3475 3761/3761
f 3754/3754 3755/3755 3761/3761
f 3487/3487 3703/3703 4356/4356
f 3437/3437 3487/3487 4356/4356
f 3754/3754 3761/3761 3757/3757
f 3758/3758 3754/3754 3757/3757
f 3565/3565 3574/3574 3485/3485
f 3481/3481 3565/3565 3485/3485
f 3522/3522 3519/3519 3774/3774
f 3783/3783 3522/3522 3774/3774
f 3775/3775 3776/3776 3555/3555
f 3785/3785 3775/3775 3555/3555
f 3784/3784 3536/3536 3537/3537
f 3782/3782 3784/3784 3537/3537
f 3555/3555 3556/3556 3697/3697
f 3785/3785 3555/3555 3697/3697
f 3480/3480 3484/3484 3575/3575
f 3566/3566 3480/3480 3575/3575
f 3504/3504 3660/3660 3661/3661
f 3505/3505 3504/3504 3661/3661
f 3660/3660 3629/3629 3630/3630
f 3661/3661 3660/3660 3630/3630
f 3383/3383 3787/3787 3786/3786
f 3788/3788 3383/3383 3786/3786
f 3344/3344 3341/3341 3787/3787
f 3383/3383 3344/3344 3787/3787
f 3501/3501 3498/3498 3509/3509
f 3510/3510 3501/3501 3509/3509
f 3497/3497 3495/3495 3535/3535
f 3507/3507 3497/3497 3535/3535
f 3415/3415 3501/3501 3526/3526
f 3452/3452 3415/3415 3526/3526
f 3312/3312 3493/3493 3268/3268
f 3527/3527 3312/3312 3268/3268
f 3659/3659 3652/3652 3653/3653
f 3658/3658 3659/3659 3653/3653
f 3665/3665 3666/3666 3639/3639
f 3789/3789 3665/3665 3639/3639
f 3656/3656 3579/3579 3580/3580
f 3655/3655 3656/3656 3580/3580
f 3579/3579 3656/3656 4370/4370
f 3577/3577 3579/3579 4370/4370
f 3542/3542 4365/4365 3721/3721
f 3594/3594 3542/3542 3721/3721
f 3590/3590 4351/4351 3542/3542
f 3589/3589 3590/3590 3542/3542
f 3354/3354 4372/4372 3596/3596
f 3353/3353 3354/3354 3596/3596
f 3626/3626 3667/3667 3632/3632
f 3629/3629 3626/3626 3632/3632
f 4383/4383 3708/3708 3707/3707
f 4348/4348 4383/4383 3707/3707
f 3483/3483 3480/3480 3566/3566
f 3422/3422 3483/3483 3566/3566
f 3527/3527 3526/3526 3311/3311
f 3312/3312 3527/3527 3311/3311
f 3557/3557 3558/3558 3782/3782
f 3538/3538 3557/3557 3782/3782
f 3722/3722 3790/3790 3711/3711
f 3712/3712 3722/3722 3711/3711
f 3298/3298 3304/3304 3286/3286
f 3297/3297 3298/3298 3286/3286
f 3527/3527 3268/3268 3269/3269
f 3452/3452 3527/3527 3269/3269
f 3352/3352 3349/3349 3346/3346
f 3347/3347 3352/3352 3346/3346
f 4345/4345 4387/4387 3791/3791
f 3355/3355 4345/4345 3791/3791
f 3403/3403 3729/3729 3744/3744
f 3406/3406 3403/3403 3744/3744
f 3753/3753 3747/3747 3768/3768
f 3445/3445 3753/3753 3768/3768
f 3553/3553 3792/3792 3769/3769
f 3705/3705 3553/3553 3769/3769
f 3750/3750 3749/3749 3733/3733
f 3732/3732 3750/3750 3733/3733
f 3793/3793 3672/3672 3683/3683
f 3336/3336 3793/3793 3683/3683
f 3680/3680 3695/3695 3678/3678
f 3677/3677 3680/3680 3678/3678
f 3586/3586 3624/3624 3781/3781
f 3386/3386 3586/3586 3781/3781
f 3712/3712 3713/3713 3409/3409
f 3401/3401 3712/3712 3409/3409
f 3617/3617 3535/3535 3794/3794
f 3694/3694 3617/3617 3794/3794
f 3439/3439 3700/3700 4371/4371
f 3438/3438 3439/3439 4371/4371
f 3454/3454 3652/3652 3659/3659
f 4358/4358 3454/3454 3659/3659
f 3794/3794 3795/3795 4382/4382
f 3694/3694 3794/3794 4382/4382
f 4380/4380 3332/3332 3740/3740
f 3687/3687 4380/4380 3740/3740
f 3699/3699 3796/3796 3780/3780
f 3776/3776 3699/3699 3780/3780
f 4357/4357 3442/3442 3727/3727
f 3731/3731 4357/4357 3727/3727
f 4366/4366 3545/3545 3430/3430
f 3431/3431 4366/4366 3430/3430
f 3726/3726 3728/3728 3443/3443
f 3567/3567 3726/3726 3443/3443
f 3389/3389 4362/4362 3747/3747
f 3753/3753 3389/3389 3747/3747
f 3361/3361 4347/4347 3703/3703
f 3487/3487 3361/3361 3703/3703
f 3336/3336 3683/3683 3429/3429
f 3335/3335 3336/3336 3429/3429
f 3792/3792 3553/3553 3554/3554
f 3751/3751 3792/3792 3554/3554
f 3418/3418 3547/3547 4346/4346
f 3536/3536 3418/3418 4346/4346
f 3616/3616 3378/3378 3379/3379
f 3444/3444 3616/3616 3379/3379
f 3304/3304 3298/3298 3294/3294
f 3303/3303 3304/3304 3294/3294
f 3738/3738 3363/3363 3781/3781
f 3534/3534 3738/3738 3781/3781
f 3274/3274 3419/3419 3278/3278
f 3261/3261 3274/3274 3278/3278
f 3669/3669 3323/3323 3271/3271
f 3272/3272 3669/3669 3271/3271
f 3797/3797 3351/3351 3311/3311
f 3526/3526 3797/3797 3311/3311
f 3734/3734 3449/3449 3450/3450
f 3456/3456 3734/3734 3450/3450
f 3407/3407 3725/3725 3724/3724
f 3675/3675 3407/3407 3724/3724
f 3762/3762 3757/3757 3761/3761
f 3760/3760 3762/3762 3761/3761
f 3591/3591 3297/3297 3299/3299
f 3300/3300 3591/3591 3299/3299
f 3304/3304 3293/3293 3290/3290
f 3286/3286 3304/3304 3290/3290
f 3738/3738 3739/3739 3770/3770
f 3625/3625 3738/3738 3770/3770
f 3352/3352 3347/3347 3278/3278
f 3465/3465 3352/3352 3278/3278
f 3772/3772 3771/3771 3568/3568
f 3570/3570 3772/3772 3568/3568
f 3347/3347 3348/3348 3302/3302
f 3278/3278 3347/3347 3302/3302
f 3348/3348 3722/3722 3306/3306
f 3302/3302 3348/3348 3306/3306
f 3730/3730 3749/3749 4353/4353
f 3729/3729 3730/3730 4353/4353
f 3796/3796 3699/3699 3556/3556
f 3557/3557 3796/3796 3556/3556
f 3535/3535 3495/3495 3788/3788
f 3794/3794 3535/3535 3788/3788
f 3512/3512 3513/3513 3523/3523
f 3535/3535 3512/3512 3523/3523
f 3468/3468 3276/3276 3381/3381
f 3470/3470 3468/3468 3381/3381
f 3302/3302 3287/3287 3277/3277
f 3278/3278 3302/3302 3277/3277
f 3778/3778 3522/3522 3783/3783
f 3777/3777 3778/3778 3783/3783
f 3773/3773 3620/3620 3783/3783
f 3774/3774 3773/3773 3783/3783
f 3686/3686 3645/3645 3331/3331
f 4381/4381 3686/3686 3331/3331
f 3728/3728 3727/3727 3442/3442
f 3443/3443 3728/3728 3442/3442
f 3785/3785 3697/3697 3698/3698
f 3775/3775 3785/3785 3698/3698
f 3767/3767 3718/3718 4384/4384
f 3766/3766 3767/3767 4384/4384
f 3557/3557 3538/3538 3539/3539
f 3796/3796 3557/3557 3539/3539
f 3758/3758 3562/3562 3391/3391
f 3754/3754 3758/3758 3391/3391
f 3709/3709 3702/3702 3366/3366
f 3706/3706 3709/3709 3366/3366
f 3640/3640 4377/4377 3789/3789
f 3639/3639 3640/3640 3789/3789
f 3572/3572 3772/3772 3570/3570
f 3571/3571 3572/3572 3570/3570
f 3554/3554 3359/3359 4356/4356
f 3704/3704 3554/3554 4356/4356
f 3690/3690 3573/3573 3569/3569
f 3479/3479 3690/3690 3569/3569
f 3478/3478 3568/3568 3771/3771
f 3691/3691 3478/3478 3771/3771
f 3691/3691 3689/3689 3476/3476
f 3478/3478 3691/3691 3476/3476
f 3490/3490 3628/3628 3606/3606
f 3530/3530 3490/3490 3606/3606
f 3506/3506 3415/3415 3496/3496
f 3505/3505 3506/3506 3496/3496
f 3479/3479 3477/3477 3688/3688
f 3690/3690 3479/3479 3688/3688
f 3594/3594 3721/3721 3373/3373
f 4350/4350 3594/3594 3373/3373
f 3407/3407 3742/3742 3409/3409
f 3725/3725 3407/3407 3409/3409
f 3625/3625 3362/3362 3363/3363
f 3738/3738 3625/3625 3363/3363
f 3310/3310 3339/3339 3340/3340
f 3551/3551 3310/3310 3340/3340
f 3723/3723 3798/3798 3715/3715
f 3337/3337 3723/3723 3715/3715
f 3426/3426 3423/3423 3799/3799
f 3681/3681 3426/3426 3799/3799
f 3336/3336 3333/3333 3800/3800
f 3793/3793 3336/3336 3800/3800
f 3788/3788 3786/3786 3795/3795
f 3794/3794 3788/3788 3795/3795
f 3495/3495 3382/3382 3383/3383
f 3788/3788 3495/3495 3383/3383
f 3674/3674 3723/3723 3337/3337
f 3338/3338 3674/3674 3337/3337
f 3696/3696 3430/3430 3412/3412
f 3413/3413 3696/3696 3412/3412
f 3744/3744 3397/3397 3733/3733
f 3743/3743 3744/3744 3733/3733
f 3540/3540 3538/3538 3316/3316
f 3317/3317 3540/3540 3316/3316
f 3706/3706 3707/3707 3708/3708
f 3709/3709 3706/3706 3708/3708
f 3401/3401 3385/3385 3584/3584
f 3306/3306 3401/3401 3584/3584
f 3309/3309 3296/3296 3297/3297
f 3591/3591 3309/3309 3297/3297
f 3437/3437 3428/3428 3486/3486
f 3487/3487 3437/3437 3486/3486
f 4367/4367 3432/3432 3433/3433
f 3547/3547 4367/4367 3433/3433
f 3537/3537 4346/4346 3315/3315
f 3316/3316 3537/3537 3315/3315
f 3418/3418 3540/3540 3317/3317
f 3515/3515 3418/3418 3317/3317
f 3456/3456 4358/4358 4376/4376
f 3734/3734 3456/3456 4376/4376
f 3405/3405 3406/3406 3742/3742
f 3407/3407 3405/3405 3742/3742
f 3683/3683 3486/3486 3428/3428
f 3429/3429 3683/3683 3428/3428
f 3466/3466 3314/3314 3311/3311
f 3465/3465 3466/3466 3311/3311
f 3784/3784 3780/3780 3796/3796
f 3539/3539 3784/3784 3796/3796
f 3400/3400 3741/3741 3404/3404
f 4355/4355 3400/3400 3404/3404
f 3491/3491 3634/3634 3628/3628
f 3490/3490 3491/3491 3628/3628
f 3576/3576 4369/4369 3655/3655
f 3580/3580 3576/3576 3655/3655
f 3750/3750 3732/3732 3398/3398
f 4354/4354 3750/3750 3398/3398
f 3729/3729 4353/4353 3397/3397
f 3744/3744 3729/3729 3397/3397
f 3768/3768 3736/3736 4385/4385
f 4363/4363 3768/3768 4385/4385
f 3731/3731 3727/3727 3614/3614
f 3615/3615 3731/3731 3614/3614
f 3273/3273 3324/3324 3759/3759
f 3588/3588 3273/3273 3759/3759
f 3427/3427 3360/3360 3361/3361
f 3431/3431 3427/3427 3361/3361
f 3376/3376 3736/3736 3745/3745
f 3375/3375 3376/3376 3745/3745
f 3782/3782 3558/3558 3780/3780
f 3784/3784 3782/3782 3780/3780
f 3411/3411 4349/4349 3369/3369
f 3413/3413 3411/3411 3369/3369
f 3400/3400 3401/3401 3409/3409
f 3742/3742 3400/3400 3409/3409
f 3561/3561 3756/3756 3755/3755
f 3587/3587 3561/3561 3755/3755
f 3289/3289 3310/3310 3551/3551
f 3552/3552 3289/3289 3551/3551
f 4386/4386 3374/3374 3375/3375
f 3745/3745 4386/4386 3375/3375
f 3462/3462 3530/3530 3633/3633
f 3461/3461 3462/3462 3633/3633
f 3288/3288 3273/3273 3270/3270
f 3286/3286 3288/3288 3270/3270
f 3463/3463 3313/3313 3459/3459
f 3469/3469 3463/3463 3459/3459
f 3420/3420 3421/3421 3482/3482
f 3502/3502 3420/3420 3482/3482
f 3574/3574 3779/3779 4360/4360
f 3485/3485 3574/3574 4360/4360
f 3323/3323 3289/3289 3276/3276
f 3271/3271 3323/3323 3276/3276
f 3765/3765 3560/3560 3548/3548
f 3559/3559 3765/3765 3548/3548
f 3728/3728 3726/3726 3378/3378
f 3616/3616 3728/3728 3378/3378
f 3625/3625 3770/3770 3532/3532
f 3533/3533 3625/3625 3532/3532
f 3630/3630 3631/3631 3668/3668
f 3627/3627 3630/3630 3668/3668
f 3455/3455 3494/3494 3416/3416
f 3735/3735 3455/3455 3416/3416
f 3760/3760 3472/3472 3473/3473
f 3762/3762 3760/3760 3473/3473
f 3495/3495 3494/3494 3450/3450
f 3382/3382 3495/3495 3450/3450
f 3385/3385 3364/3364 3365/3365
f 3584/3584 3385/3385 3365/3365
f 3355/3355 3797/3797 3526/3526
f 3315/3315 3355/3355 3526/3526
f 3445/3445 3768/3768 4363/4363
f 3387/3387 3445/3445 4363/4363
f 3735/3735 3649/3649 3454/3454
f 3455/3455 3735/3735 3454/3454
f 3276/3276 3289/3289 3552/3552
f 3343/3343 3276/3276 3552/3552
f 3381/3381 3276/3276 3343/3343
f 3344/3344 3381/3381 3343/3343
f 3340/3340 3714/3714 3550/3550
f 3551/3551 3340/3340 3550/3550
f 3511/3511 3773/3773 3774/3774
f 3513/3513 3511/3511 3774/3774
f 3351/3351 3352/3352 3465/3465
f 3311/3311 3351/3351 3465/3465
f 3681/3681 3799/3799 3798/3798
f 3723/3723 3681/3681 3798/3798
f 3355/3355 3791/3791 3801/3801
f 3797/3797 3355/3355 3801/3801
f 3797/3797 3801/3801 3350/3350
f 3351/3351 3797/3797 3350/3350
f 3348/3348 3345/3345 3790/3790
f 3722/3722 3348/3348 3790/3790
f 3792/3792 3751/3751 3752/3752
f 3769/3769 3792/3792 3752/3752
f 3421/3421 3565/3565 3481/3481
f 3482/3482 3421/3421 3481/3481
f 3552/3552 3549/3549 3342/3342
f 3343/3343 3552/3552 3342/3342
f 4359/4359 4360/4360 3779/3779
f 3692/3692 4359/4359 3779/3779
f 3651/3651 4376/4376 4358/4358
f 3659/3659 3651/3651 4358/4358
f 3713/3713 3710/3710 3716/3716
f 3682/3682 3713/3713 3716/3716
f 3658/3658 3653/3653 3654/3654
f 3657/3657 3658/3658 3654/3654
f 3265/3265 3262/3262 3281/3281
f 3759/3759 3265/3265 3281/3281
f 3793/3793 3800/3800 3671/3671
f 3672/3672 3793/3793 3671/3671
f 3756/3756 3561/3561 3562/3562
f 3758/3758 3756/3756 3562/3562
f 3305/3305 3307/3307 3590/3590
f 3300/3300 3305/3305 3590/3590
f 3594/3594 3308/3308 3589/3589
f 3542/3542 3594/3594 3589/3589
f 3457/3457 3603/3603 3610/3610
f 3524/3524 3457/3457 3610/3610
f 3353/3353 3596/3596 3602/3602
f 3593/3593 3353/3353 3602/3602
f 3327/3327 3740/3740 3332/3332
f 3326/3326 3327/3327 3332/3332
f 3505/3505 3661/3661 3622/3622
f 3528/3528 3505/3505 3622/3622
f 3267/3267 3579/3579 3577/3577
f 3266/3266 3267/3267 3577/3577
f 3647/3647 3666/3666 3662/3662
f 3646/3646 3647/3647 3662/3662
f 3365/3365 3362/3362 3624/3624
f 3586/3586 3365/3365 3624/3624
f 3665/3665 3789/3789 4377/4377
f 4378/4378 3665/3665 4377/4377
f 3633/3633 3607/3607 3634/3634
f 3491/3491 3633/3633 3634/3634
f 3804/3804 3803/3803 3802/3802
f 3807/3807 3806/3806 3805/3805
f 3808/3808 3806/3806 3807/3807
f 3811/3811 3810/3810 3809/3809
f 3812/3812 3810/3810 3811/3811
f 3815/3815 3814/3814 3813/3813
f 3816/3816 3814/3814 3815/3815
f 3819/3819 3818/3818 4388/4388
f 3813/3813 3818/3818 3819/3819
f 3821/3821 3804/3804 3820/3820
f 3822/3822 3805/3805 3806/3806
f 3823/3823 3805/3805 3822/3822
f 3825/3825 3806/3806 3824/3824
f 3822/3822 3806/3806 3825/3825
f 3824/3824 3826/3826 3825/3825
f 3827/3827 3826/3826 3824/3824
f 3823/3823 3827/3827 3805/3805
f 3826/3826 3827/3827 3823/3823
f 3830/3830 3829/3829 3828/3828
f 3832/3832 3828/3828 3831/3831
f 4389/4389 3828/3828 3832/3832
f 3835/3835 4389/4389 3834/3834
f 4390/4390 4389/4389 3835/3835
f 3838/3838 3834/3834 3837/3837
f 3835/3835 3834/3834 3838/3838
f 3841/3841 3840/3840 3839/3839
f 4393/4393 4392/4392 4391/4391
f 3845/3845 4392/4392 4393/4393
f 4395/4395 4390/4390 4394/4394
f 3840/3840 4393/4393 4396/4396
f 3849/3849 4393/4393 3840/3840
f 3838/3838 3837/3837 4394/4394
f 3852/3852 3851/3851 3850/3850
f 4396/4396 3851/3851 3852/3852
f 3837/3837 3834/3834 3853/3853
f 3856/3856 3855/3855 3854/3854
f 3857/3857 3855/3855 3856/3856
f 3860/3860 3859/3859 3858/3858
f 3861/3861 3859/3859 3860/3860
f 4392/4392 3828/3828 3839/3839
f 3864/3864 3863/3863 3862/3862
f 3865/3865 3863/3863 3864/3864
f 3866/3866 3832/3832 3831/3831
f 3867/3867 3831/3831 3816/3816
f 3802/3802 3869/3869 3868/3868
f 3803/3803 3869/3869 3802/3802
f 3872/3872 3871/3871 3870/3870
f 3873/3873 3871/3871 3872/3872
f 3813/3813 3814/3814 3818/3818
f 3868/3868 3875/3875 3874/3874
f 3869/3869 3875/3875 3868/3868
f 3878/3878 3877/3877 3876/3876
f 3879/3879 3877/3877 3878/3878
f 3882/3882 3881/3881 3880/3880
f 4397/4397 3881/3881 3882/3882
f 3886/3886 3885/3885 3884/3884
f 3887/3887 3885/3885 3886/3886
f 3890/3890 3889/3889 3888/3888
f 3891/3891 3889/3889 3890/3890
f 3894/3894 3893/3893 3892/3892
f 3895/3895 3893/3893 3894/3894
f 3896/3896 4390/4390 3835/3835
f 3897/3897 4390/4390 3896/3896
f 3899/3899 3859/3859 3898/3898
f 3900/3900 3859/3859 3899/3899
f 4393/4393 3849/3849 3845/3845
f 3903/3903 3902/3902 3901/3901
f 3904/3904 3902/3902 3903/3903
f 3907/3907 3906/3906 3905/3905
f 3908/3908 3906/3906 3907/3907
f 3911/3911 3910/3910 3909/3909
f 3912/3912 3910/3910 3911/3911
f 3915/3915 4399/4399 4398/4398
f 4400/4400 4399/4399 3915/3915
f 3919/3919 3918/3918 3917/3917
f 3920/3920 3918/3918 3919/3919
f 3923/3923 4401/4401 3921/3921
f 3925/3925 3887/3887 3924/3924
f 3926/3926 3887/3887 3925/3925
f 3907/3907 3928/3928 3927/3927
f 3929/3929 3928/3928 3907/3907
f 3932/3932 3931/3931 4402/4402
f 4403/4403 3934/3934 3933/3933
f 3882/3882 3934/3934 4403/4403
f 3938/3938 4404/4404 3936/3936
f 3941/3941 4405/4405 3939/3939
f 3942/3942 4405/4405 3941/3941
f 3945/3945 3944/3944 3943/3943
f 3945/3945 3947/3947 3946/3946
f 3947/3947 3949/3949 4406/4406
f 3936/3936 4402/4402 3950/3950
f 3932/3932 4402/4402 3936/3936
f 3923/3923 3952/3952 3951/3951
f 3953/3953 3952/3952 3923/3923
f 4408/4408 3955/3955 4407/4407
f 3958/3958 3856/3856 3957/3957
f 3959/3959 3856/3856 3958/3958
f 3961/3961 4407/4407 3960/3960
f 3964/3964 4409/4409 3962/3962
f 3965/3965 4409/4409 3964/3964
f 3968/3968 3967/3967 3966/3966
f 3969/3969 3967/3967 3968/3968
f 3972/3972 3971/3971 3970/3970
f 3971/3971 3974/3974 3973/3973
f 3977/3977 3976/3976 3975/3975
f 3978/3978 3976/3976 3977/3977
f 3980/3980 3901/3901 3979/3979
f 3903/3903 3901/3901 3980/3980
f 4410/4410 3982/3982 3981/3981
f 3986/3986 3985/3985 3984/3984
f 3987/3987 3985/3985 3986/3986
f 3989/3989 3931/3931 4411/4411
f 4402/4402 3931/3931 3989/3989
f 3984/3984 3991/3991 3990/3990
f 3985/3985 3991/3991 3984/3984
f 3925/3925 3993/3993 3992/3992
f 3995/3995 3994/3994 3812/3812
f 3957/3957 3994/3994 3995/3995
f 3998/3998 3997/3997 3996/3996
f 3999/3999 3997/3997 3998/3998
f 3856/3856 3959/3959 3993/3993
f 3857/3857 4001/4001 4000/4000
f 4002/4002 4001/4001 3857/3857
f 3924/3924 4004/4004 4003/4003
f 3856/3856 4006/4006 4005/4005
f 4009/4009 4008/4008 4007/4007
f 4010/4010 4008/4008 4009/4009
f 4388/4388 4412/4412 3819/3819
f 3938/3938 3950/3950 3949/3949
f 3936/3936 3950/3950 3938/3938
f 4014/4014 4013/4013 4012/4012
f 4017/4017 4016/4016 4015/4015
f 4018/4018 4016/4016 4017/4017
f 4388/4388 4020/4020 4019/4019
f 4021/4021 4019/4019 4020/4020
f 4022/4022 4019/4019 4021/4021
f 4025/4025 4024/4024 4023/4023
f 4026/4026 4024/4024 4025/4025
f 4023/4023 4028/4028 4027/4027
f 4024/4024 4028/4028 4023/4023
f 4030/4030 3973/3973 4029/4029
f 3904/3904 3973/3973 4030/4030
f 4031/4031 4027/4027 4028/4028
f 4413/4413 4027/4027 4031/4031
f 4004/4004 4034/4034 4033/4033
f 4036/4036 3809/3809 4035/4035
f 3811/3811 3809/3809 4036/4036
f 3958/3958 4037/4037 3959/3959
f 4040/4040 4039/4039 4038/4038
f 4043/4043 4042/4042 4041/4041
f 4044/4044 4042/4042 4043/4043
f 4414/4414 4045/4045 4013/4013
f 4026/4026 4045/4045 4414/4414
f 4415/4415 4047/4047 4038/4038
f 4050/4050 4049/4049 3860/3860
f 4053/4053 4417/4417 4416/4416
f 3861/3861 4417/4417 4053/4053
f 4056/4056 4055/4055 4054/4054
f 4059/4059 4058/4058 4057/4057
f 3931/3931 4061/4061 4060/4060
f 3932/3932 4061/4061 3931/3931
f 4064/4064 4063/4063 4062/4062
f 4065/4065 4063/4063 4064/4064
f 4057/4057 4066/4066 3860/3860
f 4002/4002 4013/4013 4008/4008
f 4002/4002 3857/3857 3856/3856
f 4010/4010 4067/4067 4008/4008
f 4068/4068 4057/4057 3961/3961
f 4059/4059 4057/4057 4068/4068
f 3856/3856 3925/3925 4006/4006
f 3993/3993 3925/3925 3856/3856
f 4070/4070 4069/4069 3995/3995
f 3856/3856 3854/3854 3957/3957
f 3958/3958 3957/3957 3995/3995
f 4039/4039 3958/3958 4038/4038
f 4037/4037 3958/3958 4039/4039
f 4053/4053 3859/3859 3861/3861
f 4388/4388 4014/4014 4020/4020
f 3818/3818 4014/4014 4388/4388
f 3958/3958 4044/4044 4043/4043
f 3861/3861 3860/3860 4043/4043
f 4040/4040 4418/4418 4050/4050
f 4072/4072 4418/4418 4040/4040
f 4005/4005 4073/4073 4034/4034
f 4006/4006 4073/4073 4005/4005
f 4076/4076 4419/4419 4074/4074
f 4077/4077 4419/4419 4076/4076
f 4078/4078 3860/3860 4066/4066
f 4050/4050 3860/3860 4078/4078
f 3900/3900 4080/4080 4079/4079
f 4083/4083 4082/4082 4081/4081
f 4398/4398 4084/4084 3915/3915
f 4085/4085 4084/4084 4398/4398
f 3961/3961 4083/4083 4080/4080
f 4087/4087 3900/3900 4086/4086
f 4089/4089 4088/4088 3974/3974
f 4089/4089 3961/3961 4420/4420
f 3975/3975 4420/4420 4091/4091
f 4094/4094 4093/4093 4092/4092
f 4095/4095 4093/4093 4094/4094
f 4096/4096 3901/3901 3902/3902
f 4097/4097 3901/3901 4096/4096
f 4100/4100 4099/4099 4098/4098
f 4101/4101 4099/4099 4100/4100
f 3975/3975 4102/4102 3977/3977
f 4091/4091 4102/4102 3975/3975
f 4087/4087 4103/4103 4091/4091
f 4106/4106 4105/4105 4104/4104
f 4107/4107 4105/4105 4106/4106
f 3962/3962 4007/4007 4045/4045
f 4025/4025 4045/4045 4026/4026
f 3965/3965 4109/4109 4108/4108
f 3964/3964 4109/4109 3965/3965
f 3818/3818 4409/4409 4414/4414
f 3987/3987 4110/4110 3921/3921
f 3986/3986 4110/4110 3987/3987
f 4022/4022 4112/4112 4111/4111
f 4021/4021 4112/4112 4022/4022
f 4421/4421 4111/4111 4112/4112
f 4114/4114 4111/4111 4421/4421
f 4116/4116 4114/4114 4115/4115
f 4111/4111 4114/4114 4116/4116
f 4108/4108 4118/4118 4117/4117
f 4109/4109 4118/4118 4108/4108
f 3810/3810 4120/4120 4119/4119
f 4121/4121 4120/4120 3810/3810
f 4035/4035 4123/4123 4122/4122
f 3809/3809 4123/4123 4035/4035
f 4119/4119 4422/4422 4124/4124
f 4120/4120 4422/4422 4119/4119
f 3982/3982 3911/3911 4126/4126
f 3955/3955 3911/3911 3982/3982
f 4403/4403 3853/3853 3882/3882
f 4106/4106 3934/3934 3938/3938
f 4106/4106 3841/3841 4107/4107
f 4129/4129 4128/4128 4127/4127
f 3908/3908 4128/4128 4129/4129
f 4105/4105 4107/4107 4130/4130
f 3807/3807 3816/3816 3815/3815
f 4131/4131 3816/3816 3807/3807
f 4058/4058 4066/4066 4057/4057
f 4056/4056 4066/4066 4058/4058
f 4403/4403 3933/3933 4130/4130
f 3841/3841 3928/3928 4127/4127
f 3849/3849 4127/4127 4128/4128
f 3938/3938 3927/3927 3928/3928
f 4396/4396 4393/4393 4391/4391
f 4391/4391 4133/4133 4132/4132
f 4134/4134 4133/4133 4391/4391
f 3838/3838 4136/4136 4135/4135
f 4394/4394 4136/4136 3838/3838
f 4399/4399 3850/3850 3851/3851
f 4137/4137 3850/3850 4399/4399
f 3897/3897 4394/4394 4390/4390
f 4136/4136 4394/4394 3897/3897
f 4140/4140 4423/4423 4138/4138
f 4141/4141 4423/4423 4140/4140
f 4398/4398 3851/3851 4132/4132
f 4399/4399 3851/3851 4398/4398
f 4141/4141 4424/4424 4423/4423
f 4143/4143 4424/4424 4141/4141
f 4145/4145 4143/4143 4144/4144
f 4424/4424 4143/4143 4145/4145
f 4144/4144 4138/4138 4145/4145
f 4140/4140 4138/4138 4144/4144
f 3852/3852 3840/3840 4396/4396
f 4000/4000 4147/4147 4146/4146
f 4001/4001 4147/4147 4000/4000
f 4149/4149 3864/3864 4148/4148
f 4150/4150 3864/3864 4149/4149
f 4153/4153 4152/4152 4151/4151
f 4154/4154 4152/4152 4153/4153
f 4156/4156 3865/3865 4155/4155
f 3863/3863 3865/3865 4156/4156
f 4158/4158 3985/3985 4425/4425
f 3991/3991 3985/3985 4158/4158
f 4087/4087 4088/4088 4103/4103
f 4086/4086 4088/4088 4087/4087
f 4068/4068 4055/4055 4059/4059
f 4054/4054 4055/4055 4068/4068
f 3987/3987 4425/4425 3985/3985
f 4159/4159 4425/4425 3987/3987
f 4410/4410 3960/3960 3982/3982
f 4160/4160 3960/3960 4410/4410
f 4064/4064 4162/4162 4161/4161
f 4163/4163 4162/4162 4064/4064
f 4418/4418 4165/4165 4164/4164
f 4072/4072 4165/4165 4418/4418
f 3994/3994 4035/4035 4121/4121
f 4036/4036 4035/4035 3994/3994
f 4156/4156 3862/3862 3863/3863
f 4166/4166 3862/3862 4156/4156
f 4076/4076 3906/3906 4167/4167
f 4168/4168 3906/3906 4076/4076
f 4164/4164 4170/4170 4169/4169
f 4165/4165 4170/4170 4164/4164
f 4171/4171 4148/4148 4155/4155
f 4149/4149 4148/4148 4171/4171
f 4174/4174 4173/4173 4172/4172
f 4175/4175 4173/4173 4174/4174
f 4073/4073 4150/4150 4149/4149
f 4176/4176 4150/4150 4073/4073
f 4067/4067 4154/4154 4153/4153
f 4010/4010 4154/4154 4067/4067
f 4177/4177 4155/4155 3865/3865
f 4171/4171 4155/4155 4177/4177
f 4180/4180 4179/4179 4178/4178
f 4181/4181 4179/4179 4180/4180
f 4184/4184 4183/4183 4182/4182
f 4185/4185 4183/4183 4184/4184
f 4150/4150 3865/3865 3864/3864
f 4177/4177 3865/3865 4150/4150
f 4426/4426 4181/4181 4151/4151
f 4179/4179 4181/4181 4426/4426
f 4427/4427 4151/4151 4152/4152
f 4426/4426 4151/4151 4427/4427
f 4188/4188 3869/3869 3870/3870
f 3875/3875 3869/3869 4188/4188
f 3870/3870 3803/3803 3872/3872
f 3869/3869 3803/3803 3870/3870
f 4041/4041 4185/4185 4184/4184
f 4042/4042 4185/4185 4041/4041
f 3812/3812 4121/4121 3810/3810
f 3994/3994 4121/4121 3812/3812
f 4416/4416 4190/4190 4189/4189
f 4417/4417 4190/4190 4416/4416
f 4193/4193 4192/4192 4191/4191
f 4194/4194 4192/4192 4193/4193
f 4196/4196 4193/4193 4195/4195
f 4197/4197 4193/4193 4196/4196
f 4121/4121 4122/4122 4120/4120
f 4035/4035 4122/4122 4121/4121
f 4429/4429 4422/4422 4428/4428
f 4124/4124 4422/4422 4429/4429
f 4202/4202 4431/4431 4430/4430
f 4194/4194 4431/4431 4202/4202
f 4197/4197 4194/4194 4193/4193
f 4431/4431 4194/4194 4197/4197
f 4072/4072 4203/4203 4165/4165
f 4047/4047 4203/4203 4072/4072
f 4042/4042 4189/4189 4185/4185
f 4416/4416 4189/4189 4042/4042
f 4204/4204 4169/4169 4172/4172
f 4164/4164 4169/4169 4204/4204
f 4417/4417 4184/4184 4190/4190
f 4041/4041 4184/4184 4417/4417
f 4190/4190 4182/4182 4205/4205
f 4184/4184 4182/4182 4190/4190
f 4205/4205 4207/4207 4206/4206
f 4182/4182 4207/4207 4205/4205
f 4209/4209 4206/4206 4432/4432
f 4205/4205 4206/4206 4209/4209
f 4165/4165 4173/4173 4170/4170
f 4203/4203 4173/4173 4165/4165
f 4185/4185 4209/4209 4183/4183
f 4189/4189 4209/4209 4185/4185
f 4174/4174 4210/4210 4175/4175
f 4211/4211 4210/4210 4174/4174
f 3808/3808 3815/3815 4212/4212
f 3807/3807 3815/3815 3808/3808
f 3873/3873 3868/3868 3871/3871
f 3802/3802 3868/3868 3873/3873
f 3829/3829 3804/3804 3818/3818
f 3803/3803 3804/3804 3829/3829
f 3866/3866 3867/3867 4212/4212
f 3831/3831 3867/3867 3866/3866
f 3845/3845 3828/3828 4392/4392
f 3830/3830 3828/3828 3845/3845
f 3828/3828 3818/3818 3814/3814
f 3829/3829 3818/3818 3828/3828
f 4141/4141 4144/4144 4143/4143
f 4140/4140 4144/4144 4141/4141
f 4215/4215 4214/4214 4213/4213
f 4216/4216 4214/4214 4215/4215
f 4217/4217 3950/3950 3880/3880
f 4218/4218 3950/3950 4217/4217
f 4220/4220 3876/3876 4219/4219
f 3878/3878 3876/3876 4220/4220
f 4219/4219 4221/4221 4220/4220
f 4222/4222 4221/4221 4219/4219
f 3878/3878 4223/4223 3972/3972
f 4220/4220 4223/4223 3878/3878
f 4224/4224 3952/3952 4218/4218
f 3969/3969 3952/3952 4224/4224
f 3969/3969 4225/4225 3952/3952
f 3968/3968 4225/4225 3969/3969
f 4215/4215 4086/4086 4216/4216
f 4226/4226 4086/4086 4215/4215
f 4216/4216 3900/3900 3899/3899
f 4086/4086 3900/3900 4216/4216
f 4433/4433 4228/4228 4227/4227
f 4434/4434 4228/4228 4433/4433
f 4012/4012 4232/4232 4231/4231
f 4412/4412 4232/4232 4012/4012
f 3965/3965 4414/4414 4409/4409
f 4026/4026 4414/4414 3965/3965
f 4053/4053 4069/4069 3859/3859
f 4044/4044 4069/4069 4053/4053
f 4013/4013 4007/4007 4008/4008
f 4045/4045 4007/4007 4013/4013
f 4231/4231 4234/4234 4233/4233
f 4232/4232 4234/4234 4231/4231
f 4136/4136 4423/4423 4424/4424
f 3897/3897 4423/4423 4136/4136
f 4013/4013 3818/3818 4414/4414
f 4014/4014 3818/3818 4013/4013
f 4426/4426 4178/4178 4179/4179
f 4427/4427 4178/4178 4426/4426
f 4028/4028 4435/4435 4031/4031
f 4117/4117 4435/4435 4028/4028
f 4237/4237 4222/4222 4236/4236
f 4221/4221 4222/4222 4237/4237
f 4238/4238 4237/4237 4160/4160
f 4221/4221 4237/4237 4238/4238
f 4238/4238 4410/4410 4239/4239
f 4160/4160 4410/4410 4238/4238
f 3953/3953 3921/3921 4110/4110
f 3923/3923 3921/3921 3953/3953
f 3961/3961 4160/4160 4068/4068
f 3960/3960 4160/4160 3961/3961
f 4242/4242 4436/4436 4240/4240
f 4098/4098 4436/4436 4242/4242
f 4238/4238 3974/3974 4223/4223
f 4239/4239 3974/3974 4238/4238
f 3972/3972 3974/3974 3971/3971
f 4223/4223 3974/3974 3972/3972
f 4408/4408 4243/4243 3912/3912
f 3981/3981 4243/4243 4408/4408
f 4243/4243 4245/4245 4437/4437
f 4126/4126 4245/4245 4243/4243
f 4126/4126 3909/3909 4245/4245
f 3911/3911 3909/3909 4126/4126
f 4247/4247 4246/4246 3979/3979
f 4248/4248 4246/4246 4247/4247
f 3912/3912 4437/4437 3910/3910
f 4243/4243 4437/4437 3912/3912
f 4249/4249 3909/3909 3910/3910
f 4250/4250 3909/3909 4249/4249
f 4251/4251 4437/4437 4245/4245
f 4252/4252 4437/4437 4251/4251
f 4255/4255 4254/4254 4253/4253
f 4256/4256 4254/4254 4255/4255
f 4147/4147 4151/4151 4181/4181
f 4153/4153 4151/4151 4147/4147
f 4146/4146 4152/4152 4154/4154
f 4180/4180 4152/4152 4146/4146
f 3881/3881 4258/4258 4257/4257
f 4397/4397 4258/4258 3881/3881
f 4225/4225 3966/3966 4259/4259
f 3968/3968 3966/3966 4225/4225
f 4262/4262 4261/4261 4260/4260
f 4263/4263 4261/4261 4262/4262
f 4154/4154 4000/4000 4146/4146
f 4010/4010 4000/4000 4154/4154
f 3915/3915 4438/4438 4400/4400
f 4084/4084 4438/4438 3915/3915
f 4265/4265 3943/3943 4255/4255
f 3849/3849 3943/3943 4265/4265
f 4224/4224 4217/4217 4266/4266
f 4218/4218 4217/4217 4224/4224
f 3953/3953 4218/4218 3952/3952
f 4267/4267 4218/4218 3953/3953
f 3923/3923 4268/4268 4401/4401
f 3951/3951 4268/4268 3923/3923
f 4268/4268 4269/4269 4401/4401
f 4267/4267 4269/4269 4268/4268
f 4269/4269 3953/3953 4110/4110
f 4267/4267 3953/3953 4269/4269
f 4159/4159 4270/4270 4425/4425
f 4271/4271 4270/4270 4159/4159
f 4272/4272 3946/3946 3947/3947
f 4273/4273 3946/3946 4272/4272
f 4158/4158 3990/3990 3991/3991
f 4274/4274 3990/3990 4158/4158
f 3955/3955 3960/3960 4407/4407
f 3982/3982 3960/3960 3955/3955
f 4002/4002 4067/4067 4001/4001
f 4008/4008 4067/4067 4002/4002
f 3939/3939 4275/4275 3941/3941
f 4276/4276 4275/4275 3939/3939
f 4277/4277 4191/4191 4192/4192
f 4278/4278 4191/4191 4277/4277
f 4134/4134 3850/3850 4133/4133
f 3852/3852 3850/3850 4134/4134
f 4169/4169 4210/4210 4211/4211
f 4170/4170 4210/4210 4169/4169
f 4040/4040 4047/4047 4072/4072
f 4038/4038 4047/4047 4040/4040
f 4279/4279 3920/3920 3919/3919
f 4280/4280 3920/3920 4279/4279
f 4278/4278 3993/3993 3959/3959
f 4277/4277 3993/3993 4278/4278
f 3854/3854 3994/3994 3957/3957
f 4036/4036 3994/3994 3854/3854
f 4037/4037 3999/3999 3998/3998
f 3992/3992 3999/3999 4037/4037
f 4418/4418 4049/4049 4050/4050
f 4415/4415 4049/4049 4418/4418
f 3835/3835 4135/4135 3896/3896
f 3838/3838 4135/4135 3835/3835
f 3860/3860 3958/3958 4043/4043
f 4049/4049 3958/3958 3860/3860
f 4402/4402 3880/3880 3950/3950
f 3989/3989 3880/3880 4402/4402
f 3882/3882 3938/3938 3934/3934
f 4404/4404 3938/3938 3882/3882
f 3938/3938 3943/3943 3927/3927
f 3945/3945 3943/3943 3938/3938
f 4439/4439 4077/4077 4281/4281
f 4419/4419 4077/4077 4439/4439
f 4434/4434 4188/4188 4283/4283
f 4433/4433 4188/4188 4434/4434
f 4285/4285 4284/4284 4406/4406
f 3944/3944 4284/4284 4285/4285
f 4286/4286 4406/4406 4284/4284
f 4287/4287 4406/4406 4286/4286
f 4273/4273 4284/4284 3946/3946
f 4286/4286 4284/4284 4273/4273
f 4061/4061 4289/4289 4288/4288
f 4290/4290 4289/4289 4061/4061
f 4216/4216 4291/4291 4214/4214
f 3899/3899 4291/4291 4216/4216
f 3942/3942 4292/4292 4405/4405
f 4293/4293 4292/4292 3942/3942
f 4247/4247 4295/4295 4294/4294
f 4097/4097 4295/4295 4247/4247
f 3936/3936 4296/4296 3932/3932
f 4404/4404 4296/4296 3936/3936
f 3870/3870 4283/4283 4188/4188
f 3871/3871 4283/4283 3870/3870
f 4088/4088 3976/3976 4103/4103
f 4089/4089 3976/3976 4088/4088
f 3820/3820 3802/3802 3873/3873
f 3804/3804 3802/3802 3820/3820
f 3872/3872 3829/3829 3830/3830
f 3803/3803 3829/3829 3872/3872
f 3832/3832 3834/3834 4389/4389
f 3853/3853 3834/3834 3832/3832
f 3974/3974 3961/3961 4089/4089
f 4407/4407 3961/3961 3974/3974
f 3841/3841 3853/3853 4107/4107
f 3837/3837 3853/3853 3841/3841
f 4107/4107 4403/4403 4130/4130
f 3853/3853 4403/4403 4107/4107
f 4404/4404 4411/4411 4296/4296
f 3989/3989 4411/4411 4404/4404
f 3841/3841 3938/3938 3928/3928
f 4106/4106 3938/3938 3841/3841
f 3934/3934 4104/4104 3933/3933
f 4106/4106 4104/4104 3934/3934
f 4297/4297 4130/4130 3933/3933
f 4298/4298 4130/4130 4297/4297
f 4299/4299 4018/4018 4017/4017
f 4298/4298 4018/4018 4299/4299
f 4301/4301 4017/4017 4300/4300
f 4299/4299 4017/4017 4301/4301
f 4302/4302 3827/3827 3824/3824
f 4131/4131 3827/3827 4302/4302
f 4018/4018 4440/4440 4016/4016
f 4304/4304 4440/4440 4018/4018
f 4286/4286 4292/4292 4276/4276
f 4273/4273 4292/4292 4286/4286
f 4148/4148 3862/3862 4166/4166
f 3864/3864 3862/3862 4148/4148
f 4300/4300 4015/4015 4305/4305
f 4017/4017 4015/4015 4300/4300
f 4306/4306 4261/4261 4263/4263
f 4307/4307 4261/4261 4306/4306
f 3978/3978 4307/4307 4306/4306
f 3977/3977 4307/4307 3978/3978
f 3978/3978 4103/4103 3976/3976
f 4308/4308 4103/4103 3978/3978
f 4308/4308 4306/4306 4309/4309
f 3978/3978 4306/4306 4308/4308
f 4256/4256 3952/3952 4225/4225
f 3951/3951 3952/3952 4256/4256
f 4102/4102 4309/4309 4310/4310
f 4308/4308 4309/4309 4102/4102
f 4307/4307 4260/4260 4261/4261
f 4310/4310 4260/4260 4307/4307
f 3977/3977 4310/4310 4307/4307
f 4102/4102 4310/4310 3977/3977
f 4003/4003 3925/3925 3924/3924
f 4006/4006 3925/3925 4003/4003
f 4086/4086 4029/4029 3973/3973
f 4226/4226 4029/4029 4086/4086
f 3903/3903 3970/3970 3971/3971
f 3980/3980 3970/3970 3903/3903
f 3874/3874 4227/4227 4228/4228
f 3875/3875 4227/4227 3874/3874
f 4290/4290 4279/4279 4289/4289
f 4311/4311 4279/4279 4290/4290
f 4248/4248 4294/4294 4312/4312
f 4247/4247 4294/4294 4248/4248
f 4408/4408 4410/4410 3981/3981
f 4239/4239 4410/4410 4408/4408
f 4441/4441 4419/4419 4439/4439
f 4074/4074 4419/4419 4441/4441
f 4060/4060 4288/4288 4280/4280
f 4061/4061 4288/4288 4060/4060
f 4280/4280 3918/3918 3920/3920
f 4288/4288 3918/3918 4280/4280
f 4420/4420 4087/4087 4091/4091
f 3900/3900 4087/4087 4420/4420
f 4115/4115 4314/4314 4116/4116
f 4442/4442 4314/4314 4115/4115
f 4059/4059 4316/4316 4062/4062
f 4055/4055 4316/4316 4059/4059
f 4058/4058 4062/4062 4063/4063
f 4059/4059 4062/4062 4058/4058
f 4056/4056 4063/4063 4317/4317
f 4058/4058 4063/4063 4056/4056
f 4163/4163 4062/4062 4316/4316
f 4064/4064 4062/4062 4163/4163
f 4319/4319 4240/4240 4318/4318
f 4242/4242 4240/4240 4319/4319
f 4320/4320 4161/4161 4162/4162
f 4321/4321 4161/4161 4320/4320
f 4161/4161 4065/4065 4064/4064
f 4321/4321 4065/4065 4161/4161
f 4302/4302 4212/4212 3867/3867
f 3808/3808 4212/4212 4302/4302
f 4004/4004 4005/4005 4034/4034
f 4013/4013 4005/4005 4004/4004
f 4178/4178 4152/4152 4180/4180
f 4427/4427 4152/4152 4178/4178
f 4013/4013 3924/3924 4012/4012
f 4004/4004 3924/3924 4013/4013
f 3821/3821 3962/3962 4409/4409
f 4007/4007 3962/3962 3821/3821
f 4160/4160 4054/4054 4068/4068
f 4078/4078 4054/4054 4160/4160
f 4014/4014 4231/4231 4020/4020
f 4012/4012 4231/4231 4014/4014
f 4412/4412 4019/4019 4232/4232
f 4388/4388 4019/4019 4412/4412
f 4233/4233 4116/4116 4314/4314
f 4234/4234 4116/4116 4233/4233
f 4117/4117 4443/4443 4435/4435
f 4118/4118 4443/4443 4117/4117
f 3841/3841 3849/3849 3840/3840
f 4127/4127 3849/3849 3841/3841
f 4263/4263 4309/4309 4306/4306
f 4262/4262 4309/4309 4263/4263
f 3929/3929 4127/4127 3928/3928
f 4129/4129 4127/4127 3929/3929
f 3882/3882 3989/3989 4404/4404
f 3880/3880 3989/3989 3882/3882
f 4319/4319 4101/4101 4323/4323
f 4099/4099 4101/4101 4319/4319
f 3929/3929 3905/3905 4324/4324
f 3907/3907 3905/3905 3929/3929
f 4131/4131 3805/3805 3827/3827
f 3807/3807 3805/3805 4131/4131
f 4167/4167 4077/4077 4076/4076
f 4324/4324 4077/4077 4167/4167
f 3902/3902 4248/4248 4096/4096
f 4246/4246 4248/4248 3902/3902
f 3858/3858 4325/4325 4082/4082
f 4079/4079 4325/4325 3858/3858
f 3945/3945 3949/3949 3947/3947
f 3938/3938 3949/3949 3945/3945
f 4163/4163 4320/4320 4162/4162
f 4326/4326 4320/4320 4163/4163
f 4135/4135 4424/4424 4145/4145
f 4136/4136 4424/4424 4135/4135
f 4080/4080 4081/4081 4327/4327
f 4083/4083 4081/4081 4080/4080
f 4009/4009 4000/4000 4010/4010
f 3857/3857 4000/4000 4009/4009
f 3830/3830 3873/3873 3872/3872
f 3820/3820 3873/3873 3830/3830
f 4033/4033 4003/4003 4004/4004
f 4176/4176 4003/4003 4033/4033
f 4195/4195 4191/4191 3996/3996
f 4193/4193 4191/4191 4195/4195
f 4146/4146 4181/4181 4180/4180
f 4147/4147 4181/4181 4146/4146
f 4155/4155 4166/4166 4156/4156
f 4148/4148 4166/4166 4155/4155
f 3823/3823 3825/3825 3826/3826
f 3822/3822 3825/3825 3823/3823
f 3861/3861 4041/4041 4417/4417
f 4043/4043 4041/4041 3861/3861
f 4298/4298 4304/4304 4018/4018
f 4297/4297 4304/4304 4298/4298
f 4030/4030 3979/3979 4246/4246
f 3980/3980 3979/3979 4030/4030
f 4297/4297 4300/4300 4304/4304
f 4301/4301 4300/4300 4297/4297
f 4109/4109 4027/4027 4118/4118
f 4023/4023 4027/4027 4109/4109
f 4065/4065 4317/4317 4063/4063
f 4326/4326 4317/4317 4065/4065
f 4318/4318 4099/4099 4319/4319
f 4444/4444 4099/4099 4318/4318
f 4327/4327 4079/4079 4080/4080
f 4325/4325 4079/4079 4327/4327
f 4099/4099 4436/4436 4098/4098
f 4444/4444 4436/4436 4099/4099
f 4024/4024 4117/4117 4028/4028
f 4108/4108 4117/4117 4024/4024
f 4047/4047 4204/4204 4203/4203
f 4415/4415 4204/4204 4047/4047
f 4203/4203 4172/4172 4173/4173
f 4204/4204 4172/4172 4203/4203
f 3926/3926 4330/4330 4329/4329
f 4331/4331 4330/4330 3926/3926
f 3887/3887 4329/4329 3885/3885
f 3926/3926 4329/4329 3887/3887
f 4044/4044 4416/4416 4042/4042
f 4053/4053 4416/4416 4044/4044
f 4040/4040 4078/4078 4039/4039
f 4050/4050 4078/4078 4040/4040
f 3958/3958 4069/4069 4044/4044
f 3995/3995 4069/4069 3958/3958
f 3854/3854 3811/3811 4036/4036
f 4070/4070 3811/3811 3854/3854
f 4202/4202 4196/4196 4195/4195
f 4430/4430 4196/4196 4202/4202
f 4432/4432 4183/4183 4209/4209
f 4445/4445 4183/4183 4432/4432
f 4429/4429 4122/4122 4123/4123
f 4428/4428 4122/4122 4429/4429
f 4123/4123 4124/4124 4429/4429
f 4119/4119 4124/4124 4123/4123
f 4085/4085 4438/4438 4084/4084
f 4137/4137 4438/4438 4085/4085
f 4132/4132 4085/4085 4398/4398
f 4133/4133 4085/4085 4132/4132
f 3897/3897 4138/4138 4423/4423
f 3896/3896 4138/4138 3897/3897
f 4170/4170 4175/4175 4210/4210
f 4173/4173 4175/4175 4170/4170
f 4245/4245 4250/4250 4251/4251
f 3909/3909 4250/4250 4245/4245
f 4026/4026 4108/4108 4024/4024
f 3965/3965 4108/4108 4026/4026
f 4070/4070 3855/3855 4069/4069
f 3854/3854 3855/3855 4070/4070
f 4100/4100 4325/4325 4101/4101
f 4082/4082 4325/4325 4100/4100
f 4265/4265 4253/4253 4333/4333
f 4255/4255 4253/4253 4265/4265
f 3841/3841 3828/3828 4395/4395
f 3839/3839 3828/3828 3841/3841
f 4070/4070 3812/3812 3811/3811
f 3995/3995 3812/3812 4070/4070
f 3895/3895 3888/3888 3893/3893
f 3890/3890 3888/3888 3895/3895
f 3899/3899 4334/4334 4291/4291
f 3898/3898 4334/4334 3899/3899
f 3947/3947 4287/4287 4272/4272
f 4406/4406 4287/4287 3947/3947
f 4296/4296 4311/4311 4290/4290
f 4411/4411 4311/4311 4296/4296
f 4096/4096 4312/4312 4335/4335
f 4248/4248 4312/4312 4096/4096
f 4293/4293 4276/4276 4292/4292
f 4275/4275 4276/4276 4293/4293
f 4336/4336 4226/4226 4215/4215
f 3879/3879 4226/4226 4336/4336
f 4223/4223 4221/4221 4238/4238
f 4220/4220 4221/4221 4223/4223
f 4129/4129 4324/4324 4167/4167
f 3929/3929 4324/4324 4129/4129
f 4255/4255 3951/3951 4256/4256
f 3943/3943 3951/3951 4255/4255
f 4160/4160 4337/4337 4078/4078
f 4237/4237 4337/4337 4160/4160
f 3981/3981 4126/4126 4243/4243
f 3982/3982 4126/4126 3981/3981
f 3996/3996 4202/4202 4195/4195
f 3997/3997 4202/4202 3996/3996
f 4337/4337 4236/4236 4338/4338
f 4237/4237 4236/4236 4337/4337
f 4228/4228 4283/4283 3874/3874
f 4434/4434 4283/4283 4228/4228
f 4242/4242 4323/4323 4339/4339
f 4319/4319 4323/4323 4242/4242
f 3990/3990 4270/4270 3984/3984
f 4274/4274 4270/4270 3990/3990
f 4086/4086 3974/3974 4088/4088
f 3973/3973 3974/3974 4086/4086
f 4269/4269 3986/3986 4271/4271
f 4110/4110 3986/3986 4269/4269
f 3932/3932 4290/4290 4061/4061
f 4296/4296 4290/4290 3932/3932
f 3904/3904 4246/4246 3902/3902
f 4030/4030 4246/4246 3904/3904
f 3879/3879 3972/3972 4226/4226
f 3878/3878 3972/3972 3879/3879
f 4335/4335 4097/4097 4096/4096
f 4295/4295 4097/4097 4335/4335
f 3961/3961 3900/3900 4420/4420
f 4080/4080 3900/3900 3961/3961
f 4159/4159 3921/3921 4401/4401
f 3987/3987 3921/3921 4159/4159
f 4395/4395 3837/3837 3841/3841
f 4394/4394 3837/3837 4395/4395
f 4281/4281 4324/4324 3905/3905
f 4077/4077 4324/4324 4281/4281
f 3818/3818 3821/3821 4409/4409
f 3804/3804 3821/3821 3818/3818
f 4212/4212 3813/3813 3866/3866
f 3815/3815 3813/3813 4212/4212
f 4340/4340 3855/3855 3894/3894
f 4069/4069 3855/3855 4340/4340
f 4277/4277 3992/3992 3993/3993
f 3999/3999 3992/3992 4277/4277
f 3950/3950 4267/4267 4268/4268
f 4218/4218 4267/4267 3950/3950
f 4305/4305 4304/4304 4300/4300
f 4440/4440 4304/4304 4305/4305
f 4134/4134 4392/4392 3839/3839
f 4391/4391 4392/4392 4134/4134
f 4395/4395 4389/4389 4390/4390
f 3828/3828 4389/4389 4395/4395
f 4281/4281 4441/4441 4439/4439
f 4168/4168 4441/4441 4281/4281
f 3895/3895 3821/3821 3890/3890
f 4007/4007 3821/3821 3895/3895
f 4442/4442 4112/4112 4314/4314
f 4421/4421 4112/4112 4442/4442
f 3890/3890 3845/3845 3891/3891
f 3821/3821 3845/3845 3890/3890
f 3891/3891 3849/3849 4265/4265
f 3845/3845 3849/3849 3891/3891
f 4273/4273 4405/4405 4292/4292
f 4272/4272 4405/4405 4273/4273
f 4339/4339 4098/4098 4242/4242
f 4100/4100 4098/4098 4339/4339
f 4078/4078 4331/4331 4039/4039
f 4337/4337 4331/4331 4078/4078
f 4054/4054 4066/4066 4056/4056
f 4078/4078 4066/4066 4054/4054
f 4412/4412 3924/3924 3819/3819
f 4012/4012 3924/3924 4412/4412
f 3845/3845 3820/3820 3830/3830
f 3821/3821 3820/3820 3845/3845
f 4321/4321 4326/4326 4065/4065
f 4320/4320 4326/4326 4321/4321
f 4316/4316 4326/4326 4163/4163
f 4317/4317 4326/4326 4316/4316
f 4433/4433 3875/3875 4188/4188
f 4227/4227 3875/3875 4433/4433
f 4271/4271 3984/3984 4270/4270
f 3986/3986 3984/3984 4271/4271
f 4444/4444 4240/4240 4436/4436
f 4318/4318 4240/4240 4444/4444
f 4310/4310 4262/4262 4260/4260
f 4309/4309 4262/4262 4310/4310
f 4100/4100 4081/4081 4082/4082
f 4339/4339 4081/4081 4100/4100
f 4301/4301 3933/3933 4104/4104
f 4297/4297 3933/3933 4301/4301
f 4252/4252 3910/3910 4437/4437
f 4249/4249 3910/3910 4252/4252
f 4182/4182 4445/4445 4207/4207
f 4183/4183 4445/4445 4182/4182
f 4115/4115 4421/4421 4442/4442
f 4114/4114 4421/4421 4115/4115
f 4097/4097 3979/3979 3901/3901
f 4247/4247 3979/3979 4097/4097
f 4234/4234 4111/4111 4116/4116
f 4022/4022 4111/4111 4234/4234
f 4021/4021 4314/4314 4112/4112
f 4233/4233 4314/4314 4021/4021
f 4233/4233 4020/4020 4231/4231
f 4021/4021 4020/4020 4233/4233
f 4034/4034 4149/4149 4171/4171
f 4073/4073 4149/4149 4034/4034
f 4049/4049 4038/4038 3958/3958
f 4415/4415 4038/4038 4049/4049
f 4022/4022 4232/4232 4019/4019
f 4234/4234 4232/4232 4022/4022
f 4137/4137 4400/4400 4438/4438
f 4399/4399 4400/4400 4137/4137
f 3950/3950 3951/3951 4285/4285
f 4268/4268 3951/3951 3950/3950
f 4168/4168 3905/3905 3906/3906
f 4281/4281 3905/3905 4168/4168
f 3853/3853 4397/4397 3882/3882
f 4094/4094 4397/4397 3853/3853
f 4266/4266 4257/4257 4341/4341
f 3881/3881 4257/4257 4266/4266
f 3969/3969 4342/4342 3967/3967
f 4224/4224 4342/4342 3969/3969
f 3879/3879 4343/4343 3877/3877
f 4336/4336 4343/4343 3879/3879
f 4331/4331 4338/4338 4330/4330
f 4337/4337 4338/4338 4331/4331
f 4039/4039 3926/3926 3925/3925
f 4331/4331 3926/3926 4039/4039
f 4217/4217 3881/3881 4266/4266
f 3880/3880 3881/3881 4217/4217
f 4239/4239 4407/4407 3974/3974
f 4408/4408 4407/4407 4239/4239
f 4287/4287 4276/4276 3939/3939
f 4286/4286 4276/4276 4287/4287
f 4083/4083 3858/3858 4082/4082
f 3860/3860 3858/3858 4083/4083
f 4249/4249 4251/4251 4250/4250
f 4252/4252 4251/4251 4249/4249
f 3943/3943 4128/4128 3927/3927
f 3849/3849 4128/4128 3943/3943
f 3852/3852 3839/3839 3840/3840
f 4134/4134 3839/3839 3852/3852
f 3980/3980 4029/4029 3970/3970
f 4030/4030 4029/4029 3980/3980
f 4089/4089 3975/3975 3976/3976
f 4420/4420 3975/3975 4089/4089
f 4079/4079 3859/3859 3900/3900
f 3858/3858 3859/3859 4079/4079
f 3961/3961 3860/3860 4083/4083
f 4057/4057 3860/3860 3961/3961
f 3999/3999 4192/4192 3997/3997
f 4277/4277 4192/4192 3999/3999
f 3949/3949 4285/4285 4406/4406
f 3950/3950 4285/4285 3949/3949
f 4226/4226 3970/3970 4029/4029
f 3972/3972 3970/3970 4226/4226
f 4009/4009 3855/3855 3857/3857
f 4007/4007 3855/3855 4009/4009
f 4327/4327 4339/4339 4323/4323
f 4081/4081 4339/4339 4327/4327
f 3944/3944 3946/3946 4284/4284
f 3945/3945 3946/3946 3944/3944
f 4033/4033 4171/4171 4177/4177
f 4034/4034 4171/4171 4033/4033
f 4120/4120 4428/4428 4422/4422
f 4122/4122 4428/4428 4120/4120
f 4293/4293 3941/3941 4275/4275
f 3942/3942 3941/3941 4293/4293
f 4272/4272 3939/3939 4405/4405
f 4287/4287 3939/3939 4272/4272
f 4311/4311 4280/4280 4279/4279
f 4060/4060 4280/4280 4311/4311
f 4274/4274 4425/4425 4270/4270
f 4158/4158 4425/4425 4274/4274
f 3816/3816 4302/4302 3867/3867
f 4131/4131 4302/4302 3816/3816
f 3971/3971 3904/3904 3903/3903
f 3973/3973 3904/3904 3971/3971
f 3919/3919 4289/4289 4279/4279
f 3917/3917 4289/4289 3919/3919
f 4325/4325 4323/4323 4101/4101
f 4327/4327 4323/4323 4325/4325
f 3955/3955 3912/3912 3911/3911
f 4408/4408 3912/3912 3955/3955
f 3944/3944 3951/3951 3943/3943
f 4285/4285 3951/3951 3944/3944
f 4105/4105 4298/4298 4299/4299
f 4130/4130 4298/4298 4105/4105
f 3832/3832 4094/4094 3853/3853
f 4095/4095 4094/4094 3832/3832
f 4288/4288 3917/3917 3918/3918
f 4289/4289 3917/3917 4288/4288
f 4006/4006 4176/4176 4073/4073
f 4003/4003 4176/4176 4006/4006
f 3831/3831 3814/3814 3816/3816
f 3828/3828 3814/3814 3831/3831
f 4005/4005 4002/4002 3856/3856
f 4013/4013 4002/4002 4005/4005
f 3962/3962 4025/4025 3964/3964
f 4045/4045 4025/4025 3962/3962
f 4118/4118 4413/4413 4443/4443
f 4027/4027 4413/4413 4118/4118
f 3866/3866 3819/3819 3832/3832
f 3813/3813 3819/3819 3866/3866
f 4308/4308 4091/4091 4103/4103
f 4102/4102 4091/4091 4308/4308
f 4271/4271 4401/4401 4269/4269
f 4159/4159 4401/4401 4271/4271
f 4168/4168 4074/4074 4441/4441
f 4076/4076 4074/4074 4168/4168
f 4172/4172 4211/4211 4174/4174
f 4169/4169 4211/4211 4172/4172
f 3998/3998 3959/3959 4037/4037
f 4278/4278 3959/3959 3998/3998
f 4440/4440 4015/4015 4016/4016
f 4305/4305 4015/4015 4440/4440
f 4039/4039 3992/3992 4037/4037
f 3925/3925 3992/3992 4039/4039
f 3927/3927 3908/3908 3907/3907
f 4128/4128 3908/3908 3927/3927
f 3898/3898 4069/4069 4340/4340
f 3859/3859 4069/4069 3898/3898
f 4411/4411 4060/4060 4311/4311
f 3931/3931 4060/4060 4411/4411
f 4278/4278 3996/3996 4191/4191
f 3998/3998 3996/3996 4278/4278
f 3819/3819 4095/4095 3832/3832
f 3886/3886 4095/4095 3819/3819
f 3924/3924 3886/3886 3819/3819
f 3887/3887 3886/3886 3924/3924
f 4397/4397 4092/4092 4258/4258
f 4094/4094 4092/4092 4397/4397
f 4055/4055 4317/4317 4316/4316
f 4056/4056 4317/4317 4055/4055
f 3894/3894 4007/4007 3895/3895
f 3855/3855 4007/4007 3894/3894
f 4224/4224 4341/4341 4342/4342
f 4266/4266 4341/4341 4224/4224
f 3898/3898 4344/4344 4334/4334
f 4340/4340 4344/4344 3898/3898
f 4340/4340 3892/3892 4344/4344
f 3894/3894 3892/3892 4340/4340
f 3891/3891 4333/4333 3889/3889
f 4265/4265 4333/4333 3891/3891
f 4335/4335 4294/4294 4295/4295
f 4312/4312 4294/4294 4335/4335
f 3964/3964 4023/4023 4109/4109
f 4025/4025 4023/4023 3964/3964
f 4095/4095 3884/3884 4093/4093
f 3886/3886 3884/3884 4095/4095
f 4031/4031 4443/4443 4413/4413
f 4435/4435 4443/4443 4031/4031
f 4194/4194 3997/3997 4192/4192
f 4202/4202 3997/3997 4194/4194
f 4256/4256 4259/4259 4254/4254
f 4225/4225 4259/4259 4256/4256
f 4430/4430 4197/4197 4196/4196
f 4431/4431 4197/4197 4430/4430
f 3808/3808 3824/3824 3806/3806
f 4302/4302 3824/3824 3808/3808
f 4336/4336 4213/4213 4343/4343
f 4215/4215 4213/4213 4336/4336
f 4299/4299 4104/4104 4105/4105
f 4301/4301 4104/4104 4299/4299
f 4396/4396 4132/4132 3851/3851
f 4391/4391 4132/4132 4396/4396
f 4137/4137 4133/4133 3850/3850
f 4085/4085 4133/4133 4137/4137
f 4001/4001 4153/4153 4147/4147
f 4067/4067 4153/4153 4001/4001
f 3896/3896 4145/4145 4138/4138
f 4135/4135 4145/4145 3896/3896
f 3871/3871 3874/3874 4283/4283
f 3868/3868 3874/3874 3871/3871
f 4415/4415 4164/4164 4204/4204
f 4418/4418 4164/4164 4415/4415
f 3809/3809 4119/4119 4123/4123
f 3810/3810 4119/4119 3809/3809
f 4189/4189 4205/4205 4209/4209
f 4190/4190 4205/4205 4189/4189
f 3908/3908 4167/4167 3906/3906
f 4129/4129 4167/4167 3908/3908
f 4432/4432 4207/4207 4445/4445
f 4206/4206 4207/4207 4432/4432
f 4176/4176 4177/4177 4150/4150
f 4033/4033 4177/4177 4176/4176
f 4446/4446 2/2 3/3
f 4447/4447 5/5 4448/4448
f 4447/4447 4448/4448 7/7
f 4449/4449 4450/4450 4451/4451
f 4449/4449 4451/4451 4452/4452
f 12/12 13/13 14/14
f 12/12 14/14 15/15
f 16/16 4453/4453 18/18
f 16/16 18/18 13/13
f 3/3 19/19 20/20
f 5/5 4447/4447 4454/4454
f 5/5 4454/4454 4455/4455
f 4447/4447 4456/4456 24/24
f 4447/4447 24/24 4454/4454
f 4457/4457 24/24 4456/4456
f 4457/4457 4456/4456 26/26
f 26/26 5/5 4455/4455
f 26/26 4455/4455 4457/4457
f 4458/4458 4459/4459 4460/4460
f 4459/4459 4461/4461 4462/4462
f 4459/4459 4462/4462 4463/4463
f 4463/4463 4464/4464 4465/4465
f 4463/4463 4465/4465 4466/4466
f 4464/4464 4467/4467 4468/4468
f 4464/4464 4468/4468 4465/4465
f 4469/4469 4470/4470 40/40
f 4471/4471 4472/4472 4473/4473
f 4471/4471 4473/4473 4474/4474
f 4466/4466 4475/4475 4476/4476
f 4473/4473 4477/4477 4469/4469
f 4473/4473 4469/4469 48/48
f 4467/4467 4475/4475 4468/4468
f 49/49 50/50 4478/4478
f 49/49 4478/4478 4477/4477
f 4464/4464 52/52 4467/4467
f 53/53 4479/4479 55/55
f 53/53 55/55 4480/4480
f 4481/4481 4482/4482 4483/4483
f 4481/4481 4483/4483 4484/4484
f 4459/4459 4470/4470 4471/4471
f 61/61 4485/4485 63/63
f 61/61 63/63 64/64
f 4462/4462 4461/4461 4486/4486
f 4461/4461 15/15 4487/4487
f 67/67 4488/4488 2/2
f 67/67 2/2 4446/4446
f 4489/4489 70/70 4490/4490
f 4489/4489 4490/4490 72/72
f 12/12 16/16 13/13
f 4491/4491 74/74 4488/4488
f 4491/4491 4488/4488 67/67
f 75/75 4492/4492 77/77
f 75/75 77/77 4493/4493
f 4494/4494 80/80 4495/4495
f 4494/4494 4495/4495 4496/4496
f 83/83 84/84 85/85
f 83/83 85/85 86/86
f 4497/4497 4498/4498 89/89
f 4497/4497 89/89 4499/4499
f 4500/4500 4501/4501 93/93
f 4500/4500 93/93 94/94
f 4466/4466 4465/4465 95/95
f 4466/4466 95/95 96/96
f 4481/4481 4502/4502 4503/4503
f 4481/4481 4503/4503 4504/4504
f 48/48 4474/4474 4473/4473
f 100/100 101/101 102/102
f 100/100 102/102 4505/4505
f 4506/4506 4507/4507 4508/4508
f 4506/4506 4508/4508 4509/4509
f 4510/4510 4511/4511 4512/4512
f 4510/4510 4512/4512 111/111
f 112/112 113/113 4513/4513
f 112/112 4513/4513 4514/4514
f 4515/4515 4516/4516 118/118
f 4515/4515 118/118 119/119
f 120/120 4517/4517 122/122
f 86/86 123/123 124/124
f 86/86 124/124 125/125
f 126/126 4518/4518 4508/4508
f 126/126 4508/4508 128/128
f 4519/4519 4520/4520 4521/4521
f 4522/4522 4523/4523 134/134
f 4522/4522 134/134 4495/4495
f 4524/4524 4525/4525 4526/4526
f 138/138 139/139 4527/4527
f 138/138 4527/4527 4528/4528
f 4529/4529 143/143 144/144
f 4530/4530 4531/4531 144/144
f 4532/4532 4533/4533 4530/4530
f 4520/4520 4534/4534 4525/4525
f 4520/4520 4525/4525 4521/4521
f 4535/4535 4536/4536 122/122
f 4535/4535 122/122 4537/4537
f 153/153 154/154 155/155
f 55/55 4538/4538 157/157
f 55/55 157/157 4539/4539
f 154/154 159/159 4540/4540
f 4541/4541 4542/4542 4543/4543
f 4541/4541 4543/4543 4544/4544
f 4545/4545 4546/4546 167/167
f 4545/4545 167/167 4547/4547
f 169/169 170/170 4548/4548
f 4549/4549 4550/4550 169/169
f 4551/4551 4552/4552 4553/4553
f 4551/4551 4553/4553 4554/4554
f 101/101 4555/4555 4556/4556
f 101/101 4556/4556 102/102
f 4557/4557 4558/4558 182/182
f 183/183 4559/4559 185/185
f 183/183 185/185 186/186
f 4519/4519 187/187 188/188
f 4519/4519 188/188 4520/4520
f 4560/4560 4561/4561 4559/4559
f 4560/4560 4559/4559 183/183
f 4562/4562 4563/4563 124/124
f 4564/4564 4452/4452 4565/4565
f 4564/4564 4565/4565 4538/4538
f 4566/4566 4567/4567 4568/4568
f 4566/4566 4568/4568 4569/4569
f 4539/4539 4562/4562 55/55
f 4570/4570 4571/4571 4480/4480
f 4570/4570 4480/4480 4572/4572
f 4573/4573 4574/4574 123/123
f 4575/4575 4576/4576 55/55
f 4577/4577 207/207 4578/4578
f 4577/4577 4578/4578 4579/4579
f 4580/4580 18/18 4453/4453
f 4534/4534 4532/4532 4526/4526
f 4534/4534 4526/4526 4525/4525
f 211/211 4581/4581 4582/4582
f 214/214 4583/4583 4584/4584
f 214/214 4584/4584 4585/4585
f 4586/4586 4587/4587 4453/4453
f 4587/4587 4586/4586 4588/4588
f 4587/4587 4588/4588 4589/4589
f 4590/4590 4591/4591 4592/4592
f 4590/4590 4592/4592 4593/4593
f 4594/4594 227/227 4591/4591
f 4594/4594 4591/4591 4590/4590
f 4550/4550 4595/4595 229/229
f 4550/4550 229/229 4505/4505
f 227/227 4594/4594 4596/4596
f 227/227 4596/4596 231/231
f 4597/4597 4598/4598 4573/4573
f 4450/4450 4599/4599 4600/4600
f 4450/4450 4600/4600 4451/4451
f 4601/4601 4539/4539 157/157
f 237/237 238/238 239/239
f 4602/4602 4603/4603 242/242
f 4602/4602 242/242 243/243
f 4604/4604 211/211 4605/4605
f 4604/4604 4605/4605 4593/4593
f 4606/4606 238/238 247/247
f 4607/4607 4483/4483 4608/4608
f 250/250 251/251 4609/4609
f 250/250 4609/4609 4484/4484
f 253/253 4610/4610 255/255
f 256/256 4611/4611 4612/4612
f 259/259 260/260 4519/4519
f 259/259 4519/4519 4521/4521
f 4613/4613 4614/4614 4615/4615
f 4613/4613 4615/4615 4616/4616
f 4617/4617 4483/4483 4611/4611
f 211/211 4577/4577 4572/4572
f 4480/4480 55/55 4572/4572
f 4618/4618 4577/4577 4579/4579
f 4611/4611 4540/4540 4619/4619
f 4611/4611 4619/4619 4612/4612
f 124/124 4575/4575 55/55
f 124/124 55/55 4562/4562
f 268/268 4565/4565 4620/4620
f 4479/4479 4538/4538 55/55
f 4538/4538 4565/4565 157/157
f 157/157 238/238 237/237
f 157/157 237/237 4601/4601
f 4481/4481 4484/4484 4609/4609
f 4582/4582 4586/4586 4453/4453
f 4582/4582 4453/4453 16/16
f 243/243 242/242 157/157
f 4483/4483 242/242 4484/4484
f 270/270 4608/4608 239/239
f 270/270 239/239 4621/4621
f 4622/4622 4597/4597 4576/4576
f 4622/4622 4576/4576 4575/4575
f 4623/4623 4624/4624 4625/4625
f 4623/4623 4625/4625 4626/4626
f 4483/4483 4617/4617 4627/4627
f 4483/4483 4627/4627 4608/4608
f 4628/4628 279/279 4504/4504
f 280/280 281/281 282/282
f 4629/4629 4513/4513 113/113
f 4629/4629 113/113 4630/4630
f 282/282 4628/4628 4540/4540
f 4504/4504 4631/4631 4632/4632
f 4633/4633 4549/4549 288/288
f 4540/4540 289/289 288/288
f 289/289 4634/4634 4552/4552
f 4635/4635 292/292 4636/4636
f 4635/4635 4636/4636 4637/4637
f 101/101 100/100 4638/4638
f 101/101 4638/4638 4639/4639
f 4640/4640 4641/4641 299/299
f 4640/4640 299/299 4642/4642
f 301/301 4553/4553 4552/4552
f 301/301 4552/4552 4634/4634
f 302/302 4634/4634 4632/4632
f 4643/4643 4644/4644 4645/4645
f 4643/4643 4645/4645 4646/4646
f 207/207 4604/4604 4542/4542
f 4604/4604 4593/4593 4592/4592
f 4647/4647 4648/4648 4544/4544
f 4647/4647 4544/4544 4543/4543
f 4541/4541 4605/4605 16/16
f 4649/4649 4517/4517 186/186
f 4649/4649 186/186 185/185
f 310/310 4650/4650 4589/4589
f 310/310 4589/4589 4588/4588
f 4650/4650 310/310 312/312
f 4650/4650 312/312 4651/4651
f 4651/4651 4652/4652 4653/4653
f 4651/4651 4653/4653 4650/4650
f 316/316 4654/4654 4648/4648
f 316/316 4648/4648 4647/4647
f 318/318 4655/4655 4449/4449
f 318/318 4449/4449 4656/4656
f 4657/4657 322/322 4599/4599
f 4657/4657 4599/4599 4450/4450
f 4658/4658 4659/4659 4655/4655
f 4658/4658 4655/4655 318/318
f 4512/4512 4660/4660 4557/4557
f 4512/4512 4557/4557 153/153
f 52/52 4495/4495 134/134
f 4522/4522 4526/4526 4645/4645
f 40/40 4646/4646 4645/4645
f 4661/4661 4662/4662 4663/4663
f 4661/4661 4663/4663 4509/4509
f 4646/4646 329/329 4643/4643
f 15/15 14/14 4448/4448
f 15/15 4448/4448 4664/4664
f 4617/4617 4611/4611 256/256
f 4617/4617 256/256 255/255
f 4523/4523 329/329 134/134
f 126/126 4662/4662 40/40
f 4662/4662 4661/4661 48/48
f 4518/4518 126/126 4526/4526
f 4473/4473 4472/4472 4477/4477
f 331/331 332/332 4472/4472
f 331/331 4472/4472 4665/4665
f 334/334 335/335 4468/4468
f 334/334 4468/4468 4475/4475
f 50/50 49/49 112/112
f 50/50 112/112 4666/4666
f 4475/4475 4466/4466 96/96
f 4475/4475 96/96 334/334
f 337/337 4667/4667 4668/4668
f 337/337 4668/4668 4669/4669
f 49/49 332/332 113/113
f 49/49 113/113 112/112
f 341/341 337/337 4669/4669
f 341/341 4669/4669 4670/4670
f 4670/4670 4671/4671 4672/4672
f 4670/4670 4672/4672 341/341
f 4667/4667 4672/4672 4671/4671
f 4667/4667 4671/4671 4668/4668
f 4469/4469 4477/4477 4478/4478
f 345/345 4673/4673 4571/4571
f 345/345 4571/4571 4570/4570
f 63/63 4674/4674 4675/4675
f 63/63 4675/4675 349/349
f 4676/4676 351/351 352/352
f 4676/4676 352/352 4677/4677
f 64/64 4678/4678 4679/4679
f 64/64 4679/4679 61/61
f 183/183 4680/4680 357/357
f 183/183 357/357 4560/4560
f 4633/4633 302/302 4632/4632
f 4633/4633 4632/4632 4631/4631
f 253/253 4612/4612 4619/4619
f 253/253 4619/4619 4610/4610
f 4680/4680 183/183 186/186
f 4680/4680 186/186 4681/4681
f 159/159 4557/4557 182/182
f 159/159 182/182 4682/4682
f 4683/4683 361/361 4615/4615
f 4683/4683 4615/4615 4684/4684
f 363/363 4685/4685 270/270
f 363/363 270/270 4621/4621
f 4599/4599 4656/4656 4564/4564
f 4599/4599 4564/4564 4600/4600
f 4485/4485 61/61 4679/4679
f 4485/4485 4679/4679 4686/4686
f 4506/4506 4687/4687 4625/4625
f 4506/4506 4625/4625 4688/4688
f 368/368 4689/4689 4685/4685
f 368/368 4685/4685 363/363
f 4674/4674 4678/4678 4690/4690
f 4674/4674 4690/4690 4675/4675
f 371/371 4691/4691 4692/4692
f 371/371 4692/4692 374/374
f 349/349 4675/4675 4622/4622
f 349/349 4622/4622 4693/4693
f 4677/4677 352/352 4618/4618
f 4677/4677 4618/4618 4579/4579
f 4678/4678 64/64 376/376
f 4678/4678 376/376 4690/4690
f 377/377 4694/4694 4695/4695
f 377/377 4695/4695 380/380
f 381/381 382/382 383/383
f 381/381 383/383 384/384
f 64/64 63/63 349/349
f 64/64 349/349 376/376
f 380/380 351/351 385/385
f 380/380 385/385 377/377
f 351/351 4676/4676 4696/4696
f 351/351 4696/4696 385/385
f 67/67 70/70 4697/4697
f 67/67 4697/4697 4491/4491
f 4446/4446 4490/4490 70/70
f 4446/4446 70/70 67/67
f 384/384 383/383 4603/4603
f 384/384 4603/4603 4602/4602
f 4656/4656 4449/4449 4452/4452
f 4656/4656 4452/4452 4564/4564
f 4698/4698 4699/4699 251/251
f 4698/4698 251/251 250/250
f 4700/4700 4701/4701 4702/4702
f 4700/4700 4702/4702 393/393
f 4702/4702 4703/4703 4704/4704
f 4702/4702 4704/4704 4705/4705
f 322/322 318/318 4656/4656
f 322/322 4656/4656 4599/4599
f 4658/4658 4706/4706 4707/4707
f 4658/4658 4707/4707 4659/4659
f 4708/4708 4709/4709 401/401
f 4708/4708 401/401 393/393
f 393/393 4702/4702 4705/4705
f 393/393 4705/4705 4708/4708
f 402/402 363/363 4621/4621
f 402/402 4621/4621 4606/4606
f 4699/4699 384/384 4602/4602
f 4699/4699 4602/4602 251/251
f 4689/4689 4691/4691 4710/4710
f 4689/4689 4710/4710 4685/4685
f 383/383 4698/4698 250/250
f 383/383 250/250 4603/4603
f 382/382 4711/4711 4698/4698
f 382/382 4698/4698 383/383
f 405/405 4712/4712 4711/4711
f 405/405 4711/4711 382/382
f 4712/4712 4713/4713 4714/4714
f 4712/4712 4714/4714 4711/4711
f 371/371 368/368 363/363
f 371/371 363/363 402/402
f 4714/4714 381/381 384/384
f 4714/4714 384/384 4699/4699
f 4715/4715 374/374 4692/4692
f 4715/4715 4692/4692 4716/4716
f 14/14 4717/4717 7/7
f 14/14 7/7 4448/4448
f 4488/4488 4489/4489 72/72
f 4488/4488 72/72 2/2
f 3/3 16/16 4458/4458
f 3/3 4458/4458 4446/4446
f 4487/4487 4717/4717 4486/4486
f 4487/4487 4486/4486 4461/4461
f 4459/4459 4471/4471 4474/4474
f 4459/4459 4474/4474 4460/4460
f 16/16 12/12 4459/4459
f 16/16 4459/4459 4458/4458
f 4671/4671 4670/4670 4669/4669
f 4671/4671 4669/4669 4668/4668
f 4718/4718 413/413 4719/4719
f 4718/4718 4719/4719 4720/4720
f 4534/4534 80/80 4721/4721
f 4534/4534 4721/4721 4722/4722
f 4492/4492 418/418 4723/4723
f 4492/4492 4723/4723 77/77
f 4724/4724 4723/4723 418/418
f 4724/4724 418/418 4725/4725
f 4726/4726 4548/4548 77/77
f 4726/4726 77/77 4723/4723
f 4535/4535 4722/4722 4727/4727
f 4535/4535 4727/4727 4547/4547
f 424/424 4535/4535 4547/4547
f 424/424 4547/4547 167/167
f 4631/4631 4720/4720 4719/4719
f 4631/4631 4719/4719 425/425
f 4504/4504 4503/4503 4720/4720
f 4504/4504 4720/4720 4631/4631
f 4728/4728 427/427 428/428
f 4728/4728 428/428 4729/4729
f 4730/4730 4731/4731 4581/4581
f 4730/4730 4581/4581 4580/4580
f 4605/4605 4541/4541 4544/4544
f 4605/4605 4544/4544 4593/4593
f 268/268 4481/4481 4609/4609
f 268/268 4609/4609 243/243
f 207/207 4577/4577 211/211
f 207/207 211/211 4604/4604
f 4732/4732 4733/4733 4731/4731
f 4732/4732 4731/4731 4730/4730
f 337/337 341/341 334/334
f 337/337 334/334 96/96
f 16/16 4605/4605 211/211
f 16/16 211/211 4582/4582
f 4694/4694 377/377 385/385
f 4694/4694 385/385 4696/4696
f 4734/4734 4596/4596 4594/4594
f 4734/4734 4594/4594 4654/4654
f 4725/4725 4735/4735 436/436
f 4725/4725 436/436 4724/4724
f 436/436 4682/4682 4736/4736
f 436/436 4736/4736 4724/4724
f 182/182 438/438 4736/4736
f 182/182 4736/4736 4682/4682
f 4517/4517 4649/4649 4537/4537
f 4517/4517 4537/4537 122/122
f 4682/4682 4619/4619 4540/4540
f 4682/4682 4540/4540 159/159
f 4737/4737 4738/4738 441/441
f 4737/4737 441/441 4641/4641
f 4549/4549 4726/4726 4736/4736
f 4549/4549 4736/4736 438/438
f 4549/4549 169/169 4548/4548
f 4549/4549 4548/4548 4726/4726
f 4739/4739 111/111 155/155
f 4739/4739 155/155 4558/4558
f 443/443 444/444 4739/4739
f 443/443 4739/4739 4660/4660
f 4511/4511 443/443 4660/4660
f 4511/4511 4660/4660 4512/4512
f 4740/4740 4555/4555 4741/4741
f 4740/4740 4741/4741 447/447
f 444/444 4510/4510 111/111
f 444/444 111/111 4739/4739
f 4511/4511 4510/4510 4742/4742
f 4511/4511 4742/4742 4743/4743
f 444/444 443/443 450/450
f 444/444 450/450 4744/4744
f 452/452 453/453 454/454
f 452/452 454/454 4745/4745
f 351/351 380/380 345/345
f 351/351 345/345 352/352
f 4676/4676 4677/4677 4673/4673
f 4676/4676 4673/4673 4695/4695
f 456/456 457/457 4494/4494
f 456/456 4494/4494 4496/4496
f 4546/4546 4746/4746 424/424
f 4546/4546 424/424 167/167
f 459/459 460/460 4747/4747
f 459/459 4747/4747 4748/4748
f 4571/4571 4673/4673 4677/4677
f 4571/4571 4677/4677 4579/4579
f 4749/4749 4514/4514 4513/4513
f 4749/4749 4513/4513 4629/4629
f 143/143 454/454 464/464
f 143/143 464/464 48/48
f 4721/4721 465/465 4727/4727
f 4721/4721 4727/4727 4722/4722
f 4722/4722 4535/4535 4537/4537
f 4722/4722 4537/4537 4750/4750
f 4751/4751 120/120 122/122
f 4751/4751 122/122 4536/4536
f 4752/4752 120/120 4751/4751
f 4752/4752 4751/4751 4750/4750
f 4537/4537 4649/4649 4752/4752
f 4537/4537 4752/4752 4750/4750
f 4753/4753 4680/4680 4681/4681
f 4753/4753 4681/4681 470/470
f 4531/4531 4530/4530 471/471
f 4531/4531 471/471 4754/4754
f 4561/4561 4560/4560 357/357
f 4561/4561 357/357 473/473
f 159/159 154/154 153/153
f 159/159 153/153 4557/4557
f 4618/4618 4570/4570 4572/4572
f 4618/4618 4572/4572 4577/4577
f 4755/4755 4527/4527 139/139
f 4755/4755 139/139 4756/4756
f 4701/4701 4700/4700 4757/4757
f 4701/4701 4757/4757 4758/4758
f 50/50 331/331 4665/4665
f 50/50 4665/4665 4478/4478
f 4715/4715 4716/4716 4689/4689
f 4715/4715 4689/4689 368/368
f 4606/4606 4621/4621 239/239
f 4606/4606 239/239 238/238
f 119/119 118/118 478/478
f 119/119 478/478 4759/4759
f 4562/4562 4539/4539 4758/4758
f 4562/4562 4758/4758 4757/4757
f 4564/4564 4538/4538 4479/4479
f 4564/4564 4479/4479 4600/4600
f 4569/4569 4568/4568 4601/4601
f 4569/4569 4601/4601 4563/4563
f 4607/4607 4608/4608 270/270
f 4607/4607 270/270 247/247
f 335/335 95/95 4465/4465
f 335/335 4465/4465 4468/4468
f 157/157 242/242 4483/4483
f 157/157 4483/4483 4607/4607
f 80/80 4534/4534 4520/4520
f 80/80 4520/4520 188/188
f 4526/4526 4522/4522 4495/4495
f 4526/4526 4495/4495 4524/4524
f 143/143 4518/4518 4526/4526
f 143/143 4526/4526 144/144
f 4626/4626 480/480 4760/4760
f 4626/4626 4760/4760 4623/4623
f 4697/4697 482/482 4729/4729
f 4697/4697 4729/4729 428/428
f 483/483 4533/4533 4761/4761
f 483/483 4761/4761 4529/4529
f 4533/4533 483/483 4762/4762
f 4533/4533 4762/4762 486/486
f 483/483 4531/4531 4754/4754
f 483/483 4754/4754 4762/4762
f 4763/4763 488/488 259/259
f 4763/4763 259/259 4764/4764
f 4765/4765 4718/4718 4720/4720
f 4765/4765 4720/4720 4503/4503
f 4766/4766 138/138 4528/4528
f 4766/4766 4528/4528 4767/4767
f 4768/4768 494/494 4741/4741
f 4768/4768 4741/4741 4639/4639
f 495/495 4521/4521 4525/4525
f 495/495 4525/4525 4524/4524
f 482/482 4697/4697 70/70
f 482/482 70/70 4489/4489
f 4551/4551 302/302 4633/4633
f 4551/4551 4633/4633 288/288
f 2/2 72/72 19/19
f 2/2 19/19 3/3
f 4458/4458 4460/4460 4490/4490
f 4458/4458 4490/4490 4446/4446
f 4464/4464 4463/4463 4462/4462
f 4464/4464 4462/4462 52/52
f 4540/4540 288/288 4549/4549
f 4540/4540 4549/4549 154/154
f 52/52 4646/4646 40/40
f 52/52 40/40 4467/4467
f 134/134 329/329 4646/4646
f 134/134 4646/4646 52/52
f 187/187 495/495 4524/4524
f 187/187 4524/4524 188/188
f 4526/4526 126/126 40/40
f 4526/4526 40/40 4645/4645
f 4644/4644 4523/4523 4522/4522
f 4644/4644 4522/4522 4645/4645
f 329/329 4523/4523 496/496
f 329/329 496/496 4769/4769
f 4585/4585 4584/4584 4770/4770
f 4585/4585 4770/4770 4769/4769
f 4584/4584 4771/4771 4772/4772
f 4584/4584 4772/4772 4770/4770
f 26/26 4456/4456 501/501
f 26/26 501/501 4664/4664
f 4773/4773 214/214 4585/4585
f 4773/4773 4585/4585 4774/4774
f 4766/4766 4756/4756 4762/4762
f 4766/4766 4762/4762 4754/4754
f 4485/4485 4686/4686 4674/4674
f 4485/4485 4674/4674 63/63
f 4583/4583 4775/4775 4771/4771
f 4583/4583 4771/4771 4584/4584
f 459/459 4748/4748 505/505
f 459/459 505/505 506/506
f 506/506 505/505 4554/4554
f 506/506 4554/4554 4553/4553
f 302/302 4551/4551 4554/4554
f 302/302 4554/4554 4776/4776
f 505/505 4777/4777 4776/4776
f 505/505 4776/4776 4554/4554
f 4535/4535 424/424 4745/4745
f 4535/4535 4745/4745 4536/4536
f 4777/4777 4778/4778 301/301
f 4777/4777 301/301 4776/4776
f 460/460 459/459 506/506
f 460/460 506/506 4778/4778
f 4778/4778 506/506 4553/4553
f 4778/4778 4553/4553 301/301
f 124/124 123/123 4574/4574
f 124/124 4574/4574 4575/4575
f 4595/4595 4550/4550 4631/4631
f 4595/4595 4631/4631 425/425
f 170/170 169/169 102/102
f 170/170 102/102 4556/4556
f 427/427 4728/4728 74/74
f 427/427 74/74 4491/4491
f 478/478 4763/4763 4764/4764
f 478/478 4764/4764 4779/4779
f 494/494 511/511 447/447
f 494/494 447/447 4741/4741
f 182/182 4558/4558 155/155
f 182/182 155/155 438/438
f 4623/4623 4760/4760 4780/4780
f 4623/4623 4780/4780 4624/4624
f 488/488 4759/4759 260/260
f 488/488 260/260 259/259
f 4515/4515 119/119 4759/4759
f 4515/4515 4759/4759 488/488
f 4632/4632 4634/4634 289/289
f 4632/4632 289/289 4504/4504
f 513/513 4653/4653 4652/4652
f 513/513 4652/4652 4781/4781
f 515/515 4614/4614 4612/4612
f 515/515 4612/4612 253/253
f 4614/4614 4613/4613 256/256
f 4614/4614 256/256 4612/4612
f 4613/4613 516/516 255/255
f 4613/4613 255/255 256/256
f 4614/4614 515/515 4684/4684
f 4614/4614 4684/4684 4615/4615
f 4738/4738 4782/4782 4783/4783
f 4738/4738 4783/4783 441/441
f 361/361 4683/4683 519/519
f 361/361 519/519 520/520
f 4616/4616 4615/4615 361/361
f 4616/4616 361/361 520/520
f 4717/4717 4487/4487 501/501
f 4717/4717 501/501 7/7
f 4576/4576 4597/4597 4573/4573
f 4576/4576 4573/4573 211/211
f 4676/4676 4695/4695 4694/4694
f 4676/4676 4694/4694 4696/4696
f 123/123 4581/4581 211/211
f 123/123 211/211 4573/4573
f 4542/4542 4541/4541 20/20
f 4542/4542 20/20 207/207
f 4610/4610 4619/4619 4682/4682
f 4610/4610 4682/4682 4627/4627
f 4731/4731 4586/4586 4582/4582
f 4731/4731 4582/4582 4581/4581
f 4587/4587 4730/4730 4580/4580
f 4587/4587 4580/4580 4453/4453
f 4653/4653 513/513 4733/4733
f 4653/4653 4733/4733 4732/4732
f 521/521 4734/4734 4654/4654
f 521/521 4654/4654 316/316
f 48/48 4469/4469 40/40
f 48/48 40/40 4662/4662
f 4777/4777 505/505 4748/4748
f 4777/4777 4748/4748 4747/4747
f 4662/4662 126/126 128/128
f 4662/4662 128/128 4663/4663
f 188/188 4524/4524 4495/4495
f 188/188 4495/4495 80/80
f 4642/4642 4784/4784 4783/4783
f 4642/4642 4783/4783 4640/4640
f 4507/4507 523/523 128/128
f 4507/4507 128/128 4508/4508
f 5/5 26/26 4664/4664
f 5/5 4664/4664 4448/4448
f 4626/4626 4625/4625 4687/4687
f 4626/4626 4687/4687 523/523
f 447/447 4638/4638 100/100
f 447/447 100/100 4740/4740
f 524/524 280/280 4482/4482
f 524/524 4482/4482 279/279
f 4532/4532 4530/4530 144/144
f 4532/4532 144/144 4526/4526
f 519/519 4683/4683 4684/4684
f 519/519 4684/4684 4785/4785
f 341/341 4672/4672 335/335
f 341/341 335/335 334/334
f 281/281 526/526 4628/4628
f 281/281 4628/4628 282/282
f 4571/4571 4579/4579 4578/4578
f 4571/4571 4578/4578 4480/4480
f 72/72 4490/4490 4460/4460
f 72/72 4460/4460 19/19
f 4574/4574 4573/4573 4598/4598
f 4574/4574 4598/4598 4693/4693
f 4701/4701 4567/4567 4703/4703
f 4701/4701 4703/4703 4702/4702
f 380/380 4695/4695 4673/4673
f 380/380 4673/4673 345/345
f 4686/4686 4679/4679 4678/4678
f 4686/4686 4678/4678 4674/4674
f 24/24 4457/4457 4455/4455
f 24/24 4455/4455 4454/4454
f 4603/4603 250/250 4484/4484
f 4603/4603 4484/4484 242/242
f 4774/4774 4585/4585 4769/4769
f 4774/4774 4769/4769 496/496
f 4555/4555 4740/4740 229/229
f 4555/4555 229/229 4556/4556
f 4771/4771 4774/4774 496/496
f 4771/4771 496/496 4772/4772
f 227/227 316/316 4647/4647
f 227/227 4647/4647 4591/4591
f 516/516 4613/4613 4616/4616
f 516/516 4616/4616 4785/4785
f 4640/4640 4783/4783 4782/4782
f 4640/4640 4782/4782 4786/4786
f 279/279 4628/4628 526/526
f 279/279 526/526 524/524
f 4737/4737 4641/4641 4640/4640
f 4737/4737 4640/4640 4786/4786
f 4654/4654 4594/4594 4590/4590
f 4654/4654 4590/4590 4648/4648
f 4710/4710 402/402 4606/4606
f 4710/4710 4606/4606 247/247
f 4691/4691 371/371 402/402
f 4691/4691 402/402 4710/4710
f 528/528 529/529 125/125
f 528/528 125/125 530/530
f 529/529 83/83 86/86
f 529/529 86/86 125/125
f 251/251 4602/4602 243/243
f 251/251 243/243 4609/4609
f 4627/4627 237/237 239/239
f 4627/4627 239/239 4608/4608
f 268/268 243/243 157/157
f 268/268 157/157 4565/4565
f 4451/4451 4600/4600 4479/4479
f 4451/4451 4479/4479 4620/4620
f 4704/4704 4703/4703 401/401
f 4704/4704 401/401 4709/4709
f 381/381 4714/4714 4713/4713
f 381/381 4713/4713 531/531
f 322/322 4657/4657 4707/4707
f 322/322 4707/4707 4706/4706
f 4659/4659 4707/4707 4657/4657
f 4659/4659 4657/4657 4655/4655
f 4749/4749 4629/4629 4630/4630
f 4749/4749 4630/4630 4666/4666
f 4630/4630 113/113 332/332
f 4630/4630 332/332 331/331
f 4667/4667 337/337 96/96
f 4667/4667 96/96 95/95
f 374/374 4715/4715 368/368
f 374/374 368/368 371/371
f 4743/4743 450/450 443/443
f 4743/4743 443/443 4511/4511
f 4648/4648 4590/4590 4593/4593
f 4648/4648 4593/4593 4544/4544
f 53/53 268/268 4620/4620
f 53/53 4620/4620 4479/4479
f 524/524 4642/4642 299/299
f 524/524 299/299 280/280
f 453/453 532/532 464/464
f 453/453 464/464 454/454
f 4459/4459 4476/4476 40/40
f 4459/4459 40/40 4470/4470
f 4452/4452 4451/4451 4620/4620
f 4452/4452 4620/4620 4565/4565
f 4498/4498 4500/4500 94/94
f 4498/4498 94/94 89/89
f 4787/4787 4765/4765 4503/4503
f 4787/4787 4503/4503 4502/4502
f 486/486 471/471 4530/4530
f 486/486 4530/4530 4533/4533
f 4779/4779 4764/4764 495/495
f 4779/4779 495/495 187/187
f 511/511 534/534 4638/4638
f 511/511 4638/4638 447/447
f 4756/4756 4766/4766 4767/4767
f 4756/4756 4767/4767 4755/4755
f 425/425 4719/4719 4788/4788
f 425/425 4788/4788 4493/4493
f 4724/4724 4736/4736 4726/4726
f 4724/4724 4726/4726 4723/4723
f 523/523 4687/4687 4663/4663
f 523/523 4663/4663 128/128
f 4536/4536 4745/4745 454/454
f 4536/4536 454/454 143/143
f 4789/4789 4627/4627 4682/4682
f 4789/4789 4682/4682 436/436
f 4660/4660 4739/4739 4558/4558
f 4660/4660 4558/4558 4557/4557
f 401/401 4703/4703 4567/4567
f 401/401 4567/4567 4566/4566
f 4735/4735 4790/4790 4789/4789
f 4735/4735 4789/4789 436/436
f 482/482 74/74 4728/4728
f 482/482 4728/4728 4729/4729
f 4784/4784 538/538 441/441
f 4784/4784 441/441 4783/4783
f 4753/4753 4559/4559 4561/4561
f 4753/4753 4561/4561 473/473
f 4549/4549 4633/4633 4631/4631
f 4549/4549 4631/4631 4550/4550
f 185/185 470/470 4752/4752
f 185/185 4752/4752 4649/4649
f 4764/4764 259/259 4521/4521
f 4764/4764 4521/4521 495/495
f 4740/4740 100/100 4505/4505
f 4740/4740 4505/4505 229/229
f 4548/4548 425/425 4493/4493
f 4548/4548 4493/4493 77/77
f 4639/4639 4638/4638 534/534
f 4639/4639 534/534 4768/4768
f 4504/4504 289/289 4540/4540
f 4504/4504 4540/4540 4628/4628
f 4517/4517 120/120 4681/4681
f 4517/4517 4681/4681 186/186
f 4467/4467 40/40 4476/4476
f 4467/4467 4476/4476 4475/4475
f 523/523 4507/4507 480/480
f 523/523 480/480 4626/4626
f 20/20 4541/4541 16/16
f 20/20 16/16 3/3
f 13/13 4486/4486 4717/4717
f 13/13 4717/4717 14/14
f 53/53 93/93 539/539
f 53/53 539/539 268/268
f 4563/4563 4562/4562 4757/4757
f 4563/4563 4757/4757 4569/4569
f 4750/4750 4751/4751 4534/4534
f 4750/4750 4534/4534 4722/4722
f 4774/4774 4771/4771 4775/4775
f 4774/4774 4775/4775 4773/4773
f 4471/4471 4470/4470 4665/4665
f 4471/4471 4665/4665 4472/4472
f 4463/4463 4466/4466 4476/4476
f 4463/4463 4476/4476 4459/4459
f 4780/4780 4760/4760 480/480
f 4780/4780 480/480 4688/4688
f 20/20 89/89 94/94
f 20/20 94/94 207/207
f 310/310 513/513 4781/4781
f 310/310 4781/4781 312/312
f 4474/4474 4499/4499 89/89
f 4474/4474 89/89 20/20
f 48/48 464/464 4499/4499
f 48/48 4499/4499 4474/4474
f 138/138 4766/4766 4754/4754
f 138/138 4754/4754 471/471
f 4641/4641 441/441 538/538
f 4641/4641 538/538 299/299
f 530/530 237/237 4627/4627
f 530/530 4627/4627 4789/4789
f 4617/4617 255/255 4610/4610
f 4617/4617 4610/4610 4627/4627
f 123/123 18/18 4580/4580
f 123/123 4580/4580 4581/4581
f 19/19 4460/4460 4474/4474
f 19/19 4474/4474 20/20
f 4785/4785 4616/4616 520/520
f 4785/4785 520/520 519/519
f 4785/4785 4684/4684 515/515
f 4785/4785 515/515 516/516
f 4491/4491 4697/4697 428/428
f 4491/4491 428/428 427/427
f 4559/4559 4753/4753 470/470
f 4559/4559 470/470 185/185
f 4738/4738 4737/4737 4786/4786
f 4738/4738 4786/4786 4782/4782
f 4747/4747 460/460 4778/4778
f 4747/4747 4778/4778 4777/4777
f 281/281 280/280 299/299
f 281/281 299/299 538/538
f 4523/4523 4644/4644 4772/4772
f 4523/4523 4772/4772 496/496
f 4510/4510 444/444 4744/4744
f 4510/4510 4744/4744 4742/4742
f 531/531 405/405 382/382
f 531/531 382/382 381/381
f 312/312 4781/4781 4652/4652
f 312/312 4652/4652 4651/4651
f 4555/4555 101/101 4639/4639
f 4555/4555 4639/4639 4741/4741
f 4650/4650 4653/4653 4732/4732
f 4650/4650 4732/4732 4589/4589
f 513/513 310/310 4588/4588
f 513/513 4588/4588 4733/4733
f 4586/4586 4731/4731 4733/4733
f 4586/4586 4733/4733 4588/4588
f 4675/4675 4690/4690 4597/4597
f 4675/4675 4597/4597 4622/4622
f 238/238 157/157 4607/4607
f 238/238 4607/4607 247/247
f 4730/4730 4587/4587 4589/4589
f 4730/4730 4589/4589 4732/4732
f 4514/4514 4749/4749 4666/4666
f 4514/4514 4666/4666 112/112
f 4536/4536 4761/4761 4534/4534
f 4536/4536 4534/4534 4751/4751
f 4507/4507 4506/4506 4688/4688
f 4507/4507 4688/4688 480/480
f 4496/4496 4495/4495 52/52
f 4496/4496 52/52 4636/4636
f 457/457 4791/4791 465/465
f 457/457 465/465 4494/4494
f 541/541 4545/4545 4547/4547
f 541/541 4547/4547 4727/4727
f 4792/4792 75/75 4493/4493
f 4792/4792 4493/4493 4788/4788
f 4790/4790 528/528 530/530
f 4790/4790 530/530 4789/4789
f 125/125 124/124 237/237
f 125/125 237/237 530/530
f 4494/4494 465/465 4721/4721
f 4494/4494 4721/4721 80/80
f 154/154 4549/4549 438/438
f 154/154 438/438 155/155
f 4756/4756 139/139 486/486
f 4756/4756 486/486 4762/4762
f 4482/4482 280/280 282/282
f 4482/4482 282/282 4483/4483
f 450/450 4743/4743 4742/4742
f 450/450 4742/4742 4744/4744
f 4661/4661 4518/4518 143/143
f 4661/4661 143/143 48/48
f 4470/4470 4469/4469 4478/4478
f 4470/4470 4478/4478 4665/4665
f 4595/4595 170/170 4556/4556
f 4595/4595 4556/4556 229/229
f 4552/4552 4551/4551 288/288
f 4552/4552 288/288 289/289
f 4481/4481 4504/4504 279/279
f 4481/4481 279/279 4482/4482
f 4483/4483 282/282 4540/4540
f 4483/4483 4540/4540 4611/4611
f 4700/4700 4566/4566 4569/4569
f 4700/4700 4569/4569 4757/4757
f 4761/4761 4533/4533 4532/4532
f 4761/4761 4532/4532 4534/4534
f 170/170 4595/4595 425/425
f 170/170 425/425 4548/4548
f 53/53 4480/4480 4578/4578
f 53/53 4578/4578 207/207
f 538/538 4784/4784 526/526
f 538/538 526/526 281/281
f 4531/4531 483/483 4529/4529
f 4531/4531 4529/4529 144/144
f 4690/4690 376/376 4598/4598
f 4690/4690 4598/4598 4597/4597
f 4706/4706 4658/4658 318/318
f 4706/4706 318/318 322/322
f 4527/4527 4755/4755 4767/4767
f 4527/4527 4767/4767 4528/4528
f 139/139 138/138 471/471
f 139/139 471/471 486/486
f 4759/4759 478/478 4779/4779
f 4759/4759 4779/4779 260/260
f 4680/4680 4753/4753 473/473
f 4680/4680 473/473 357/357
f 501/501 4487/4487 15/15
f 501/501 15/15 4664/4664
f 4505/4505 102/102 169/169
f 4505/4505 169/169 4550/4550
f 4763/4763 478/478 118/118
f 4763/4763 118/118 4516/4516
f 4784/4784 4642/4642 524/524
f 4784/4784 524/524 526/526
f 111/111 4512/4512 153/153
f 111/111 153/153 155/155
f 4536/4536 143/143 4529/4529
f 4536/4536 4529/4529 4761/4761
f 4769/4769 4770/4770 4643/4643
f 4769/4769 4643/4643 329/329
f 4636/4636 52/52 4462/4462
f 4636/4636 4462/4462 4637/4637
f 4516/4516 4515/4515 488/488
f 4516/4516 488/488 4763/4763
f 4693/4693 4622/4622 4575/4575
f 4693/4693 4575/4575 4574/4574
f 12/12 15/15 4461/4461
f 12/12 4461/4461 4459/4459
f 4572/4572 55/55 4576/4576
f 4572/4572 4576/4576 211/211
f 4592/4592 4543/4543 4542/4542
f 4592/4592 4542/4542 4604/4604
f 231/231 521/521 316/316
f 231/231 316/316 227/227
f 18/18 4462/4462 4486/4486
f 18/18 4486/4486 13/13
f 4634/4634 302/302 4776/4776
f 4634/4634 4776/4776 301/301
f 120/120 4752/4752 470/470
f 120/120 470/470 4681/4681
f 4624/4624 4780/4780 4688/4688
f 4624/4624 4688/4688 4625/4625
f 4716/4716 4692/4692 4691/4691
f 4716/4716 4691/4691 4689/4689
f 4539/4539 4601/4601 4568/4568
f 4539/4539 4568/4568 4758/4758
f 4583/4583 214/214 4773/4773
f 4583/4583 4773/4773 4775/4775
f 4563/4563 4601/4601 237/237
f 4563/4563 237/237 124/124
f 4509/4509 4508/4508 4518/4518
f 4509/4509 4518/4518 4661/4661
f 268/268 539/539 4502/4502
f 268/268 4502/4502 4481/4481
f 260/260 4779/4779 187/187
f 260/260 187/187 4519/4519
f 4567/4567 4701/4701 4758/4758
f 4567/4567 4758/4758 4568/4568
f 4637/4637 4462/4462 18/18
f 4637/4637 18/18 85/85
f 85/85 18/18 123/123
f 85/85 123/123 86/86
f 292/292 456/456 4496/4496
f 292/292 4496/4496 4636/4636
f 516/516 515/515 253/253
f 516/516 253/253 255/255
f 207/207 94/94 93/93
f 207/207 93/93 53/53
f 4791/4791 541/541 4727/4727
f 4791/4791 4727/4727 465/465
f 4793/4793 4787/4787 4502/4502
f 4793/4793 4502/4502 539/539
f 4501/4501 4793/4793 539/539
f 4501/4501 539/539 93/93
f 532/532 4497/4497 4499/4499
f 532/532 4499/4499 464/464
f 494/494 4768/4768 534/534
f 494/494 534/534 511/511
f 4591/4591 4647/4647 4543/4543
f 4591/4591 4543/4543 4592/4592
f 84/84 4635/4635 4637/4637
f 84/84 4637/4637 85/85
f 521/521 231/231 4596/4596
f 521/521 4596/4596 4734/4734
f 4566/4566 4700/4700 393/393
f 4566/4566 393/393 401/401
f 4746/4746 452/452 4745/4745
f 4746/4746 4745/4745 424/424
f 4705/4705 4704/4704 4709/4709
f 4705/4705 4709/4709 4708/4708
f 4456/4456 4447/4447 7/7
f 4456/4456 7/7 501/501
f 413/413 4792/4792 4788/4788
f 413/413 4788/4788 4719/4719
f 4644/4644 4643/4643 4770/4770
f 4644/4644 4770/4770 4772/4772
f 332/332 49/49 4477/4477
f 332/332 4477/4477 4472/4472
f 331/331 50/50 4666/4666
f 331/331 4666/4666 4630/4630
f 352/352 345/345 4570/4570
f 352/352 4570/4570 4618/4618
f 4672/4672 4667/4667 95/95
f 4672/4672 95/95 335/335
f 74/74 482/482 4489/4489
f 74/74 4489/4489 4488/4488
f 4685/4685 4710/4710 247/247
f 4685/4685 247/247 270/270
f 4655/4655 4657/4657 4450/4450
f 4655/4655 4450/4450 4449/4449
f 4711/4711 4714/4714 4699/4699
f 4711/4711 4699/4699 4698/4698
f 4687/4687 4506/4506 4509/4509
f 4687/4687 4509/4509 4663/4663
f 405/405 531/531 4713/4713
f 405/405 4713/4713 4712/4712
f 376/376 349/349 4693/4693
f 376/376 4693/4693 4598/4598
f 4794/4794 4795/4795 546/546
f 4796/4796 4797/4797 4798/4798
f 4798/4798 4797/4797 550/550
f 4799/4799 4800/4800 4801/4801
f 4801/4801 4800/4800 4802/4802
f 555/555 4803/4803 4804/4804
f 4804/4804 4803/4803 4805/4805
f 4806/4806 560/560 561/561
f 561/561 560/560 555/555
f 562/562 546/546 563/563
f 4797/4797 4796/4796 564/564
f 564/564 4796/4796 4807/4807
f 4808/4808 4797/4797 567/567
f 567/567 4797/4797 564/564
f 567/567 4809/4809 4808/4808
f 4808/4808 4809/4809 4810/4810
f 4796/4796 4810/4810 4807/4807
f 4807/4807 4810/4810 4809/4809
f 4811/4811 571/571 572/572
f 573/573 4811/4811 4812/4812
f 4812/4812 4811/4811 4813/4813
f 4814/4814 4813/4813 4815/4815
f 4815/4815 4813/4813 4816/4816
f 4817/4817 4814/4814 4818/4818
f 4818/4818 4814/4814 4815/4815
f 4819/4819 4820/4820 4821/4821
f 4822/4822 4823/4823 4824/4824
f 4824/4824 4823/4823 4825/4825
f 4826/4826 4816/4816 4827/4827
f 4828/4828 4824/4824 4820/4820
f 4820/4820 4824/4824 4829/4829
f 4826/4826 4817/4817 4818/4818
f 592/592 593/593 4830/4830
f 4830/4830 593/593 4828/4828
f 4831/4831 4814/4814 4817/4817
f 4832/4832 597/597 598/598
f 598/598 597/597 4833/4833
f 4834/4834 4835/4835 4836/4836
f 4836/4836 4835/4835 4837/4837
f 4819/4819 4811/4811 4823/4823
f 604/604 605/605 4838/4838
f 4838/4838 605/605 4839/4839
f 573/573 4812/4812 608/608
f 4805/4805 573/573 4840/4840
f 4841/4841 611/611 4794/4794
f 4794/4794 611/611 4795/4795
f 612/612 4842/4842 4843/4843
f 4843/4843 4842/4842 4844/4844
f 560/560 4803/4803 555/555
f 4845/4845 4846/4846 4841/4841
f 4841/4841 4846/4846 611/611
f 4847/4847 619/619 620/620
f 620/620 619/619 4848/4848
f 4849/4849 4850/4850 4851/4851
f 4851/4851 4850/4850 4852/4852
f 4853/4853 4854/4854 4855/4855
f 4855/4855 4854/4854 4856/4856
f 630/630 4857/4857 632/632
f 632/632 4857/4857 4858/4858
f 634/634 635/635 636/636
f 636/636 635/635 637/637
f 4815/4815 4816/4816 638/638
f 638/638 4816/4816 639/639
f 4859/4859 4835/4835 641/641
f 641/641 4835/4835 4860/4860
f 4825/4825 4829/4829 4824/4824
f 4861/4861 4862/4862 4863/4863
f 4863/4863 4862/4862 4864/4864
f 647/647 4865/4865 4866/4866
f 4866/4866 4865/4865 4867/4867
f 4868/4868 4869/4869 4870/4870
f 4870/4870 4869/4869 654/654
f 655/655 656/656 4871/4871
f 4871/4871 656/656 4872/4872
f 4873/4873 4874/4874 661/661
f 661/661 4874/4874 662/662
f 4875/4875 664/664 665/665
f 666/666 4856/4856 667/667
f 667/667 4856/4856 4876/4876
f 4877/4877 4878/4878 4866/4866
f 4866/4866 4878/4878 671/671
f 4879/4879 4880/4880 4881/4881
f 4882/4882 4883/4883 677/677
f 677/677 4883/4883 4851/4851
f 4884/4884 4885/4885 4886/4886
f 681/681 682/682 4887/4887
f 4887/4887 682/682 4888/4888
f 685/685 4889/4889 687/687
f 4890/4890 4891/4891 687/687
f 690/690 4892/4892 4891/4891
f 4893/4893 4879/4879 4884/4884
f 4884/4884 4879/4879 4881/4881
f 693/693 4894/4894 665/665
f 665/665 4894/4894 4895/4895
f 4896/4896 697/697 698/698
f 4897/4897 598/598 4898/4898
f 4898/4898 598/598 4899/4899
f 702/702 4896/4896 703/703
f 4900/4900 4901/4901 4902/4902
f 4902/4902 4901/4901 4903/4903
f 4904/4904 4905/4905 4906/4906
f 4906/4906 4905/4905 4907/4907
f 712/712 713/713 4908/4908
f 715/715 4909/4909 713/713
f 4910/4910 4911/4911 4912/4912
f 4912/4912 4911/4911 4913/4913
f 4914/4914 4861/4861 4915/4915
f 4915/4915 4861/4861 4863/4863
f 4916/4916 4917/4917 725/725
f 4918/4918 727/727 4919/4919
f 4919/4919 727/727 729/729
f 730/730 4880/4880 4920/4920
f 4920/4920 4880/4880 4879/4879
f 732/732 4921/4921 4918/4918
f 4918/4918 4921/4921 727/727
f 4922/4922 4923/4923 667/667
f 4802/4802 736/736 4924/4924
f 4924/4924 736/736 4897/4897
f 4925/4925 4926/4926 4927/4927
f 4927/4927 4926/4926 741/741
f 4923/4923 4899/4899 598/598
f 4928/4928 743/743 4833/4833
f 4833/4833 743/743 4929/4929
f 4930/4930 4931/4931 666/666
f 4932/4932 4933/4933 598/598
f 749/749 4934/4934 4935/4935
f 4935/4935 4934/4934 4936/4936
f 561/561 4937/4937 4806/4806
f 4892/4892 4893/4893 4886/4886
f 4886/4886 4893/4893 4884/4884
f 4938/4938 755/755 4939/4939
f 4940/4940 4941/4941 4942/4942
f 4942/4942 4941/4941 760/760
f 4943/4943 4944/4944 4806/4806
f 4944/4944 4943/4943 4945/4945
f 4945/4945 4943/4943 4946/4946
f 4947/4947 4948/4948 4949/4949
f 4949/4949 4948/4948 4950/4950
f 769/769 4951/4951 4947/4947
f 4947/4947 4951/4951 4948/4948
f 4952/4952 715/715 772/772
f 772/772 715/715 4864/4864
f 4951/4951 769/769 4953/4953
f 4953/4953 769/769 774/774
f 775/775 4954/4954 4931/4931
f 4955/4955 4799/4799 778/778
f 778/778 4799/4799 4801/4801
f 4899/4899 4956/4956 4898/4898
f 4957/4957 4958/4958 782/782
f 4959/4959 4960/4960 785/785
f 785/785 4960/4960 786/786
f 755/755 4961/4961 4962/4962
f 4962/4962 4961/4961 4950/4950
f 4957/4957 4963/4963 790/790
f 4836/4836 4964/4964 4965/4965
f 793/793 794/794 4966/4966
f 4966/4966 794/794 4837/4837
f 4967/4967 797/797 798/798
f 4968/4968 800/800 801/801
f 802/802 803/803 4880/4880
f 4880/4880 803/803 4881/4881
f 4969/4969 4970/4970 4971/4971
f 4971/4971 4970/4970 4972/4972
f 4836/4836 4973/4973 4968/4968
f 4934/4934 755/755 4929/4929
f 598/598 4833/4833 4929/4929
f 4934/4934 809/809 4936/4936
f 703/703 4968/4968 4974/4974
f 4974/4974 4968/4968 801/801
f 4933/4933 667/667 598/598
f 598/598 667/667 4923/4923
f 4924/4924 4975/4975 4976/4976
f 4897/4897 4832/4832 598/598
f 4924/4924 4897/4897 4898/4898
f 4957/4957 4898/4898 4958/4958
f 4958/4958 4898/4898 4956/4956
f 4837/4837 4835/4835 4966/4966
f 4944/4944 4939/4939 4806/4806
f 4806/4806 4939/4939 560/560
f 785/785 786/786 4898/4898
f 785/785 4836/4836 4837/4837
f 4965/4965 813/813 782/782
f 782/782 813/813 4977/4977
f 4954/4954 4978/4978 4932/4932
f 4932/4932 4978/4978 4933/4933
f 4979/4979 817/817 4980/4980
f 4980/4980 817/817 4981/4981
f 4973/4973 4836/4836 4982/4982
f 4982/4982 4836/4836 4965/4965
f 821/821 4983/4983 4860/4860
f 4984/4984 824/824 825/825
f 4871/4871 4985/4985 655/655
f 655/655 4985/4985 4986/4986
f 4983/4983 825/825 703/703
f 828/828 4860/4860 4987/4987
f 4909/4909 4988/4988 831/831
f 832/832 703/703 831/831
f 4989/4989 832/832 4910/4910
f 4990/4990 4991/4991 4992/4992
f 4992/4992 4991/4991 4993/4993
f 4862/4862 4861/4861 4994/4994
f 4994/4994 4861/4861 4995/4995
f 4996/4996 4997/4997 842/842
f 842/842 4997/4997 4998/4998
f 4912/4912 844/844 4910/4910
f 4910/4910 844/844 4989/4989
f 4989/4989 845/845 4987/4987
f 4999/4999 5000/5000 5001/5001
f 5001/5001 5000/5000 5002/5002
f 4961/4961 749/749 4900/4900
f 4950/4950 4961/4961 4949/4949
f 5003/5003 5004/5004 4903/4903
f 4903/4903 5004/5004 4902/4902
f 4962/4962 4901/4901 560/560
f 4875/4875 5005/5005 729/729
f 729/729 5005/5005 4919/4919
f 5006/5006 854/854 4946/4946
f 4946/4946 854/854 4945/4945
f 854/854 5006/5006 855/855
f 855/855 5006/5006 5007/5007
f 5008/5008 5007/5007 5009/5009
f 5009/5009 5007/5007 5006/5006
f 5010/5010 860/860 5003/5003
f 5003/5003 860/860 5004/5004
f 5011/5011 862/862 4800/4800
f 4800/4800 862/862 5012/5012
f 864/864 5013/5013 4955/4955
f 4955/4955 5013/5013 4799/4799
f 5014/5014 5015/5015 5011/5011
f 5011/5011 5015/5015 862/862
f 5016/5016 4870/4870 4917/4917
f 4917/4917 4870/4870 697/697
f 4851/4851 4831/4831 677/677
f 4886/4886 4883/4883 5001/5001
f 5002/5002 4821/4821 5001/5001
f 5017/5017 5018/5018 5019/5019
f 5019/5019 5018/5018 4867/4867
f 872/872 5002/5002 5000/5000
f 4804/4804 4805/4805 4798/4798
f 4798/4798 4805/4805 5020/5020
f 4968/4968 4973/4973 800/800
f 800/800 4973/4973 798/798
f 872/872 4882/4882 677/677
f 5017/5017 4878/4878 4821/4821
f 5018/5018 5017/5017 4829/4829
f 4878/4878 4877/4877 4886/4886
f 4822/4822 4824/4824 4828/4828
f 874/874 875/875 4822/4822
f 4822/4822 875/875 5021/5021
f 877/877 878/878 4818/4818
f 4818/4818 878/878 4826/4826
f 593/593 592/592 656/656
f 656/656 592/592 5022/5022
f 4816/4816 4826/4826 639/639
f 639/639 4826/4826 878/878
f 5023/5023 881/881 5024/5024
f 5024/5024 881/881 5025/5025
f 874/874 593/593 655/655
f 655/655 593/593 656/656
f 881/881 884/884 5025/5025
f 5025/5025 884/884 5026/5026
f 5027/5027 5026/5026 5028/5028
f 5028/5028 5026/5026 884/884
f 5028/5028 5023/5023 5027/5027
f 5027/5027 5023/5023 5024/5024
f 4828/4828 4820/4820 4830/4830
f 5029/5029 889/889 4928/4928
f 4928/4928 889/889 743/743
f 890/890 4838/4838 5030/5030
f 5030/5030 4838/4838 892/892
f 5031/5031 894/894 895/895
f 895/895 894/894 5032/5032
f 897/897 4839/4839 5033/5033
f 5033/5033 4839/4839 605/605
f 5034/5034 727/727 900/900
f 900/900 727/727 4921/4921
f 845/845 4988/4988 4987/4987
f 4987/4987 4988/4988 828/828
f 801/801 797/797 4974/4974
f 4974/4974 797/797 4967/4967
f 727/727 5034/5034 729/729
f 729/729 5034/5034 901/901
f 4917/4917 702/702 725/725
f 725/725 702/702 5035/5035
f 5036/5036 5037/5037 4971/4971
f 4971/4971 5037/5037 5038/5038
f 5039/5039 907/907 813/813
f 813/813 907/907 4977/4977
f 5012/5012 4955/4955 736/736
f 736/736 4955/4955 778/778
f 605/605 604/604 5033/5033
f 5033/5033 604/604 5040/5040
f 5041/5041 4865/4865 4980/4980
f 4980/4980 4865/4865 5042/5042
f 5043/5043 912/912 5039/5039
f 5039/5039 912/912 907/907
f 897/897 890/890 5044/5044
f 5044/5044 890/890 5030/5030
f 5045/5045 915/915 5046/5046
f 5046/5046 915/915 917/917
f 5030/5030 892/892 4978/4978
f 4978/4978 892/892 918/918
f 895/895 5032/5032 809/809
f 809/809 5032/5032 4936/4936
f 4839/4839 897/897 919/919
f 919/919 897/897 5044/5044
f 5047/5047 921/921 922/922
f 922/922 921/921 5048/5048
f 924/924 925/925 926/926
f 926/926 925/925 927/927
f 4838/4838 4839/4839 892/892
f 892/892 4839/4839 919/919
f 5031/5031 5048/5048 928/928
f 928/928 5048/5048 921/921
f 894/894 5031/5031 5049/5049
f 5049/5049 5031/5031 928/928
f 612/612 611/611 5050/5050
f 5050/5050 611/611 4846/4846
f 4843/4843 4795/4795 612/612
f 612/612 4795/4795 611/611
f 926/926 927/927 4959/4959
f 4959/4959 927/927 4960/4960
f 4800/4800 5012/5012 4802/4802
f 4802/4802 5012/5012 736/736
f 5051/5051 5052/5052 793/793
f 793/793 5052/5052 794/794
f 5053/5053 5054/5054 5055/5055
f 5055/5055 5054/5054 936/936
f 5056/5056 5055/5055 5057/5057
f 5057/5057 5055/5055 5058/5058
f 862/862 864/864 5012/5012
f 5012/5012 864/864 4955/4955
f 5059/5059 5015/5015 5060/5060
f 5060/5060 5015/5015 5014/5014
f 5061/5061 5062/5062 944/944
f 944/944 5062/5062 936/936
f 5055/5055 936/936 5058/5058
f 5058/5058 936/936 5062/5062
f 907/907 945/945 4977/4977
f 4977/4977 945/945 4963/4963
f 927/927 5051/5051 4960/4960
f 4960/4960 5051/5051 793/793
f 5045/5045 5043/5043 5063/5063
f 5063/5063 5043/5043 5039/5039
f 5052/5052 926/926 794/794
f 794/794 926/926 4959/4959
f 5064/5064 924/924 5052/5052
f 5052/5052 924/924 926/926
f 5065/5065 949/949 5064/5064
f 5064/5064 949/949 924/924
f 5066/5066 5065/5065 5067/5067
f 5067/5067 5065/5065 5064/5064
f 912/912 915/915 907/907
f 907/907 915/915 945/945
f 925/925 5067/5067 927/927
f 927/927 5067/5067 5051/5051
f 917/917 952/952 5046/5046
f 5046/5046 952/952 5068/5068
f 5069/5069 4804/4804 550/550
f 550/550 4804/4804 4798/4798
f 4842/4842 4841/4841 4844/4844
f 4844/4844 4841/4841 4794/4794
f 560/560 546/546 571/571
f 571/571 546/546 4795/4795
f 5069/5069 4840/4840 608/608
f 608/608 4840/4840 573/573
f 4823/4823 4811/4811 4825/4825
f 4825/4825 4811/4811 572/572
f 4803/4803 560/560 4811/4811
f 4811/4811 560/560 571/571
f 5026/5026 5027/5027 5025/5025
f 5025/5025 5027/5027 5024/5024
f 5070/5070 956/956 5071/5071
f 5071/5071 956/956 958/958
f 4849/4849 4893/4893 5072/5072
f 5072/5072 4893/4893 5073/5073
f 961/961 4847/4847 5074/5074
f 5074/5074 4847/4847 620/620
f 5074/5074 5075/5075 961/961
f 961/961 5075/5075 5076/5076
f 4908/4908 5077/5077 620/620
f 620/620 5077/5077 5074/5074
f 5073/5073 4894/4894 5078/5078
f 5078/5078 4894/4894 4907/4907
f 4894/4894 5079/5079 4907/4907
f 4907/4907 5079/5079 4906/4906
f 958/958 828/828 5071/5071
f 5071/5071 828/828 968/968
f 641/641 4860/4860 958/958
f 958/958 4860/4860 828/828
f 969/969 5080/5080 971/971
f 971/971 5080/5080 5081/5081
f 5082/5082 5083/5083 4938/4938
f 4938/4938 5083/5083 4937/4937
f 4901/4901 4962/4962 4903/4903
f 4903/4903 4962/4962 4950/4950
f 4835/4835 4975/4975 4966/4966
f 4966/4966 4975/4975 786/786
f 4934/4934 749/749 755/755
f 755/755 749/749 4961/4961
f 5084/5084 5085/5085 5082/5082
f 5082/5082 5085/5085 5083/5083
f 884/884 881/881 878/878
f 878/878 881/881 639/639
f 4962/4962 560/560 755/755
f 755/755 560/560 4939/4939
f 921/921 5047/5047 928/928
f 928/928 5047/5047 5049/5049
f 4953/4953 5086/5086 4951/4951
f 4951/4951 5086/5086 5010/5010
f 978/978 5076/5076 979/979
f 979/979 5076/5076 5075/5075
f 5035/5035 979/979 5087/5087
f 5087/5087 979/979 5075/5075
f 981/981 725/725 5087/5087
f 5087/5087 725/725 5035/5035
f 5005/5005 4875/4875 4895/4895
f 4895/4895 4875/4875 665/665
f 4974/4974 5035/5035 703/703
f 703/703 5035/5035 702/702
f 5088/5088 5089/5089 5090/5090
f 5090/5090 5089/5089 4996/4996
f 5077/5077 4909/4909 5087/5087
f 5087/5087 4909/4909 981/981
f 713/713 4909/4909 4908/4908
f 4908/4908 4909/4909 5077/5077
f 654/654 5091/5091 698/698
f 698/698 5091/5091 4916/4916
f 986/986 987/987 5091/5091
f 5091/5091 987/987 5016/5016
f 987/987 4868/4868 5016/5016
f 5016/5016 4868/4868 4870/4870
f 4914/4914 5092/5092 5093/5093
f 5093/5093 5092/5092 990/990
f 4869/4869 986/986 654/654
f 654/654 986/986 5091/5091
f 4869/4869 4868/4868 5094/5094
f 5094/5094 4868/4868 5095/5095
f 987/987 986/986 993/993
f 993/993 986/986 5096/5096
f 995/995 996/996 997/997
f 997/997 996/996 5097/5097
f 5048/5048 5031/5031 889/889
f 889/889 5031/5031 895/895
f 5032/5032 894/894 5029/5029
f 5029/5029 894/894 922/922
f 999/999 1000/1000 4850/4850
f 4850/4850 1000/1000 4852/4852
f 5098/5098 4904/4904 5079/5079
f 5079/5079 4904/4904 4906/4906
f 1002/1002 1003/1003 5099/5099
f 5099/5099 1003/1003 5100/5100
f 5029/5029 4928/4928 5032/5032
f 5032/5032 4928/4928 4936/4936
f 4872/4872 5101/5101 4871/4871
f 4871/4871 5101/5101 4985/4985
f 997/997 685/685 5102/5102
f 5102/5102 685/685 4829/4829
f 1008/1008 5072/5072 5078/5078
f 5078/5078 5072/5072 5073/5073
f 4894/4894 5073/5073 4895/4895
f 4895/4895 5073/5073 5103/5103
f 664/664 5104/5104 665/665
f 665/665 5104/5104 693/693
f 664/664 5105/5105 5104/5104
f 5104/5104 5105/5105 5103/5103
f 5005/5005 4895/4895 5105/5105
f 5105/5105 4895/4895 5103/5103
f 5034/5034 5106/5106 901/901
f 901/901 5106/5106 1013/1013
f 4891/4891 4890/4890 1014/1014
f 1014/1014 4890/4890 5107/5107
f 4921/4921 732/732 900/900
f 900/900 732/732 1016/1016
f 4896/4896 702/702 697/697
f 697/697 702/702 4917/4917
f 743/743 809/809 4929/4929
f 4929/4929 809/809 4934/4934
f 4887/4887 5108/5108 681/681
f 681/681 5108/5108 5109/5109
f 5054/5054 5053/5053 1019/1019
f 1019/1019 5053/5053 5110/5110
f 875/875 592/592 5021/5021
f 5021/5021 592/592 4830/4830
f 5068/5068 952/952 5043/5043
f 5043/5043 952/952 912/912
f 4977/4977 4963/4963 782/782
f 782/782 4963/4963 4957/4957
f 661/661 662/662 5111/5111
f 5111/5111 662/662 5112/5112
f 4899/4899 4923/4923 5110/5110
f 5110/5110 4923/4923 1019/1019
f 4897/4897 736/736 4832/4832
f 4832/4832 736/736 778/778
f 4927/4927 741/741 4956/4956
f 4956/4956 741/741 4922/4922
f 4965/4965 4964/4964 813/813
f 813/813 4964/4964 790/790
f 638/638 877/877 4815/4815
f 4815/4815 877/877 4818/4818
f 785/785 4898/4898 4836/4836
f 4836/4836 4898/4898 4964/4964
f 4893/4893 4849/4849 4879/4879
f 4879/4879 4849/4849 4920/4920
f 4883/4883 4886/4886 4851/4851
f 4851/4851 4886/4886 4885/4885
f 4877/4877 685/685 4886/4886
f 4886/4886 685/685 687/687
f 1023/1023 4981/4981 5113/5113
f 5113/5113 4981/4981 817/817
f 5114/5114 5050/5050 5081/5081
f 5081/5081 5050/5050 971/971
f 690/690 1026/1026 1027/1027
f 1027/1027 1026/1026 4889/4889
f 1026/1026 690/690 5115/5115
f 5115/5115 690/690 1029/1029
f 4890/4890 1026/1026 5107/5107
f 5107/5107 1026/1026 5115/5115
f 1030/1030 5116/5116 803/803
f 803/803 5116/5116 5117/5117
f 956/956 1033/1033 958/958
f 958/958 1033/1033 641/641
f 682/682 5118/5118 4888/4888
f 4888/4888 5118/5118 5119/5119
f 1036/1036 5120/5120 5093/5093
f 5093/5093 5120/5120 4995/4995
f 4881/4881 1038/1038 4884/4884
f 4884/4884 1038/1038 4885/4885
f 5050/5050 5114/5114 612/612
f 612/612 5114/5114 4842/4842
f 845/845 4911/4911 4988/4988
f 4988/4988 4911/4911 831/831
f 4844/4844 4794/4794 562/562
f 562/562 4794/4794 546/546
f 572/572 571/571 4843/4843
f 4843/4843 571/571 4795/4795
f 4813/4813 4814/4814 4812/4812
f 4812/4812 4814/4814 4831/4831
f 831/831 703/703 4909/4909
f 4909/4909 703/703 4896/4896
f 5002/5002 4831/4831 4821/4821
f 4821/4821 4831/4831 4817/4817
f 872/872 677/677 5002/5002
f 5002/5002 677/677 4831/4831
f 1038/1038 730/730 4885/4885
f 4885/4885 730/730 4920/4920
f 4878/4878 4886/4886 4821/4821
f 4821/4821 4886/4886 5001/5001
f 4882/4882 4999/4999 4883/4883
f 4883/4883 4999/4999 5001/5001
f 4882/4882 872/872 5121/5121
f 5121/5121 872/872 5122/5122
f 4942/4942 760/760 5123/5123
f 5123/5123 760/760 5122/5122
f 5124/5124 4942/4942 5125/5125
f 5125/5125 4942/4942 5123/5123
f 4808/4808 4810/4810 1044/1044
f 1044/1044 4810/4810 5020/5020
f 4941/4941 1045/1045 760/760
f 760/760 1045/1045 5126/5126
f 5109/5109 5118/5118 5115/5115
f 5115/5115 5118/5118 5107/5107
f 5040/5040 604/604 890/890
f 890/890 604/604 4838/4838
f 5127/5127 4940/4940 5124/5124
f 5124/5124 4940/4940 4942/4942
f 5100/5100 1003/1003 1048/1048
f 1048/1048 1003/1003 1049/1049
f 1048/1048 1049/1049 4913/4913
f 4913/4913 1049/1049 4912/4912
f 4911/4911 845/845 4913/4913
f 4913/4913 845/845 5128/5128
f 5129/5129 1048/1048 5128/5128
f 5128/5128 1048/1048 4913/4913
f 5079/5079 4894/4894 5097/5097
f 5097/5097 4894/4894 693/693
f 5130/5130 5129/5129 844/844
f 844/844 5129/5129 5128/5128
f 1003/1003 1002/1002 1049/1049
f 1049/1049 1002/1002 5130/5130
f 1049/1049 5130/5130 4912/4912
f 4912/4912 5130/5130 844/844
f 666/666 667/667 4930/4930
f 4930/4930 667/667 4933/4933
f 715/715 4952/4952 828/828
f 828/828 4952/4952 968/968
f 713/713 712/712 4863/4863
f 4863/4863 712/712 4915/4915
f 5080/5080 969/969 4845/4845
f 4845/4845 969/969 4846/4846
f 5116/5116 5111/5111 5117/5117
f 5117/5117 5111/5111 5131/5131
f 1054/1054 1036/1036 990/990
f 990/990 1036/1036 5093/5093
f 4916/4916 725/725 698/698
f 698/698 725/725 981/981
f 5113/5113 817/817 5132/5132
f 5132/5132 817/817 4979/4979
f 5112/5112 1030/1030 802/802
f 802/802 1030/1030 803/803
f 662/662 4874/4874 5112/5112
f 5112/5112 4874/4874 1030/1030
f 4989/4989 4987/4987 832/832
f 832/832 4987/4987 4860/4860
f 5009/5009 1056/1056 5008/5008
f 5008/5008 1056/1056 1057/1057
f 4969/4969 1058/1058 801/801
f 801/801 1058/1058 797/797
f 4970/4970 4969/4969 800/800
f 800/800 4969/4969 801/801
f 1059/1059 4970/4970 798/798
f 798/798 4970/4970 800/800
f 1058/1058 4969/4969 5038/5038
f 5038/5038 4969/4969 4971/4971
f 5133/5133 5088/5088 5134/5134
f 5134/5134 5088/5088 5090/5090
f 5037/5037 5036/5036 1062/1062
f 1062/1062 5036/5036 1063/1063
f 4971/4971 4972/4972 5036/5036
f 5036/5036 4972/4972 1063/1063
f 4840/4840 5069/5069 1044/1044
f 1044/1044 5069/5069 550/550
f 4954/4954 4932/4932 4931/4931
f 4931/4931 4932/4932 755/755
f 922/922 894/894 5047/5047
f 5047/5047 894/894 5049/5049
f 4938/4938 666/666 755/755
f 755/755 666/666 4931/4931
f 4901/4901 4900/4900 563/563
f 563/563 4900/4900 749/749
f 4974/4974 4967/4967 5035/5035
f 5035/5035 4967/4967 4982/4982
f 4944/4944 5082/5082 4939/4939
f 4939/4939 5082/5082 4938/4938
f 5083/5083 4943/4943 4937/4937
f 4937/4937 4943/4943 4806/4806
f 1056/1056 5009/5009 5084/5084
f 5084/5084 5009/5009 5085/5085
f 5086/5086 1064/1064 5010/5010
f 5010/5010 1064/1064 860/860
f 4820/4820 4829/4829 4821/4821
f 4821/4821 4829/4829 5017/5017
f 1048/1048 5129/5129 5100/5100
f 5100/5100 5129/5129 5099/5099
f 4878/4878 5017/5017 671/671
f 671/671 5017/5017 5019/5019
f 4885/4885 4920/4920 4851/4851
f 4851/4851 4920/4920 4849/4849
f 5135/5135 4998/4998 5134/5134
f 5134/5134 4998/4998 4997/4997
f 5136/5136 647/647 671/671
f 671/671 647/647 4866/4866
f 4810/4810 4796/4796 5020/5020
f 5020/5020 4796/4796 4798/4798
f 4980/4980 4981/4981 5041/5041
f 5041/5041 4981/4981 5136/5136
f 4994/4994 990/990 4862/4862
f 4862/4862 990/990 5092/5092
f 824/824 1067/1067 4834/4834
f 4834/4834 1067/1067 821/821
f 4891/4891 4892/4892 687/687
f 687/687 4892/4892 4886/4886
f 5037/5037 1062/1062 5038/5038
f 5038/5038 1062/1062 5137/5137
f 5028/5028 884/884 877/877
f 877/877 884/884 878/878
f 5138/5138 4984/4984 4983/4983
f 4983/4983 4984/4984 825/825
f 4936/4936 4928/4928 4935/4935
f 4935/4935 4928/4928 4833/4833
f 4843/4843 4844/4844 572/572
f 572/572 4844/4844 562/562
f 4931/4931 4930/4930 775/775
f 775/775 4930/4930 918/918
f 4925/4925 5053/5053 5056/5056
f 5056/5056 5053/5053 5055/5055
f 922/922 5048/5048 5029/5029
f 5029/5029 5048/5048 889/889
f 5033/5033 5040/5040 897/897
f 897/897 5040/5040 890/890
f 4809/4809 567/567 4807/4807
f 4807/4807 567/567 564/564
f 794/794 4959/4959 4837/4837
f 4837/4837 4959/4959 785/785
f 760/760 5126/5126 5122/5122
f 5122/5122 5126/5126 5121/5121
f 5092/5092 4914/4914 772/772
f 772/772 4914/4914 4915/4915
f 5126/5126 5124/5124 5121/5121
f 5121/5121 5124/5124 5125/5125
f 860/860 769/769 5004/5004
f 5004/5004 769/769 4947/4947
f 4970/4970 1059/1059 4972/4972
f 4972/4972 1059/1059 5137/5137
f 5134/5134 4997/4997 5133/5133
f 5133/5133 4997/4997 5139/5139
f 4983/4983 821/821 5138/5138
f 5138/5138 821/821 1067/1067
f 4996/4996 5089/5089 4997/4997
f 4997/4997 5089/5089 5139/5139
f 4951/4951 5010/5010 4948/4948
f 4948/4948 5010/5010 5003/5003
f 945/945 5063/5063 4963/4963
f 4963/4963 5063/5063 790/790
f 915/915 5045/5045 945/945
f 945/945 5045/5045 5063/5063
f 5140/5140 5141/5141 4876/4876
f 4876/4876 5141/5141 5142/5142
f 4854/4854 5140/5140 4856/4856
f 4856/4856 5140/5140 4876/4876
f 4960/4960 793/793 786/786
f 786/786 793/793 4966/4966
f 4958/4958 4982/4982 782/782
f 782/782 4982/4982 4965/4965
f 786/786 4975/4975 4898/4898
f 4898/4898 4975/4975 4924/4924
f 778/778 4801/4801 4832/4832
f 4832/4832 4801/4801 4976/4976
f 5056/5056 5057/5057 944/944
f 944/944 5057/5057 5061/5061
f 5067/5067 925/925 5066/5066
f 5066/5066 925/925 1074/1074
f 5013/5013 864/864 5060/5060
f 5060/5060 864/864 5059/5059
f 5060/5060 5014/5014 5013/5013
f 5013/5013 5014/5014 5011/5011
f 4985/4985 5101/5101 4986/4986
f 4986/4986 5101/5101 5022/5022
f 655/655 4986/4986 874/874
f 874/874 4986/4986 875/875
f 881/881 5023/5023 639/639
f 639/639 5023/5023 638/638
f 952/952 917/917 912/912
f 912/912 917/917 915/915
f 993/993 5095/5095 987/987
f 987/987 5095/5095 4868/4868
f 4948/4948 5003/5003 4950/4950
f 4950/4950 5003/5003 4903/4903
f 4975/4975 597/597 4976/4976
f 4976/4976 597/597 4832/4832
f 4998/4998 1067/1067 842/842
f 842/842 1067/1067 824/824
f 5143/5143 995/995 5102/5102
f 5102/5102 995/995 997/997
f 4827/4827 4811/4811 4821/4821
f 4821/4821 4811/4811 4819/4819
f 4801/4801 4802/4802 4976/4976
f 4976/4976 4802/4802 4924/4924
f 635/635 630/630 637/637
f 637/637 630/630 632/632
f 1033/1033 5144/5144 641/641
f 641/641 5144/5144 4859/4859
f 1014/1014 1029/1029 4891/4891
f 4891/4891 1029/1029 690/690
f 5117/5117 5131/5131 1038/1038
f 1038/1038 5131/5131 730/730
f 1077/1077 1054/1054 4994/4994
f 4994/4994 1054/1054 990/990
f 5118/5118 5109/5109 5119/5119
f 5119/5119 5109/5109 5108/5108
f 5071/5071 968/968 5145/5145
f 5145/5145 968/968 4848/4848
f 5087/5087 5075/5075 5077/5077
f 5077/5077 5075/5075 5074/5074
f 5041/5041 5136/5136 5019/5019
f 5019/5019 5136/5136 671/671
f 5097/5097 693/693 997/997
f 997/997 693/693 685/685
f 4982/4982 5146/5146 5035/5035
f 5035/5035 5146/5146 979/979
f 5091/5091 5016/5016 4916/4916
f 4916/4916 5016/5016 4917/4917
f 5056/5056 944/944 4925/4925
f 4925/4925 944/944 4926/4926
f 5147/5147 978/978 5146/5146
f 5146/5146 978/978 979/979
f 4845/4845 5114/5114 5080/5080
f 5080/5080 5114/5114 5081/5081
f 5148/5148 5135/5135 5090/5090
f 5090/5090 5135/5135 5134/5134
f 4918/4918 5106/5106 732/732
f 732/732 5106/5106 1016/1016
f 4988/4988 4909/4909 828/828
f 828/828 4909/4909 715/715
f 1013/1013 4919/4919 5105/5105
f 5105/5105 4919/4919 5005/5005
f 803/803 5117/5117 4881/4881
f 4881/4881 5117/5117 1038/1038
f 4862/4862 5092/5092 4864/4864
f 4864/4864 5092/5092 772/772
f 968/968 4908/4908 4848/4848
f 4848/4848 4908/4908 620/620
f 4994/4994 4995/4995 1077/1077
f 1077/1077 4995/4995 5120/5120
f 832/832 4860/4860 703/703
f 703/703 4860/4860 4983/4983
f 664/664 4875/4875 901/901
f 901/901 4875/4875 729/729
f 4821/4821 4817/4817 4827/4827
f 4827/4827 4817/4817 4826/4826
f 647/647 5136/5136 1023/1023
f 1023/1023 5136/5136 4981/4981
f 4901/4901 563/563 560/560
f 560/560 563/563 546/546
f 608/608 555/555 5069/5069
f 5069/5069 555/555 4804/4804
f 636/636 597/597 5149/5149
f 5149/5149 597/597 4975/4975
f 4923/4923 4922/4922 1019/1019
f 1019/1019 4922/4922 741/741
f 5104/5104 5103/5103 4893/4893
f 4893/4893 5103/5103 5073/5073
f 5124/5124 5126/5126 5127/5127
f 5127/5127 5126/5126 1045/1045
f 4819/4819 4823/4823 5021/5021
f 5021/5021 4823/4823 4822/4822
f 4816/4816 4813/4813 4827/4827
f 4827/4827 4813/4813 4811/4811
f 5113/5113 5132/5132 1023/1023
f 1023/1023 5132/5132 5042/5042
f 632/632 563/563 637/637
f 637/637 563/563 749/749
f 1056/1056 854/854 1057/1057
f 1057/1057 854/854 855/855
f 4858/4858 4825/4825 632/632
f 632/632 4825/4825 563/563
f 5102/5102 4829/4829 4858/4858
f 4858/4858 4829/4829 4825/4825
f 5118/5118 682/682 5107/5107
f 5107/5107 682/682 1014/1014
f 5090/5090 4996/4996 5148/5148
f 5148/5148 4996/4996 842/842
f 4958/4958 5142/5142 4982/4982
f 4982/4982 5142/5142 5146/5146
f 798/798 4973/4973 4967/4967
f 4967/4967 4973/4973 4982/4982
f 561/561 666/666 4937/4937
f 4937/4937 666/666 4938/4938
f 572/572 562/562 4825/4825
f 4825/4825 562/562 563/563
f 4972/4972 5137/5137 1063/1063
f 1063/1063 5137/5137 1062/1062
f 5038/5038 5137/5137 1058/1058
f 1058/1058 5137/5137 1059/1059
f 5050/5050 4846/4846 971/971
f 971/971 4846/4846 969/969
f 5106/5106 4918/4918 1013/1013
f 1013/1013 4918/4918 4919/4919
f 5089/5089 5088/5088 5139/5139
f 5139/5139 5088/5088 5133/5133
f 1002/1002 5099/5099 5130/5130
f 5130/5130 5099/5099 5129/5129
f 824/824 4984/4984 842/842
f 842/842 4984/4984 5148/5148
f 4999/4999 4882/4882 5125/5125
f 5125/5125 4882/4882 5121/5121
f 986/986 4869/4869 5096/5096
f 5096/5096 4869/4869 5094/5094
f 949/949 1074/1074 924/924
f 924/924 1074/1074 925/925
f 1057/1057 855/855 5008/5008
f 5008/5008 855/855 5007/5007
f 4861/4861 4914/4914 4995/4995
f 4995/4995 4914/4914 5093/5093
f 5009/5009 5006/5006 5085/5085
f 5085/5085 5006/5006 4946/4946
f 854/854 1056/1056 4945/4945
f 4945/4945 1056/1056 5084/5084
f 5082/5082 4944/4944 5084/5084
f 5084/5084 4944/4944 4945/4945
f 5044/5044 5030/5030 4954/4954
f 4954/4954 5030/5030 4978/4978
f 4898/4898 4957/4957 4964/4964
f 4964/4964 4957/4957 790/790
f 4943/4943 5083/5083 4946/4946
f 4946/4946 5083/5083 5085/5085
f 5101/5101 4872/4872 5022/5022
f 5022/5022 4872/4872 656/656
f 1027/1027 693/693 4893/4893
f 4893/4893 693/693 5104/5104
f 4865/4865 647/647 5042/5042
f 5042/5042 647/647 1023/1023
f 4851/4851 4852/4852 4831/4831
f 4831/4831 4852/4852 4992/4992
f 5150/5150 999/999 1008/1008
f 1008/1008 999/999 4850/4850
f 4905/4905 1084/1084 4907/4907
f 4907/4907 1084/1084 5078/5078
f 619/619 5151/5151 4848/4848
f 4848/4848 5151/5151 5145/5145
f 5141/5141 5147/5147 5142/5142
f 5142/5142 5147/5147 5146/5146
f 667/667 4876/4876 4958/4958
f 4958/4958 4876/4876 5142/5142
f 1008/1008 4850/4850 5072/5072
f 5072/5072 4850/4850 4849/4849
f 4909/4909 4896/4896 981/981
f 981/981 4896/4896 698/698
f 681/681 5109/5109 1029/1029
f 1029/1029 5109/5109 5115/5115
f 824/824 4834/4834 825/825
f 825/825 4834/4834 4836/4836
f 5095/5095 993/993 5094/5094
f 5094/5094 993/993 5096/5096
f 4877/4877 5018/5018 685/685
f 685/685 5018/5018 4829/4829
f 4820/4820 4819/4819 4830/4830
f 4830/4830 4819/4819 5021/5021
f 712/712 4952/4952 4915/4915
f 4915/4915 4952/4952 772/772
f 4911/4911 4910/4910 831/831
f 831/831 4910/4910 832/832
f 4860/4860 4835/4835 821/821
f 821/821 4835/4835 4834/4834
f 825/825 4836/4836 703/703
f 703/703 4836/4836 4968/4968
f 4926/4926 5054/5054 741/741
f 741/741 5054/5054 1019/1019
f 690/690 1027/1027 4892/4892
f 4892/4892 1027/1027 4893/4893
f 4952/4952 712/712 968/968
f 968/968 712/712 4908/4908
f 4833/4833 597/597 4935/4935
f 4935/4935 597/597 749/749
f 5135/5135 5148/5148 5138/5138
f 5138/5138 5148/5148 4984/4984
f 1026/1026 4890/4890 4889/4889
f 4889/4889 4890/4890 687/687
f 919/919 5044/5044 775/775
f 775/775 5044/5044 4954/4954
f 5015/5015 5059/5059 862/862
f 862/862 5059/5059 864/864
f 5108/5108 4887/4887 5119/5119
f 5119/5119 4887/4887 4888/4888
f 682/682 681/681 1014/1014
f 1014/1014 681/681 1029/1029
f 5111/5111 5112/5112 5131/5131
f 5131/5131 5112/5112 802/802
f 5106/5106 5034/5034 1016/1016
f 1016/1016 5034/5034 900/900
f 4840/4840 1044/1044 4805/4805
f 4805/4805 1044/1044 5020/5020
f 4863/4863 4864/4864 713/713
f 713/713 4864/4864 715/715
f 5111/5111 5116/5116 661/661
f 661/661 5116/5116 4873/4873
f 4998/4998 5135/5135 1067/1067
f 1067/1067 5135/5135 5138/5138
f 4870/4870 654/654 697/697
f 697/697 654/654 698/698
f 685/685 693/693 4889/4889
f 4889/4889 693/693 1027/1027
f 5123/5123 5122/5122 5000/5000
f 5000/5000 5122/5122 872/872
f 4831/4831 4992/4992 4812/4812
f 4812/4812 4992/4992 4993/4993
f 4874/4874 4873/4873 1030/1030
f 1030/1030 4873/4873 5116/5116
f 4978/4978 918/918 4933/4933
f 4933/4933 918/918 4930/4930
f 4805/4805 4803/4803 573/573
f 573/573 4803/4803 4811/4811
f 598/598 4929/4929 4932/4932
f 4932/4932 4929/4929 755/755
f 4902/4902 4949/4949 4900/4900
f 4900/4900 4949/4949 4961/4961
f 1064/1064 774/774 860/860
f 860/860 774/774 769/769
f 4812/4812 561/561 608/608
f 608/608 561/561 555/555
f 845/845 4989/4989 5128/5128
f 5128/5128 4989/4989 844/844
f 5105/5105 664/664 1013/1013
f 1013/1013 664/664 901/901
f 5132/5132 4979/4979 5042/5042
f 5042/5042 4979/4979 4980/4980
f 5046/5046 5068/5068 5045/5045
f 5045/5045 5068/5068 5043/5043
f 4956/4956 4899/4899 4927/4927
f 4927/4927 4899/4899 5110/5110
f 4941/4941 4940/4940 1045/1045
f 1045/1045 4940/4940 5127/5127
f 4956/4956 4922/4922 4958/4958
f 4958/4958 4922/4922 667/667
f 4866/4866 4867/4867 4877/4877
f 4877/4877 4867/4867 5018/5018
f 5149/5149 4975/4975 4859/4859
f 4859/4859 4975/4975 4835/4835
f 5131/5131 802/802 730/730
f 730/730 802/802 4880/4880
f 5053/5053 4925/4925 5110/5110
f 5110/5110 4925/4925 4927/4927
f 4812/4812 4993/4993 561/561
f 561/561 4993/4993 4855/4855
f 561/561 4855/4855 666/666
f 666/666 4855/4855 4856/4856
f 1000/1000 4990/4990 4852/4852
f 4852/4852 4990/4990 4992/4992
f 1058/1058 1059/1059 797/797
f 797/797 1059/1059 798/798
f 637/637 749/749 636/636
f 636/636 749/749 597/597
f 1084/1084 5150/5150 5078/5078
f 5078/5078 5150/5150 1008/1008
f 5144/5144 5152/5152 4859/4859
f 4859/4859 5152/5152 5149/5149
f 5152/5152 634/634 5149/5149
f 5149/5149 634/634 636/636
f 4857/4857 5143/5143 4858/4858
f 4858/4858 5143/5143 5102/5102
f 5120/5120 1036/1036 1077/1077
f 1077/1077 1036/1036 1054/1054
f 5004/5004 4947/4947 4902/4902
f 4902/4902 4947/4947 4949/4949
f 4991/4991 4853/4853 4993/4993
f 4993/4993 4853/4853 4855/4855
f 774/774 1064/1064 4953/4953
f 4953/4953 1064/1064 5086/5086
f 5054/5054 4926/4926 936/936
f 936/936 4926/4926 944/944
f 996/996 5098/5098 5097/5097
f 5097/5097 5098/5098 5079/5079
f 5057/5057 5058/5058 5061/5061
f 5061/5061 5058/5058 5062/5062
f 4797/4797 4808/4808 550/550
f 550/550 4808/4808 1044/1044
f 5151/5151 5070/5070 5145/5145
f 5145/5145 5070/5070 5071/5071
f 5000/5000 4999/4999 5123/5123
f 5123/5123 4999/4999 5125/5125
f 593/593 874/874 4828/4828
f 4828/4828 874/874 4822/4822
f 592/592 875/875 5022/5022
f 5022/5022 875/875 4986/4986
f 889/889 895/895 743/743
f 743/743 895/895 809/809
f 5023/5023 5028/5028 638/638
f 638/638 5028/5028 877/877
f 5114/5114 4845/4845 4842/4842
f 4842/4842 4845/4845 4841/4841
f 5063/5063 5039/5039 790/790
f 790/790 5039/5039 813/813
f 5013/5013 5011/5011 4799/4799
f 4799/4799 5011/5011 4800/4800
f 5067/5067 5064/5064 5051/5051
f 5051/5051 5064/5064 5052/5052
f 4865/4865 5041/5041 4867/4867
f 4867/4867 5041/5041 5019/5019
f 1074/1074 949/949 5066/5066
f 5066/5066 949/949 5065/5065
f 892/892 919/919 918/918
f 918/918 919/919 775/775

