# https://github.com/mikedh/trimesh
mtllib mat_014.mtl
usemtl wurenji_lhcg_mat_014
v 0.09403220 -0.06938640 -0.01083400
v 0.09379900 -0.06925170 -0.01083400
v 0.09377930 -0.06928590 -0.01058490
v 0.09401250 -0.06942060 -0.01058490
v 0.09386610 -0.06967400 -0.01148600
v 0.09363310 -0.06953930 -0.01148600
v 0.09372220 -0.06938490 -0.01130770
v 0.09395540 -0.06951960 -0.01130770
v 0.09324600 -0.07074820 -0.01058490
v 0.09301270 -0.07061350 -0.01058490
v 0.09299300 -0.07064770 -0.01083400
v 0.09299300 -0.07064770 -0.01083400
v 0.09322630 -0.07078220 -0.01083400
v 0.09322630 -0.07078220 -0.01083400
v 0.09373020 -0.07003950 -0.01055900
v 0.09368560 -0.07011670 -0.01054490
v 0.09362940 -0.07008430 -0.01057220
v 0.09366970 -0.07001420 -0.01058510
v 0.09350460 -0.07029990 -0.01006740
v 0.09327170 -0.07016540 -0.01006740
v 0.09315920 -0.07035980 -0.01018190
v 0.09339240 -0.07049450 -0.01018190
v 0.09364110 -0.07019410 -0.01110880
v 0.09368560 -0.07011670 -0.01112300
v 0.09362940 -0.07008430 -0.01109570
v 0.09358890 -0.07015430 -0.01108290
v 0.09402140 -0.06942820 -0.01171670
v 0.09325710 -0.07075190 -0.01171670
v 0.09330650 -0.07078040 -0.01174030
v 0.09407080 -0.06945670 -0.01174030
v 0.09334790 -0.07070800 -0.00941540
v 0.09334790 -0.07070800 -0.00941540
v 0.09334790 -0.07070800 -0.00941540
v 0.09334790 -0.07070800 -0.00941540
v 0.09334790 -0.07070800 -0.00941540
v 0.09334790 -0.07070800 -0.00941540
v 0.09318740 -0.07072360 -0.00920040
v 0.09318740 -0.07072360 -0.00920040
v 0.09318740 -0.07072360 -0.00920040
v 0.09307010 -0.07051450 -0.00958170
v 0.09330340 -0.07064890 -0.00958170
v 0.09330340 -0.07064890 -0.01130770
v 0.09307010 -0.07051450 -0.01130770
v 0.09315920 -0.07035980 -0.01148600
v 0.09339240 -0.07049450 -0.01148600
v 0.09327170 -0.07016540 -0.01160050
v 0.09350460 -0.07029990 -0.01160050
v 0.09362940 -0.07008430 -0.01163990
v 0.09339610 -0.06994960 -0.01163990
v 0.09352060 -0.06973400 -0.01160050
v 0.09375390 -0.06986870 -0.01160050
v 0.09400050 -0.06957120 -0.01129170
v 0.09400050 -0.06957120 -0.01129170
v 0.09400050 -0.06957120 -0.01129170
v 0.09400050 -0.06957120 -0.01129170
v 0.09391460 -0.06972050 -0.01146390
v 0.09391460 -0.06972050 -0.01146390
v 0.09391460 -0.06972050 -0.01146390
v 0.09391460 -0.06972050 -0.01146390
v 0.09377930 -0.06928580 -0.01108300
v 0.09401250 -0.06942050 -0.01108300
v 0.09405590 -0.06947540 -0.01107460
v 0.09405590 -0.06947540 -0.01107460
v 0.09405590 -0.06947540 -0.01107460
v 0.09405590 -0.06947540 -0.01107460
v 0.09407500 -0.06944240 -0.01083400
v 0.09407500 -0.06944240 -0.01083400
v 0.09407500 -0.06944240 -0.01083400
v 0.09407500 -0.06944240 -0.01083400
v 0.09343670 -0.06987950 -0.01108290
v 0.09339610 -0.06994960 -0.01109570
v 0.09366970 -0.07001420 -0.01108290
v 0.09329020 -0.07013290 -0.01068010
v 0.09331910 -0.07008280 -0.01062220
v 0.09355230 -0.07021750 -0.01062220
v 0.09352350 -0.07026770 -0.01068010
v 0.09326540 -0.07017650 -0.01083400
v 0.09327170 -0.07016510 -0.01075310
v 0.09350490 -0.07029990 -0.01075310
v 0.09349840 -0.07031090 -0.01083400
v 0.09335560 -0.07001960 -0.01108290
v 0.09331910 -0.07008280 -0.01104580
v 0.09355230 -0.07021750 -0.01104580
v 0.09343670 -0.06987950 -0.01058510
v 0.09347300 -0.06981630 -0.01062220
v 0.09370620 -0.06995100 -0.01062220
v 0.09382320 -0.06987880 -0.01092330
v 0.09383010 -0.06986650 -0.01083400
v 0.09376020 -0.06985760 -0.01083400
v 0.09375390 -0.06986870 -0.01091490
v 0.09382320 -0.06987880 -0.01074470
v 0.09375390 -0.06986870 -0.01075310
v 0.09364110 -0.07019420 -0.01055900
v 0.09360080 -0.07026400 -0.01060010
v 0.09358890 -0.07015430 -0.01058510
v 0.09331540 -0.07075810 -0.01059340
v 0.09331540 -0.07075810 -0.01059340
v 0.09331540 -0.07075810 -0.01059340
v 0.09331540 -0.07075810 -0.01059340
v 0.09337080 -0.07066240 -0.01037620
v 0.09337080 -0.07066240 -0.01037620
v 0.09337080 -0.07066240 -0.01037620
v 0.09337080 -0.07066240 -0.01037620
v 0.09330340 -0.07064890 -0.01036030
v 0.09356860 -0.07031930 -0.01100380
v 0.09360080 -0.07026400 -0.01106780
v 0.09352350 -0.07026770 -0.01098780
v 0.09345670 -0.07051320 -0.01020400
v 0.09345670 -0.07051320 -0.01020400
v 0.09345670 -0.07051320 -0.01020400
v 0.09345670 -0.07051320 -0.01020400
v 0.09356550 -0.07032520 -0.01009340
v 0.09356550 -0.07032520 -0.01009340
v 0.09356550 -0.07032520 -0.01009340
v 0.09356550 -0.07032520 -0.01009340
v 0.09381330 -0.06994960 -0.01112110
v 0.09385260 -0.06988170 -0.01104260
v 0.09380270 -0.06991440 -0.01100380
v 0.09377070 -0.06996970 -0.01106780
v 0.09376390 -0.07003530 -0.01117150
v 0.09373020 -0.07003950 -0.01110880
v 0.09360460 -0.07031090 -0.01112110
v 0.09365420 -0.07022540 -0.01117150
v 0.09356550 -0.07037900 -0.01104260
v 0.09354030 -0.07042250 -0.01094370
v 0.09354830 -0.07035490 -0.01092330
v 0.09391860 -0.06976740 -0.00968460
v 0.09400800 -0.06947340 -0.00924900
v 0.09400800 -0.06947340 -0.00924900
v 0.09400800 -0.06947340 -0.00924900
v 0.09400800 -0.06947340 -0.00924900
v 0.09400800 -0.06947340 -0.00924900
v 0.09400800 -0.06947340 -0.00924900
v 0.09362690 -0.06999680 -0.00920790
v 0.09362690 -0.06999680 -0.00920790
v 0.09362690 -0.06999680 -0.00920790
v 0.09362690 -0.06999680 -0.00920790
v 0.09362690 -0.06999680 -0.00920790
v 0.09362690 -0.06999680 -0.00920790
v 0.09362690 -0.06999680 -0.00920790
v 0.09362690 -0.06999680 -0.00920790
v 0.09362690 -0.06999680 -0.00920790
v 0.09362690 -0.06999680 -0.00920790
v 0.09362690 -0.06999680 -0.00920790
v 0.09381930 -0.06993950 -0.00978590
v 0.09370910 -0.07013020 -0.00982080
v 0.09359880 -0.07032100 -0.01151190
v 0.09370910 -0.07013020 -0.01154680
v 0.09370910 -0.07013020 -0.01118890
v 0.09349950 -0.07049310 -0.00968460
v 0.09346960 -0.07025400 -0.00918120
v 0.09346960 -0.07025400 -0.00918120
v 0.09346960 -0.07025400 -0.00918120
v 0.09337020 -0.07071730 -0.01061370
v 0.09335250 -0.07074750 -0.01083400
v 0.09353150 -0.07043780 -0.01083400
v 0.09354030 -0.07042250 -0.01072430
v 0.09337020 -0.07071730 -0.01105420
v 0.09342070 -0.07062970 -0.01125290
v 0.09391460 -0.06972050 -0.00973790
v 0.09391460 -0.06972050 -0.00973790
v 0.09391460 -0.06972050 -0.00973790
v 0.09391460 -0.06972050 -0.00973790
v 0.09380580 -0.06990850 -0.01157440
v 0.09380580 -0.06990850 -0.01157440
v 0.09380580 -0.06990850 -0.01157440
v 0.09380580 -0.06990850 -0.01157440
v 0.09391860 -0.06976740 -0.01141060
v 0.09381930 -0.06993950 -0.01151190
v 0.09368560 -0.07011670 -0.00988670
v 0.09368560 -0.07011670 -0.00988670
v 0.09368560 -0.07011670 -0.00988670
v 0.09368560 -0.07011670 -0.00988670
v 0.09380580 -0.06990850 -0.00984860
v 0.09380580 -0.06990850 -0.00984860
v 0.09380580 -0.06990850 -0.00984860
v 0.09380580 -0.06990850 -0.00984860
v 0.09356550 -0.07032520 -0.00984860
v 0.09356550 -0.07032520 -0.00984860
v 0.09356550 -0.07032520 -0.00984860
v 0.09356550 -0.07032520 -0.00984860
v 0.09359880 -0.07032100 -0.00978590
v 0.09345670 -0.07051320 -0.00973790
v 0.09345670 -0.07051320 -0.00973790
v 0.09345670 -0.07051320 -0.00973790
v 0.09345670 -0.07051320 -0.00973790
v 0.09405590 -0.06947540 -0.01059340
v 0.09405590 -0.06947540 -0.01059340
v 0.09405590 -0.06947540 -0.01059340
v 0.09405590 -0.06947540 -0.01059340
v 0.09400050 -0.06957120 -0.01037620
v 0.09400050 -0.06957120 -0.01037620
v 0.09400050 -0.06957120 -0.01037620
v 0.09400050 -0.06957120 -0.01037620
v 0.09399740 -0.06963100 -0.01041500
v 0.09404790 -0.06954320 -0.01061360
v 0.09375390 -0.06986870 -0.00987450
v 0.09352060 -0.06973400 -0.00987450
v 0.09363310 -0.06953930 -0.00976010
v 0.09386610 -0.06967400 -0.00976010
v 0.09368560 -0.07011670 -0.01005530
v 0.09368560 -0.07011670 -0.01005530
v 0.09368560 -0.07011670 -0.01005530
v 0.09368560 -0.07011670 -0.01005530
v 0.09380580 -0.06990850 -0.01009340
v 0.09380580 -0.06990850 -0.01009340
v 0.09380580 -0.06990850 -0.01009340
v 0.09380580 -0.06990850 -0.01009340
v 0.09375390 -0.06986870 -0.01006740
v 0.09362940 -0.07008430 -0.01002800
v 0.09329620 -0.07079120 -0.01083400
v 0.09329620 -0.07079120 -0.01083400
v 0.09329620 -0.07079120 -0.01083400
v 0.09329620 -0.07079120 -0.01083400
v 0.09352690 -0.06972290 -0.01083400
v 0.09352060 -0.06973400 -0.01091490
v 0.09386610 -0.06967400 -0.01018190
v 0.09363310 -0.06953930 -0.01018190
v 0.09352060 -0.06973400 -0.01006740
v 0.09347300 -0.06981630 -0.01104580
v 0.09370620 -0.06995100 -0.01104580
v 0.09377070 -0.06996970 -0.01060010
v 0.09373530 -0.06990090 -0.01098780
v 0.09356550 -0.07037900 -0.01062540
v 0.09354830 -0.07035490 -0.01074470
v 0.09356860 -0.07031930 -0.01066410
v 0.09387780 -0.06983800 -0.01094370
v 0.09399740 -0.06963100 -0.01125290
v 0.09404790 -0.06954320 -0.01105420
v 0.09370910 -0.07013020 -0.01012120
v 0.09359880 -0.07032100 -0.01015610
v 0.09365420 -0.07022540 -0.01049650
v 0.09370910 -0.07013020 -0.01047900
v 0.09381930 -0.06993950 -0.01015610
v 0.09376390 -0.07003540 -0.01049650
v 0.09331540 -0.07075810 -0.01107460
v 0.09331540 -0.07075810 -0.01107460
v 0.09331540 -0.07075810 -0.01107460
v 0.09331540 -0.07075810 -0.01107460
v 0.09337080 -0.07066240 -0.01129170
v 0.09337080 -0.07066240 -0.01129170
v 0.09337080 -0.07066240 -0.01129170
v 0.09337080 -0.07066240 -0.01129170
v 0.09406530 -0.06951300 -0.01083400
v 0.09342070 -0.07062970 -0.01041500
v 0.09349950 -0.07049310 -0.01025720
v 0.09358660 -0.06990780 -0.01087660
v 0.09363170 -0.06993380 -0.01087660
v 0.09363510 -0.06992790 -0.01083400
v 0.09359000 -0.06990190 -0.01083400
v 0.09366850 -0.07002480 -0.01061530
v 0.09368310 -0.06999950 -0.01052480
v 0.09363310 -0.07008650 -0.01050890
v 0.09363310 -0.07008650 -0.01060400
v 0.09359740 -0.07014790 -0.01061530
v 0.09358290 -0.07017350 -0.01052480
v 0.09353750 -0.07025190 -0.01057100
v 0.09356550 -0.07020350 -0.01064800
v 0.09349950 -0.07049310 -0.01141060
v 0.09357370 -0.06992990 -0.01079950
v 0.09357660 -0.06992500 -0.01083400
v 0.09358660 -0.06990780 -0.01079120
v 0.09367540 -0.06985840 -0.01090500
v 0.09368080 -0.06984850 -0.01083400
v 0.09363170 -0.06993380 -0.01079120
v 0.09391860 -0.06976740 -0.01025720
v 0.09381330 -0.06994960 -0.01054690
v 0.09356150 -0.06995130 -0.01094590
v 0.09360660 -0.06997730 -0.01094590
v 0.09362200 -0.06995080 -0.01091530
v 0.09357660 -0.06992470 -0.01091530
v 0.09367540 -0.06985840 -0.01076280
v 0.09374220 -0.06989690 -0.01076280
v 0.09372590 -0.06992520 -0.01069890
v 0.09365880 -0.06988660 -0.01069890
v 0.09363340 -0.06993060 -0.01102000
v 0.09370050 -0.06996950 -0.01102000
v 0.09372590 -0.06992520 -0.01096910
v 0.09365880 -0.06988660 -0.01096910
v 0.09370050 -0.06996950 -0.01064800
v 0.09372850 -0.06992110 -0.01057100
v 0.09358710 -0.07001080 -0.01070240
v 0.09360140 -0.06998620 -0.01061530
v 0.09356600 -0.07004760 -0.01060400
v 0.09356600 -0.07004760 -0.01069560
v 0.09350350 -0.07005130 -0.01072790
v 0.09352060 -0.07002160 -0.01072250
v 0.09352060 -0.07002160 -0.01069560
v 0.09349950 -0.07005870 -0.01070240
v 0.09363340 -0.06993060 -0.01064800
v 0.09368310 -0.06999950 -0.01114320
v 0.09366850 -0.07002480 -0.01105270
v 0.09363310 -0.07008650 -0.01106390
v 0.09363310 -0.07008650 -0.01115900
v 0.09353030 -0.07010930 -0.01061530
v 0.09354460 -0.07008480 -0.01070240
v 0.09354460 -0.07008480 -0.01096550
v 0.09349950 -0.07005870 -0.01096550
v 0.09348010 -0.07009210 -0.01094590
v 0.09352520 -0.07011820 -0.01094590
v 0.09346470 -0.07011840 -0.01091530
v 0.09351010 -0.07014450 -0.01091530
v 0.09352520 -0.07011820 -0.01072210
v 0.09349840 -0.07016470 -0.01064800
v 0.09347300 -0.07020890 -0.01069890
v 0.09351010 -0.07014450 -0.01075260
v 0.09345670 -0.07023720 -0.01090500
v 0.09350010 -0.07016170 -0.01087660
v 0.09349660 -0.07016760 -0.01083400
v 0.09345100 -0.07024680 -0.01083400
v 0.09351810 -0.07028560 -0.01083400
v 0.09347040 -0.07036790 -0.01083400
v 0.09347840 -0.07035420 -0.01093440
v 0.09352350 -0.07027580 -0.01090500
v 0.09346780 -0.07011350 -0.01079950
v 0.09347580 -0.07009970 -0.01076850
v 0.09346470 -0.07011840 -0.01075260
v 0.09345500 -0.07013560 -0.01079120
v 0.09348010 -0.07009210 -0.01072210
v 0.09354000 -0.07024750 -0.01069890
v 0.09352350 -0.07027580 -0.01076280
v 0.09345670 -0.07023720 -0.01076280
v 0.09353030 -0.07010930 -0.01105270
v 0.09349840 -0.07016460 -0.01102000
v 0.09354200 -0.06998470 -0.01070240
v 0.09327170 -0.07016510 -0.01091490
v 0.09350490 -0.07029990 -0.01091490
v 0.09374790 -0.06988740 -0.01083400
v 0.09379550 -0.06980480 -0.01083400
v 0.09378760 -0.06981850 -0.01073350
v 0.09353800 -0.06999180 -0.01072790
v 0.09355340 -0.06996480 -0.01074370
v 0.09356150 -0.06995130 -0.01072210
v 0.09350350 -0.07005130 -0.01093990
v 0.09348810 -0.07007840 -0.01092410
v 0.09408500 -0.06941120 -0.01175070
v 0.09409900 -0.06940730 -0.01179710
v 0.09406160 -0.06935860 -0.01179710
v 0.09404990 -0.06937900 -0.01174030
v 0.09404990 -0.06937900 -0.01174030
v 0.09325710 -0.07075190 -0.01280110
v 0.09297280 -0.07058770 -0.01280110
v 0.09373700 -0.06926400 -0.01280110
v 0.09402140 -0.06942820 -0.01280110
v 0.09294420 -0.07063690 -0.01174030
v 0.09294420 -0.07063690 -0.01174030
v 0.09322890 -0.07080130 -0.01174030
v 0.09322890 -0.07080130 -0.01174030
v 0.09297280 -0.07058770 -0.01171670
v 0.09404990 -0.06937900 -0.01277750
v 0.09404990 -0.06937900 -0.01277750
v 0.09376530 -0.06921480 -0.01277750
v 0.09376530 -0.06921480 -0.01277750
v 0.09377730 -0.06919440 -0.01272060
v 0.09406160 -0.06935860 -0.01272060
v 0.09327430 -0.07081530 -0.01175070
v 0.09321690 -0.07082170 -0.01179710
v 0.09327800 -0.07082960 -0.01179710
v 0.09408500 -0.06941120 -0.01276710
v 0.09407080 -0.06945670 -0.01277750
v 0.09376530 -0.06921480 -0.01174030
v 0.09376530 -0.06921480 -0.01174030
v 0.09377730 -0.06919440 -0.01179710
v 0.09409900 -0.06940730 -0.01272060
v 0.09327430 -0.07081530 -0.01276710
v 0.09330650 -0.07078040 -0.01277750
v 0.09332680 -0.07079220 -0.01272060
v 0.09327800 -0.07082960 -0.01272060
v 0.09324600 -0.07074820 -0.01108300
v 0.09301270 -0.07061350 -0.01108300
v 0.09315920 -0.07035980 -0.00976010
v 0.09339240 -0.07049450 -0.00976010
v 0.09350460 -0.07029990 -0.00987450
v 0.09327170 -0.07016540 -0.00987450
v 0.09339610 -0.06994960 -0.00991400
v 0.09362940 -0.07008430 -0.00991400
v 0.09372220 -0.06938490 -0.00958170
v 0.09395540 -0.06951960 -0.00958170
v 0.09354120 -0.07036720 -0.01083400
v 0.09339610 -0.06994960 -0.01002800
v 0.09335560 -0.07001960 -0.01058510
v 0.09339610 -0.06994960 -0.01057220
v 0.09307010 -0.07051450 -0.01036030
v 0.09329020 -0.07013290 -0.01098780
v 0.09350210 -0.06976620 -0.01098780
v 0.09352060 -0.06973400 -0.01075310
v 0.09350210 -0.06976620 -0.01068010
v 0.09373530 -0.06990090 -0.01068010
v 0.09388630 -0.06982300 -0.01083400
v 0.09387780 -0.06983800 -0.01072430
v 0.09355070 -0.07037260 -0.00909470
v 0.09355070 -0.07037260 -0.00909470
v 0.09355070 -0.07037260 -0.00909470
v 0.09355070 -0.07037260 -0.00909470
v 0.09355070 -0.07037260 -0.00909470
v 0.09355070 -0.07037260 -0.00909470
v 0.09355070 -0.07037260 -0.00909470
v 0.09376440 -0.06985860 -0.01064280
v 0.09373700 -0.06926400 -0.01171670
v 0.09345670 -0.07051320 -0.01146390
v 0.09345670 -0.07051320 -0.01146390
v 0.09345670 -0.07051320 -0.01146390
v 0.09345670 -0.07051320 -0.01146390
v 0.09332680 -0.07079220 -0.01179710
v 0.09409100 -0.06946850 -0.01179710
v 0.09409100 -0.06946850 -0.01272060
v 0.09380270 -0.06991440 -0.01066400
v 0.09385260 -0.06988170 -0.01062540
v 0.09376440 -0.06985860 -0.01102500
v 0.09378760 -0.06981850 -0.01093440
v 0.09374220 -0.06989690 -0.01090500
v 0.09347300 -0.07020890 -0.01096910
v 0.09356550 -0.07020350 -0.01102000
v 0.09353750 -0.07025190 -0.01109700
v 0.09358290 -0.07017350 -0.01114320
v 0.09359740 -0.07014790 -0.01105270
v 0.09350010 -0.07016170 -0.01079120
v 0.09354200 -0.06998470 -0.01096550
v 0.09358710 -0.07001080 -0.01096550
v 0.09360660 -0.06997730 -0.01072210
v 0.09352060 -0.07002160 -0.01097230
v 0.09356600 -0.07004760 -0.01097230
v 0.09353800 -0.06999180 -0.01093990
v 0.09352060 -0.07002160 -0.01094540
v 0.09360140 -0.06998620 -0.01105270
v 0.09356600 -0.07004760 -0.01106390
v 0.09362200 -0.06995080 -0.01075260
v 0.09345500 -0.07013560 -0.01087660
v 0.09345150 -0.07014130 -0.01083400
v 0.09354000 -0.07024750 -0.01096910
v 0.09350150 -0.07031410 -0.01102500
v 0.09355340 -0.06996480 -0.01092410
v 0.09350150 -0.07031410 -0.01064280
v 0.09357370 -0.06992990 -0.01086840
v 0.09356570 -0.06994340 -0.01089950
v 0.09347580 -0.07009970 -0.01089950
v 0.09346780 -0.07011350 -0.01086840
v 0.09357660 -0.06992470 -0.01075260
v 0.09321690 -0.07082170 -0.01272060
v 0.09322890 -0.07080130 -0.01277750
v 0.09322890 -0.07080130 -0.01277750
v 0.09294420 -0.07063690 -0.01277750
v 0.09294420 -0.07063690 -0.01277750
v 0.09293250 -0.07065730 -0.01179710
v 0.09356550 -0.07032520 -0.01157450
v 0.09356550 -0.07032520 -0.01157450
v 0.09356550 -0.07032520 -0.01157450
v 0.09356550 -0.07032520 -0.01157450
v 0.09368560 -0.07011670 -0.01161270
v 0.09368560 -0.07011670 -0.01161270
v 0.09368560 -0.07011670 -0.01161270
v 0.09368560 -0.07011670 -0.01161270
v 0.09360460 -0.07031090 -0.01054690
v 0.09346500 -0.07011820 -0.01083400
v 0.09391460 -0.06972050 -0.01020400
v 0.09391460 -0.06972050 -0.01020400
v 0.09391460 -0.06972050 -0.01020400
v 0.09391460 -0.06972050 -0.01020400
v 0.09347840 -0.07035420 -0.01073350
v 0.09372220 -0.06938490 -0.01036030
v 0.09395540 -0.06951960 -0.01036030
v 0.09348810 -0.07007840 -0.01074370
v 0.09293250 -0.07065730 -0.01272060
v 0.09372850 -0.06992100 -0.01109700
v 0.09356570 -0.06994340 -0.01076850
v 0.09379900 -0.06925170 -0.00754720
v 0.09403220 -0.06938640 -0.00754720
v 0.09377930 -0.06928590 -0.00779620
v 0.09401250 -0.06942060 -0.00779620
v 0.09363310 -0.06953930 -0.00689520
v 0.09386610 -0.06967400 -0.00689520
v 0.09372220 -0.06938490 -0.00707340
v 0.09395540 -0.06951960 -0.00707340
v 0.09301270 -0.07061350 -0.00779620
v 0.09324600 -0.07074820 -0.00779620
v 0.09299300 -0.07064770 -0.00754720
v 0.09299300 -0.07064770 -0.00754720
v 0.09322630 -0.07078220 -0.00754720
v 0.09322630 -0.07078220 -0.00754720
v 0.09368560 -0.07011670 -0.00783630
v 0.09373020 -0.07003950 -0.00782210
v 0.09362940 -0.07008430 -0.00780900
v 0.09366960 -0.07001420 -0.00779610
v 0.09327170 -0.07016540 -0.00831380
v 0.09350460 -0.07029990 -0.00831380
v 0.09315920 -0.07035980 -0.00819930
v 0.09339240 -0.07049450 -0.00819930
v 0.09368560 -0.07011670 -0.00725810
v 0.09364110 -0.07019420 -0.00727230
v 0.09362940 -0.07008430 -0.00728540
v 0.09358890 -0.07015430 -0.00729820
v 0.09325710 -0.07075190 -0.00666440
v 0.09402140 -0.06942820 -0.00666440
v 0.09330650 -0.07078040 -0.00664090
v 0.09407080 -0.06945670 -0.00664080
v 0.09333250 -0.07070980 -0.00893590
v 0.09333250 -0.07070980 -0.00893590
v 0.09333250 -0.07070980 -0.00893590
v 0.09333250 -0.07070980 -0.00893590
v 0.09333250 -0.07070980 -0.00893590
v 0.09307010 -0.07051450 -0.00879940
v 0.09330340 -0.07064890 -0.00879940
v 0.09307010 -0.07051450 -0.00707340
v 0.09330340 -0.07064890 -0.00707340
v 0.09315920 -0.07035980 -0.00689520
v 0.09339240 -0.07049450 -0.00689520
v 0.09327170 -0.07016540 -0.00678070
v 0.09350460 -0.07029990 -0.00678070
v 0.09339610 -0.06994960 -0.00674130
v 0.09362940 -0.07008430 -0.00674130
v 0.09352060 -0.06973400 -0.00678070
v 0.09375390 -0.06986870 -0.00678070
v 0.09391460 -0.06972050 -0.00691720
v 0.09391460 -0.06972050 -0.00691720
v 0.09391460 -0.06972050 -0.00691720
v 0.09391460 -0.06972050 -0.00691720
v 0.09400050 -0.06957130 -0.00708950
v 0.09400050 -0.06957130 -0.00708950
v 0.09400050 -0.06957130 -0.00708950
v 0.09400050 -0.06957130 -0.00708950
v 0.09377930 -0.06928590 -0.00729810
v 0.09401250 -0.06942060 -0.00729810
v 0.09405590 -0.06947540 -0.00730650
v 0.09405590 -0.06947540 -0.00730650
v 0.09405590 -0.06947540 -0.00730650
v 0.09405590 -0.06947540 -0.00730650
v 0.09407500 -0.06944240 -0.00754720
v 0.09407500 -0.06944240 -0.00754720
v 0.09407500 -0.06944240 -0.00754720
v 0.09407500 -0.06944240 -0.00754720
v 0.09339610 -0.06994960 -0.00728540
v 0.09343670 -0.06987950 -0.00729820
v 0.09366960 -0.07001420 -0.00729820
v 0.09331910 -0.07008280 -0.00775890
v 0.09329020 -0.07013290 -0.00770100
v 0.09355230 -0.07021750 -0.00775890
v 0.09352350 -0.07026770 -0.00770100
v 0.09327170 -0.07016520 -0.00762800
v 0.09326540 -0.07017650 -0.00754720
v 0.09350490 -0.07029990 -0.00762800
v 0.09349840 -0.07031090 -0.00754720
v 0.09331910 -0.07008280 -0.00733540
v 0.09335560 -0.07001960 -0.00729820
v 0.09355230 -0.07021750 -0.00733540
v 0.09347290 -0.06981630 -0.00775890
v 0.09343670 -0.06987950 -0.00779610
v 0.09370620 -0.06995100 -0.00775890
v 0.09383010 -0.06986650 -0.00754720
v 0.09382320 -0.06987880 -0.00745780
v 0.09376010 -0.06985760 -0.00754720
v 0.09375390 -0.06986870 -0.00746630
v 0.09382320 -0.06987880 -0.00763650
v 0.09375390 -0.06986870 -0.00762800
v 0.09360080 -0.07026400 -0.00778110
v 0.09364110 -0.07019420 -0.00782210
v 0.09358890 -0.07015430 -0.00779610
v 0.09337080 -0.07066240 -0.00800490
v 0.09337080 -0.07066240 -0.00800490
v 0.09337080 -0.07066240 -0.00800490
v 0.09337080 -0.07066240 -0.00800490
v 0.09331540 -0.07075810 -0.00778780
v 0.09331540 -0.07075810 -0.00778780
v 0.09331540 -0.07075810 -0.00778780
v 0.09331540 -0.07075810 -0.00778780
v 0.09330340 -0.07064890 -0.00802090
v 0.09360080 -0.07026400 -0.00731330
v 0.09356860 -0.07031930 -0.00737730
v 0.09352350 -0.07026770 -0.00739340
v 0.09356550 -0.07032520 -0.00828770
v 0.09356550 -0.07032520 -0.00828770
v 0.09356550 -0.07032520 -0.00828770
v 0.09356550 -0.07032520 -0.00828770
v 0.09345670 -0.07051320 -0.00817710
v 0.09345670 -0.07051320 -0.00817710
v 0.09345670 -0.07051320 -0.00817710
v 0.09345670 -0.07051320 -0.00817710
v 0.09385260 -0.06988170 -0.00733850
v 0.09381330 -0.06994960 -0.00726000
v 0.09380270 -0.06991440 -0.00737730
v 0.09377070 -0.06996970 -0.00731330
v 0.09376390 -0.07003540 -0.00720960
v 0.09373020 -0.07003950 -0.00727230
v 0.09365420 -0.07022540 -0.00720960
v 0.09360460 -0.07031090 -0.00726000
v 0.09356550 -0.07037900 -0.00733850
v 0.09354030 -0.07042250 -0.00743750
v 0.09354830 -0.07035490 -0.00745780
v 0.09399950 -0.06959120 -0.00882840
v 0.09399950 -0.06959120 -0.00882840
v 0.09399950 -0.06959120 -0.00882840
v 0.09391860 -0.06976740 -0.00869650
v 0.09381930 -0.06993950 -0.00859530
v 0.09371750 -0.07007190 -0.00893440
v 0.09371750 -0.07007190 -0.00893440
v 0.09371750 -0.07007190 -0.00893440
v 0.09370910 -0.07013020 -0.00856030
v 0.09370910 -0.07013020 -0.00683430
v 0.09359880 -0.07032100 -0.00686930
v 0.09370910 -0.07013020 -0.00719230
v 0.09349950 -0.07049310 -0.00869650
v 0.09335250 -0.07074750 -0.00754720
v 0.09337020 -0.07071730 -0.00776750
v 0.09353150 -0.07043780 -0.00754720
v 0.09354030 -0.07042250 -0.00765680
v 0.09342070 -0.07062970 -0.00712830
v 0.09337020 -0.07071730 -0.00732690
v 0.09391460 -0.06972050 -0.00864320
v 0.09391460 -0.06972050 -0.00864320
v 0.09391460 -0.06972050 -0.00864320
v 0.09391460 -0.06972050 -0.00864320
v 0.09380580 -0.06990850 -0.00680670
v 0.09380580 -0.06990850 -0.00680670
v 0.09380580 -0.06990850 -0.00680670
v 0.09380580 -0.06990850 -0.00680670
v 0.09391860 -0.06976740 -0.00697050
v 0.09381930 -0.06993950 -0.00686930
v 0.09380580 -0.06990850 -0.00853260
v 0.09380580 -0.06990850 -0.00853260
v 0.09380580 -0.06990850 -0.00853260
v 0.09380580 -0.06990850 -0.00853260
v 0.09368560 -0.07011670 -0.00849450
v 0.09368560 -0.07011670 -0.00849450
v 0.09368560 -0.07011670 -0.00849450
v 0.09368560 -0.07011670 -0.00849450
v 0.09356550 -0.07032520 -0.00853260
v 0.09356550 -0.07032520 -0.00853260
v 0.09356550 -0.07032520 -0.00853260
v 0.09356550 -0.07032520 -0.00853260
v 0.09359880 -0.07032100 -0.00859530
v 0.09345670 -0.07051320 -0.00864320
v 0.09345670 -0.07051320 -0.00864320
v 0.09345670 -0.07051320 -0.00864320
v 0.09345670 -0.07051320 -0.00864320
v 0.09400050 -0.06957120 -0.00800490
v 0.09400050 -0.06957120 -0.00800490
v 0.09400050 -0.06957120 -0.00800490
v 0.09400050 -0.06957120 -0.00800490
v 0.09405590 -0.06947540 -0.00778780
v 0.09405590 -0.06947540 -0.00778780
v 0.09405590 -0.06947540 -0.00778780
v 0.09405590 -0.06947540 -0.00778780
v 0.09399740 -0.06963100 -0.00796610
v 0.09404790 -0.06954320 -0.00776750
v 0.09352060 -0.06973400 -0.00850670
v 0.09375390 -0.06986870 -0.00850670
v 0.09363310 -0.06953930 -0.00862100
v 0.09386610 -0.06967400 -0.00862100
v 0.09380580 -0.06990850 -0.00828770
v 0.09380580 -0.06990850 -0.00828770
v 0.09380580 -0.06990850 -0.00828770
v 0.09380580 -0.06990850 -0.00828770
v 0.09368560 -0.07011670 -0.00832580
v 0.09368560 -0.07011670 -0.00832580
v 0.09368560 -0.07011670 -0.00832580
v 0.09368560 -0.07011670 -0.00832580
v 0.09375390 -0.06986870 -0.00831380
v 0.09362940 -0.07008430 -0.00835310
v 0.09329620 -0.07079130 -0.00754720
v 0.09329620 -0.07079130 -0.00754720
v 0.09329620 -0.07079130 -0.00754720
v 0.09329620 -0.07079130 -0.00754720
v 0.09352060 -0.06973400 -0.00746630
v 0.09352690 -0.06972290 -0.00754720
v 0.09363310 -0.06953930 -0.00819930
v 0.09386610 -0.06967400 -0.00819930
v 0.09352060 -0.06973400 -0.00831380
v 0.09347290 -0.06981630 -0.00733540
v 0.09370620 -0.06995100 -0.00733540
v 0.09377070 -0.06996970 -0.00778110
v 0.09373530 -0.06990090 -0.00739340
v 0.09356550 -0.07037900 -0.00775580
v 0.09354830 -0.07035490 -0.00763650
v 0.09356860 -0.07031930 -0.00771710
v 0.09387780 -0.06983800 -0.00743750
v 0.09404790 -0.06954320 -0.00732690
v 0.09399740 -0.06963100 -0.00712830
v 0.09359880 -0.07032100 -0.00822500
v 0.09370910 -0.07013020 -0.00826000
v 0.09365420 -0.07022540 -0.00788470
v 0.09370910 -0.07013020 -0.00790220
v 0.09381930 -0.06993950 -0.00822500
v 0.09376390 -0.07003540 -0.00788470
v 0.09337080 -0.07066240 -0.00708950
v 0.09337080 -0.07066240 -0.00708950
v 0.09337080 -0.07066240 -0.00708950
v 0.09337080 -0.07066240 -0.00708950
v 0.09331540 -0.07075810 -0.00730650
v 0.09331540 -0.07075810 -0.00730650
v 0.09331540 -0.07075810 -0.00730650
v 0.09331540 -0.07075810 -0.00730650
v 0.09406530 -0.06951300 -0.00754720
v 0.09342070 -0.07062970 -0.00796610
v 0.09349950 -0.07049310 -0.00812390
v 0.09363170 -0.06993380 -0.00750450
v 0.09358660 -0.06990780 -0.00750450
v 0.09363510 -0.06992790 -0.00754720
v 0.09359000 -0.06990190 -0.00754720
v 0.09368310 -0.06999950 -0.00785630
v 0.09366850 -0.07002480 -0.00776580
v 0.09363310 -0.07008650 -0.00787230
v 0.09363310 -0.07008650 -0.00777710
v 0.09358290 -0.07017350 -0.00785630
v 0.09359740 -0.07014800 -0.00776580
v 0.09353750 -0.07025190 -0.00781020
v 0.09356550 -0.07020350 -0.00773320
v 0.09349950 -0.07049310 -0.00697050
v 0.09357660 -0.06992500 -0.00754720
v 0.09357370 -0.06992990 -0.00758160
v 0.09358660 -0.06990780 -0.00758990
v 0.09367540 -0.06985840 -0.00747610
v 0.09368080 -0.06984850 -0.00754720
v 0.09363170 -0.06993380 -0.00758990
v 0.09391860 -0.06976740 -0.00812390
v 0.09381330 -0.06994960 -0.00783430
v 0.09360660 -0.06997740 -0.00743520
v 0.09356150 -0.06995130 -0.00743520
v 0.09362200 -0.06995080 -0.00746580
v 0.09357660 -0.06992470 -0.00746580
v 0.09374210 -0.06989700 -0.00761830
v 0.09367540 -0.06985840 -0.00761830
v 0.09372590 -0.06992520 -0.00768230
v 0.09365880 -0.06988660 -0.00768230
v 0.09370050 -0.06996950 -0.00736120
v 0.09363340 -0.06993060 -0.00736120
v 0.09372590 -0.06992520 -0.00741200
v 0.09365880 -0.06988660 -0.00741200
v 0.09372850 -0.06992110 -0.00781020
v 0.09370050 -0.06996950 -0.00773320
v 0.09360140 -0.06998620 -0.00776580
v 0.09358710 -0.07001080 -0.00767880
v 0.09356600 -0.07004760 -0.00777710
v 0.09356600 -0.07004760 -0.00768560
v 0.09352060 -0.07002160 -0.00765860
v 0.09350350 -0.07005130 -0.00765320
v 0.09352060 -0.07002160 -0.00768560
v 0.09349950 -0.07005870 -0.00767880
v 0.09363340 -0.06993060 -0.00773320
v 0.09366850 -0.07002480 -0.00732850
v 0.09368310 -0.06999950 -0.00723800
v 0.09363310 -0.07008650 -0.00731720
v 0.09363310 -0.07008650 -0.00722220
v 0.09353030 -0.07010940 -0.00776580
v 0.09354460 -0.07008480 -0.00767880
v 0.09349950 -0.07005870 -0.00741570
v 0.09354460 -0.07008480 -0.00741570
v 0.09348010 -0.07009210 -0.00743520
v 0.09352520 -0.07011820 -0.00743520
v 0.09346470 -0.07011840 -0.00746580
v 0.09351010 -0.07014450 -0.00746580
v 0.09349840 -0.07016470 -0.00773320
v 0.09352520 -0.07011820 -0.00765910
v 0.09347290 -0.07020890 -0.00768230
v 0.09351010 -0.07014450 -0.00762850
v 0.09350010 -0.07016170 -0.00750450
v 0.09345670 -0.07023720 -0.00747610
v 0.09349660 -0.07016760 -0.00754720
v 0.09345100 -0.07024680 -0.00754720
v 0.09347040 -0.07036800 -0.00754720
v 0.09351810 -0.07028560 -0.00754720
v 0.09347840 -0.07035420 -0.00744670
v 0.09352350 -0.07027580 -0.00747610
v 0.09347580 -0.07009980 -0.00761270
v 0.09346780 -0.07011350 -0.00758160
v 0.09346470 -0.07011840 -0.00762850
v 0.09345490 -0.07013570 -0.00758990
v 0.09348010 -0.07009210 -0.00765910
v 0.09354000 -0.07024750 -0.00768230
v 0.09352350 -0.07027580 -0.00761830
v 0.09345670 -0.07023720 -0.00761830
v 0.09353030 -0.07010940 -0.00732850
v 0.09349840 -0.07016470 -0.00736120
v 0.09354200 -0.06998470 -0.00767880
v 0.09327170 -0.07016520 -0.00746630
v 0.09350490 -0.07029990 -0.00746630
v 0.09379550 -0.06980480 -0.00754720
v 0.09374790 -0.06988740 -0.00754720
v 0.09378760 -0.06981850 -0.00764760
v 0.09355340 -0.06996480 -0.00763740
v 0.09353800 -0.06999180 -0.00765320
v 0.09356150 -0.06995130 -0.00765910
v 0.09348810 -0.07007840 -0.00745700
v 0.09350350 -0.07005130 -0.00744120
v 0.09409900 -0.06940730 -0.00658400
v 0.09408500 -0.06941120 -0.00663040
v 0.09406160 -0.06935860 -0.00658400
v 0.09404990 -0.06937900 -0.00664080
v 0.09404990 -0.06937900 -0.00664080
v 0.09297280 -0.07058770 -0.00558010
v 0.09325710 -0.07075190 -0.00558010
v 0.09373700 -0.06926400 -0.00558010
v 0.09402140 -0.06942820 -0.00558010
v 0.09322890 -0.07080130 -0.00664090
v 0.09322890 -0.07080130 -0.00664090
v 0.09294420 -0.07063690 -0.00664090
v 0.09294420 -0.07063690 -0.00664090
v 0.09297280 -0.07058770 -0.00666440
v 0.09376530 -0.06921480 -0.00560360
v 0.09376530 -0.06921480 -0.00560360
v 0.09404990 -0.06937900 -0.00560360
v 0.09404990 -0.06937900 -0.00560360
v 0.09377730 -0.06919440 -0.00566060
v 0.09406160 -0.06935860 -0.00566060
v 0.09327430 -0.07081540 -0.00663040
v 0.09321690 -0.07082170 -0.00658400
v 0.09327790 -0.07082960 -0.00658400
v 0.09407080 -0.06945670 -0.00560360
v 0.09408500 -0.06941120 -0.00561410
v 0.09376530 -0.06921480 -0.00664080
v 0.09376530 -0.06921480 -0.00664080
v 0.09377730 -0.06919440 -0.00658400
v 0.09409900 -0.06940730 -0.00566060
v 0.09330650 -0.07078040 -0.00560360
v 0.09327430 -0.07081540 -0.00561410
v 0.09332680 -0.07079220 -0.00566060
v 0.09327790 -0.07082960 -0.00566060
v 0.09324600 -0.07074820 -0.00729810
v 0.09301270 -0.07061350 -0.00729810
v 0.09315920 -0.07035980 -0.00862110
v 0.09339240 -0.07049450 -0.00862110
v 0.09327170 -0.07016540 -0.00850670
v 0.09350460 -0.07029990 -0.00850670
v 0.09339610 -0.06994960 -0.00846720
v 0.09362940 -0.07008430 -0.00846720
v 0.09372220 -0.06938490 -0.00879940
v 0.09395540 -0.06951960 -0.00879940
v 0.09377930 -0.06928590 -0.00902410
v 0.09354120 -0.07036720 -0.00754720
v 0.09339610 -0.06994960 -0.00835310
v 0.09339610 -0.06994960 -0.00780900
v 0.09335560 -0.07001960 -0.00779610
v 0.09307010 -0.07051450 -0.00802090
v 0.09329020 -0.07013290 -0.00739340
v 0.09350210 -0.06976620 -0.00739340
v 0.09352060 -0.06973400 -0.00762800
v 0.09350210 -0.06976620 -0.00770100
v 0.09373530 -0.06990090 -0.00770100
v 0.09387780 -0.06983800 -0.00765680
v 0.09388630 -0.06982300 -0.00754720
v 0.09376440 -0.06985860 -0.00773830
v 0.09373700 -0.06926400 -0.00666440
v 0.09345670 -0.07051320 -0.00691720
v 0.09345670 -0.07051320 -0.00691720
v 0.09345670 -0.07051320 -0.00691720
v 0.09345670 -0.07051320 -0.00691720
v 0.09332680 -0.07079220 -0.00658400
v 0.09409100 -0.06946850 -0.00658400
v 0.09409100 -0.06946850 -0.00566060
v 0.09380270 -0.06991440 -0.00771710
v 0.09385260 -0.06988170 -0.00775580
v 0.09376440 -0.06985860 -0.00735610
v 0.09378760 -0.06981850 -0.00744670
v 0.09374210 -0.06989700 -0.00747610
v 0.09347290 -0.07020890 -0.00741200
v 0.09353750 -0.07025190 -0.00728420
v 0.09356550 -0.07020350 -0.00736120
v 0.09358290 -0.07017350 -0.00723800
v 0.09359740 -0.07014800 -0.00732850
v 0.09350010 -0.07016170 -0.00758990
v 0.09358710 -0.07001080 -0.00741570
v 0.09354200 -0.06998470 -0.00741570
v 0.09360660 -0.06997740 -0.00765910
v 0.09356600 -0.07004760 -0.00740890
v 0.09352060 -0.07002160 -0.00740890
v 0.09352060 -0.07002160 -0.00743570
v 0.09353800 -0.06999180 -0.00744120
v 0.09360140 -0.06998620 -0.00732850
v 0.09356600 -0.07004760 -0.00731720
v 0.09362200 -0.06995080 -0.00762850
v 0.09345490 -0.07013570 -0.00750450
v 0.09345150 -0.07014130 -0.00754720
v 0.09350150 -0.07031410 -0.00735610
v 0.09354000 -0.07024750 -0.00741200
v 0.09355340 -0.06996480 -0.00745700
v 0.09350150 -0.07031410 -0.00773830
v 0.09356570 -0.06994340 -0.00748160
v 0.09357370 -0.06992990 -0.00751270
v 0.09346780 -0.07011350 -0.00751270
v 0.09347580 -0.07009980 -0.00748160
v 0.09357660 -0.06992470 -0.00762850
v 0.09321690 -0.07082170 -0.00566060
v 0.09322890 -0.07080130 -0.00560360
v 0.09322890 -0.07080130 -0.00560360
v 0.09294420 -0.07063690 -0.00560360
v 0.09294420 -0.07063690 -0.00560360
v 0.09293250 -0.07065730 -0.00658400
v 0.09356550 -0.07032520 -0.00680670
v 0.09356550 -0.07032520 -0.00680670
v 0.09356550 -0.07032520 -0.00680670
v 0.09356550 -0.07032520 -0.00680670
v 0.09368560 -0.07011670 -0.00676850
v 0.09368560 -0.07011670 -0.00676850
v 0.09368560 -0.07011670 -0.00676850
v 0.09368560 -0.07011670 -0.00676850
v 0.09360460 -0.07031090 -0.00783430
v 0.09346490 -0.07011820 -0.00754720
v 0.09391460 -0.06972050 -0.00817710
v 0.09391460 -0.06972050 -0.00817710
v 0.09391460 -0.06972050 -0.00817710
v 0.09391460 -0.06972050 -0.00817710
v 0.09347840 -0.07035420 -0.00764760
v 0.09372220 -0.06938490 -0.00802090
v 0.09395540 -0.06951960 -0.00802090
v 0.09348810 -0.07007840 -0.00763740
v 0.09293250 -0.07065730 -0.00566060
v 0.09372850 -0.06992110 -0.00728420
v 0.09356570 -0.06994340 -0.00761270
v -0.09407200 -0.06938640 -0.01083400
v -0.09383880 -0.06925170 -0.01083400
v -0.09381910 -0.06928580 -0.01058490
v -0.09405230 -0.06942050 -0.01058490
v -0.09390590 -0.06967400 -0.01148600
v -0.09367300 -0.06953930 -0.01148600
v -0.09376200 -0.06938490 -0.01130770
v -0.09399530 -0.06951960 -0.01130770
v -0.09328580 -0.07074820 -0.01058490
v -0.09305260 -0.07061350 -0.01058490
v -0.09303290 -0.07064770 -0.01083400
v -0.09303290 -0.07064770 -0.01083400
v -0.09326610 -0.07078220 -0.01083400
v -0.09326610 -0.07078220 -0.01083400
v -0.09377000 -0.07003950 -0.01055900
v -0.09372550 -0.07011670 -0.01054490
v -0.09366920 -0.07008430 -0.01057220
v -0.09370950 -0.07001420 -0.01058510
v -0.09354450 -0.07029990 -0.01006740
v -0.09331150 -0.07016540 -0.01006740
v -0.09319900 -0.07035980 -0.01018190
v -0.09343230 -0.07049450 -0.01018190
v -0.09368090 -0.07019420 -0.01110880
v -0.09372550 -0.07011670 -0.01112300
v -0.09366920 -0.07008430 -0.01109570
v -0.09362870 -0.07015430 -0.01108290
v -0.09406120 -0.06942820 -0.01171670
v -0.09329690 -0.07075190 -0.01171670
v -0.09334630 -0.07078040 -0.01174030
v -0.09411060 -0.06945670 -0.01174030
v -0.09338770 -0.07070800 -0.00941540
v -0.09338770 -0.07070800 -0.00941540
v -0.09338770 -0.07070800 -0.00941540
v -0.09338770 -0.07070800 -0.00941540
v -0.09338770 -0.07070800 -0.00941540
v -0.09338770 -0.07070800 -0.00941540
v -0.09322730 -0.07072360 -0.00920040
v -0.09322730 -0.07072360 -0.00920040
v -0.09322730 -0.07072360 -0.00920040
v -0.09310990 -0.07051450 -0.00958170
v -0.09334320 -0.07064890 -0.00958170
v -0.09334320 -0.07064890 -0.01130770
v -0.09310990 -0.07051450 -0.01130770
v -0.09319900 -0.07035980 -0.01148600
v -0.09343230 -0.07049450 -0.01148600
v -0.09331150 -0.07016540 -0.01160050
v -0.09354450 -0.07029990 -0.01160050
v -0.09366920 -0.07008430 -0.01163990
v -0.09343600 -0.06994960 -0.01163990
v -0.09356050 -0.06973400 -0.01160050
v -0.09379370 -0.06986870 -0.01160050
v -0.09404040 -0.06957120 -0.01129170
v -0.09404040 -0.06957120 -0.01129170
v -0.09404040 -0.06957120 -0.01129170
v -0.09404040 -0.06957120 -0.01129170
v -0.09395440 -0.06972050 -0.01146390
v -0.09395440 -0.06972050 -0.01146390
v -0.09395440 -0.06972050 -0.01146390
v -0.09395440 -0.06972050 -0.01146390
v -0.09381910 -0.06928580 -0.01108300
v -0.09405230 -0.06942050 -0.01108300
v -0.09409570 -0.06947540 -0.01107460
v -0.09409570 -0.06947540 -0.01107460
v -0.09409570 -0.06947540 -0.01107460
v -0.09409570 -0.06947540 -0.01107460
v -0.09411490 -0.06944240 -0.01083400
v -0.09411490 -0.06944240 -0.01083400
v -0.09411490 -0.06944240 -0.01083400
v -0.09411490 -0.06944240 -0.01083400
v -0.09347650 -0.06987950 -0.01108290
v -0.09343600 -0.06994960 -0.01109570
v -0.09370950 -0.07001420 -0.01108290
v -0.09333010 -0.07013290 -0.01068010
v -0.09335890 -0.07008280 -0.01062220
v -0.09359210 -0.07021750 -0.01062220
v -0.09356330 -0.07026770 -0.01068010
v -0.09330520 -0.07017650 -0.01083400
v -0.09331150 -0.07016510 -0.01075310
v -0.09354480 -0.07029990 -0.01075310
v -0.09353820 -0.07031090 -0.01083400
v -0.09339540 -0.07001960 -0.01108290
v -0.09335890 -0.07008280 -0.01104580
v -0.09359210 -0.07021750 -0.01104580
v -0.09347650 -0.06987950 -0.01058510
v -0.09351280 -0.06981630 -0.01062220
v -0.09374600 -0.06995100 -0.01062220
v -0.09386310 -0.06987880 -0.01092330
v -0.09386990 -0.06986650 -0.01083400
v -0.09380000 -0.06985760 -0.01083400
v -0.09379370 -0.06986870 -0.01091490
v -0.09386310 -0.06987880 -0.01074470
v -0.09379370 -0.06986870 -0.01075310
v -0.09368090 -0.07019420 -0.01055900
v -0.09364070 -0.07026400 -0.01060010
v -0.09362870 -0.07015430 -0.01058510
v -0.09335520 -0.07075810 -0.01059340
v -0.09335520 -0.07075810 -0.01059340
v -0.09335520 -0.07075810 -0.01059340
v -0.09335520 -0.07075810 -0.01059340
v -0.09341060 -0.07066240 -0.01037620
v -0.09341060 -0.07066240 -0.01037620
v -0.09341060 -0.07066240 -0.01037620
v -0.09341060 -0.07066240 -0.01037620
v -0.09334320 -0.07064890 -0.01036030
v -0.09360840 -0.07031930 -0.01100380
v -0.09364070 -0.07026400 -0.01106780
v -0.09356330 -0.07026770 -0.01098780
v -0.09349650 -0.07051320 -0.01020400
v -0.09349650 -0.07051320 -0.01020400
v -0.09349650 -0.07051320 -0.01020400
v -0.09349650 -0.07051320 -0.01020400
v -0.09360530 -0.07032520 -0.01009340
v -0.09360530 -0.07032520 -0.01009340
v -0.09360530 -0.07032520 -0.01009340
v -0.09360530 -0.07032520 -0.01009340
v -0.09385310 -0.06994960 -0.01112110
v -0.09389250 -0.06988170 -0.01104260
v -0.09384250 -0.06991440 -0.01100380
v -0.09381050 -0.06996970 -0.01106780
v -0.09380370 -0.07003540 -0.01117150
v -0.09377000 -0.07003950 -0.01110880
v -0.09364440 -0.07031090 -0.01112110
v -0.09369410 -0.07022540 -0.01117150
v -0.09360530 -0.07037900 -0.01104260
v -0.09358010 -0.07042250 -0.01094370
v -0.09358810 -0.07035490 -0.01092330
v -0.09395840 -0.06976740 -0.00968460
v -0.09404790 -0.06947340 -0.00924900
v -0.09404790 -0.06947340 -0.00924900
v -0.09404790 -0.06947340 -0.00924900
v -0.09404790 -0.06947340 -0.00924900
v -0.09404790 -0.06947340 -0.00924900
v -0.09404790 -0.06947340 -0.00924900
v -0.09366670 -0.06999680 -0.00920790
v -0.09366670 -0.06999680 -0.00920790
v -0.09366670 -0.06999680 -0.00920790
v -0.09366670 -0.06999680 -0.00920790
v -0.09366670 -0.06999680 -0.00920790
v -0.09366670 -0.06999680 -0.00920790
v -0.09366670 -0.06999680 -0.00920790
v -0.09366670 -0.06999680 -0.00920790
v -0.09366670 -0.06999680 -0.00920790
v -0.09366670 -0.06999680 -0.00920790
v -0.09366670 -0.06999680 -0.00920790
v -0.09385910 -0.06993950 -0.00978590
v -0.09374890 -0.07013020 -0.00982080
v -0.09363870 -0.07032100 -0.01151190
v -0.09374890 -0.07013020 -0.01154680
v -0.09374890 -0.07013020 -0.01118890
v -0.09353930 -0.07049310 -0.00968460
v -0.09350940 -0.07025400 -0.00918120
v -0.09350940 -0.07025400 -0.00918120
v -0.09350940 -0.07025400 -0.00918120
v -0.09341000 -0.07071730 -0.01061370
v -0.09339230 -0.07074750 -0.01083400
v -0.09357130 -0.07043780 -0.01083400
v -0.09358010 -0.07042250 -0.01072430
v -0.09341000 -0.07071730 -0.01105420
v -0.09346050 -0.07062970 -0.01125290
v -0.09395440 -0.06972050 -0.00973790
v -0.09395440 -0.06972050 -0.00973790
v -0.09395440 -0.06972050 -0.00973790
v -0.09395440 -0.06972050 -0.00973790
v -0.09384560 -0.06990850 -0.01157450
v -0.09384560 -0.06990850 -0.01157450
v -0.09384560 -0.06990850 -0.01157450
v -0.09384560 -0.06990850 -0.01157450
v -0.09395840 -0.06976740 -0.01141060
v -0.09385910 -0.06993950 -0.01151190
v -0.09372550 -0.07011670 -0.00988670
v -0.09372550 -0.07011670 -0.00988670
v -0.09372550 -0.07011670 -0.00988670
v -0.09372550 -0.07011670 -0.00988670
v -0.09384560 -0.06990850 -0.00984860
v -0.09384560 -0.06990850 -0.00984860
v -0.09384560 -0.06990850 -0.00984860
v -0.09384560 -0.06990850 -0.00984860
v -0.09360530 -0.07032520 -0.00984860
v -0.09360530 -0.07032520 -0.00984860
v -0.09360530 -0.07032520 -0.00984860
v -0.09360530 -0.07032520 -0.00984860
v -0.09363870 -0.07032100 -0.00978590
v -0.09349650 -0.07051320 -0.00973790
v -0.09349650 -0.07051320 -0.00973790
v -0.09349650 -0.07051320 -0.00973790
v -0.09349650 -0.07051320 -0.00973790
v -0.09409570 -0.06947540 -0.01059340
v -0.09409570 -0.06947540 -0.01059340
v -0.09409570 -0.06947540 -0.01059340
v -0.09409570 -0.06947540 -0.01059340
v -0.09404040 -0.06957120 -0.01037620
v -0.09404040 -0.06957120 -0.01037620
v -0.09404040 -0.06957120 -0.01037620
v -0.09404040 -0.06957120 -0.01037620
v -0.09403720 -0.06963100 -0.01041500
v -0.09408780 -0.06954320 -0.01061360
v -0.09379370 -0.06986870 -0.00987450
v -0.09356050 -0.06973400 -0.00987450
v -0.09367300 -0.06953930 -0.00976010
v -0.09390590 -0.06967400 -0.00976010
v -0.09372550 -0.07011670 -0.01005530
v -0.09372550 -0.07011670 -0.01005530
v -0.09372550 -0.07011670 -0.01005530
v -0.09372550 -0.07011670 -0.01005530
v -0.09384560 -0.06990850 -0.01009340
v -0.09384560 -0.06990850 -0.01009340
v -0.09384560 -0.06990850 -0.01009340
v -0.09384560 -0.06990850 -0.01009340
v -0.09379370 -0.06986870 -0.01006740
v -0.09366920 -0.07008430 -0.01002800
v -0.09333610 -0.07079120 -0.01083400
v -0.09333610 -0.07079120 -0.01083400
v -0.09333610 -0.07079120 -0.01083400
v -0.09333610 -0.07079120 -0.01083400
v -0.09356670 -0.06972290 -0.01083400
v -0.09356050 -0.06973400 -0.01091490
v -0.09390590 -0.06967400 -0.01018190
v -0.09367300 -0.06953930 -0.01018190
v -0.09356050 -0.06973400 -0.01006740
v -0.09351280 -0.06981630 -0.01104580
v -0.09374600 -0.06995100 -0.01104580
v -0.09381050 -0.06996970 -0.01060010
v -0.09377510 -0.06990090 -0.01098780
v -0.09360530 -0.07037900 -0.01062540
v -0.09358810 -0.07035490 -0.01074470
v -0.09360840 -0.07031930 -0.01066410
v -0.09391760 -0.06983800 -0.01094370
v -0.09403720 -0.06963100 -0.01125290
v -0.09408780 -0.06954320 -0.01105420
v -0.09374890 -0.07013020 -0.01012120
v -0.09363870 -0.07032100 -0.01015610
v -0.09369410 -0.07022540 -0.01049650
v -0.09374890 -0.07013020 -0.01047900
v -0.09385910 -0.06993950 -0.01015610
v -0.09380370 -0.07003540 -0.01049650
v -0.09335520 -0.07075810 -0.01107460
v -0.09335520 -0.07075810 -0.01107460
v -0.09335520 -0.07075810 -0.01107460
v -0.09335520 -0.07075810 -0.01107460
v -0.09341060 -0.07066240 -0.01129170
v -0.09341060 -0.07066240 -0.01129170
v -0.09341060 -0.07066240 -0.01129170
v -0.09341060 -0.07066240 -0.01129170
v -0.09410520 -0.06951300 -0.01083400
v -0.09346050 -0.07062970 -0.01041500
v -0.09353930 -0.07049310 -0.01025720
v -0.09362640 -0.06990780 -0.01087670
v -0.09367150 -0.06993380 -0.01087670
v -0.09367490 -0.06992790 -0.01083400
v -0.09362980 -0.06990190 -0.01083400
v -0.09370830 -0.07002480 -0.01061530
v -0.09372290 -0.06999950 -0.01052480
v -0.09367300 -0.07008650 -0.01050890
v -0.09367300 -0.07008650 -0.01060400
v -0.09363730 -0.07014790 -0.01061530
v -0.09362270 -0.07017350 -0.01052480
v -0.09357730 -0.07025190 -0.01057100
v -0.09360530 -0.07020350 -0.01064800
v -0.09353930 -0.07049310 -0.01141060
v -0.09361360 -0.06992990 -0.01079950
v -0.09361640 -0.06992500 -0.01083400
v -0.09362640 -0.06990780 -0.01079120
v -0.09371520 -0.06985840 -0.01090500
v -0.09372060 -0.06984850 -0.01083400
v -0.09367150 -0.06993380 -0.01079120
v -0.09395840 -0.06976740 -0.01025720
v -0.09385310 -0.06994960 -0.01054690
v -0.09360130 -0.06995130 -0.01094590
v -0.09364640 -0.06997730 -0.01094590
v -0.09366180 -0.06995080 -0.01091530
v -0.09361640 -0.06992470 -0.01091530
v -0.09371520 -0.06985840 -0.01076290
v -0.09378200 -0.06989700 -0.01076290
v -0.09376570 -0.06992520 -0.01069890
v -0.09369860 -0.06988660 -0.01069890
v -0.09367320 -0.06993060 -0.01102000
v -0.09374030 -0.06996950 -0.01102000
v -0.09376570 -0.06992520 -0.01096910
v -0.09369860 -0.06988660 -0.01096910
v -0.09374030 -0.06996950 -0.01064800
v -0.09376830 -0.06992110 -0.01057100
v -0.09362700 -0.07001080 -0.01070240
v -0.09364130 -0.06998620 -0.01061530
v -0.09360580 -0.07004760 -0.01060400
v -0.09360580 -0.07004760 -0.01069560
v -0.09354330 -0.07005130 -0.01072790
v -0.09356050 -0.07002160 -0.01072250
v -0.09356050 -0.07002160 -0.01069560
v -0.09353930 -0.07005870 -0.01070240
v -0.09367320 -0.06993060 -0.01064800
v -0.09372290 -0.06999950 -0.01114320
v -0.09370830 -0.07002480 -0.01105270
v -0.09367300 -0.07008650 -0.01106390
v -0.09367300 -0.07008650 -0.01115900
v -0.09357020 -0.07010930 -0.01061530
v -0.09358440 -0.07008480 -0.01070240
v -0.09358440 -0.07008480 -0.01096550
v -0.09353930 -0.07005870 -0.01096550
v -0.09351990 -0.07009210 -0.01094590
v -0.09356500 -0.07011820 -0.01094590
v -0.09350450 -0.07011840 -0.01091530
v -0.09354990 -0.07014450 -0.01091530
v -0.09356500 -0.07011820 -0.01072210
v -0.09353820 -0.07016470 -0.01064800
v -0.09351280 -0.07020890 -0.01069890
v -0.09354990 -0.07014450 -0.01075270
v -0.09349650 -0.07023720 -0.01090500
v -0.09353990 -0.07016170 -0.01087670
v -0.09353650 -0.07016760 -0.01083400
v -0.09349080 -0.07024680 -0.01083400
v -0.09355790 -0.07028560 -0.01083400
v -0.09351020 -0.07036800 -0.01083400
v -0.09351820 -0.07035420 -0.01093440
v -0.09356330 -0.07027580 -0.01090500
v -0.09350760 -0.07011350 -0.01079950
v -0.09351560 -0.07009970 -0.01076850
v -0.09350450 -0.07011840 -0.01075270
v -0.09349480 -0.07013560 -0.01079120
v -0.09351990 -0.07009210 -0.01072210
v -0.09357990 -0.07024750 -0.01069890
v -0.09356330 -0.07027580 -0.01076290
v -0.09349650 -0.07023720 -0.01076290
v -0.09357020 -0.07010930 -0.01105270
v -0.09353820 -0.07016470 -0.01102000
v -0.09358190 -0.06998470 -0.01070240
v -0.09331150 -0.07016510 -0.01091490
v -0.09354480 -0.07029990 -0.01091490
v -0.09378770 -0.06988740 -0.01083400
v -0.09383540 -0.06980480 -0.01083400
v -0.09382740 -0.06981850 -0.01073350
v -0.09357790 -0.06999180 -0.01072790
v -0.09359330 -0.06996480 -0.01074370
v -0.09360130 -0.06995130 -0.01072210
v -0.09354330 -0.07005130 -0.01093990
v -0.09352790 -0.07007840 -0.01092410
v -0.09412490 -0.06941120 -0.01175070
v -0.09413880 -0.06940730 -0.01179710
v -0.09410150 -0.06935860 -0.01179710
v -0.09408980 -0.06937900 -0.01174030
v -0.09408980 -0.06937900 -0.01174030
v -0.09329690 -0.07075190 -0.01280110
v -0.09301260 -0.07058770 -0.01280110
v -0.09377680 -0.06926400 -0.01280110
v -0.09406120 -0.06942820 -0.01280110
v -0.09298400 -0.07063690 -0.01174030
v -0.09298400 -0.07063690 -0.01174030
v -0.09326870 -0.07080130 -0.01174030
v -0.09326870 -0.07080130 -0.01174030
v -0.09301260 -0.07058770 -0.01171670
v -0.09408980 -0.06937900 -0.01277750
v -0.09408980 -0.06937900 -0.01277750
v -0.09380510 -0.06921480 -0.01277750
v -0.09380510 -0.06921480 -0.01277750
v -0.09381710 -0.06919440 -0.01272060
v -0.09410150 -0.06935860 -0.01272060
v -0.09331410 -0.07081530 -0.01175070
v -0.09325670 -0.07082170 -0.01179710
v -0.09331780 -0.07082960 -0.01179710
v -0.09412490 -0.06941120 -0.01276710
v -0.09411060 -0.06945670 -0.01277750
v -0.09380510 -0.06921480 -0.01174030
v -0.09380510 -0.06921480 -0.01174030
v -0.09381710 -0.06919440 -0.01179710
v -0.09413880 -0.06940730 -0.01272060
v -0.09331410 -0.07081530 -0.01276710
v -0.09334630 -0.07078040 -0.01277750
v -0.09336660 -0.07079220 -0.01272060
v -0.09331780 -0.07082960 -0.01272060
v -0.09328580 -0.07074820 -0.01108300
v -0.09305260 -0.07061350 -0.01108300
v -0.09319900 -0.07035980 -0.00976010
v -0.09343230 -0.07049450 -0.00976010
v -0.09354450 -0.07029990 -0.00987450
v -0.09331150 -0.07016540 -0.00987450
v -0.09343600 -0.06994960 -0.00991400
v -0.09366920 -0.07008430 -0.00991400
v -0.09376200 -0.06938490 -0.00958170
v -0.09399530 -0.06951960 -0.00958170
v -0.09358100 -0.07036720 -0.01083400
v -0.09343600 -0.06994960 -0.01002800
v -0.09339540 -0.07001960 -0.01058510
v -0.09343600 -0.06994960 -0.01057220
v -0.09310990 -0.07051450 -0.01036030
v -0.09333010 -0.07013290 -0.01098780
v -0.09354190 -0.06976620 -0.01098780
v -0.09356050 -0.06973400 -0.01075310
v -0.09354190 -0.06976620 -0.01068010
v -0.09377510 -0.06990090 -0.01068010
v -0.09392620 -0.06982300 -0.01083400
v -0.09391760 -0.06983800 -0.01072430
v -0.09359050 -0.07037260 -0.00909470
v -0.09359050 -0.07037260 -0.00909470
v -0.09359050 -0.07037260 -0.00909470
v -0.09359050 -0.07037260 -0.00909470
v -0.09359050 -0.07037260 -0.00909470
v -0.09359050 -0.07037260 -0.00909470
v -0.09359050 -0.07037260 -0.00909470
v -0.09380430 -0.06985860 -0.01064280
v -0.09377680 -0.06926400 -0.01171670
v -0.09349650 -0.07051320 -0.01146390
v -0.09349650 -0.07051320 -0.01146390
v -0.09349650 -0.07051320 -0.01146390
v -0.09349650 -0.07051320 -0.01146390
v -0.09336660 -0.07079220 -0.01179710
v -0.09413090 -0.06946850 -0.01179710
v -0.09413090 -0.06946850 -0.01272060
v -0.09384250 -0.06991440 -0.01066410
v -0.09389250 -0.06988170 -0.01062540
v -0.09380430 -0.06985860 -0.01102500
v -0.09382740 -0.06981850 -0.01093440
v -0.09378200 -0.06989700 -0.01090500
v -0.09351280 -0.07020890 -0.01096910
v -0.09360530 -0.07020350 -0.01102000
v -0.09357730 -0.07025190 -0.01109700
v -0.09362270 -0.07017350 -0.01114320
v -0.09363730 -0.07014790 -0.01105270
v -0.09353990 -0.07016170 -0.01079120
v -0.09358190 -0.06998470 -0.01096550
v -0.09362700 -0.07001080 -0.01096550
v -0.09364640 -0.06997730 -0.01072210
v -0.09356050 -0.07002160 -0.01097230
v -0.09360580 -0.07004760 -0.01097230
v -0.09357790 -0.06999180 -0.01093990
v -0.09356050 -0.07002160 -0.01094540
v -0.09364130 -0.06998620 -0.01105270
v -0.09360580 -0.07004760 -0.01106390
v -0.09366180 -0.06995080 -0.01075270
v -0.09349480 -0.07013560 -0.01087670
v -0.09349140 -0.07014130 -0.01083400
v -0.09357990 -0.07024750 -0.01096910
v -0.09354130 -0.07031410 -0.01102500
v -0.09359330 -0.06996480 -0.01092410
v -0.09354130 -0.07031410 -0.01064280
v -0.09361360 -0.06992990 -0.01086850
v -0.09360560 -0.06994340 -0.01089950
v -0.09351560 -0.07009970 -0.01089950
v -0.09350760 -0.07011350 -0.01086850
v -0.09361640 -0.06992470 -0.01075270
v -0.09325670 -0.07082170 -0.01272060
v -0.09326870 -0.07080130 -0.01277750
v -0.09326870 -0.07080130 -0.01277750
v -0.09298400 -0.07063690 -0.01277750
v -0.09298400 -0.07063690 -0.01277750
v -0.09297230 -0.07065730 -0.01179710
v -0.09360530 -0.07032520 -0.01157450
v -0.09360530 -0.07032520 -0.01157450
v -0.09360530 -0.07032520 -0.01157450
v -0.09360530 -0.07032520 -0.01157450
v -0.09372550 -0.07011670 -0.01161270
v -0.09372550 -0.07011670 -0.01161270
v -0.09372550 -0.07011670 -0.01161270
v -0.09372550 -0.07011670 -0.01161270
v -0.09364440 -0.07031090 -0.01054690
v -0.09350480 -0.07011820 -0.01083400
v -0.09395440 -0.06972050 -0.01020400
v -0.09395440 -0.06972050 -0.01020400
v -0.09395440 -0.06972050 -0.01020400
v -0.09395440 -0.06972050 -0.01020400
v -0.09351820 -0.07035420 -0.01073350
v -0.09376200 -0.06938490 -0.01036030
v -0.09399530 -0.06951960 -0.01036030
v -0.09352790 -0.07007840 -0.01074370
v -0.09297230 -0.07065730 -0.01272060
v -0.09376830 -0.06992110 -0.01109700
v -0.09360560 -0.06994340 -0.01076850
v -0.09383880 -0.06925170 -0.00754720
v -0.09407200 -0.06938640 -0.00754720
v -0.09381910 -0.06928590 -0.00779620
v -0.09405230 -0.06942060 -0.00779620
v -0.09367300 -0.06953930 -0.00689520
v -0.09390590 -0.06967400 -0.00689520
v -0.09376200 -0.06938490 -0.00707340
v -0.09399530 -0.06951960 -0.00707340
v -0.09305260 -0.07061350 -0.00779620
v -0.09328580 -0.07074820 -0.00779620
v -0.09303290 -0.07064770 -0.00754720
v -0.09303290 -0.07064770 -0.00754720
v -0.09326610 -0.07078220 -0.00754720
v -0.09326610 -0.07078220 -0.00754720
v -0.09372540 -0.07011670 -0.00783630
v -0.09377000 -0.07003950 -0.00782210
v -0.09366920 -0.07008430 -0.00780900
v -0.09370950 -0.07001420 -0.00779610
v -0.09331150 -0.07016540 -0.00831380
v -0.09354440 -0.07029990 -0.00831380
v -0.09319900 -0.07035980 -0.00819930
v -0.09343230 -0.07049450 -0.00819930
v -0.09372540 -0.07011670 -0.00725810
v -0.09368090 -0.07019420 -0.00727230
v -0.09366920 -0.07008430 -0.00728540
v -0.09362870 -0.07015430 -0.00729820
v -0.09329690 -0.07075190 -0.00666440
v -0.09406120 -0.06942820 -0.00666440
v -0.09334630 -0.07078040 -0.00664090
v -0.09411060 -0.06945670 -0.00664080
v -0.09337230 -0.07070980 -0.00893590
v -0.09337230 -0.07070980 -0.00893590
v -0.09337230 -0.07070980 -0.00893590
v -0.09337230 -0.07070980 -0.00893590
v -0.09337230 -0.07070980 -0.00893590
v -0.09310990 -0.07051450 -0.00879940
v -0.09334320 -0.07064890 -0.00879940
v -0.09310990 -0.07051450 -0.00707340
v -0.09334320 -0.07064890 -0.00707340
v -0.09319900 -0.07035980 -0.00689520
v -0.09343230 -0.07049450 -0.00689520
v -0.09331150 -0.07016540 -0.00678070
v -0.09354440 -0.07029990 -0.00678070
v -0.09343600 -0.06994960 -0.00674130
v -0.09366920 -0.07008430 -0.00674130
v -0.09356040 -0.06973400 -0.00678070
v -0.09379370 -0.06986870 -0.00678070
v -0.09395440 -0.06972050 -0.00691720
v -0.09395440 -0.06972050 -0.00691720
v -0.09395440 -0.06972050 -0.00691720
v -0.09395440 -0.06972050 -0.00691720
v -0.09404030 -0.06957120 -0.00708950
v -0.09404030 -0.06957120 -0.00708950
v -0.09404030 -0.06957120 -0.00708950
v -0.09404030 -0.06957120 -0.00708950
v -0.09381910 -0.06928590 -0.00729810
v -0.09405230 -0.06942060 -0.00729810
v -0.09409570 -0.06947540 -0.00730650
v -0.09409570 -0.06947540 -0.00730650
v -0.09409570 -0.06947540 -0.00730650
v -0.09409570 -0.06947540 -0.00730650
v -0.09411490 -0.06944240 -0.00754720
v -0.09411490 -0.06944240 -0.00754720
v -0.09411490 -0.06944240 -0.00754720
v -0.09411490 -0.06944240 -0.00754720
v -0.09343600 -0.06994960 -0.00728540
v -0.09347650 -0.06987950 -0.00729820
v -0.09370950 -0.07001420 -0.00729820
v -0.09335890 -0.07008280 -0.00775890
v -0.09333010 -0.07013290 -0.00770100
v -0.09359210 -0.07021750 -0.00775890
v -0.09356330 -0.07026770 -0.00770100
v -0.09331150 -0.07016520 -0.00762800
v -0.09330520 -0.07017650 -0.00754720
v -0.09354480 -0.07029990 -0.00762800
v -0.09353820 -0.07031090 -0.00754720
v -0.09335890 -0.07008280 -0.00733540
v -0.09339540 -0.07001960 -0.00729820
v -0.09359210 -0.07021750 -0.00733540
v -0.09351280 -0.06981630 -0.00775890
v -0.09347650 -0.06987950 -0.00779610
v -0.09374600 -0.06995100 -0.00775890
v -0.09386990 -0.06986650 -0.00754720
v -0.09386310 -0.06987880 -0.00745780
v -0.09380000 -0.06985760 -0.00754720
v -0.09379370 -0.06986870 -0.00746630
v -0.09386310 -0.06987880 -0.00763650
v -0.09379370 -0.06986870 -0.00762800
v -0.09364070 -0.07026400 -0.00778110
v -0.09368090 -0.07019420 -0.00782210
v -0.09362870 -0.07015430 -0.00779610
v -0.09341060 -0.07066240 -0.00800490
v -0.09341060 -0.07066240 -0.00800490
v -0.09341060 -0.07066240 -0.00800490
v -0.09341060 -0.07066240 -0.00800490
v -0.09335520 -0.07075810 -0.00778780
v -0.09335520 -0.07075810 -0.00778780
v -0.09335520 -0.07075810 -0.00778780
v -0.09335520 -0.07075810 -0.00778780
v -0.09334320 -0.07064890 -0.00802090
v -0.09364070 -0.07026400 -0.00731330
v -0.09360840 -0.07031930 -0.00737730
v -0.09356330 -0.07026770 -0.00739340
v -0.09360530 -0.07032520 -0.00828770
v -0.09360530 -0.07032520 -0.00828770
v -0.09360530 -0.07032520 -0.00828770
v -0.09360530 -0.07032520 -0.00828770
v -0.09349650 -0.07051320 -0.00817710
v -0.09349650 -0.07051320 -0.00817710
v -0.09349650 -0.07051320 -0.00817710
v -0.09349650 -0.07051320 -0.00817710
v -0.09389250 -0.06988170 -0.00733850
v -0.09385310 -0.06994960 -0.00726000
v -0.09384250 -0.06991440 -0.00737730
v -0.09381050 -0.06996970 -0.00731330
v -0.09380370 -0.07003540 -0.00720960
v -0.09377000 -0.07003950 -0.00727230
v -0.09369410 -0.07022540 -0.00720960
v -0.09364440 -0.07031090 -0.00726000
v -0.09360530 -0.07037900 -0.00733850
v -0.09358010 -0.07042250 -0.00743750
v -0.09358810 -0.07035490 -0.00745780
v -0.09403930 -0.06959120 -0.00882840
v -0.09403930 -0.06959120 -0.00882840
v -0.09403930 -0.06959120 -0.00882840
v -0.09395840 -0.06976740 -0.00869650
v -0.09385910 -0.06993950 -0.00859530
v -0.09375730 -0.07007190 -0.00893440
v -0.09375730 -0.07007190 -0.00893440
v -0.09375730 -0.07007190 -0.00893440
v -0.09374890 -0.07013020 -0.00856030
v -0.09374890 -0.07013020 -0.00683430
v -0.09363870 -0.07032100 -0.00686930
v -0.09374890 -0.07013020 -0.00719230
v -0.09353930 -0.07049310 -0.00869650
v -0.09339230 -0.07074750 -0.00754720
v -0.09341000 -0.07071730 -0.00776750
v -0.09357130 -0.07043780 -0.00754720
v -0.09358010 -0.07042250 -0.00765680
v -0.09346050 -0.07062970 -0.00712830
v -0.09341000 -0.07071730 -0.00732690
v -0.09395440 -0.06972050 -0.00864320
v -0.09395440 -0.06972050 -0.00864320
v -0.09395440 -0.06972050 -0.00864320
v -0.09395440 -0.06972050 -0.00864320
v -0.09384560 -0.06990850 -0.00680670
v -0.09384560 -0.06990850 -0.00680670
v -0.09384560 -0.06990850 -0.00680670
v -0.09384560 -0.06990850 -0.00680670
v -0.09395840 -0.06976740 -0.00697050
v -0.09385910 -0.06993950 -0.00686930
v -0.09384560 -0.06990850 -0.00853260
v -0.09384560 -0.06990850 -0.00853260
v -0.09384560 -0.06990850 -0.00853260
v -0.09384560 -0.06990850 -0.00853260
v -0.09372540 -0.07011670 -0.00849450
v -0.09372540 -0.07011670 -0.00849450
v -0.09372540 -0.07011670 -0.00849450
v -0.09372540 -0.07011670 -0.00849450
v -0.09360530 -0.07032520 -0.00853260
v -0.09360530 -0.07032520 -0.00853260
v -0.09360530 -0.07032520 -0.00853260
v -0.09360530 -0.07032520 -0.00853260
v -0.09363870 -0.07032100 -0.00859530
v -0.09349650 -0.07051320 -0.00864320
v -0.09349650 -0.07051320 -0.00864320
v -0.09349650 -0.07051320 -0.00864320
v -0.09349650 -0.07051320 -0.00864320
v -0.09404030 -0.06957120 -0.00800490
v -0.09404030 -0.06957120 -0.00800490
v -0.09404030 -0.06957120 -0.00800490
v -0.09404030 -0.06957120 -0.00800490
v -0.09409570 -0.06947540 -0.00778780
v -0.09409570 -0.06947540 -0.00778780
v -0.09409570 -0.06947540 -0.00778780
v -0.09409570 -0.06947540 -0.00778780
v -0.09403720 -0.06963100 -0.00796610
v -0.09408780 -0.06954320 -0.00776750
v -0.09356040 -0.06973400 -0.00850670
v -0.09379370 -0.06986870 -0.00850670
v -0.09367300 -0.06953930 -0.00862100
v -0.09390590 -0.06967400 -0.00862110
v -0.09384560 -0.06990850 -0.00828770
v -0.09384560 -0.06990850 -0.00828770
v -0.09384560 -0.06990850 -0.00828770
v -0.09384560 -0.06990850 -0.00828770
v -0.09372540 -0.07011670 -0.00832580
v -0.09372540 -0.07011670 -0.00832580
v -0.09372540 -0.07011670 -0.00832580
v -0.09372540 -0.07011670 -0.00832580
v -0.09379370 -0.06986870 -0.00831380
v -0.09366920 -0.07008430 -0.00835310
v -0.09333610 -0.07079130 -0.00754720
v -0.09333610 -0.07079130 -0.00754720
v -0.09333610 -0.07079130 -0.00754720
v -0.09333610 -0.07079130 -0.00754720
v -0.09356040 -0.06973400 -0.00746630
v -0.09356670 -0.06972290 -0.00754720
v -0.09367300 -0.06953930 -0.00819930
v -0.09390590 -0.06967400 -0.00819930
v -0.09356040 -0.06973400 -0.00831380
v -0.09351280 -0.06981630 -0.00733540
v -0.09374600 -0.06995100 -0.00733540
v -0.09381050 -0.06996970 -0.00778110
v -0.09377510 -0.06990090 -0.00739340
v -0.09360530 -0.07037900 -0.00775580
v -0.09358810 -0.07035490 -0.00763650
v -0.09360840 -0.07031930 -0.00771710
v -0.09391760 -0.06983800 -0.00743750
v -0.09408780 -0.06954320 -0.00732690
v -0.09403720 -0.06963100 -0.00712830
v -0.09363870 -0.07032100 -0.00822500
v -0.09374890 -0.07013020 -0.00826000
v -0.09369410 -0.07022540 -0.00788470
v -0.09374890 -0.07013020 -0.00790220
v -0.09385910 -0.06993950 -0.00822500
v -0.09380370 -0.07003540 -0.00788470
v -0.09341060 -0.07066240 -0.00708950
v -0.09341060 -0.07066240 -0.00708950
v -0.09341060 -0.07066240 -0.00708950
v -0.09341060 -0.07066240 -0.00708950
v -0.09335520 -0.07075810 -0.00730650
v -0.09335520 -0.07075810 -0.00730650
v -0.09335520 -0.07075810 -0.00730650
v -0.09335520 -0.07075810 -0.00730650
v -0.09410510 -0.06951300 -0.00754720
v -0.09346050 -0.07062970 -0.00796610
v -0.09353930 -0.07049310 -0.00812390
v -0.09367150 -0.06993380 -0.00750450
v -0.09362640 -0.06990780 -0.00750450
v -0.09367490 -0.06992790 -0.00754720
v -0.09362980 -0.06990190 -0.00754720
v -0.09372290 -0.06999950 -0.00785630
v -0.09370830 -0.07002480 -0.00776580
v -0.09367300 -0.07008650 -0.00787230
v -0.09367300 -0.07008650 -0.00777710
v -0.09362270 -0.07017350 -0.00785630
v -0.09363730 -0.07014790 -0.00776580
v -0.09357730 -0.07025190 -0.00781020
v -0.09360530 -0.07020350 -0.00773320
v -0.09353930 -0.07049310 -0.00697050
v -0.09361640 -0.06992500 -0.00754720
v -0.09361360 -0.06992990 -0.00758160
v -0.09362640 -0.06990780 -0.00758990
v -0.09371520 -0.06985840 -0.00747610
v -0.09372060 -0.06984850 -0.00754720
v -0.09367150 -0.06993380 -0.00758990
v -0.09395840 -0.06976740 -0.00812390
v -0.09385310 -0.06994960 -0.00783430
v -0.09364640 -0.06997740 -0.00743520
v -0.09360130 -0.06995130 -0.00743520
v -0.09366180 -0.06995080 -0.00746580
v -0.09361640 -0.06992470 -0.00746580
v -0.09378200 -0.06989700 -0.00761830
v -0.09371520 -0.06985840 -0.00761830
v -0.09376570 -0.06992520 -0.00768230
v -0.09369860 -0.06988660 -0.00768230
v -0.09374030 -0.06996950 -0.00736120
v -0.09367320 -0.06993060 -0.00736120
v -0.09376570 -0.06992520 -0.00741200
v -0.09369860 -0.06988660 -0.00741200
v -0.09376830 -0.06992110 -0.00781020
v -0.09374030 -0.06996950 -0.00773320
v -0.09364130 -0.06998620 -0.00776580
v -0.09362700 -0.07001080 -0.00767880
v -0.09360580 -0.07004760 -0.00777710
v -0.09360580 -0.07004760 -0.00768560
v -0.09356040 -0.07002160 -0.00765860
v -0.09354330 -0.07005130 -0.00765320
v -0.09356040 -0.07002160 -0.00768560
v -0.09353930 -0.07005870 -0.00767880
v -0.09367320 -0.06993060 -0.00773320
v -0.09370830 -0.07002480 -0.00732850
v -0.09372290 -0.06999950 -0.00723800
v -0.09367300 -0.07008650 -0.00731720
v -0.09367300 -0.07008650 -0.00722220
v -0.09357010 -0.07010930 -0.00776580
v -0.09358440 -0.07008480 -0.00767880
v -0.09353930 -0.07005870 -0.00741570
v -0.09358440 -0.07008480 -0.00741570
v -0.09351990 -0.07009210 -0.00743520
v -0.09356500 -0.07011820 -0.00743520
v -0.09350450 -0.07011840 -0.00746580
v -0.09354990 -0.07014450 -0.00746580
v -0.09353820 -0.07016470 -0.00773320
v -0.09356500 -0.07011820 -0.00765910
v -0.09351280 -0.07020890 -0.00768230
v -0.09354990 -0.07014450 -0.00762850
v -0.09353990 -0.07016170 -0.00750450
v -0.09349650 -0.07023720 -0.00747610
v -0.09353650 -0.07016760 -0.00754720
v -0.09349080 -0.07024680 -0.00754720
v -0.09351020 -0.07036800 -0.00754720
v -0.09355790 -0.07028560 -0.00754720
v -0.09351820 -0.07035420 -0.00744670
v -0.09356330 -0.07027580 -0.00747610
v -0.09351560 -0.07009980 -0.00761270
v -0.09350760 -0.07011350 -0.00758160
v -0.09350450 -0.07011840 -0.00762850
v -0.09349480 -0.07013570 -0.00758990
v -0.09351990 -0.07009210 -0.00765910
v -0.09357990 -0.07024750 -0.00768230
v -0.09356330 -0.07027580 -0.00761830
v -0.09349650 -0.07023720 -0.00761830
v -0.09357010 -0.07010930 -0.00732850
v -0.09353820 -0.07016470 -0.00736120
v -0.09358190 -0.06998470 -0.00767880
v -0.09331150 -0.07016520 -0.00746630
v -0.09354480 -0.07029990 -0.00746630
v -0.09383540 -0.06980480 -0.00754720
v -0.09378770 -0.06988740 -0.00754720
v -0.09382740 -0.06981850 -0.00764760
v -0.09359330 -0.06996480 -0.00763740
v -0.09357790 -0.06999180 -0.00765320
v -0.09360130 -0.06995130 -0.00765910
v -0.09352790 -0.07007840 -0.00745700
v -0.09354330 -0.07005130 -0.00744120
v -0.09413880 -0.06940730 -0.00658400
v -0.09412490 -0.06941120 -0.00663040
v -0.09410150 -0.06935860 -0.00658400
v -0.09408970 -0.06937900 -0.00664080
v -0.09408970 -0.06937900 -0.00664080
v -0.09301260 -0.07058770 -0.00558010
v -0.09329690 -0.07075190 -0.00558010
v -0.09377680 -0.06926400 -0.00558010
v -0.09406120 -0.06942820 -0.00558010
v -0.09326870 -0.07080130 -0.00664090
v -0.09326870 -0.07080130 -0.00664090
v -0.09298400 -0.07063690 -0.00664090
v -0.09298400 -0.07063690 -0.00664090
v -0.09301260 -0.07058770 -0.00666440
v -0.09380510 -0.06921480 -0.00560360
v -0.09380510 -0.06921480 -0.00560360
v -0.09408970 -0.06937900 -0.00560360
v -0.09408970 -0.06937900 -0.00560360
v -0.09381710 -0.06919440 -0.00566060
v -0.09410150 -0.06935860 -0.00566060
v -0.09331410 -0.07081540 -0.00663040
v -0.09325670 -0.07082170 -0.00658400
v -0.09331780 -0.07082960 -0.00658400
v -0.09411060 -0.06945670 -0.00560360
v -0.09412490 -0.06941120 -0.00561410
v -0.09380510 -0.06921480 -0.00664080
v -0.09380510 -0.06921480 -0.00664080
v -0.09381710 -0.06919440 -0.00658400
v -0.09413880 -0.06940730 -0.00566060
v -0.09334630 -0.07078040 -0.00560360
v -0.09331410 -0.07081540 -0.00561410
v -0.09336660 -0.07079220 -0.00566060
v -0.09331780 -0.07082960 -0.00566060
v -0.09328580 -0.07074820 -0.00729810
v -0.09305260 -0.07061350 -0.00729810
v -0.09319900 -0.07035980 -0.00862110
v -0.09343230 -0.07049450 -0.00862110
v -0.09331150 -0.07016540 -0.00850670
v -0.09354440 -0.07029990 -0.00850670
v -0.09343600 -0.06994960 -0.00846720
v -0.09366920 -0.07008430 -0.00846720
v -0.09376200 -0.06938490 -0.00879940
v -0.09399530 -0.06951960 -0.00879940
v -0.09381910 -0.06928590 -0.00902410
v -0.09358100 -0.07036720 -0.00754720
v -0.09343600 -0.06994960 -0.00835310
v -0.09343600 -0.06994960 -0.00780900
v -0.09339540 -0.07001960 -0.00779610
v -0.09310990 -0.07051450 -0.00802090
v -0.09333010 -0.07013290 -0.00739340
v -0.09354190 -0.06976620 -0.00739340
v -0.09356040 -0.06973400 -0.00762800
v -0.09354190 -0.06976620 -0.00770100
v -0.09377510 -0.06990090 -0.00770100
v -0.09391760 -0.06983800 -0.00765680
v -0.09392610 -0.06982300 -0.00754720
v -0.09380430 -0.06985860 -0.00773830
v -0.09377680 -0.06926400 -0.00666440
v -0.09349650 -0.07051320 -0.00691720
v -0.09349650 -0.07051320 -0.00691720
v -0.09349650 -0.07051320 -0.00691720
v -0.09349650 -0.07051320 -0.00691720
v -0.09336660 -0.07079220 -0.00658400
v -0.09413080 -0.06946850 -0.00658400
v -0.09413080 -0.06946850 -0.00566060
v -0.09384250 -0.06991440 -0.00771710
v -0.09389250 -0.06988170 -0.00775580
v -0.09380430 -0.06985860 -0.00735610
v -0.09382740 -0.06981850 -0.00744670
v -0.09378200 -0.06989700 -0.00747610
v -0.09351280 -0.07020890 -0.00741200
v -0.09357730 -0.07025190 -0.00728420
v -0.09360530 -0.07020350 -0.00736120
v -0.09362270 -0.07017350 -0.00723800
v -0.09363730 -0.07014790 -0.00732850
v -0.09353990 -0.07016170 -0.00758990
v -0.09362700 -0.07001080 -0.00741570
v -0.09358190 -0.06998470 -0.00741570
v -0.09364640 -0.06997740 -0.00765910
v -0.09360580 -0.07004760 -0.00740890
v -0.09356040 -0.07002160 -0.00740890
v -0.09356040 -0.07002160 -0.00743570
v -0.09357790 -0.06999180 -0.00744120
v -0.09364130 -0.06998620 -0.00732850
v -0.09360580 -0.07004760 -0.00731720
v -0.09366180 -0.06995080 -0.00762850
v -0.09349480 -0.07013570 -0.00750450
v -0.09349140 -0.07014130 -0.00754720
v -0.09354130 -0.07031410 -0.00735610
v -0.09357990 -0.07024750 -0.00741200
v -0.09359330 -0.06996480 -0.00745700
v -0.09354130 -0.07031410 -0.00773830
v -0.09360560 -0.06994340 -0.00748160
v -0.09361360 -0.06992990 -0.00751270
v -0.09350760 -0.07011350 -0.00751270
v -0.09351560 -0.07009980 -0.00748160
v -0.09361640 -0.06992470 -0.00762850
v -0.09325670 -0.07082170 -0.00566060
v -0.09326870 -0.07080130 -0.00560360
v -0.09326870 -0.07080130 -0.00560360
v -0.09298400 -0.07063690 -0.00560360
v -0.09298400 -0.07063690 -0.00560360
v -0.09297230 -0.07065730 -0.00658400
v -0.09360530 -0.07032520 -0.00680670
v -0.09360530 -0.07032520 -0.00680670
v -0.09360530 -0.07032520 -0.00680670
v -0.09360530 -0.07032520 -0.00680670
v -0.09372540 -0.07011670 -0.00676850
v -0.09372540 -0.07011670 -0.00676850
v -0.09372540 -0.07011670 -0.00676850
v -0.09372540 -0.07011670 -0.00676850
v -0.09364440 -0.07031090 -0.00783430
v -0.09350480 -0.07011820 -0.00754720
v -0.09395440 -0.06972050 -0.00817710
v -0.09395440 -0.06972050 -0.00817710
v -0.09395440 -0.06972050 -0.00817710
v -0.09395440 -0.06972050 -0.00817710
v -0.09351820 -0.07035420 -0.00764760
v -0.09376200 -0.06938490 -0.00802090
v -0.09399530 -0.06951960 -0.00802090
v -0.09352790 -0.07007840 -0.00763740
v -0.09297230 -0.07065730 -0.00566060
v -0.09376830 -0.06992110 -0.00728420
v -0.09360560 -0.06994340 -0.00761270
v -0.09407210 -0.06938630 -0.01048260
v -0.09383890 -0.06925160 -0.01048260
v -0.09381920 -0.06928570 -0.01023350
v -0.09405240 -0.06942040 -0.01023350
v -0.09390600 -0.06967390 -0.01113450
v -0.09367300 -0.06953920 -0.01113450
v -0.09376210 -0.06938480 -0.01095630
v -0.09399530 -0.06951950 -0.01095630
v -0.09328590 -0.07074810 -0.01023350
v -0.09305260 -0.07061340 -0.01023350
v -0.09303290 -0.07064760 -0.01048260
v -0.09303290 -0.07064760 -0.01048260
v -0.09326620 -0.07078200 -0.01048260
v -0.09326620 -0.07078200 -0.01048260
v -0.09377010 -0.07003940 -0.01020760
v -0.09372550 -0.07011660 -0.01019340
v -0.09366930 -0.07008410 -0.01022070
v -0.09370950 -0.07001410 -0.01023360
v -0.09354450 -0.07029970 -0.00971600
v -0.09331160 -0.07016530 -0.00971600
v -0.09319910 -0.07035970 -0.00983050
v -0.09343230 -0.07049440 -0.00983050
v -0.09368100 -0.07019400 -0.01075740
v -0.09372550 -0.07011660 -0.01077160
v -0.09366930 -0.07008410 -0.01074430
v -0.09362870 -0.07015420 -0.01073150
v -0.09406130 -0.06942810 -0.01136530
v -0.09329700 -0.07075180 -0.01136530
v -0.09334640 -0.07078030 -0.01138890
v -0.09411060 -0.06945660 -0.01138890
v -0.09338780 -0.07070790 -0.00906400
v -0.09338780 -0.07070790 -0.00906400
v -0.09338780 -0.07070790 -0.00906400
v -0.09338780 -0.07070790 -0.00906400
v -0.09338780 -0.07070790 -0.00906400
v -0.09338780 -0.07070790 -0.00906400
v -0.09322730 -0.07072350 -0.00884890
v -0.09322730 -0.07072350 -0.00884890
v -0.09322730 -0.07072350 -0.00884890
v -0.09311000 -0.07051430 -0.00923030
v -0.09334330 -0.07064880 -0.00923030
v -0.09334330 -0.07064880 -0.01095630
v -0.09311000 -0.07051430 -0.01095630
v -0.09319910 -0.07035970 -0.01113450
v -0.09343230 -0.07049440 -0.01113450
v -0.09331160 -0.07016530 -0.01124900
v -0.09354450 -0.07029970 -0.01124900
v -0.09366930 -0.07008410 -0.01128840
v -0.09343600 -0.06994940 -0.01128840
v -0.09356050 -0.06973390 -0.01124900
v -0.09379370 -0.06986860 -0.01124900
v -0.09404040 -0.06957110 -0.01094020
v -0.09404040 -0.06957110 -0.01094020
v -0.09404040 -0.06957110 -0.01094020
v -0.09404040 -0.06957110 -0.01094020
v -0.09395450 -0.06972030 -0.01111250
v -0.09395450 -0.06972030 -0.01111250
v -0.09395450 -0.06972030 -0.01111250
v -0.09395450 -0.06972030 -0.01111250
v -0.09381920 -0.06928570 -0.01073160
v -0.09405240 -0.06942040 -0.01073160
v -0.09409580 -0.06947520 -0.01072320
v -0.09409580 -0.06947520 -0.01072320
v -0.09409580 -0.06947520 -0.01072320
v -0.09409580 -0.06947520 -0.01072320
v -0.09411490 -0.06944230 -0.01048260
v -0.09411490 -0.06944230 -0.01048260
v -0.09411490 -0.06944230 -0.01048260
v -0.09411490 -0.06944230 -0.01048260
v -0.09347660 -0.06987940 -0.01073150
v -0.09343600 -0.06994940 -0.01074430
v -0.09370950 -0.07001410 -0.01073150
v -0.09333010 -0.07013280 -0.01032870
v -0.09335900 -0.07008270 -0.01027080
v -0.09359220 -0.07021740 -0.01027080
v -0.09356340 -0.07026750 -0.01032870
v -0.09330530 -0.07017630 -0.01048260
v -0.09331160 -0.07016500 -0.01040170
v -0.09354480 -0.07029970 -0.01040170
v -0.09353820 -0.07031080 -0.01048260
v -0.09339550 -0.07001950 -0.01073150
v -0.09335900 -0.07008270 -0.01069430
v -0.09359220 -0.07021740 -0.01069430
v -0.09347660 -0.06987940 -0.01023360
v -0.09351280 -0.06981620 -0.01027080
v -0.09374610 -0.06995090 -0.01027080
v -0.09386310 -0.06987860 -0.01057190
v -0.09387000 -0.06986630 -0.01048260
v -0.09380000 -0.06985750 -0.01048260
v -0.09379370 -0.06986860 -0.01056340
v -0.09386310 -0.06987860 -0.01039320
v -0.09379370 -0.06986860 -0.01040170
v -0.09368100 -0.07019400 -0.01020760
v -0.09364070 -0.07026380 -0.01024860
v -0.09362870 -0.07015420 -0.01023360
v -0.09335530 -0.07075790 -0.01024190
v -0.09335530 -0.07075790 -0.01024190
v -0.09335530 -0.07075790 -0.01024190
v -0.09335530 -0.07075790 -0.01024190
v -0.09341060 -0.07066230 -0.01002480
v -0.09341060 -0.07066230 -0.01002480
v -0.09341060 -0.07066230 -0.01002480
v -0.09341060 -0.07066230 -0.01002480
v -0.09334330 -0.07064880 -0.01000880
v -0.09360850 -0.07031910 -0.01065240
v -0.09364070 -0.07026380 -0.01071640
v -0.09356340 -0.07026750 -0.01063630
v -0.09349660 -0.07051310 -0.00985260
v -0.09349660 -0.07051310 -0.00985260
v -0.09349660 -0.07051310 -0.00985260
v -0.09349660 -0.07051310 -0.00985260
v -0.09360530 -0.07032510 -0.00974200
v -0.09360530 -0.07032510 -0.00974200
v -0.09360530 -0.07032510 -0.00974200
v -0.09360530 -0.07032510 -0.00974200
v -0.09385310 -0.06994940 -0.01076970
v -0.09389250 -0.06988160 -0.01069120
v -0.09384260 -0.06991430 -0.01065240
v -0.09381060 -0.06996960 -0.01071640
v -0.09380370 -0.07003520 -0.01082010
v -0.09377010 -0.07003940 -0.01075740
v -0.09364440 -0.07031080 -0.01076970
v -0.09369410 -0.07022520 -0.01082010
v -0.09360530 -0.07037890 -0.01069120
v -0.09358020 -0.07042240 -0.01059230
v -0.09358820 -0.07035480 -0.01057190
v -0.09395850 -0.06976730 -0.00933320
v -0.09404790 -0.06947330 -0.00889750
v -0.09404790 -0.06947330 -0.00889750
v -0.09404790 -0.06947330 -0.00889750
v -0.09404790 -0.06947330 -0.00889750
v -0.09404790 -0.06947330 -0.00889750
v -0.09404790 -0.06947330 -0.00889750
v -0.09366670 -0.06999670 -0.00885650
v -0.09366670 -0.06999670 -0.00885650
v -0.09366670 -0.06999670 -0.00885650
v -0.09366670 -0.06999670 -0.00885650
v -0.09366670 -0.06999670 -0.00885650
v -0.09366670 -0.06999670 -0.00885650
v -0.09366670 -0.06999670 -0.00885650
v -0.09366670 -0.06999670 -0.00885650
v -0.09366670 -0.06999670 -0.00885650
v -0.09366670 -0.06999670 -0.00885650
v -0.09366670 -0.06999670 -0.00885650
v -0.09385910 -0.06993940 -0.00943440
v -0.09374890 -0.07013010 -0.00946940
v -0.09363870 -0.07032090 -0.01116040
v -0.09374890 -0.07013010 -0.01119540
v -0.09374890 -0.07013010 -0.01083740
v -0.09353940 -0.07049300 -0.00933320
v -0.09350950 -0.07025390 -0.00882970
v -0.09350950 -0.07025390 -0.00882970
v -0.09350950 -0.07025390 -0.00882970
v -0.09341010 -0.07071710 -0.01026220
v -0.09339230 -0.07074740 -0.01048260
v -0.09357140 -0.07043760 -0.01048260
v -0.09358020 -0.07042240 -0.01037290
v -0.09341010 -0.07071710 -0.01070280
v -0.09346060 -0.07062960 -0.01090140
v -0.09395450 -0.06972030 -0.00938650
v -0.09395450 -0.06972030 -0.00938650
v -0.09395450 -0.06972030 -0.00938650
v -0.09395450 -0.06972030 -0.00938650
v -0.09384570 -0.06990840 -0.01122300
v -0.09384570 -0.06990840 -0.01122300
v -0.09384570 -0.06990840 -0.01122300
v -0.09384570 -0.06990840 -0.01122300
v -0.09395850 -0.06976730 -0.01105920
v -0.09385910 -0.06993940 -0.01116040
v -0.09372550 -0.07011660 -0.00953520
v -0.09372550 -0.07011660 -0.00953520
v -0.09372550 -0.07011660 -0.00953520
v -0.09372550 -0.07011660 -0.00953520
v -0.09384570 -0.06990840 -0.00949710
v -0.09384570 -0.06990840 -0.00949710
v -0.09384570 -0.06990840 -0.00949710
v -0.09384570 -0.06990840 -0.00949710
v -0.09360530 -0.07032510 -0.00949710
v -0.09360530 -0.07032510 -0.00949710
v -0.09360530 -0.07032510 -0.00949710
v -0.09360530 -0.07032510 -0.00949710
v -0.09363870 -0.07032090 -0.00943440
v -0.09349660 -0.07051310 -0.00938650
v -0.09349660 -0.07051310 -0.00938650
v -0.09349660 -0.07051310 -0.00938650
v -0.09349660 -0.07051310 -0.00938650
v -0.09409580 -0.06947520 -0.01024190
v -0.09409580 -0.06947520 -0.01024190
v -0.09409580 -0.06947520 -0.01024190
v -0.09409580 -0.06947520 -0.01024190
v -0.09404040 -0.06957110 -0.01002480
v -0.09404040 -0.06957110 -0.01002480
v -0.09404040 -0.06957110 -0.01002480
v -0.09404040 -0.06957110 -0.01002480
v -0.09403730 -0.06963090 -0.01006360
v -0.09408780 -0.06954310 -0.01026220
v -0.09379370 -0.06986860 -0.00952300
v -0.09356050 -0.06973390 -0.00952300
v -0.09367300 -0.06953920 -0.00940860
v -0.09390600 -0.06967390 -0.00940860
v -0.09372550 -0.07011660 -0.00970390
v -0.09372550 -0.07011660 -0.00970390
v -0.09372550 -0.07011660 -0.00970390
v -0.09372550 -0.07011660 -0.00970390
v -0.09384570 -0.06990840 -0.00974200
v -0.09384570 -0.06990840 -0.00974200
v -0.09384570 -0.06990840 -0.00974200
v -0.09384570 -0.06990840 -0.00974200
v -0.09379370 -0.06986860 -0.00971600
v -0.09366930 -0.07008420 -0.00967660
v -0.09333610 -0.07079110 -0.01048260
v -0.09333610 -0.07079110 -0.01048260
v -0.09333610 -0.07079110 -0.01048260
v -0.09333610 -0.07079110 -0.01048260
v -0.09356680 -0.06972280 -0.01048260
v -0.09356050 -0.06973390 -0.01056340
v -0.09390600 -0.06967390 -0.00983050
v -0.09367300 -0.06953920 -0.00983050
v -0.09356050 -0.06973390 -0.00971600
v -0.09351280 -0.06981620 -0.01069430
v -0.09374610 -0.06995090 -0.01069430
v -0.09381060 -0.06996960 -0.01024860
v -0.09377520 -0.06990080 -0.01063630
v -0.09360530 -0.07037890 -0.01027390
v -0.09358820 -0.07035480 -0.01039320
v -0.09360850 -0.07031910 -0.01031260
v -0.09391770 -0.06983780 -0.01059230
v -0.09403730 -0.06963090 -0.01090140
v -0.09408780 -0.06954310 -0.01070280
v -0.09374890 -0.07013010 -0.00976980
v -0.09363870 -0.07032090 -0.00980470
v -0.09369410 -0.07022520 -0.01014500
v -0.09374890 -0.07013010 -0.01012760
v -0.09385910 -0.06993940 -0.00980470
v -0.09380370 -0.07003520 -0.01014500
v -0.09335530 -0.07075790 -0.01072320
v -0.09335530 -0.07075790 -0.01072320
v -0.09335530 -0.07075790 -0.01072320
v -0.09335530 -0.07075790 -0.01072320
v -0.09341060 -0.07066230 -0.01094020
v -0.09341060 -0.07066230 -0.01094020
v -0.09341060 -0.07066230 -0.01094020
v -0.09341060 -0.07066230 -0.01094020
v -0.09410520 -0.06951290 -0.01048260
v -0.09346060 -0.07062960 -0.01006360
v -0.09353940 -0.07049300 -0.00990580
v -0.09362650 -0.06990760 -0.01052520
v -0.09367160 -0.06993370 -0.01052520
v -0.09367500 -0.06992780 -0.01048260
v -0.09362990 -0.06990170 -0.01048260
v -0.09370840 -0.07002470 -0.01026390
v -0.09372300 -0.06999930 -0.01017340
v -0.09367300 -0.07008630 -0.01015740
v -0.09367300 -0.07008630 -0.01025260
v -0.09363730 -0.07014780 -0.01026390
v -0.09362270 -0.07017340 -0.01017340
v -0.09357740 -0.07025180 -0.01021960
v -0.09360530 -0.07020340 -0.01029660
v -0.09353940 -0.07049290 -0.01105920
v -0.09361360 -0.06992980 -0.01044810
v -0.09361650 -0.06992490 -0.01048260
v -0.09362650 -0.06990760 -0.01043980
v -0.09371520 -0.06985820 -0.01055360
v -0.09372070 -0.06984840 -0.01048260
v -0.09367160 -0.06993370 -0.01043980
v -0.09395850 -0.06976730 -0.00990580
v -0.09385310 -0.06994940 -0.01019540
v -0.09360130 -0.06995110 -0.01059450
v -0.09364640 -0.06997720 -0.01059450
v -0.09366180 -0.06995070 -0.01056390
v -0.09361650 -0.06992460 -0.01056390
v -0.09371520 -0.06985820 -0.01041140
v -0.09378200 -0.06989680 -0.01041140
v -0.09376580 -0.06992510 -0.01034740
v -0.09369870 -0.06988650 -0.01034740
v -0.09367330 -0.06993050 -0.01066850
v -0.09374040 -0.06996930 -0.01066850
v -0.09376580 -0.06992510 -0.01061770
v -0.09369870 -0.06988650 -0.01061770
v -0.09374040 -0.06996930 -0.01029660
v -0.09376840 -0.06992090 -0.01021960
v -0.09362700 -0.07001060 -0.01035090
v -0.09364130 -0.06998610 -0.01026390
v -0.09360590 -0.07004750 -0.01025260
v -0.09360590 -0.07004750 -0.01034410
v -0.09354340 -0.07005120 -0.01037650
v -0.09356050 -0.07002150 -0.01037110
v -0.09356050 -0.07002150 -0.01034410
v -0.09353940 -0.07005860 -0.01035090
v -0.09367330 -0.06993050 -0.01029660
v -0.09372300 -0.06999930 -0.01079170
v -0.09370840 -0.07002470 -0.01070130
v -0.09367300 -0.07008630 -0.01071250
v -0.09367300 -0.07008630 -0.01080760
v -0.09357020 -0.07010920 -0.01026390
v -0.09358450 -0.07008460 -0.01035090
v -0.09358450 -0.07008460 -0.01061410
v -0.09353940 -0.07005860 -0.01061410
v -0.09352000 -0.07009200 -0.01059450
v -0.09356510 -0.07011810 -0.01059450
v -0.09350460 -0.07011830 -0.01056390
v -0.09355000 -0.07014440 -0.01056390
v -0.09356510 -0.07011810 -0.01037060
v -0.09353820 -0.07016450 -0.01029660
v -0.09351280 -0.07020880 -0.01034740
v -0.09355000 -0.07014440 -0.01040120
v -0.09349660 -0.07023700 -0.01055360
v -0.09353990 -0.07016160 -0.01052520
v -0.09353650 -0.07016750 -0.01048260
v -0.09349090 -0.07024660 -0.01048260
v -0.09355790 -0.07028550 -0.01048260
v -0.09351030 -0.07036780 -0.01048260
v -0.09351830 -0.07035400 -0.01058300
v -0.09356340 -0.07027560 -0.01055360
v -0.09350770 -0.07011340 -0.01044810
v -0.09351570 -0.07009960 -0.01041700
v -0.09350460 -0.07011830 -0.01040120
v -0.09349480 -0.07013550 -0.01043980
v -0.09352000 -0.07009200 -0.01037060
v -0.09357990 -0.07024740 -0.01034740
v -0.09356340 -0.07027560 -0.01041140
v -0.09349660 -0.07023700 -0.01041140
v -0.09357020 -0.07010920 -0.01070130
v -0.09353820 -0.07016450 -0.01066850
v -0.09358190 -0.06998460 -0.01035090
v -0.09331160 -0.07016500 -0.01056340
v -0.09354480 -0.07029970 -0.01056340
v -0.09378780 -0.06988720 -0.01048260
v -0.09383540 -0.06980460 -0.01048260
v -0.09382740 -0.06981840 -0.01038210
v -0.09357790 -0.06999170 -0.01037650
v -0.09359330 -0.06996470 -0.01039230
v -0.09360130 -0.06995110 -0.01037060
v -0.09354340 -0.07005120 -0.01058850
v -0.09352800 -0.07007820 -0.01057270
v -0.09412490 -0.06941110 -0.01139930
v -0.09413890 -0.06940720 -0.01144570
v -0.09410150 -0.06935850 -0.01144570
v -0.09408980 -0.06937890 -0.01138890
v -0.09408980 -0.06937890 -0.01138890
v -0.09329700 -0.07075180 -0.01244960
v -0.09301270 -0.07058760 -0.01244960
v -0.09377690 -0.06926380 -0.01244960
v -0.09406130 -0.06942810 -0.01244960
v -0.09298410 -0.07063670 -0.01138890
v -0.09298410 -0.07063670 -0.01138890
v -0.09326870 -0.07080120 -0.01138890
v -0.09326870 -0.07080120 -0.01138890
v -0.09301270 -0.07058760 -0.01136530
v -0.09408980 -0.06937890 -0.01242610
v -0.09408980 -0.06937890 -0.01242610
v -0.09380520 -0.06921470 -0.01242610
v -0.09380520 -0.06921470 -0.01242610
v -0.09381720 -0.06919430 -0.01236910
v -0.09410150 -0.06935850 -0.01236910
v -0.09331410 -0.07081520 -0.01139930
v -0.09325680 -0.07082160 -0.01144570
v -0.09331780 -0.07082950 -0.01144570
v -0.09412490 -0.06941110 -0.01241560
v -0.09411060 -0.06945660 -0.01242610
v -0.09380520 -0.06921470 -0.01138890
v -0.09380520 -0.06921470 -0.01138890
v -0.09381720 -0.06919430 -0.01144570
v -0.09413890 -0.06940720 -0.01236910
v -0.09331410 -0.07081520 -0.01241560
v -0.09334640 -0.07078030 -0.01242610
v -0.09336670 -0.07079210 -0.01236910
v -0.09331780 -0.07082950 -0.01236910
v -0.09328590 -0.07074810 -0.01073160
v -0.09305260 -0.07061340 -0.01073160
v -0.09319910 -0.07035970 -0.00940870
v -0.09343230 -0.07049440 -0.00940870
v -0.09354450 -0.07029970 -0.00952300
v -0.09331160 -0.07016530 -0.00952300
v -0.09343600 -0.06994940 -0.00956250
v -0.09366930 -0.07008420 -0.00956250
v -0.09376210 -0.06938480 -0.00923030
v -0.09399530 -0.06951950 -0.00923030
v -0.09358110 -0.07036710 -0.01048260
v -0.09343600 -0.06994940 -0.00967660
v -0.09339550 -0.07001950 -0.01023360
v -0.09343600 -0.06994940 -0.01022070
v -0.09311000 -0.07051430 -0.01000880
v -0.09333010 -0.07013280 -0.01063630
v -0.09354200 -0.06976610 -0.01063630
v -0.09356050 -0.06973390 -0.01040170
v -0.09354200 -0.06976610 -0.01032870
v -0.09377520 -0.06990080 -0.01032870
v -0.09392620 -0.06982280 -0.01048260
v -0.09391770 -0.06983780 -0.01037280
v -0.09359050 -0.07037250 -0.00874330
v -0.09359050 -0.07037250 -0.00874330
v -0.09359050 -0.07037250 -0.00874330
v -0.09359050 -0.07037250 -0.00874330
v -0.09359050 -0.07037250 -0.00874330
v -0.09359050 -0.07037250 -0.00874330
v -0.09359050 -0.07037250 -0.00874330
v -0.09380430 -0.06985850 -0.01029140
v -0.09377690 -0.06926380 -0.01136530
v -0.09349660 -0.07051310 -0.01111250
v -0.09349660 -0.07051310 -0.01111250
v -0.09349660 -0.07051310 -0.01111250
v -0.09349660 -0.07051310 -0.01111250
v -0.09336670 -0.07079210 -0.01144570
v -0.09413090 -0.06946840 -0.01144570
v -0.09413090 -0.06946840 -0.01236910
v -0.09384260 -0.06991430 -0.01031260
v -0.09389250 -0.06988160 -0.01027390
v -0.09380430 -0.06985850 -0.01067360
v -0.09382740 -0.06981840 -0.01058300
v -0.09378200 -0.06989680 -0.01055360
v -0.09351280 -0.07020880 -0.01061770
v -0.09360530 -0.07020340 -0.01066850
v -0.09357740 -0.07025180 -0.01074560
v -0.09362270 -0.07017340 -0.01079170
v -0.09363730 -0.07014780 -0.01070130
v -0.09353990 -0.07016160 -0.01043980
v -0.09358190 -0.06998460 -0.01061410
v -0.09362700 -0.07001060 -0.01061410
v -0.09364640 -0.06997720 -0.01037060
v -0.09356050 -0.07002150 -0.01062080
v -0.09360590 -0.07004750 -0.01062080
v -0.09357790 -0.06999170 -0.01058850
v -0.09356050 -0.07002150 -0.01059400
v -0.09364130 -0.06998610 -0.01070130
v -0.09360590 -0.07004750 -0.01071250
v -0.09366180 -0.06995070 -0.01040120
v -0.09349480 -0.07013550 -0.01052520
v -0.09349140 -0.07014120 -0.01048260
v -0.09357990 -0.07024740 -0.01061770
v -0.09354140 -0.07031400 -0.01067360
v -0.09359330 -0.06996470 -0.01057270
v -0.09354140 -0.07031400 -0.01029140
v -0.09361360 -0.06992980 -0.01051700
v -0.09360560 -0.06994330 -0.01054810
v -0.09351570 -0.07009960 -0.01054810
v -0.09350770 -0.07011340 -0.01051700
v -0.09361650 -0.06992460 -0.01040120
v -0.09325680 -0.07082160 -0.01236910
v -0.09326870 -0.07080120 -0.01242610
v -0.09326870 -0.07080120 -0.01242610
v -0.09298410 -0.07063670 -0.01242610
v -0.09298410 -0.07063670 -0.01242610
v -0.09297240 -0.07065720 -0.01144570
v -0.09360530 -0.07032500 -0.01122300
v -0.09360530 -0.07032500 -0.01122300
v -0.09360530 -0.07032500 -0.01122300
v -0.09360530 -0.07032500 -0.01122300
v -0.09372550 -0.07011660 -0.01126120
v -0.09372550 -0.07011660 -0.01126120
v -0.09372550 -0.07011660 -0.01126120
v -0.09372550 -0.07011660 -0.01126120
v -0.09364440 -0.07031080 -0.01019540
v -0.09350480 -0.07011810 -0.01048260
v -0.09395450 -0.06972030 -0.00985260
v -0.09395450 -0.06972030 -0.00985260
v -0.09395450 -0.06972030 -0.00985260
v -0.09395450 -0.06972030 -0.00985260
v -0.09351830 -0.07035400 -0.01038210
v -0.09376210 -0.06938480 -0.01000880
v -0.09399530 -0.06951950 -0.01000880
v -0.09352800 -0.07007820 -0.01039230
v -0.09297240 -0.07065720 -0.01236910
v -0.09376840 -0.06992090 -0.01074560
v -0.09360560 -0.06994330 -0.01041700
v -0.09383890 -0.06925160 -0.00719570
v -0.09407210 -0.06938630 -0.00719570
v -0.09381920 -0.06928570 -0.00744480
v -0.09405240 -0.06942040 -0.00744480
v -0.09367300 -0.06953920 -0.00654370
v -0.09390600 -0.06967390 -0.00654370
v -0.09376210 -0.06938480 -0.00672200
v -0.09399530 -0.06951950 -0.00672200
v -0.09305260 -0.07061340 -0.00744480
v -0.09328590 -0.07074810 -0.00744480
v -0.09303290 -0.07064760 -0.00719570
v -0.09303290 -0.07064760 -0.00719570
v -0.09326620 -0.07078200 -0.00719570
v -0.09326620 -0.07078200 -0.00719570
v -0.09372550 -0.07011660 -0.00748490
v -0.09377010 -0.07003940 -0.00747070
v -0.09366930 -0.07008410 -0.00745760
v -0.09370950 -0.07001410 -0.00744470
v -0.09331160 -0.07016530 -0.00796230
v -0.09354450 -0.07029970 -0.00796230
v -0.09319910 -0.07035970 -0.00784780
v -0.09343230 -0.07049440 -0.00784780
v -0.09372550 -0.07011660 -0.00690670
v -0.09368100 -0.07019400 -0.00692090
v -0.09366930 -0.07008410 -0.00693400
v -0.09362870 -0.07015420 -0.00694680
v -0.09329700 -0.07075180 -0.00631300
v -0.09406120 -0.06942810 -0.00631300
v -0.09334640 -0.07078030 -0.00628940
v -0.09411060 -0.06945660 -0.00628940
v -0.09337230 -0.07070970 -0.00858440
v -0.09337230 -0.07070970 -0.00858440
v -0.09337230 -0.07070970 -0.00858440
v -0.09337230 -0.07070970 -0.00858440
v -0.09337230 -0.07070970 -0.00858440
v -0.09311000 -0.07051430 -0.00844800
v -0.09334330 -0.07064880 -0.00844800
v -0.09311000 -0.07051430 -0.00672200
v -0.09334330 -0.07064880 -0.00672200
v -0.09319910 -0.07035970 -0.00654370
v -0.09343230 -0.07049440 -0.00654370
v -0.09331160 -0.07016530 -0.00642920
v -0.09354450 -0.07029970 -0.00642920
v -0.09343600 -0.06994940 -0.00638990
v -0.09366930 -0.07008420 -0.00638990
v -0.09356050 -0.06973390 -0.00642920
v -0.09379370 -0.06986860 -0.00642920
v -0.09395450 -0.06972030 -0.00656580
v -0.09395450 -0.06972030 -0.00656580
v -0.09395450 -0.06972030 -0.00656580
v -0.09395450 -0.06972030 -0.00656580
v -0.09404040 -0.06957110 -0.00673810
v -0.09404040 -0.06957110 -0.00673810
v -0.09404040 -0.06957110 -0.00673810
v -0.09404040 -0.06957110 -0.00673810
v -0.09381920 -0.06928570 -0.00694670
v -0.09405240 -0.06942040 -0.00694670
v -0.09409580 -0.06947530 -0.00695510
v -0.09409580 -0.06947530 -0.00695510
v -0.09409580 -0.06947530 -0.00695510
v -0.09409580 -0.06947530 -0.00695510
v -0.09411490 -0.06944230 -0.00719570
v -0.09411490 -0.06944230 -0.00719570
v -0.09411490 -0.06944230 -0.00719570
v -0.09411490 -0.06944230 -0.00719570
v -0.09343600 -0.06994940 -0.00693400
v -0.09347660 -0.06987940 -0.00694680
v -0.09370950 -0.07001410 -0.00694680
v -0.09335900 -0.07008270 -0.00740750
v -0.09333010 -0.07013280 -0.00734960
v -0.09359220 -0.07021740 -0.00740750
v -0.09356340 -0.07026750 -0.00734960
v -0.09331160 -0.07016500 -0.00727660
v -0.09330530 -0.07017630 -0.00719570
v -0.09354480 -0.07029970 -0.00727660
v -0.09353820 -0.07031080 -0.00719570
v -0.09335900 -0.07008270 -0.00698390
v -0.09339550 -0.07001950 -0.00694680
v -0.09359220 -0.07021740 -0.00698390
v -0.09351280 -0.06981620 -0.00740750
v -0.09347660 -0.06987940 -0.00744470
v -0.09374610 -0.06995090 -0.00740750
v -0.09387000 -0.06986630 -0.00719570
v -0.09386310 -0.06987860 -0.00710640
v -0.09380000 -0.06985750 -0.00719570
v -0.09379370 -0.06986860 -0.00711490
v -0.09386310 -0.06987860 -0.00728500
v -0.09379370 -0.06986860 -0.00727660
v -0.09364070 -0.07026380 -0.00742960
v -0.09368100 -0.07019400 -0.00747070
v -0.09362870 -0.07015420 -0.00744470
v -0.09341060 -0.07066230 -0.00765350
v -0.09341060 -0.07066230 -0.00765350
v -0.09341060 -0.07066230 -0.00765350
v -0.09341060 -0.07066230 -0.00765350
v -0.09335530 -0.07075790 -0.00743630
v -0.09335530 -0.07075790 -0.00743630
v -0.09335530 -0.07075790 -0.00743630
v -0.09335530 -0.07075790 -0.00743630
v -0.09334330 -0.07064880 -0.00766940
v -0.09364070 -0.07026380 -0.00696190
v -0.09360850 -0.07031920 -0.00702590
v -0.09356340 -0.07026750 -0.00704200
v -0.09360530 -0.07032510 -0.00793630
v -0.09360530 -0.07032510 -0.00793630
v -0.09360530 -0.07032510 -0.00793630
v -0.09360530 -0.07032510 -0.00793630
v -0.09349660 -0.07051310 -0.00782570
v -0.09349660 -0.07051310 -0.00782570
v -0.09349660 -0.07051310 -0.00782570
v -0.09349660 -0.07051310 -0.00782570
v -0.09389250 -0.06988160 -0.00698710
v -0.09385310 -0.06994940 -0.00690860
v -0.09384260 -0.06991430 -0.00702590
v -0.09381060 -0.06996960 -0.00696190
v -0.09380370 -0.07003520 -0.00685820
v -0.09377010 -0.07003940 -0.00692090
v -0.09369410 -0.07022530 -0.00685820
v -0.09364440 -0.07031080 -0.00690860
v -0.09360530 -0.07037890 -0.00698710
v -0.09358020 -0.07042240 -0.00708600
v -0.09358820 -0.07035480 -0.00710640
v -0.09403940 -0.06959100 -0.00847690
v -0.09403940 -0.06959100 -0.00847690
v -0.09403940 -0.06959100 -0.00847690
v -0.09395850 -0.06976730 -0.00834510
v -0.09385910 -0.06993940 -0.00824380
v -0.09375740 -0.07007170 -0.00858300
v -0.09375740 -0.07007170 -0.00858300
v -0.09375740 -0.07007170 -0.00858300
v -0.09374890 -0.07013010 -0.00820890
v -0.09374890 -0.07013010 -0.00648290
v -0.09363870 -0.07032090 -0.00651780
v -0.09374890 -0.07013010 -0.00684080
v -0.09353940 -0.07049290 -0.00834510
v -0.09339230 -0.07074740 -0.00719570
v -0.09341010 -0.07071710 -0.00741600
v -0.09357130 -0.07043760 -0.00719570
v -0.09358020 -0.07042240 -0.00730540
v -0.09346060 -0.07062960 -0.00677680
v -0.09341010 -0.07071710 -0.00697550
v -0.09395450 -0.06972030 -0.00829180
v -0.09395450 -0.06972030 -0.00829180
v -0.09395450 -0.06972030 -0.00829180
v -0.09395450 -0.06972030 -0.00829180
v -0.09384570 -0.06990840 -0.00645520
v -0.09384570 -0.06990840 -0.00645520
v -0.09384570 -0.06990840 -0.00645520
v -0.09384570 -0.06990840 -0.00645520
v -0.09395850 -0.06976730 -0.00661910
v -0.09385910 -0.06993940 -0.00651780
v -0.09384570 -0.06990840 -0.00818110
v -0.09384570 -0.06990840 -0.00818110
v -0.09384570 -0.06990840 -0.00818110
v -0.09384570 -0.06990840 -0.00818110
v -0.09372550 -0.07011660 -0.00814300
v -0.09372550 -0.07011660 -0.00814300
v -0.09372550 -0.07011660 -0.00814300
v -0.09372550 -0.07011660 -0.00814300
v -0.09360530 -0.07032510 -0.00818110
v -0.09360530 -0.07032510 -0.00818110
v -0.09360530 -0.07032510 -0.00818110
v -0.09360530 -0.07032510 -0.00818110
v -0.09363870 -0.07032090 -0.00824380
v -0.09349660 -0.07051310 -0.00829180
v -0.09349660 -0.07051310 -0.00829180
v -0.09349660 -0.07051310 -0.00829180
v -0.09349660 -0.07051310 -0.00829180
v -0.09404040 -0.06957110 -0.00765350
v -0.09404040 -0.06957110 -0.00765350
v -0.09404040 -0.06957110 -0.00765350
v -0.09404040 -0.06957110 -0.00765350
v -0.09409580 -0.06947530 -0.00743630
v -0.09409580 -0.06947530 -0.00743630
v -0.09409580 -0.06947530 -0.00743630
v -0.09409580 -0.06947530 -0.00743630
v -0.09403730 -0.06963090 -0.00761470
v -0.09408780 -0.06954310 -0.00741600
v -0.09356050 -0.06973390 -0.00815520
v -0.09379370 -0.06986860 -0.00815520
v -0.09367300 -0.06953920 -0.00826960
v -0.09390600 -0.06967390 -0.00826960
v -0.09384570 -0.06990840 -0.00793630
v -0.09384570 -0.06990840 -0.00793630
v -0.09384570 -0.06990840 -0.00793630
v -0.09384570 -0.06990840 -0.00793630
v -0.09372550 -0.07011660 -0.00797440
v -0.09372550 -0.07011660 -0.00797440
v -0.09372550 -0.07011660 -0.00797440
v -0.09372550 -0.07011660 -0.00797440
v -0.09379370 -0.06986860 -0.00796230
v -0.09366930 -0.07008410 -0.00800170
v -0.09333610 -0.07079110 -0.00719570
v -0.09333610 -0.07079110 -0.00719570
v -0.09333610 -0.07079110 -0.00719570
v -0.09333610 -0.07079110 -0.00719570
v -0.09356050 -0.06973390 -0.00711480
v -0.09356680 -0.06972280 -0.00719570
v -0.09367300 -0.06953920 -0.00784780
v -0.09390600 -0.06967390 -0.00784780
v -0.09356050 -0.06973390 -0.00796230
v -0.09351280 -0.06981620 -0.00698390
v -0.09374610 -0.06995090 -0.00698390
v -0.09381060 -0.06996960 -0.00742960
v -0.09377520 -0.06990080 -0.00704200
v -0.09360530 -0.07037890 -0.00740430
v -0.09358820 -0.07035480 -0.00728500
v -0.09360850 -0.07031920 -0.00736570
v -0.09391770 -0.06983780 -0.00708600
v -0.09408780 -0.06954310 -0.00697550
v -0.09403730 -0.06963090 -0.00677680
v -0.09363870 -0.07032090 -0.00787360
v -0.09374890 -0.07013010 -0.00790850
v -0.09369410 -0.07022530 -0.00753320
v -0.09374890 -0.07013010 -0.00755070
v -0.09385910 -0.06993940 -0.00787360
v -0.09380370 -0.07003520 -0.00753320
v -0.09341060 -0.07066230 -0.00673810
v -0.09341060 -0.07066230 -0.00673810
v -0.09341060 -0.07066230 -0.00673810
v -0.09341060 -0.07066230 -0.00673810
v -0.09335530 -0.07075790 -0.00695510
v -0.09335530 -0.07075790 -0.00695510
v -0.09335530 -0.07075790 -0.00695510
v -0.09335530 -0.07075790 -0.00695510
v -0.09410520 -0.06951290 -0.00719570
v -0.09346060 -0.07062960 -0.00761470
v -0.09353940 -0.07049290 -0.00777250
v -0.09367160 -0.06993370 -0.00715310
v -0.09362650 -0.06990760 -0.00715310
v -0.09367500 -0.06992780 -0.00719570
v -0.09362990 -0.06990180 -0.00719570
v -0.09372300 -0.06999930 -0.00750490
v -0.09370840 -0.07002470 -0.00741440
v -0.09367300 -0.07008640 -0.00752080
v -0.09367300 -0.07008640 -0.00742570
v -0.09362270 -0.07017340 -0.00750490
v -0.09363730 -0.07014780 -0.00741440
v -0.09357730 -0.07025180 -0.00745870
v -0.09360530 -0.07020340 -0.00738170
v -0.09353940 -0.07049300 -0.00661910
v -0.09361650 -0.06992490 -0.00719570
v -0.09361360 -0.06992980 -0.00723020
v -0.09362650 -0.06990760 -0.00723850
v -0.09371520 -0.06985820 -0.00712470
v -0.09372070 -0.06984840 -0.00719570
v -0.09367160 -0.06993370 -0.00723850
v -0.09395850 -0.06976730 -0.00777250
v -0.09385310 -0.06994940 -0.00748290
v -0.09364640 -0.06997720 -0.00708380
v -0.09360130 -0.06995120 -0.00708380
v -0.09366180 -0.06995070 -0.00711440
v -0.09361650 -0.06992460 -0.00711440
v -0.09378200 -0.06989680 -0.00726690
v -0.09371520 -0.06985820 -0.00726690
v -0.09376580 -0.06992510 -0.00733090
v -0.09369870 -0.06988650 -0.00733090
v -0.09374040 -0.06996930 -0.00700970
v -0.09367330 -0.06993050 -0.00700970
v -0.09376580 -0.06992510 -0.00706060
v -0.09369870 -0.06988650 -0.00706060
v -0.09376840 -0.06992090 -0.00745870
v -0.09374040 -0.06996930 -0.00738170
v -0.09364130 -0.06998610 -0.00741440
v -0.09362700 -0.07001060 -0.00732730
v -0.09360590 -0.07004750 -0.00742570
v -0.09360590 -0.07004750 -0.00733410
v -0.09356050 -0.07002150 -0.00730720
v -0.09354340 -0.07005120 -0.00730180
v -0.09356050 -0.07002150 -0.00733410
v -0.09353940 -0.07005860 -0.00732730
v -0.09367330 -0.06993050 -0.00738170
v -0.09370840 -0.07002470 -0.00697700
v -0.09372300 -0.06999930 -0.00688650
v -0.09367300 -0.07008640 -0.00696580
v -0.09367300 -0.07008640 -0.00687070
v -0.09357020 -0.07010920 -0.00741440
v -0.09358450 -0.07008460 -0.00732730
v -0.09353940 -0.07005860 -0.00706420
v -0.09358450 -0.07008460 -0.00706420
v -0.09352000 -0.07009200 -0.00708380
v -0.09356510 -0.07011810 -0.00708380
v -0.09350460 -0.07011830 -0.00711440
v -0.09355000 -0.07014440 -0.00711440
v -0.09353820 -0.07016450 -0.00738170
v -0.09356510 -0.07011810 -0.00730760
v -0.09351280 -0.07020880 -0.00733090
v -0.09355000 -0.07014440 -0.00727710
v -0.09353990 -0.07016160 -0.00715310
v -0.09349660 -0.07023700 -0.00712470
v -0.09353650 -0.07016750 -0.00719570
v -0.09349080 -0.07024660 -0.00719570
v -0.09351030 -0.07036780 -0.00719570
v -0.09355790 -0.07028550 -0.00719570
v -0.09351830 -0.07035410 -0.00709530
v -0.09356340 -0.07027560 -0.00712470
v -0.09351570 -0.07009960 -0.00726120
v -0.09350770 -0.07011340 -0.00723020
v -0.09350460 -0.07011830 -0.00727710
v -0.09349480 -0.07013550 -0.00723850
v -0.09352000 -0.07009200 -0.00730760
v -0.09357990 -0.07024740 -0.00733090
v -0.09356340 -0.07027560 -0.00726690
v -0.09349660 -0.07023700 -0.00726690
v -0.09357020 -0.07010920 -0.00697700
v -0.09353820 -0.07016450 -0.00700970
v -0.09358190 -0.06998460 -0.00732730
v -0.09331160 -0.07016500 -0.00711490
v -0.09354480 -0.07029970 -0.00711490
v -0.09383540 -0.06980470 -0.00719570
v -0.09378780 -0.06988730 -0.00719570
v -0.09382740 -0.06981840 -0.00729620
v -0.09359330 -0.06996470 -0.00728600
v -0.09357790 -0.06999170 -0.00730180
v -0.09360130 -0.06995120 -0.00730760
v -0.09352800 -0.07007830 -0.00710560
v -0.09354340 -0.07005120 -0.00708980
v -0.09413890 -0.06940720 -0.00623260
v -0.09412490 -0.06941110 -0.00627900
v -0.09410150 -0.06935850 -0.00623260
v -0.09408980 -0.06937890 -0.00628940
v -0.09408980 -0.06937890 -0.00628940
v -0.09301260 -0.07058760 -0.00522860
v -0.09329700 -0.07075180 -0.00522860
v -0.09377690 -0.06926390 -0.00522860
v -0.09406120 -0.06942810 -0.00522860
v -0.09326870 -0.07080120 -0.00628940
v -0.09326870 -0.07080120 -0.00628940
v -0.09298410 -0.07063680 -0.00628940
v -0.09298410 -0.07063680 -0.00628940
v -0.09301260 -0.07058760 -0.00631300
v -0.09380520 -0.06921470 -0.00525220
v -0.09380520 -0.06921470 -0.00525220
v -0.09408980 -0.06937890 -0.00525220
v -0.09408980 -0.06937890 -0.00525220
v -0.09381720 -0.06919430 -0.00530920
v -0.09410150 -0.06935850 -0.00530920
v -0.09331410 -0.07081520 -0.00627900
v -0.09325680 -0.07082160 -0.00623260
v -0.09331780 -0.07082950 -0.00623260
v -0.09411060 -0.06945660 -0.00525220
v -0.09412490 -0.06941110 -0.00526260
v -0.09380520 -0.06921470 -0.00628940
v -0.09380520 -0.06921470 -0.00628940
v -0.09381720 -0.06919430 -0.00623260
v -0.09413890 -0.06940720 -0.00530920
v -0.09334640 -0.07078030 -0.00525220
v -0.09331410 -0.07081520 -0.00526260
v -0.09336670 -0.07079210 -0.00530920
v -0.09331780 -0.07082950 -0.00530920
v -0.09328590 -0.07074810 -0.00694670
v -0.09305260 -0.07061340 -0.00694670
v -0.09319910 -0.07035970 -0.00826960
v -0.09343230 -0.07049440 -0.00826960
v -0.09331160 -0.07016530 -0.00815520
v -0.09354450 -0.07029970 -0.00815520
v -0.09343600 -0.06994940 -0.00811570
v -0.09366930 -0.07008410 -0.00811570
v -0.09376210 -0.06938480 -0.00844800
v -0.09399530 -0.06951950 -0.00844800
v -0.09381920 -0.06928570 -0.00867270
v -0.09358110 -0.07036710 -0.00719570
v -0.09343600 -0.06994940 -0.00800170
v -0.09343600 -0.06994940 -0.00745760
v -0.09339550 -0.07001950 -0.00744470
v -0.09311000 -0.07051430 -0.00766940
v -0.09333010 -0.07013280 -0.00704200
v -0.09354200 -0.06976610 -0.00704200
v -0.09356050 -0.06973390 -0.00727660
v -0.09354200 -0.06976610 -0.00734960
v -0.09377520 -0.06990080 -0.00734960
v -0.09391770 -0.06983780 -0.00730540
v -0.09392620 -0.06982280 -0.00719570
v -0.09380430 -0.06985850 -0.00738690
v -0.09377690 -0.06926390 -0.00631300
v -0.09349660 -0.07051310 -0.00656580
v -0.09349660 -0.07051310 -0.00656580
v -0.09349660 -0.07051310 -0.00656580
v -0.09349660 -0.07051310 -0.00656580
v -0.09336670 -0.07079210 -0.00623260
v -0.09413090 -0.06946840 -0.00623260
v -0.09413090 -0.06946840 -0.00530920
v -0.09384260 -0.06991430 -0.00736570
v -0.09389250 -0.06988160 -0.00740430
v -0.09380430 -0.06985850 -0.00700470
v -0.09382740 -0.06981840 -0.00709530
v -0.09378200 -0.06989680 -0.00712470
v -0.09351280 -0.07020880 -0.00706060
v -0.09357730 -0.07025180 -0.00693270
v -0.09360530 -0.07020340 -0.00700970
v -0.09362270 -0.07017340 -0.00688650
v -0.09363730 -0.07014780 -0.00697700
v -0.09353990 -0.07016160 -0.00723850
v -0.09362700 -0.07001060 -0.00706420
v -0.09358190 -0.06998460 -0.00706420
v -0.09364640 -0.06997720 -0.00730760
v -0.09360590 -0.07004750 -0.00705740
v -0.09356050 -0.07002150 -0.00705740
v -0.09356050 -0.07002150 -0.00708430
v -0.09357790 -0.06999170 -0.00708980
v -0.09364130 -0.06998610 -0.00697700
v -0.09360590 -0.07004750 -0.00696580
v -0.09366180 -0.06995070 -0.00727710
v -0.09349480 -0.07013550 -0.00715310
v -0.09349140 -0.07014120 -0.00719570
v -0.09354140 -0.07031400 -0.00700470
v -0.09357990 -0.07024740 -0.00706060
v -0.09359330 -0.06996470 -0.00710560
v -0.09354140 -0.07031400 -0.00738690
v -0.09360560 -0.06994330 -0.00713020
v -0.09361360 -0.06992980 -0.00716130
v -0.09350770 -0.07011340 -0.00716130
v -0.09351570 -0.07009960 -0.00713020
v -0.09361650 -0.06992460 -0.00727710
v -0.09325680 -0.07082160 -0.00530920
v -0.09326870 -0.07080120 -0.00525220
v -0.09326870 -0.07080120 -0.00525220
v -0.09298410 -0.07063680 -0.00525220
v -0.09298410 -0.07063680 -0.00525220
v -0.09297240 -0.07065720 -0.00623260
v -0.09360530 -0.07032510 -0.00645520
v -0.09360530 -0.07032510 -0.00645520
v -0.09360530 -0.07032510 -0.00645520
v -0.09360530 -0.07032510 -0.00645520
v -0.09372550 -0.07011660 -0.00641700
v -0.09372550 -0.07011660 -0.00641700
v -0.09372550 -0.07011660 -0.00641700
v -0.09372550 -0.07011660 -0.00641700
v -0.09364440 -0.07031080 -0.00748290
v -0.09350480 -0.07011810 -0.00719570
v -0.09395450 -0.06972030 -0.00782570
v -0.09395450 -0.06972030 -0.00782570
v -0.09395450 -0.06972030 -0.00782570
v -0.09395450 -0.06972030 -0.00782570
v -0.09351830 -0.07035410 -0.00729620
v -0.09376210 -0.06938480 -0.00766940
v -0.09399530 -0.06951950 -0.00766940
v -0.09352800 -0.07007830 -0.00728600
v -0.09297240 -0.07065720 -0.00530920
v -0.09376840 -0.06992090 -0.00693270
v -0.09360560 -0.06994330 -0.00726120
v 0.09395240 0.06930330 0.00806490
v 0.09371920 0.06916860 0.00806490
v 0.09369950 0.06920280 0.00831390
v 0.09393270 0.06933750 0.00831390
v 0.09378630 0.06959090 0.00741290
v 0.09355330 0.06945620 0.00741290
v 0.09364240 0.06930190 0.00759120
v 0.09387560 0.06943660 0.00759120
v 0.09316620 0.07066520 0.00831390
v 0.09293290 0.07053050 0.00831390
v 0.09291330 0.07056460 0.00806490
v 0.09291330 0.07056460 0.00806490
v 0.09314650 0.07069910 0.00806490
v 0.09314650 0.07069910 0.00806490
v 0.09365040 0.06995650 0.00833980
v 0.09360590 0.07003370 0.00835400
v 0.09354960 0.07000120 0.00832670
v 0.09358990 0.06993120 0.00831380
v 0.09342480 0.07021680 0.00883150
v 0.09319190 0.07008230 0.00883150
v 0.09307940 0.07027680 0.00871700
v 0.09331270 0.07041150 0.00871700
v 0.09356130 0.07011110 0.00779010
v 0.09360590 0.07003370 0.00777590
v 0.09354960 0.07000120 0.00780320
v 0.09350910 0.07007130 0.00781600
v 0.09394160 0.06934510 0.00718210
v 0.09317730 0.07066890 0.00718210
v 0.09322670 0.07069740 0.00715860
v 0.09399100 0.06937360 0.00715860
v 0.09326810 0.07062490 0.00948340
v 0.09326810 0.07062490 0.00948340
v 0.09326810 0.07062490 0.00948340
v 0.09326810 0.07062490 0.00948340
v 0.09326810 0.07062490 0.00948340
v 0.09326810 0.07062490 0.00948340
v 0.09310770 0.07064060 0.00969850
v 0.09310770 0.07064060 0.00969850
v 0.09310770 0.07064060 0.00969850
v 0.09299030 0.07043140 0.00931720
v 0.09322360 0.07056590 0.00931720
v 0.09322360 0.07056590 0.00759120
v 0.09299030 0.07043140 0.00759120
v 0.09307940 0.07027680 0.00741290
v 0.09331270 0.07041150 0.00741290
v 0.09319190 0.07008230 0.00729840
v 0.09342480 0.07021680 0.00729840
v 0.09354960 0.07000120 0.00725900
v 0.09331640 0.06986650 0.00725900
v 0.09344080 0.06965090 0.00729840
v 0.09367410 0.06978560 0.00729840
v 0.09392070 0.06948820 0.00760720
v 0.09392070 0.06948820 0.00760720
v 0.09392070 0.06948820 0.00760720
v 0.09392070 0.06948820 0.00760720
v 0.09383480 0.06963740 0.00743490
v 0.09383480 0.06963740 0.00743490
v 0.09383480 0.06963740 0.00743490
v 0.09383480 0.06963740 0.00743490
v 0.09369950 0.06920280 0.00781580
v 0.09393270 0.06933750 0.00781580
v 0.09397610 0.06939230 0.00782430
v 0.09397610 0.06939230 0.00782430
v 0.09397610 0.06939230 0.00782430
v 0.09397610 0.06939230 0.00782430
v 0.09399520 0.06935940 0.00806490
v 0.09399520 0.06935940 0.00806490
v 0.09399520 0.06935940 0.00806490
v 0.09399520 0.06935940 0.00806490
v 0.09335690 0.06979640 0.00781600
v 0.09331640 0.06986650 0.00780320
v 0.09358990 0.06993120 0.00781600
v 0.09321040 0.07004990 0.00821880
v 0.09323930 0.06999970 0.00827670
v 0.09347250 0.07013440 0.00827670
v 0.09344370 0.07018460 0.00821880
v 0.09318560 0.07009340 0.00806490
v 0.09319190 0.07008210 0.00814580
v 0.09342510 0.07021680 0.00814580
v 0.09341860 0.07022790 0.00806490
v 0.09327580 0.06993660 0.00781600
v 0.09323930 0.06999970 0.00785310
v 0.09347250 0.07013440 0.00785310
v 0.09335690 0.06979640 0.00831380
v 0.09339320 0.06973330 0.00827670
v 0.09362640 0.06986800 0.00827670
v 0.09374350 0.06979570 0.00797560
v 0.09375030 0.06978340 0.00806490
v 0.09368040 0.06977460 0.00806490
v 0.09367410 0.06978560 0.00798400
v 0.09374350 0.06979570 0.00815420
v 0.09367410 0.06978560 0.00814580
v 0.09356130 0.07011110 0.00833980
v 0.09352100 0.07018090 0.00829880
v 0.09350910 0.07007130 0.00831380
v 0.09323560 0.07067500 0.00830550
v 0.09323560 0.07067500 0.00830550
v 0.09323560 0.07067500 0.00830550
v 0.09323560 0.07067500 0.00830550
v 0.09329100 0.07057940 0.00852270
v 0.09329100 0.07057940 0.00852270
v 0.09329100 0.07057940 0.00852270
v 0.09329100 0.07057940 0.00852270
v 0.09322360 0.07056590 0.00853860
v 0.09348880 0.07023620 0.00789510
v 0.09352100 0.07018090 0.00783110
v 0.09344370 0.07018460 0.00791110
v 0.09337690 0.07043020 0.00869480
v 0.09337690 0.07043020 0.00869480
v 0.09337690 0.07043020 0.00869480
v 0.09337690 0.07043020 0.00869480
v 0.09348570 0.07024210 0.00880550
v 0.09348570 0.07024210 0.00880550
v 0.09348570 0.07024210 0.00880550
v 0.09348570 0.07024210 0.00880550
v 0.09373350 0.06986650 0.00777770
v 0.09377290 0.06979870 0.00785630
v 0.09372290 0.06983130 0.00789510
v 0.09369090 0.06988670 0.00783110
v 0.09368410 0.06995230 0.00772730
v 0.09365040 0.06995650 0.00779010
v 0.09352480 0.07022790 0.00777770
v 0.09357450 0.07014230 0.00772730
v 0.09348570 0.07029600 0.00785630
v 0.09346050 0.07033950 0.00795520
v 0.09346850 0.07027190 0.00797560
v 0.09383880 0.06968430 0.00921430
v 0.09392830 0.06939030 0.00964990
v 0.09392830 0.06939030 0.00964990
v 0.09392830 0.06939030 0.00964990
v 0.09392830 0.06939030 0.00964990
v 0.09392830 0.06939030 0.00964990
v 0.09392830 0.06939030 0.00964990
v 0.09354710 0.06991370 0.00969100
v 0.09354710 0.06991370 0.00969100
v 0.09354710 0.06991370 0.00969100
v 0.09354710 0.06991370 0.00969100
v 0.09354710 0.06991370 0.00969100
v 0.09354710 0.06991370 0.00969100
v 0.09354710 0.06991370 0.00969100
v 0.09354710 0.06991370 0.00969100
v 0.09354710 0.06991370 0.00969100
v 0.09354710 0.06991370 0.00969100
v 0.09354710 0.06991370 0.00969100
v 0.09373950 0.06985640 0.00911300
v 0.09362930 0.07004720 0.00907810
v 0.09351910 0.07023790 0.00738700
v 0.09362930 0.07004720 0.00735210
v 0.09362930 0.07004720 0.00771000
v 0.09341970 0.07041000 0.00921430
v 0.09338980 0.07017090 0.00971770
v 0.09338980 0.07017090 0.00971770
v 0.09338980 0.07017090 0.00971770
v 0.09329040 0.07063420 0.00828520
v 0.09327270 0.07066440 0.00806490
v 0.09345170 0.07035470 0.00806490
v 0.09346050 0.07033950 0.00817460
v 0.09329040 0.07063420 0.00784470
v 0.09334090 0.07054670 0.00764600
v 0.09383480 0.06963740 0.00916090
v 0.09383480 0.06963740 0.00916090
v 0.09383480 0.06963740 0.00916090
v 0.09383480 0.06963740 0.00916090
v 0.09372600 0.06982550 0.00732440
v 0.09372600 0.06982550 0.00732440
v 0.09372600 0.06982550 0.00732440
v 0.09372600 0.06982550 0.00732440
v 0.09383880 0.06968430 0.00748830
v 0.09373950 0.06985640 0.00738700
v 0.09360590 0.07003370 0.00901220
v 0.09360590 0.07003370 0.00901220
v 0.09360590 0.07003370 0.00901220
v 0.09360590 0.07003370 0.00901220
v 0.09372600 0.06982550 0.00905030
v 0.09372600 0.06982550 0.00905030
v 0.09372600 0.06982550 0.00905030
v 0.09372600 0.06982550 0.00905030
v 0.09348570 0.07024210 0.00905030
v 0.09348570 0.07024210 0.00905030
v 0.09348570 0.07024210 0.00905030
v 0.09348570 0.07024210 0.00905030
v 0.09351910 0.07023790 0.00911300
v 0.09337690 0.07043020 0.00916090
v 0.09337690 0.07043020 0.00916090
v 0.09337690 0.07043020 0.00916090
v 0.09337690 0.07043020 0.00916090
v 0.09397610 0.06939230 0.00830550
v 0.09397610 0.06939230 0.00830550
v 0.09397610 0.06939230 0.00830550
v 0.09397610 0.06939230 0.00830550
v 0.09392070 0.06948820 0.00852270
v 0.09392070 0.06948820 0.00852270
v 0.09392070 0.06948820 0.00852270
v 0.09392070 0.06948820 0.00852270
v 0.09391760 0.06954790 0.00848390
v 0.09396810 0.06946020 0.00828520
v 0.09367410 0.06978560 0.00902440
v 0.09344080 0.06965090 0.00902440
v 0.09355330 0.06945620 0.00913880
v 0.09378630 0.06959090 0.00913880
v 0.09360590 0.07003370 0.00884360
v 0.09360590 0.07003370 0.00884360
v 0.09360590 0.07003370 0.00884360
v 0.09360590 0.07003370 0.00884360
v 0.09372600 0.06982550 0.00880550
v 0.09372600 0.06982550 0.00880550
v 0.09372600 0.06982550 0.00880550
v 0.09372600 0.06982550 0.00880550
v 0.09367410 0.06978560 0.00883150
v 0.09354960 0.07000120 0.00887090
v 0.09321650 0.07070820 0.00806490
v 0.09321650 0.07070820 0.00806490
v 0.09321650 0.07070820 0.00806490
v 0.09321650 0.07070820 0.00806490
v 0.09344710 0.06963990 0.00806490
v 0.09344080 0.06965090 0.00798400
v 0.09378630 0.06959090 0.00871700
v 0.09355330 0.06945620 0.00871700
v 0.09344080 0.06965090 0.00883150
v 0.09339320 0.06973330 0.00785310
v 0.09362640 0.06986800 0.00785310
v 0.09369090 0.06988670 0.00829880
v 0.09365550 0.06981780 0.00791110
v 0.09348570 0.07029600 0.00827350
v 0.09346850 0.07027190 0.00815420
v 0.09348880 0.07023620 0.00823480
v 0.09379800 0.06975490 0.00795520
v 0.09391760 0.06954790 0.00764600
v 0.09396810 0.06946020 0.00784470
v 0.09362930 0.07004720 0.00877770
v 0.09351910 0.07023790 0.00874280
v 0.09357450 0.07014230 0.00840240
v 0.09362930 0.07004720 0.00841990
v 0.09373950 0.06985640 0.00874280
v 0.09368410 0.06995230 0.00840240
v 0.09323560 0.07067500 0.00782430
v 0.09323560 0.07067500 0.00782430
v 0.09323560 0.07067500 0.00782430
v 0.09323560 0.07067500 0.00782430
v 0.09329100 0.07057940 0.00760720
v 0.09329100 0.07057940 0.00760720
v 0.09329100 0.07057940 0.00760720
v 0.09329100 0.07057940 0.00760720
v 0.09398560 0.06942990 0.00806490
v 0.09334090 0.07054670 0.00848390
v 0.09341970 0.07041000 0.00864160
v 0.09350680 0.06982470 0.00802220
v 0.09355190 0.06985080 0.00802220
v 0.09355530 0.06984490 0.00806490
v 0.09351020 0.06981880 0.00806490
v 0.09358870 0.06994170 0.00828360
v 0.09360330 0.06991640 0.00837410
v 0.09355330 0.07000340 0.00839000
v 0.09355330 0.07000340 0.00829480
v 0.09351760 0.07006490 0.00828360
v 0.09350310 0.07009040 0.00837410
v 0.09345770 0.07016890 0.00832790
v 0.09348570 0.07012040 0.00825090
v 0.09341970 0.07041000 0.00748830
v 0.09349390 0.06984680 0.00809930
v 0.09349680 0.06984190 0.00806490
v 0.09350680 0.06982470 0.00810770
v 0.09359560 0.06977530 0.00799390
v 0.09360100 0.06976550 0.00806490
v 0.09355190 0.06985080 0.00810770
v 0.09383880 0.06968430 0.00864160
v 0.09373350 0.06986650 0.00835200
v 0.09348170 0.06986820 0.00795300
v 0.09352680 0.06989430 0.00795300
v 0.09354220 0.06986770 0.00798350
v 0.09349680 0.06984170 0.00798350
v 0.09359560 0.06977530 0.00813600
v 0.09366240 0.06981390 0.00813600
v 0.09364610 0.06984220 0.00820000
v 0.09357900 0.06980360 0.00820000
v 0.09355360 0.06984760 0.00787890
v 0.09362070 0.06988640 0.00787890
v 0.09364610 0.06984220 0.00792980
v 0.09357900 0.06980360 0.00792980
v 0.09362070 0.06988640 0.00825090
v 0.09364870 0.06983800 0.00832790
v 0.09350730 0.06992770 0.00819650
v 0.09352160 0.06990310 0.00828360
v 0.09348620 0.06996460 0.00829480
v 0.09348620 0.06996460 0.00820330
v 0.09342370 0.06996830 0.00817100
v 0.09344080 0.06993850 0.00817630
v 0.09344080 0.06993850 0.00820330
v 0.09341970 0.06997560 0.00819650
v 0.09355360 0.06984760 0.00825090
v 0.09360330 0.06991640 0.00775570
v 0.09358870 0.06994170 0.00784620
v 0.09355330 0.07000340 0.00783490
v 0.09355330 0.07000340 0.00773990
v 0.09345050 0.07002630 0.00828360
v 0.09346480 0.07000170 0.00819650
v 0.09346480 0.07000170 0.00793340
v 0.09341970 0.06997560 0.00793340
v 0.09340030 0.07000910 0.00795300
v 0.09344540 0.07003510 0.00795300
v 0.09338490 0.07003540 0.00798350
v 0.09343030 0.07006140 0.00798350
v 0.09344540 0.07003510 0.00817680
v 0.09341860 0.07008160 0.00825090
v 0.09339320 0.07012580 0.00820000
v 0.09343030 0.07006140 0.00814620
v 0.09337690 0.07015410 0.00799390
v 0.09342030 0.07007860 0.00802220
v 0.09341680 0.07008450 0.00806490
v 0.09337120 0.07016370 0.00806490
v 0.09343830 0.07020250 0.00806490
v 0.09339060 0.07028490 0.00806490
v 0.09339860 0.07027110 0.00796440
v 0.09344370 0.07019270 0.00799390
v 0.09338800 0.07003050 0.00809930
v 0.09339600 0.07001670 0.00813040
v 0.09338490 0.07003540 0.00814620
v 0.09337520 0.07005260 0.00810770
v 0.09340030 0.07000910 0.00817680
v 0.09346030 0.07016440 0.00820000
v 0.09344370 0.07019270 0.00813600
v 0.09337690 0.07015410 0.00813600
v 0.09345050 0.07002630 0.00784620
v 0.09341860 0.07008160 0.00787890
v 0.09346220 0.06990160 0.00819650
v 0.09319190 0.07008210 0.00798400
v 0.09342510 0.07021680 0.00798400
v 0.09366810 0.06980430 0.00806490
v 0.09371580 0.06972170 0.00806490
v 0.09370780 0.06973550 0.00816530
v 0.09345830 0.06990880 0.00817100
v 0.09347370 0.06988170 0.00815510
v 0.09348170 0.06986820 0.00817680
v 0.09342370 0.06996830 0.00795890
v 0.09340830 0.06999530 0.00797480
v 0.09400520 0.06932820 0.00714810
v 0.09401920 0.06932420 0.00710170
v 0.09398180 0.06927560 0.00710170
v 0.09397010 0.06929600 0.00715860
v 0.09397010 0.06929600 0.00715860
v 0.09317730 0.07066890 0.00609780
v 0.09289300 0.07050460 0.00609780
v 0.09365720 0.06918090 0.00609780
v 0.09394160 0.06934510 0.00609780
v 0.09286440 0.07055380 0.00715860
v 0.09286440 0.07055380 0.00715860
v 0.09314910 0.07071830 0.00715860
v 0.09314910 0.07071830 0.00715860
v 0.09289300 0.07050460 0.00718210
v 0.09397010 0.06929600 0.00612140
v 0.09397010 0.06929600 0.00612140
v 0.09368550 0.06913180 0.00612140
v 0.09368550 0.06913180 0.00612140
v 0.09369750 0.06911130 0.00617830
v 0.09398180 0.06927560 0.00617830
v 0.09319450 0.07073230 0.00714810
v 0.09313710 0.07073870 0.00710170
v 0.09319820 0.07074650 0.00710170
v 0.09400520 0.06932820 0.00613180
v 0.09399100 0.06937360 0.00612140
v 0.09368550 0.06913180 0.00715860
v 0.09368550 0.06913180 0.00715860
v 0.09369750 0.06911130 0.00710170
v 0.09401920 0.06932420 0.00617830
v 0.09319450 0.07073230 0.00613180
v 0.09322670 0.07069740 0.00612140
v 0.09324700 0.07070920 0.00617830
v 0.09319820 0.07074650 0.00617830
v 0.09316620 0.07066520 0.00781580
v 0.09293290 0.07053050 0.00781580
v 0.09307940 0.07027680 0.00913880
v 0.09331270 0.07041150 0.00913880
v 0.09342480 0.07021680 0.00902440
v 0.09319190 0.07008230 0.00902440
v 0.09331640 0.06986650 0.00898490
v 0.09354960 0.07000120 0.00898490
v 0.09364240 0.06930190 0.00931720
v 0.09387560 0.06943660 0.00931720
v 0.09346140 0.07028410 0.00806490
v 0.09331640 0.06986650 0.00887090
v 0.09327580 0.06993660 0.00831380
v 0.09331640 0.06986650 0.00832670
v 0.09299030 0.07043140 0.00853860
v 0.09321040 0.07004990 0.00791110
v 0.09342230 0.06968310 0.00791110
v 0.09344080 0.06965090 0.00814580
v 0.09342230 0.06968310 0.00821880
v 0.09365550 0.06981780 0.00821880
v 0.09380650 0.06973990 0.00806490
v 0.09379800 0.06975490 0.00817460
v 0.09347090 0.07028950 0.00980420
v 0.09347090 0.07028950 0.00980420
v 0.09347090 0.07028950 0.00980420
v 0.09347090 0.07028950 0.00980420
v 0.09347090 0.07028950 0.00980420
v 0.09347090 0.07028950 0.00980420
v 0.09347090 0.07028950 0.00980420
v 0.09368460 0.06977560 0.00825600
v 0.09365720 0.06918090 0.00718210
v 0.09337690 0.07043020 0.00743490
v 0.09337690 0.07043020 0.00743490
v 0.09337690 0.07043020 0.00743490
v 0.09337690 0.07043020 0.00743490
v 0.09324700 0.07070920 0.00710170
v 0.09401120 0.06938540 0.00710170
v 0.09401120 0.06938540 0.00617830
v 0.09372290 0.06983130 0.00823480
v 0.09377290 0.06979870 0.00827350
v 0.09368460 0.06977560 0.00787390
v 0.09370780 0.06973550 0.00796440
v 0.09366240 0.06981390 0.00799390
v 0.09339320 0.07012580 0.00792980
v 0.09348570 0.07012040 0.00787890
v 0.09345770 0.07016890 0.00780190
v 0.09350310 0.07009040 0.00775570
v 0.09351760 0.07006490 0.00784620
v 0.09342030 0.07007860 0.00810770
v 0.09346220 0.06990160 0.00793340
v 0.09350730 0.06992770 0.00793340
v 0.09352680 0.06989430 0.00817680
v 0.09344080 0.06993850 0.00792660
v 0.09348620 0.06996460 0.00792660
v 0.09345830 0.06990880 0.00795890
v 0.09344080 0.06993850 0.00795340
v 0.09352160 0.06990310 0.00784620
v 0.09348620 0.06996460 0.00783490
v 0.09354220 0.06986770 0.00814620
v 0.09337520 0.07005260 0.00802220
v 0.09337170 0.07005820 0.00806490
v 0.09346030 0.07016440 0.00792980
v 0.09342170 0.07023110 0.00787390
v 0.09347370 0.06988170 0.00797480
v 0.09342170 0.07023110 0.00825600
v 0.09349390 0.06984680 0.00803040
v 0.09348600 0.06986040 0.00799940
v 0.09339600 0.07001670 0.00799940
v 0.09338800 0.07003050 0.00803040
v 0.09349680 0.06984170 0.00814620
v 0.09313710 0.07073870 0.00617830
v 0.09314910 0.07071830 0.00612140
v 0.09314910 0.07071830 0.00612140
v 0.09286440 0.07055380 0.00612140
v 0.09286440 0.07055380 0.00612140
v 0.09285270 0.07057420 0.00710170
v 0.09348570 0.07024210 0.00732440
v 0.09348570 0.07024210 0.00732440
v 0.09348570 0.07024210 0.00732440
v 0.09348570 0.07024210 0.00732440
v 0.09360590 0.07003370 0.00728620
v 0.09360590 0.07003370 0.00728620
v 0.09360590 0.07003370 0.00728620
v 0.09360590 0.07003370 0.00728620
v 0.09352480 0.07022790 0.00835200
v 0.09338520 0.07003510 0.00806490
v 0.09383480 0.06963740 0.00869480
v 0.09383480 0.06963740 0.00869480
v 0.09383480 0.06963740 0.00869480
v 0.09383480 0.06963740 0.00869480
v 0.09339860 0.07027110 0.00816530
v 0.09364240 0.06930190 0.00853860
v 0.09387560 0.06943660 0.00853860
v 0.09340830 0.06999530 0.00815510
v 0.09285270 0.07057420 0.00617830
v 0.09364870 0.06983800 0.00780190
v 0.09348600 0.06986040 0.00813040
v 0.09371920 0.06916860 0.01135170
v 0.09395240 0.06930330 0.01135170
v 0.09369950 0.06920280 0.01110270
v 0.09393270 0.06933750 0.01110270
v 0.09355330 0.06945620 0.01200370
v 0.09378630 0.06959090 0.01200370
v 0.09364240 0.06930180 0.01182540
v 0.09387560 0.06943660 0.01182540
v 0.09293290 0.07053050 0.01110270
v 0.09316620 0.07066520 0.01110270
v 0.09291330 0.07056460 0.01135170
v 0.09291330 0.07056460 0.01135170
v 0.09314650 0.07069910 0.01135170
v 0.09314650 0.07069910 0.01135170
v 0.09360580 0.07003370 0.01106260
v 0.09365040 0.06995650 0.01107680
v 0.09354960 0.07000120 0.01108990
v 0.09358990 0.06993120 0.01110280
v 0.09319190 0.07008230 0.01058510
v 0.09342480 0.07021680 0.01058510
v 0.09307940 0.07027680 0.01069960
v 0.09331260 0.07041150 0.01069960
v 0.09360580 0.07003370 0.01164070
v 0.09356130 0.07011110 0.01162660
v 0.09354960 0.07000120 0.01161340
v 0.09350910 0.07007130 0.01160070
v 0.09317730 0.07066890 0.01223450
v 0.09394160 0.06934510 0.01223450
v 0.09322670 0.07069740 0.01225800
v 0.09399100 0.06937360 0.01225800
v 0.09325270 0.07062670 0.00996300
v 0.09325270 0.07062670 0.00996300
v 0.09325270 0.07062670 0.00996300
v 0.09325270 0.07062670 0.00996300
v 0.09325270 0.07062670 0.00996300
v 0.09299030 0.07043140 0.01009940
v 0.09322360 0.07056590 0.01009940
v 0.09299030 0.07043140 0.01182540
v 0.09322360 0.07056590 0.01182540
v 0.09307940 0.07027680 0.01200370
v 0.09331260 0.07041150 0.01200370
v 0.09319190 0.07008230 0.01211820
v 0.09342480 0.07021680 0.01211820
v 0.09331640 0.06986650 0.01215760
v 0.09354960 0.07000120 0.01215760
v 0.09344080 0.06965090 0.01211820
v 0.09367410 0.06978560 0.01211820
v 0.09383480 0.06963740 0.01198170
v 0.09383480 0.06963740 0.01198170
v 0.09383480 0.06963740 0.01198170
v 0.09383480 0.06963740 0.01198170
v 0.09392070 0.06948820 0.01180940
v 0.09392070 0.06948820 0.01180940
v 0.09392070 0.06948820 0.01180940
v 0.09392070 0.06948820 0.01180940
v 0.09369950 0.06920280 0.01160080
v 0.09393270 0.06933750 0.01160080
v 0.09397610 0.06939230 0.01159230
v 0.09397610 0.06939230 0.01159230
v 0.09397610 0.06939230 0.01159230
v 0.09397610 0.06939230 0.01159230
v 0.09399520 0.06935940 0.01135170
v 0.09399520 0.06935940 0.01135170
v 0.09399520 0.06935940 0.01135170
v 0.09399520 0.06935940 0.01135170
v 0.09331640 0.06986650 0.01161340
v 0.09335690 0.06979640 0.01160070
v 0.09358990 0.06993120 0.01160070
v 0.09323930 0.06999970 0.01113990
v 0.09321040 0.07004990 0.01119780
v 0.09347250 0.07013440 0.01113990
v 0.09344370 0.07018460 0.01119780
v 0.09319190 0.07008210 0.01127090
v 0.09318560 0.07009340 0.01135170
v 0.09342510 0.07021680 0.01127090
v 0.09341860 0.07022790 0.01135170
v 0.09323930 0.06999970 0.01156350
v 0.09327580 0.06993660 0.01160070
v 0.09347250 0.07013440 0.01156350
v 0.09339320 0.06973330 0.01113990
v 0.09335690 0.06979640 0.01110280
v 0.09362640 0.06986800 0.01113990
v 0.09375030 0.06978340 0.01135170
v 0.09374350 0.06979570 0.01144100
v 0.09368040 0.06977460 0.01135170
v 0.09367410 0.06978560 0.01143260
v 0.09374350 0.06979570 0.01126240
v 0.09367410 0.06978560 0.01127090
v 0.09352100 0.07018090 0.01111780
v 0.09356130 0.07011110 0.01107680
v 0.09350910 0.07007130 0.01110280
v 0.09329100 0.07057940 0.01089390
v 0.09329100 0.07057940 0.01089390
v 0.09329100 0.07057940 0.01089390
v 0.09329100 0.07057940 0.01089390
v 0.09323560 0.07067500 0.01111110
v 0.09323560 0.07067500 0.01111110
v 0.09323560 0.07067500 0.01111110
v 0.09323560 0.07067500 0.01111110
v 0.09322360 0.07056590 0.01087800
v 0.09352100 0.07018090 0.01158550
v 0.09348880 0.07023620 0.01152150
v 0.09344370 0.07018460 0.01150550
v 0.09348570 0.07024210 0.01061110
v 0.09348570 0.07024210 0.01061110
v 0.09348570 0.07024210 0.01061110
v 0.09348570 0.07024210 0.01061110
v 0.09337690 0.07043020 0.01072180
v 0.09337690 0.07043020 0.01072180
v 0.09337690 0.07043020 0.01072180
v 0.09337690 0.07043020 0.01072180
v 0.09377280 0.06979870 0.01156030
v 0.09373350 0.06986650 0.01163890
v 0.09372290 0.06983130 0.01152150
v 0.09369090 0.06988670 0.01158550
v 0.09368410 0.06995230 0.01168930
v 0.09365040 0.06995650 0.01162660
v 0.09357450 0.07014230 0.01168930
v 0.09352480 0.07022790 0.01163890
v 0.09348570 0.07029590 0.01156030
v 0.09346050 0.07033950 0.01146140
v 0.09346850 0.07027190 0.01144100
v 0.09391970 0.06950810 0.01007050
v 0.09391970 0.06950810 0.01007050
v 0.09391970 0.06950810 0.01007050
v 0.09383880 0.06968430 0.01020230
v 0.09373950 0.06985640 0.01030360
v 0.09363770 0.06998880 0.00996450
v 0.09363770 0.06998880 0.00996450
v 0.09363770 0.06998880 0.00996450
v 0.09362930 0.07004720 0.01033850
v 0.09362930 0.07004720 0.01206450
v 0.09351910 0.07023790 0.01202960
v 0.09362930 0.07004720 0.01170660
v 0.09341970 0.07041000 0.01020230
v 0.09327270 0.07066440 0.01135170
v 0.09329040 0.07063420 0.01113140
v 0.09345170 0.07035470 0.01135170
v 0.09346050 0.07033950 0.01124200
v 0.09334090 0.07054670 0.01177060
v 0.09329040 0.07063420 0.01157190
v 0.09383480 0.06963740 0.01025570
v 0.09383480 0.06963740 0.01025570
v 0.09383480 0.06963740 0.01025570
v 0.09383480 0.06963740 0.01025570
v 0.09372600 0.06982540 0.01209220
v 0.09372600 0.06982540 0.01209220
v 0.09372600 0.06982540 0.01209220
v 0.09372600 0.06982540 0.01209220
v 0.09383880 0.06968430 0.01192830
v 0.09373950 0.06985640 0.01202960
v 0.09372600 0.06982540 0.01036630
v 0.09372600 0.06982540 0.01036630
v 0.09372600 0.06982540 0.01036630
v 0.09372600 0.06982540 0.01036630
v 0.09360580 0.07003370 0.01040440
v 0.09360580 0.07003370 0.01040440
v 0.09360580 0.07003370 0.01040440
v 0.09360580 0.07003370 0.01040440
v 0.09348570 0.07024210 0.01036630
v 0.09348570 0.07024210 0.01036630
v 0.09348570 0.07024210 0.01036630
v 0.09348570 0.07024210 0.01036630
v 0.09351910 0.07023790 0.01030360
v 0.09337690 0.07043020 0.01025570
v 0.09337690 0.07043020 0.01025570
v 0.09337690 0.07043020 0.01025570
v 0.09337690 0.07043020 0.01025570
v 0.09392070 0.06948820 0.01089390
v 0.09392070 0.06948820 0.01089390
v 0.09392070 0.06948820 0.01089390
v 0.09392070 0.06948820 0.01089390
v 0.09397610 0.06939230 0.01111110
v 0.09397610 0.06939230 0.01111110
v 0.09397610 0.06939230 0.01111110
v 0.09397610 0.06939230 0.01111110
v 0.09391760 0.06954790 0.01093270
v 0.09396810 0.06946020 0.01113140
v 0.09344080 0.06965090 0.01039220
v 0.09367410 0.06978560 0.01039220
v 0.09355330 0.06945620 0.01027780
v 0.09378630 0.06959090 0.01027780
v 0.09372600 0.06982540 0.01061110
v 0.09372600 0.06982540 0.01061110
v 0.09372600 0.06982540 0.01061110
v 0.09372600 0.06982540 0.01061110
v 0.09360580 0.07003370 0.01057300
v 0.09360580 0.07003370 0.01057300
v 0.09360580 0.07003370 0.01057300
v 0.09360580 0.07003370 0.01057300
v 0.09367410 0.06978560 0.01058510
v 0.09354960 0.07000120 0.01054570
v 0.09321650 0.07070820 0.01135170
v 0.09321650 0.07070820 0.01135170
v 0.09321650 0.07070820 0.01135170
v 0.09321650 0.07070820 0.01135170
v 0.09344080 0.06965090 0.01143260
v 0.09344710 0.06963990 0.01135170
v 0.09355330 0.06945620 0.01069960
v 0.09378630 0.06959090 0.01069960
v 0.09344080 0.06965090 0.01058510
v 0.09339320 0.06973330 0.01156350
v 0.09362640 0.06986800 0.01156350
v 0.09369090 0.06988670 0.01111780
v 0.09365550 0.06981780 0.01150550
v 0.09348570 0.07029590 0.01114310
v 0.09346850 0.07027190 0.01126240
v 0.09348880 0.07023620 0.01118180
v 0.09379800 0.06975490 0.01146140
v 0.09396810 0.06946020 0.01157190
v 0.09391760 0.06954790 0.01177060
v 0.09351910 0.07023790 0.01067380
v 0.09362930 0.07004720 0.01063890
v 0.09357450 0.07014230 0.01101420
v 0.09362930 0.07004720 0.01099670
v 0.09373950 0.06985640 0.01067380
v 0.09368410 0.06995230 0.01101420
v 0.09329100 0.07057940 0.01180940
v 0.09329100 0.07057940 0.01180940
v 0.09329100 0.07057940 0.01180940
v 0.09329100 0.07057940 0.01180940
v 0.09323560 0.07067500 0.01159230
v 0.09323560 0.07067500 0.01159230
v 0.09323560 0.07067500 0.01159230
v 0.09323560 0.07067500 0.01159230
v 0.09398550 0.06942990 0.01135170
v 0.09334090 0.07054670 0.01093270
v 0.09341970 0.07041000 0.01077500
v 0.09355190 0.06985080 0.01139440
v 0.09350680 0.06982470 0.01139440
v 0.09355530 0.06984490 0.01135170
v 0.09351020 0.06981880 0.01135170
v 0.09360330 0.06991640 0.01104260
v 0.09358870 0.06994170 0.01113300
v 0.09355330 0.07000340 0.01102660
v 0.09355330 0.07000340 0.01112180
v 0.09350310 0.07009040 0.01104260
v 0.09351760 0.07006490 0.01113300
v 0.09345770 0.07016890 0.01108870
v 0.09348570 0.07012040 0.01116570
v 0.09341970 0.07041000 0.01192830
v 0.09349680 0.06984190 0.01135170
v 0.09349390 0.06984680 0.01131730
v 0.09350680 0.06982470 0.01130890
v 0.09359560 0.06977530 0.01142270
v 0.09360100 0.06976550 0.01135170
v 0.09355190 0.06985080 0.01130890
v 0.09383880 0.06968430 0.01077500
v 0.09373350 0.06986650 0.01106460
v 0.09352680 0.06989430 0.01146360
v 0.09348170 0.06986820 0.01146360
v 0.09354220 0.06986770 0.01143310
v 0.09349680 0.06984170 0.01143310
v 0.09366240 0.06981390 0.01128060
v 0.09359560 0.06977530 0.01128060
v 0.09364610 0.06984220 0.01121660
v 0.09357900 0.06980360 0.01121660
v 0.09362070 0.06988640 0.01153770
v 0.09355360 0.06984760 0.01153770
v 0.09364610 0.06984220 0.01148690
v 0.09357900 0.06980360 0.01148690
v 0.09364870 0.06983800 0.01108870
v 0.09362070 0.06988640 0.01116570
v 0.09352160 0.06990310 0.01113300
v 0.09350730 0.06992770 0.01122010
v 0.09348620 0.06996460 0.01112180
v 0.09348620 0.06996460 0.01121330
v 0.09344080 0.06993850 0.01124030
v 0.09342370 0.06996830 0.01124570
v 0.09344080 0.06993850 0.01121330
v 0.09341970 0.06997560 0.01122010
v 0.09355360 0.06984760 0.01116570
v 0.09358870 0.06994170 0.01157040
v 0.09360330 0.06991640 0.01166090
v 0.09355330 0.07000340 0.01158170
v 0.09355330 0.07000340 0.01167670
v 0.09345050 0.07002630 0.01113300
v 0.09346480 0.07000170 0.01122010
v 0.09341970 0.06997560 0.01148320
v 0.09346480 0.07000170 0.01148320
v 0.09340030 0.07000910 0.01146360
v 0.09344540 0.07003510 0.01146360
v 0.09338490 0.07003540 0.01143310
v 0.09343030 0.07006140 0.01143310
v 0.09341860 0.07008160 0.01116570
v 0.09344540 0.07003510 0.01123980
v 0.09339320 0.07012580 0.01121660
v 0.09343030 0.07006140 0.01127040
v 0.09342030 0.07007860 0.01139440
v 0.09337690 0.07015410 0.01142270
v 0.09341680 0.07008450 0.01135170
v 0.09337120 0.07016370 0.01135170
v 0.09339060 0.07028490 0.01135170
v 0.09343830 0.07020250 0.01135170
v 0.09339860 0.07027110 0.01145220
v 0.09344370 0.07019270 0.01142270
v 0.09339600 0.07001670 0.01128620
v 0.09338800 0.07003050 0.01131730
v 0.09338490 0.07003540 0.01127040
v 0.09337520 0.07005260 0.01130890
v 0.09340030 0.07000910 0.01123980
v 0.09346030 0.07016440 0.01121660
v 0.09344370 0.07019270 0.01128060
v 0.09337690 0.07015410 0.01128060
v 0.09345050 0.07002630 0.01157040
v 0.09341860 0.07008160 0.01153770
v 0.09346220 0.06990160 0.01122010
v 0.09319190 0.07008210 0.01143260
v 0.09342510 0.07021680 0.01143260
v 0.09371580 0.06972170 0.01135170
v 0.09366810 0.06980430 0.01135170
v 0.09370780 0.06973550 0.01125130
v 0.09347360 0.06988170 0.01126150
v 0.09345830 0.06990880 0.01124570
v 0.09348170 0.06986820 0.01123980
v 0.09340830 0.06999530 0.01144180
v 0.09342370 0.06996830 0.01145770
v 0.09401920 0.06932420 0.01231490
v 0.09400520 0.06932820 0.01226850
v 0.09398180 0.06927560 0.01231490
v 0.09397010 0.06929600 0.01225800
v 0.09397010 0.06929600 0.01225800
v 0.09289300 0.07050460 0.01331880
v 0.09317730 0.07066890 0.01331880
v 0.09365720 0.06918090 0.01331880
v 0.09394160 0.06934510 0.01331880
v 0.09314910 0.07071830 0.01225800
v 0.09314910 0.07071830 0.01225800
v 0.09286440 0.07055380 0.01225800
v 0.09286440 0.07055380 0.01225800
v 0.09289300 0.07050460 0.01223450
v 0.09368550 0.06913180 0.01329520
v 0.09368550 0.06913180 0.01329520
v 0.09397010 0.06929600 0.01329520
v 0.09397010 0.06929600 0.01329520
v 0.09369750 0.06911130 0.01323830
v 0.09398180 0.06927560 0.01323830
v 0.09319450 0.07073230 0.01226850
v 0.09313710 0.07073870 0.01231490
v 0.09319820 0.07074650 0.01231490
v 0.09399100 0.06937360 0.01329520
v 0.09400520 0.06932820 0.01328480
v 0.09368550 0.06913180 0.01225800
v 0.09368550 0.06913180 0.01225800
v 0.09369750 0.06911130 0.01231490
v 0.09401920 0.06932420 0.01323830
v 0.09322670 0.07069740 0.01329520
v 0.09319450 0.07073230 0.01328480
v 0.09324700 0.07070920 0.01323830
v 0.09319820 0.07074650 0.01323830
v 0.09316620 0.07066520 0.01160080
v 0.09293290 0.07053050 0.01160080
v 0.09307940 0.07027680 0.01027780
v 0.09331260 0.07041150 0.01027780
v 0.09319190 0.07008230 0.01039220
v 0.09342480 0.07021680 0.01039220
v 0.09331640 0.06986650 0.01043170
v 0.09354960 0.07000120 0.01043170
v 0.09364240 0.06930180 0.01009940
v 0.09387560 0.06943660 0.01009940
v 0.09369950 0.06920280 0.00987480
v 0.09346140 0.07028410 0.01135170
v 0.09331640 0.06986650 0.01054570
v 0.09331640 0.06986650 0.01108990
v 0.09327580 0.06993660 0.01110280
v 0.09299030 0.07043140 0.01087800
v 0.09321040 0.07004990 0.01150550
v 0.09342230 0.06968310 0.01150550
v 0.09344080 0.06965090 0.01127090
v 0.09342230 0.06968310 0.01119780
v 0.09365550 0.06981780 0.01119780
v 0.09379800 0.06975490 0.01124200
v 0.09380650 0.06973990 0.01135170
v 0.09368460 0.06977550 0.01116060
v 0.09365720 0.06918090 0.01223450
v 0.09337690 0.07043020 0.01198170
v 0.09337690 0.07043020 0.01198170
v 0.09337690 0.07043020 0.01198170
v 0.09337690 0.07043020 0.01198170
v 0.09324700 0.07070920 0.01231490
v 0.09401120 0.06938540 0.01231490
v 0.09401120 0.06938540 0.01323830
v 0.09372290 0.06983130 0.01118180
v 0.09377280 0.06979870 0.01114310
v 0.09368460 0.06977550 0.01154280
v 0.09370780 0.06973550 0.01145220
v 0.09366240 0.06981390 0.01142270
v 0.09339320 0.07012580 0.01148690
v 0.09345770 0.07016890 0.01161470
v 0.09348570 0.07012040 0.01153770
v 0.09350310 0.07009040 0.01166090
v 0.09351760 0.07006490 0.01157040
v 0.09342030 0.07007860 0.01130890
v 0.09350730 0.06992770 0.01148320
v 0.09346220 0.06990160 0.01148320
v 0.09352680 0.06989430 0.01123980
v 0.09348620 0.06996460 0.01149000
v 0.09344080 0.06993850 0.01149000
v 0.09344080 0.06993850 0.01146320
v 0.09345830 0.06990880 0.01145770
v 0.09352160 0.06990310 0.01157040
v 0.09348620 0.06996460 0.01158170
v 0.09354220 0.06986770 0.01127040
v 0.09337520 0.07005260 0.01139440
v 0.09337170 0.07005820 0.01135170
v 0.09342170 0.07023110 0.01154280
v 0.09346030 0.07016440 0.01148690
v 0.09347360 0.06988170 0.01144180
v 0.09342170 0.07023110 0.01116060
v 0.09348600 0.06986040 0.01141720
v 0.09349390 0.06984680 0.01138620
v 0.09338800 0.07003050 0.01138620
v 0.09339600 0.07001670 0.01141720
v 0.09349680 0.06984170 0.01127040
v 0.09313710 0.07073870 0.01323830
v 0.09314910 0.07071830 0.01329520
v 0.09314910 0.07071830 0.01329520
v 0.09286440 0.07055380 0.01329520
v 0.09286440 0.07055380 0.01329520
v 0.09285270 0.07057420 0.01231490
v 0.09348570 0.07024210 0.01209220
v 0.09348570 0.07024210 0.01209220
v 0.09348570 0.07024210 0.01209220
v 0.09348570 0.07024210 0.01209220
v 0.09360580 0.07003370 0.01213040
v 0.09360580 0.07003370 0.01213040
v 0.09360580 0.07003370 0.01213040
v 0.09360580 0.07003370 0.01213040
v 0.09352480 0.07022790 0.01106460
v 0.09338520 0.07003510 0.01135170
v 0.09383480 0.06963740 0.01072180
v 0.09383480 0.06963740 0.01072180
v 0.09383480 0.06963740 0.01072180
v 0.09383480 0.06963740 0.01072180
v 0.09339860 0.07027110 0.01125130
v 0.09364240 0.06930180 0.01087800
v 0.09387560 0.06943660 0.01087800
v 0.09340830 0.06999530 0.01126150
v 0.09285270 0.07057420 0.01323830
v 0.09364870 0.06983800 0.01161470
v 0.09348600 0.06986040 0.01128620
v 0.09395240 0.06930350 0.00806490
v 0.09371920 0.06916870 0.00806490
v 0.09369950 0.06920290 0.00831390
v 0.09393270 0.06933760 0.00831390
v 0.09378630 0.06959110 0.00741290
v 0.09355330 0.06945640 0.00741290
v 0.09364240 0.06930200 0.00759120
v 0.09387560 0.06943670 0.00759120
v 0.09316620 0.07066530 0.00831390
v 0.09293290 0.07053060 0.00831390
v 0.09291330 0.07056470 0.00806490
v 0.09291330 0.07056470 0.00806490
v 0.09314650 0.07069920 0.00806490
v 0.09314650 0.07069920 0.00806490
v 0.09365040 0.06995660 0.00833980
v 0.09360590 0.07003380 0.00835400
v 0.09354960 0.07000130 0.00832670
v 0.09358990 0.06993130 0.00831380
v 0.09342480 0.07021690 0.00883150
v 0.09319190 0.07008250 0.00883150
v 0.09307940 0.07027690 0.00871700
v 0.09331270 0.07041160 0.00871700
v 0.09356130 0.07011120 0.00779010
v 0.09360590 0.07003380 0.00777590
v 0.09354960 0.07000130 0.00780320
v 0.09350910 0.07007140 0.00781600
v 0.09394160 0.06934530 0.00718210
v 0.09317730 0.07066900 0.00718210
v 0.09322670 0.07069750 0.00715860
v 0.09399100 0.06937380 0.00715860
v 0.09326810 0.07062500 0.00948340
v 0.09326810 0.07062500 0.00948340
v 0.09326810 0.07062500 0.00948340
v 0.09326810 0.07062500 0.00948340
v 0.09326810 0.07062500 0.00948340
v 0.09326810 0.07062500 0.00948340
v 0.09310770 0.07064070 0.00969850
v 0.09310770 0.07064070 0.00969850
v 0.09310770 0.07064070 0.00969850
v 0.09299030 0.07043150 0.00931720
v 0.09322360 0.07056600 0.00931720
v 0.09322360 0.07056600 0.00759120
v 0.09299030 0.07043150 0.00759120
v 0.09307940 0.07027690 0.00741290
v 0.09331270 0.07041160 0.00741290
v 0.09319190 0.07008250 0.00729840
v 0.09342480 0.07021690 0.00729840
v 0.09354960 0.07000130 0.00725900
v 0.09331640 0.06986660 0.00725900
v 0.09344080 0.06965100 0.00729840
v 0.09367410 0.06978580 0.00729840
v 0.09392070 0.06948830 0.00760720
v 0.09392070 0.06948830 0.00760720
v 0.09392070 0.06948830 0.00760720
v 0.09392070 0.06948830 0.00760720
v 0.09383480 0.06963750 0.00743490
v 0.09383480 0.06963750 0.00743490
v 0.09383480 0.06963750 0.00743490
v 0.09383480 0.06963750 0.00743490
v 0.09369950 0.06920290 0.00781580
v 0.09393270 0.06933760 0.00781580
v 0.09397610 0.06939240 0.00782430
v 0.09397610 0.06939240 0.00782430
v 0.09397610 0.06939240 0.00782430
v 0.09397610 0.06939240 0.00782430
v 0.09399520 0.06935950 0.00806490
v 0.09399520 0.06935950 0.00806490
v 0.09399520 0.06935950 0.00806490
v 0.09399520 0.06935950 0.00806490
v 0.09335690 0.06979660 0.00781600
v 0.09331640 0.06986660 0.00780320
v 0.09358990 0.06993130 0.00781600
v 0.09321040 0.07005000 0.00821880
v 0.09323930 0.06999990 0.00827670
v 0.09347250 0.07013460 0.00827670
v 0.09344370 0.07018470 0.00821880
v 0.09318560 0.07009350 0.00806490
v 0.09319190 0.07008220 0.00814580
v 0.09342510 0.07021690 0.00814580
v 0.09341860 0.07022800 0.00806490
v 0.09327580 0.06993670 0.00781600
v 0.09323930 0.06999990 0.00785310
v 0.09347250 0.07013460 0.00785310
v 0.09335690 0.06979660 0.00831380
v 0.09339320 0.06973340 0.00827670
v 0.09362640 0.06986810 0.00827670
v 0.09374350 0.06979580 0.00797560
v 0.09375030 0.06978350 0.00806490
v 0.09368040 0.06977470 0.00806490
v 0.09367410 0.06978580 0.00798400
v 0.09374350 0.06979580 0.00815420
v 0.09367410 0.06978580 0.00814580
v 0.09356130 0.07011120 0.00833980
v 0.09352100 0.07018100 0.00829880
v 0.09350910 0.07007140 0.00831380
v 0.09323560 0.07067510 0.00830550
v 0.09323560 0.07067510 0.00830550
v 0.09323560 0.07067510 0.00830550
v 0.09323560 0.07067510 0.00830550
v 0.09329100 0.07057950 0.00852270
v 0.09329100 0.07057950 0.00852270
v 0.09329100 0.07057950 0.00852270
v 0.09329100 0.07057950 0.00852270
v 0.09322360 0.07056600 0.00853860
v 0.09348880 0.07023630 0.00789510
v 0.09352100 0.07018100 0.00783110
v 0.09344370 0.07018470 0.00791110
v 0.09337690 0.07043030 0.00869480
v 0.09337690 0.07043030 0.00869480
v 0.09337690 0.07043030 0.00869480
v 0.09337690 0.07043030 0.00869480
v 0.09348570 0.07024220 0.00880550
v 0.09348570 0.07024220 0.00880550
v 0.09348570 0.07024220 0.00880550
v 0.09348570 0.07024220 0.00880550
v 0.09373350 0.06986660 0.00777780
v 0.09377290 0.06979880 0.00785630
v 0.09372290 0.06983150 0.00789510
v 0.09369090 0.06988680 0.00783110
v 0.09368410 0.06995240 0.00772730
v 0.09365040 0.06995660 0.00779010
v 0.09352480 0.07022800 0.00777780
v 0.09357450 0.07014240 0.00772730
v 0.09348570 0.07029610 0.00785630
v 0.09346050 0.07033960 0.00795520
v 0.09346850 0.07027200 0.00797560
v 0.09383880 0.06968450 0.00921430
v 0.09392830 0.06939050 0.00964990
v 0.09392830 0.06939050 0.00964990
v 0.09392830 0.06939050 0.00964990
v 0.09392830 0.06939050 0.00964990
v 0.09392830 0.06939050 0.00964990
v 0.09392830 0.06939050 0.00964990
v 0.09354710 0.06991380 0.00969100
v 0.09354710 0.06991380 0.00969100
v 0.09354710 0.06991380 0.00969100
v 0.09354710 0.06991380 0.00969100
v 0.09354710 0.06991380 0.00969100
v 0.09354710 0.06991380 0.00969100
v 0.09354710 0.06991380 0.00969100
v 0.09354710 0.06991380 0.00969100
v 0.09354710 0.06991380 0.00969100
v 0.09354710 0.06991380 0.00969100
v 0.09354710 0.06991380 0.00969100
v 0.09373950 0.06985660 0.00911300
v 0.09362930 0.07004730 0.00907810
v 0.09351910 0.07023810 0.00738700
v 0.09362930 0.07004730 0.00735210
v 0.09362930 0.07004730 0.00771000
v 0.09341970 0.07041010 0.00921430
v 0.09338980 0.07017110 0.00971770
v 0.09338980 0.07017110 0.00971770
v 0.09338980 0.07017110 0.00971770
v 0.09329040 0.07063430 0.00828520
v 0.09327270 0.07066460 0.00806490
v 0.09345170 0.07035480 0.00806490
v 0.09346050 0.07033960 0.00817460
v 0.09329040 0.07063430 0.00784470
v 0.09334090 0.07054680 0.00764600
v 0.09383480 0.06963750 0.00916090
v 0.09383480 0.06963750 0.00916090
v 0.09383480 0.06963750 0.00916090
v 0.09383480 0.06963750 0.00916090
v 0.09372600 0.06982560 0.00732440
v 0.09372600 0.06982560 0.00732440
v 0.09372600 0.06982560 0.00732440
v 0.09372600 0.06982560 0.00732440
v 0.09383880 0.06968450 0.00748830
v 0.09373950 0.06985660 0.00738700
v 0.09360590 0.07003380 0.00901220
v 0.09360590 0.07003380 0.00901220
v 0.09360590 0.07003380 0.00901220
v 0.09360590 0.07003380 0.00901220
v 0.09372600 0.06982560 0.00905030
v 0.09372600 0.06982560 0.00905030
v 0.09372600 0.06982560 0.00905030
v 0.09372600 0.06982560 0.00905030
v 0.09348570 0.07024220 0.00905030
v 0.09348570 0.07024220 0.00905030
v 0.09348570 0.07024220 0.00905030
v 0.09348570 0.07024220 0.00905030
v 0.09351910 0.07023810 0.00911300
v 0.09337690 0.07043030 0.00916090
v 0.09337690 0.07043030 0.00916090
v 0.09337690 0.07043030 0.00916090
v 0.09337690 0.07043030 0.00916090
v 0.09397610 0.06939240 0.00830550
v 0.09397610 0.06939240 0.00830550
v 0.09397610 0.06939240 0.00830550
v 0.09397610 0.06939240 0.00830550
v 0.09392070 0.06948830 0.00852270
v 0.09392070 0.06948830 0.00852270
v 0.09392070 0.06948830 0.00852270
v 0.09392070 0.06948830 0.00852270
v 0.09391760 0.06954800 0.00848390
v 0.09396810 0.06946030 0.00828520
v 0.09367410 0.06978580 0.00902440
v 0.09344080 0.06965100 0.00902440
v 0.09355330 0.06945640 0.00913880
v 0.09378630 0.06959110 0.00913880
v 0.09360590 0.07003380 0.00884360
v 0.09360590 0.07003380 0.00884360
v 0.09360590 0.07003380 0.00884360
v 0.09360590 0.07003380 0.00884360
v 0.09372600 0.06982560 0.00880550
v 0.09372600 0.06982560 0.00880550
v 0.09372600 0.06982560 0.00880550
v 0.09372600 0.06982560 0.00880550
v 0.09367410 0.06978580 0.00883150
v 0.09354960 0.07000130 0.00887090
v 0.09321650 0.07070830 0.00806490
v 0.09321650 0.07070830 0.00806490
v 0.09321650 0.07070830 0.00806490
v 0.09321650 0.07070830 0.00806490
v 0.09344710 0.06964000 0.00806490
v 0.09344080 0.06965100 0.00798400
v 0.09378630 0.06959110 0.00871700
v 0.09355330 0.06945640 0.00871700
v 0.09344080 0.06965100 0.00883150
v 0.09339320 0.06973340 0.00785310
v 0.09362640 0.06986810 0.00785310
v 0.09369090 0.06988680 0.00829880
v 0.09365550 0.06981800 0.00791110
v 0.09348570 0.07029610 0.00827350
v 0.09346850 0.07027200 0.00815420
v 0.09348880 0.07023630 0.00823480
v 0.09379800 0.06975500 0.00795520
v 0.09391760 0.06954800 0.00764600
v 0.09396810 0.06946030 0.00784470
v 0.09362930 0.07004730 0.00877770
v 0.09351910 0.07023810 0.00874280
v 0.09357450 0.07014240 0.00840240
v 0.09362930 0.07004730 0.00841990
v 0.09373950 0.06985660 0.00874280
v 0.09368410 0.06995240 0.00840240
v 0.09323560 0.07067510 0.00782430
v 0.09323560 0.07067510 0.00782430
v 0.09323560 0.07067510 0.00782430
v 0.09323560 0.07067510 0.00782430
v 0.09329100 0.07057950 0.00760720
v 0.09329100 0.07057950 0.00760720
v 0.09329100 0.07057950 0.00760720
v 0.09329100 0.07057950 0.00760720
v 0.09398560 0.06943010 0.00806490
v 0.09334090 0.07054680 0.00848390
v 0.09341970 0.07041010 0.00864160
v 0.09350680 0.06982480 0.00802220
v 0.09355190 0.06985090 0.00802220
v 0.09355530 0.06984500 0.00806490
v 0.09351020 0.06981890 0.00806490
v 0.09358870 0.06994180 0.00828360
v 0.09360330 0.06991650 0.00837410
v 0.09355330 0.07000350 0.00839000
v 0.09355330 0.07000350 0.00829480
v 0.09351760 0.07006500 0.00828360
v 0.09350310 0.07009060 0.00837410
v 0.09345770 0.07016900 0.00832790
v 0.09348570 0.07012060 0.00825090
v 0.09341970 0.07041010 0.00748830
v 0.09349390 0.06984700 0.00809940
v 0.09349680 0.06984200 0.00806490
v 0.09350680 0.06982480 0.00810770
v 0.09359560 0.06977540 0.00799390
v 0.09360100 0.06976560 0.00806490
v 0.09355190 0.06985090 0.00810770
v 0.09383880 0.06968450 0.00864160
v 0.09373350 0.06986660 0.00835200
v 0.09348170 0.06986830 0.00795300
v 0.09352680 0.06989440 0.00795300
v 0.09354220 0.06986790 0.00798360
v 0.09349680 0.06984180 0.00798360
v 0.09359560 0.06977540 0.00813600
v 0.09366240 0.06981400 0.00813600
v 0.09364610 0.06984230 0.00820000
v 0.09357900 0.06980370 0.00820000
v 0.09355360 0.06984770 0.00787890
v 0.09362070 0.06988650 0.00787890
v 0.09364610 0.06984230 0.00792980
v 0.09357900 0.06980370 0.00792980
v 0.09362070 0.06988650 0.00825090
v 0.09364870 0.06983810 0.00832790
v 0.09350730 0.06992780 0.00819650
v 0.09352160 0.06990330 0.00828360
v 0.09348620 0.06996470 0.00829480
v 0.09348620 0.06996470 0.00820330
v 0.09342370 0.06996840 0.00817100
v 0.09344080 0.06993860 0.00817630
v 0.09344080 0.06993860 0.00820330
v 0.09341970 0.06997580 0.00819650
v 0.09355360 0.06984770 0.00825090
v 0.09360330 0.06991650 0.00775570
v 0.09358870 0.06994180 0.00784620
v 0.09355330 0.07000350 0.00783490
v 0.09355330 0.07000350 0.00773990
v 0.09345050 0.07002640 0.00828360
v 0.09346480 0.07000180 0.00819650
v 0.09346480 0.07000180 0.00793340
v 0.09341970 0.06997580 0.00793340
v 0.09340030 0.07000920 0.00795300
v 0.09344540 0.07003530 0.00795300
v 0.09338490 0.07003550 0.00798360
v 0.09343030 0.07006160 0.00798360
v 0.09344540 0.07003530 0.00817680
v 0.09341860 0.07008170 0.00825090
v 0.09339320 0.07012600 0.00820000
v 0.09343030 0.07006160 0.00814620
v 0.09337690 0.07015420 0.00799390
v 0.09342030 0.07007880 0.00802220
v 0.09341680 0.07008470 0.00806490
v 0.09337120 0.07016380 0.00806490
v 0.09343830 0.07020270 0.00806490
v 0.09339060 0.07028500 0.00806490
v 0.09339860 0.07027120 0.00796440
v 0.09344370 0.07019280 0.00799390
v 0.09338800 0.07003060 0.00809940
v 0.09339600 0.07001680 0.00813040
v 0.09338490 0.07003550 0.00814620
v 0.09337520 0.07005270 0.00810770
v 0.09340030 0.07000920 0.00817680
v 0.09346030 0.07016460 0.00820000
v 0.09344370 0.07019280 0.00813600
v 0.09337690 0.07015420 0.00813600
v 0.09345050 0.07002640 0.00784620
v 0.09341860 0.07008170 0.00787890
v 0.09346220 0.06990180 0.00819650
v 0.09319190 0.07008220 0.00798400
v 0.09342510 0.07021690 0.00798400
v 0.09366810 0.06980440 0.00806490
v 0.09371580 0.06972180 0.00806490
v 0.09370780 0.06973560 0.00816530
v 0.09345830 0.06990890 0.00817100
v 0.09347370 0.06988190 0.00815510
v 0.09348170 0.06986830 0.00817680
v 0.09342370 0.06996840 0.00795890
v 0.09340830 0.06999540 0.00797480
v 0.09400520 0.06932830 0.00714820
v 0.09401920 0.06932440 0.00710170
v 0.09398180 0.06927570 0.00710170
v 0.09397010 0.06929610 0.00715860
v 0.09397010 0.06929610 0.00715860
v 0.09317730 0.07066900 0.00609780
v 0.09289300 0.07050480 0.00609780
v 0.09365720 0.06918100 0.00609780
v 0.09394160 0.06934530 0.00609780
v 0.09286440 0.07055390 0.00715860
v 0.09286440 0.07055390 0.00715860
v 0.09314910 0.07071840 0.00715860
v 0.09314910 0.07071840 0.00715860
v 0.09289300 0.07050480 0.00718210
v 0.09397010 0.06929610 0.00612140
v 0.09397010 0.06929610 0.00612140
v 0.09368550 0.06913190 0.00612140
v 0.09368550 0.06913190 0.00612140
v 0.09369750 0.06911150 0.00617830
v 0.09398180 0.06927570 0.00617830
v 0.09319450 0.07073240 0.00714820
v 0.09313710 0.07073880 0.00710170
v 0.09319820 0.07074670 0.00710170
v 0.09400520 0.06932830 0.00613180
v 0.09399100 0.06937380 0.00612140
v 0.09368550 0.06913190 0.00715860
v 0.09368550 0.06913190 0.00715860
v 0.09369750 0.06911150 0.00710170
v 0.09401920 0.06932440 0.00617830
v 0.09319450 0.07073240 0.00613180
v 0.09322670 0.07069750 0.00612140
v 0.09324700 0.07070930 0.00617830
v 0.09319820 0.07074670 0.00617830
v 0.09316620 0.07066530 0.00781580
v 0.09293290 0.07053060 0.00781580
v 0.09307940 0.07027690 0.00913880
v 0.09331270 0.07041160 0.00913880
v 0.09342480 0.07021690 0.00902440
v 0.09319190 0.07008250 0.00902440
v 0.09331640 0.06986660 0.00898490
v 0.09354960 0.07000130 0.00898490
v 0.09364240 0.06930200 0.00931720
v 0.09387560 0.06943670 0.00931720
v 0.09346140 0.07028430 0.00806490
v 0.09331640 0.06986660 0.00887090
v 0.09327580 0.06993670 0.00831380
v 0.09331640 0.06986660 0.00832670
v 0.09299030 0.07043150 0.00853860
v 0.09321040 0.07005000 0.00791110
v 0.09342230 0.06968330 0.00791110
v 0.09344080 0.06965100 0.00814580
v 0.09342230 0.06968330 0.00821880
v 0.09365550 0.06981800 0.00821880
v 0.09380650 0.06974000 0.00806490
v 0.09379800 0.06975500 0.00817460
v 0.09347090 0.07028960 0.00980420
v 0.09347090 0.07028960 0.00980420
v 0.09347090 0.07028960 0.00980420
v 0.09347090 0.07028960 0.00980420
v 0.09347090 0.07028960 0.00980420
v 0.09347090 0.07028960 0.00980420
v 0.09347090 0.07028960 0.00980420
v 0.09368460 0.06977570 0.00825600
v 0.09365720 0.06918100 0.00718210
v 0.09337690 0.07043030 0.00743490
v 0.09337690 0.07043030 0.00743490
v 0.09337690 0.07043030 0.00743490
v 0.09337690 0.07043030 0.00743490
v 0.09324700 0.07070930 0.00710170
v 0.09401120 0.06938560 0.00710170
v 0.09401120 0.06938560 0.00617830
v 0.09372290 0.06983150 0.00823480
v 0.09377290 0.06979880 0.00827350
v 0.09368460 0.06977570 0.00787390
v 0.09370780 0.06973560 0.00796440
v 0.09366240 0.06981400 0.00799390
v 0.09339320 0.07012600 0.00792980
v 0.09348570 0.07012060 0.00787890
v 0.09345770 0.07016900 0.00780190
v 0.09350310 0.07009060 0.00775570
v 0.09351760 0.07006500 0.00784620
v 0.09342030 0.07007880 0.00810770
v 0.09346220 0.06990180 0.00793340
v 0.09350730 0.06992780 0.00793340
v 0.09352680 0.06989440 0.00817680
v 0.09344080 0.06993860 0.00792660
v 0.09348620 0.06996470 0.00792660
v 0.09345830 0.06990890 0.00795890
v 0.09344080 0.06993860 0.00795340
v 0.09352160 0.06990330 0.00784620
v 0.09348620 0.06996470 0.00783490
v 0.09354220 0.06986790 0.00814620
v 0.09337520 0.07005270 0.00802220
v 0.09337170 0.07005840 0.00806490
v 0.09346030 0.07016460 0.00792980
v 0.09342170 0.07023120 0.00787390
v 0.09347370 0.06988190 0.00797480
v 0.09342170 0.07023120 0.00825600
v 0.09349390 0.06984700 0.00803040
v 0.09348600 0.06986050 0.00799940
v 0.09339600 0.07001680 0.00799940
v 0.09338800 0.07003060 0.00803040
v 0.09349680 0.06984180 0.00814620
v 0.09313710 0.07073880 0.00617830
v 0.09314910 0.07071840 0.00612140
v 0.09314910 0.07071840 0.00612140
v 0.09286440 0.07055390 0.00612140
v 0.09286440 0.07055390 0.00612140
v 0.09285270 0.07057430 0.00710170
v 0.09348570 0.07024220 0.00732440
v 0.09348570 0.07024220 0.00732440
v 0.09348570 0.07024220 0.00732440
v 0.09348570 0.07024220 0.00732440
v 0.09360590 0.07003380 0.00728620
v 0.09360590 0.07003380 0.00728620
v 0.09360590 0.07003380 0.00728620
v 0.09360590 0.07003380 0.00728620
v 0.09352480 0.07022800 0.00835200
v 0.09338520 0.07003530 0.00806490
v 0.09383480 0.06963750 0.00869480
v 0.09383480 0.06963750 0.00869480
v 0.09383480 0.06963750 0.00869480
v 0.09383480 0.06963750 0.00869480
v 0.09339860 0.07027120 0.00816530
v 0.09364240 0.06930200 0.00853860
v 0.09387560 0.06943670 0.00853860
v 0.09340830 0.06999540 0.00815510
v 0.09285270 0.07057430 0.00617830
v 0.09364870 0.06983810 0.00780190
v 0.09348600 0.06986050 0.00813040
v 0.09371920 0.06916870 0.01135170
v 0.09395240 0.06930350 0.01135170
v 0.09369950 0.06920290 0.01110270
v 0.09393270 0.06933760 0.01110270
v 0.09355330 0.06945630 0.01200370
v 0.09378630 0.06959110 0.01200370
v 0.09364240 0.06930200 0.01182550
v 0.09387560 0.06943670 0.01182550
v 0.09293290 0.07053060 0.01110270
v 0.09316620 0.07066530 0.01110270
v 0.09291330 0.07056470 0.01135170
v 0.09291330 0.07056470 0.01135170
v 0.09314650 0.07069920 0.01135170
v 0.09314650 0.07069920 0.01135170
v 0.09360580 0.07003380 0.01106260
v 0.09365040 0.06995660 0.01107680
v 0.09354960 0.07000130 0.01108990
v 0.09358990 0.06993130 0.01110280
v 0.09319190 0.07008250 0.01058510
v 0.09342480 0.07021690 0.01058510
v 0.09307940 0.07027690 0.01069960
v 0.09331260 0.07041160 0.01069960
v 0.09360580 0.07003380 0.01164070
v 0.09356130 0.07011120 0.01162660
v 0.09354960 0.07000130 0.01161340
v 0.09350910 0.07007140 0.01160070
v 0.09317730 0.07066900 0.01223450
v 0.09394160 0.06934520 0.01223450
v 0.09322670 0.07069750 0.01225800
v 0.09399100 0.06937380 0.01225800
v 0.09325270 0.07062690 0.00996300
v 0.09325270 0.07062690 0.00996300
v 0.09325270 0.07062690 0.00996300
v 0.09325270 0.07062690 0.00996300
v 0.09325270 0.07062690 0.00996300
v 0.09299030 0.07043150 0.01009940
v 0.09322360 0.07056600 0.01009940
v 0.09299030 0.07043150 0.01182550
v 0.09322360 0.07056600 0.01182550
v 0.09307940 0.07027690 0.01200370
v 0.09331260 0.07041160 0.01200370
v 0.09319190 0.07008240 0.01211820
v 0.09342480 0.07021690 0.01211820
v 0.09331640 0.06986660 0.01215760
v 0.09354960 0.07000130 0.01215760
v 0.09344080 0.06965100 0.01211820
v 0.09367410 0.06978570 0.01211820
v 0.09383480 0.06963750 0.01198170
v 0.09383480 0.06963750 0.01198170
v 0.09383480 0.06963750 0.01198170
v 0.09383480 0.06963750 0.01198170
v 0.09392070 0.06948830 0.01180940
v 0.09392070 0.06948830 0.01180940
v 0.09392070 0.06948830 0.01180940
v 0.09392070 0.06948830 0.01180940
v 0.09369950 0.06920290 0.01160080
v 0.09393270 0.06933760 0.01160080
v 0.09397610 0.06939240 0.01159230
v 0.09397610 0.06939240 0.01159230
v 0.09397610 0.06939240 0.01159230
v 0.09397610 0.06939240 0.01159230
v 0.09399520 0.06935950 0.01135170
v 0.09399520 0.06935950 0.01135170
v 0.09399520 0.06935950 0.01135170
v 0.09399520 0.06935950 0.01135170
v 0.09331640 0.06986660 0.01161340
v 0.09335690 0.06979660 0.01160070
v 0.09358990 0.06993130 0.01160070
v 0.09323930 0.06999980 0.01113990
v 0.09321040 0.07005000 0.01119780
v 0.09347250 0.07013460 0.01113990
v 0.09344370 0.07018470 0.01119780
v 0.09319190 0.07008220 0.01127090
v 0.09318560 0.07009350 0.01135170
v 0.09342510 0.07021690 0.01127090
v 0.09341860 0.07022800 0.01135170
v 0.09323930 0.06999980 0.01156350
v 0.09327580 0.06993670 0.01160070
v 0.09347250 0.07013460 0.01156350
v 0.09339320 0.06973340 0.01113990
v 0.09335690 0.06979660 0.01110280
v 0.09362640 0.06986810 0.01113990
v 0.09375030 0.06978350 0.01135170
v 0.09374350 0.06979580 0.01144100
v 0.09368040 0.06977470 0.01135170
v 0.09367410 0.06978570 0.01143260
v 0.09374350 0.06979580 0.01126240
v 0.09367410 0.06978570 0.01127090
v 0.09352100 0.07018100 0.01111780
v 0.09356130 0.07011120 0.01107680
v 0.09350910 0.07007140 0.01110280
v 0.09329100 0.07057950 0.01089390
v 0.09329100 0.07057950 0.01089390
v 0.09329100 0.07057950 0.01089390
v 0.09329100 0.07057950 0.01089390
v 0.09323560 0.07067510 0.01111110
v 0.09323560 0.07067510 0.01111110
v 0.09323560 0.07067510 0.01111110
v 0.09323560 0.07067510 0.01111110
v 0.09322360 0.07056600 0.01087800
v 0.09352100 0.07018100 0.01158550
v 0.09348880 0.07023630 0.01152150
v 0.09344370 0.07018470 0.01150550
v 0.09348570 0.07024220 0.01061110
v 0.09348570 0.07024220 0.01061110
v 0.09348570 0.07024220 0.01061110
v 0.09348570 0.07024220 0.01061110
v 0.09337690 0.07043030 0.01072180
v 0.09337690 0.07043030 0.01072180
v 0.09337690 0.07043030 0.01072180
v 0.09337690 0.07043030 0.01072180
v 0.09377280 0.06979880 0.01156030
v 0.09373350 0.06986660 0.01163890
v 0.09372290 0.06983150 0.01152150
v 0.09369090 0.06988680 0.01158550
v 0.09368410 0.06995240 0.01168930
v 0.09365040 0.06995660 0.01162660
v 0.09357450 0.07014240 0.01168930
v 0.09352480 0.07022800 0.01163890
v 0.09348570 0.07029610 0.01156030
v 0.09346050 0.07033960 0.01146140
v 0.09346850 0.07027200 0.01144100
v 0.09391970 0.06950820 0.01007050
v 0.09391970 0.06950820 0.01007050
v 0.09391970 0.06950820 0.01007050
v 0.09383880 0.06968450 0.01020230
v 0.09373950 0.06985660 0.01030360
v 0.09363770 0.06998890 0.00996450
v 0.09363770 0.06998890 0.00996450
v 0.09363770 0.06998890 0.00996450
v 0.09362930 0.07004730 0.01033850
v 0.09362930 0.07004730 0.01206450
v 0.09351910 0.07023810 0.01202960
v 0.09362930 0.07004730 0.01170660
v 0.09341970 0.07041010 0.01020230
v 0.09327270 0.07066460 0.01135170
v 0.09329040 0.07063430 0.01113140
v 0.09345170 0.07035480 0.01135170
v 0.09346050 0.07033960 0.01124200
v 0.09334090 0.07054680 0.01177060
v 0.09329040 0.07063430 0.01157190
v 0.09383480 0.06963750 0.01025570
v 0.09383480 0.06963750 0.01025570
v 0.09383480 0.06963750 0.01025570
v 0.09383480 0.06963750 0.01025570
v 0.09372600 0.06982560 0.01209220
v 0.09372600 0.06982560 0.01209220
v 0.09372600 0.06982560 0.01209220
v 0.09372600 0.06982560 0.01209220
v 0.09383880 0.06968450 0.01192830
v 0.09373950 0.06985650 0.01202960
v 0.09372600 0.06982560 0.01036630
v 0.09372600 0.06982560 0.01036630
v 0.09372600 0.06982560 0.01036630
v 0.09372600 0.06982560 0.01036630
v 0.09360580 0.07003380 0.01040440
v 0.09360580 0.07003380 0.01040440
v 0.09360580 0.07003380 0.01040440
v 0.09360580 0.07003380 0.01040440
v 0.09348570 0.07024220 0.01036630
v 0.09348570 0.07024220 0.01036630
v 0.09348570 0.07024220 0.01036630
v 0.09348570 0.07024220 0.01036630
v 0.09351910 0.07023810 0.01030360
v 0.09337690 0.07043030 0.01025570
v 0.09337690 0.07043030 0.01025570
v 0.09337690 0.07043030 0.01025570
v 0.09337690 0.07043030 0.01025570
v 0.09392070 0.06948830 0.01089390
v 0.09392070 0.06948830 0.01089390
v 0.09392070 0.06948830 0.01089390
v 0.09392070 0.06948830 0.01089390
v 0.09397610 0.06939240 0.01111110
v 0.09397610 0.06939240 0.01111110
v 0.09397610 0.06939240 0.01111110
v 0.09397610 0.06939240 0.01111110
v 0.09391760 0.06954800 0.01093270
v 0.09396810 0.06946030 0.01113140
v 0.09344080 0.06965100 0.01039220
v 0.09367410 0.06978570 0.01039220
v 0.09355330 0.06945640 0.01027780
v 0.09378630 0.06959110 0.01027780
v 0.09372600 0.06982560 0.01061110
v 0.09372600 0.06982560 0.01061110
v 0.09372600 0.06982560 0.01061110
v 0.09372600 0.06982560 0.01061110
v 0.09360580 0.07003380 0.01057300
v 0.09360580 0.07003380 0.01057300
v 0.09360580 0.07003380 0.01057300
v 0.09360580 0.07003380 0.01057300
v 0.09367410 0.06978570 0.01058510
v 0.09354960 0.07000130 0.01054570
v 0.09321650 0.07070830 0.01135170
v 0.09321650 0.07070830 0.01135170
v 0.09321650 0.07070830 0.01135170
v 0.09321650 0.07070830 0.01135170
v 0.09344080 0.06965100 0.01143260
v 0.09344710 0.06964000 0.01135170
v 0.09355330 0.06945630 0.01069960
v 0.09378630 0.06959110 0.01069960
v 0.09344080 0.06965100 0.01058510
v 0.09339320 0.06973340 0.01156350
v 0.09362640 0.06986810 0.01156350
v 0.09369090 0.06988680 0.01111780
v 0.09365550 0.06981790 0.01150550
v 0.09348570 0.07029610 0.01114310
v 0.09346850 0.07027200 0.01126240
v 0.09348880 0.07023630 0.01118180
v 0.09379800 0.06975500 0.01146140
v 0.09396810 0.06946030 0.01157190
v 0.09391760 0.06954800 0.01177060
v 0.09351910 0.07023810 0.01067380
v 0.09362930 0.07004730 0.01063890
v 0.09357450 0.07014240 0.01101420
v 0.09362930 0.07004730 0.01099670
v 0.09373950 0.06985650 0.01067380
v 0.09368410 0.06995240 0.01101420
v 0.09329100 0.07057950 0.01180940
v 0.09329100 0.07057950 0.01180940
v 0.09329100 0.07057950 0.01180940
v 0.09329100 0.07057950 0.01180940
v 0.09323560 0.07067510 0.01159230
v 0.09323560 0.07067510 0.01159230
v 0.09323560 0.07067510 0.01159230
v 0.09323560 0.07067510 0.01159230
v 0.09398550 0.06943000 0.01135170
v 0.09334090 0.07054680 0.01093270
v 0.09341970 0.07041010 0.01077500
v 0.09355190 0.06985090 0.01139440
v 0.09350680 0.06982480 0.01139440
v 0.09355530 0.06984500 0.01135170
v 0.09351020 0.06981890 0.01135170
v 0.09360330 0.06991650 0.01104260
v 0.09358870 0.06994180 0.01113300
v 0.09355330 0.07000350 0.01102660
v 0.09355330 0.07000350 0.01112180
v 0.09350310 0.07009060 0.01104260
v 0.09351760 0.07006500 0.01113300
v 0.09345770 0.07016900 0.01108870
v 0.09348570 0.07012060 0.01116570
v 0.09341970 0.07041010 0.01192830
v 0.09349680 0.06984200 0.01135170
v 0.09349390 0.06984700 0.01131730
v 0.09350680 0.06982480 0.01130890
v 0.09359560 0.06977540 0.01142280
v 0.09360100 0.06976560 0.01135170
v 0.09355190 0.06985090 0.01130890
v 0.09383880 0.06968450 0.01077500
v 0.09373350 0.06986660 0.01106460
v 0.09352680 0.06989440 0.01146360
v 0.09348170 0.06986830 0.01146360
v 0.09354220 0.06986780 0.01143310
v 0.09349680 0.06984180 0.01143310
v 0.09366240 0.06981400 0.01128060
v 0.09359560 0.06977540 0.01128060
v 0.09364610 0.06984230 0.01121660
v 0.09357900 0.06980370 0.01121660
v 0.09362070 0.06988650 0.01153770
v 0.09355360 0.06984770 0.01153770
v 0.09364610 0.06984230 0.01148690
v 0.09357900 0.06980370 0.01148690
v 0.09364870 0.06983810 0.01108870
v 0.09362070 0.06988650 0.01116570
v 0.09352160 0.06990320 0.01113300
v 0.09350730 0.06992780 0.01122010
v 0.09348620 0.06996470 0.01112180
v 0.09348620 0.06996470 0.01121330
v 0.09344080 0.06993860 0.01124030
v 0.09342370 0.06996840 0.01124570
v 0.09344080 0.06993860 0.01121330
v 0.09341970 0.06997580 0.01122010
v 0.09355360 0.06984770 0.01116570
v 0.09358870 0.06994180 0.01157040
v 0.09360330 0.06991650 0.01166090
v 0.09355330 0.07000350 0.01158170
v 0.09355330 0.07000350 0.01167670
v 0.09345050 0.07002640 0.01113300
v 0.09346480 0.07000180 0.01122010
v 0.09341970 0.06997580 0.01148320
v 0.09346480 0.07000180 0.01148320
v 0.09340030 0.07000920 0.01146360
v 0.09344540 0.07003530 0.01146360
v 0.09338490 0.07003550 0.01143310
v 0.09343030 0.07006160 0.01143310
v 0.09341860 0.07008170 0.01116570
v 0.09344540 0.07003530 0.01123980
v 0.09339320 0.07012600 0.01121660
v 0.09343030 0.07006160 0.01127040
v 0.09342030 0.07007880 0.01139440
v 0.09337690 0.07015420 0.01142280
v 0.09341680 0.07008470 0.01135170
v 0.09337120 0.07016380 0.01135170
v 0.09339060 0.07028500 0.01135170
v 0.09343830 0.07020270 0.01135170
v 0.09339860 0.07027120 0.01145220
v 0.09344370 0.07019280 0.01142280
v 0.09339600 0.07001680 0.01128620
v 0.09338800 0.07003060 0.01131730
v 0.09338490 0.07003550 0.01127040
v 0.09337520 0.07005270 0.01130890
v 0.09340030 0.07000920 0.01123980
v 0.09346030 0.07016460 0.01121660
v 0.09344370 0.07019280 0.01128060
v 0.09337690 0.07015420 0.01128060
v 0.09345050 0.07002640 0.01157040
v 0.09341860 0.07008170 0.01153770
v 0.09346220 0.06990180 0.01122010
v 0.09319190 0.07008220 0.01143260
v 0.09342510 0.07021690 0.01143260
v 0.09371580 0.06972180 0.01135170
v 0.09366810 0.06980440 0.01135170
v 0.09370780 0.06973560 0.01125130
v 0.09347360 0.06988190 0.01126150
v 0.09345830 0.06990890 0.01124570
v 0.09348170 0.06986830 0.01123980
v 0.09340830 0.06999540 0.01144180
v 0.09342370 0.06996840 0.01145770
v 0.09401920 0.06932430 0.01231490
v 0.09400520 0.06932830 0.01226850
v 0.09398180 0.06927570 0.01231490
v 0.09397010 0.06929610 0.01225800
v 0.09397010 0.06929610 0.01225800
v 0.09289300 0.07050480 0.01331880
v 0.09317730 0.07066900 0.01331880
v 0.09365720 0.06918100 0.01331880
v 0.09394160 0.06934520 0.01331880
v 0.09314910 0.07071840 0.01225800
v 0.09314910 0.07071840 0.01225800
v 0.09286440 0.07055390 0.01225800
v 0.09286440 0.07055390 0.01225800
v 0.09289300 0.07050480 0.01223450
v 0.09368550 0.06913190 0.01329520
v 0.09368550 0.06913190 0.01329520
v 0.09397010 0.06929610 0.01329520
v 0.09397010 0.06929610 0.01329520
v 0.09369750 0.06911150 0.01323830
v 0.09398180 0.06927570 0.01323830
v 0.09319450 0.07073240 0.01226850
v 0.09313710 0.07073880 0.01231490
v 0.09319820 0.07074670 0.01231490
v 0.09399100 0.06937380 0.01329520
v 0.09400520 0.06932830 0.01328480
v 0.09368550 0.06913190 0.01225800
v 0.09368550 0.06913190 0.01225800
v 0.09369750 0.06911150 0.01231490
v 0.09401920 0.06932430 0.01323830
v 0.09322670 0.07069750 0.01329520
v 0.09319450 0.07073240 0.01328480
v 0.09324700 0.07070930 0.01323830
v 0.09319820 0.07074670 0.01323830
v 0.09316620 0.07066530 0.01160080
v 0.09293290 0.07053060 0.01160080
v 0.09307940 0.07027690 0.01027780
v 0.09331260 0.07041160 0.01027780
v 0.09319190 0.07008250 0.01039220
v 0.09342480 0.07021690 0.01039220
v 0.09331640 0.06986660 0.01043170
v 0.09354960 0.07000130 0.01043170
v 0.09364240 0.06930200 0.01009940
v 0.09387560 0.06943670 0.01009940
v 0.09369950 0.06920290 0.00987480
v 0.09346140 0.07028430 0.01135170
v 0.09331640 0.06986660 0.01054570
v 0.09331640 0.06986660 0.01108990
v 0.09327580 0.06993670 0.01110280
v 0.09299030 0.07043150 0.01087800
v 0.09321040 0.07005000 0.01150550
v 0.09342230 0.06968320 0.01150550
v 0.09344080 0.06965100 0.01127090
v 0.09342230 0.06968320 0.01119780
v 0.09365550 0.06981790 0.01119780
v 0.09379800 0.06975500 0.01124200
v 0.09380650 0.06974000 0.01135170
v 0.09368460 0.06977570 0.01116060
v 0.09365720 0.06918100 0.01223450
v 0.09337690 0.07043030 0.01198170
v 0.09337690 0.07043030 0.01198170
v 0.09337690 0.07043030 0.01198170
v 0.09337690 0.07043030 0.01198170
v 0.09324700 0.07070930 0.01231490
v 0.09401120 0.06938550 0.01231490
v 0.09401120 0.06938550 0.01323830
v 0.09372290 0.06983150 0.01118180
v 0.09377280 0.06979880 0.01114310
v 0.09368460 0.06977570 0.01154280
v 0.09370780 0.06973560 0.01145220
v 0.09366240 0.06981400 0.01142280
v 0.09339320 0.07012600 0.01148690
v 0.09345770 0.07016900 0.01161470
v 0.09348570 0.07012060 0.01153770
v 0.09350310 0.07009060 0.01166090
v 0.09351760 0.07006500 0.01157040
v 0.09342030 0.07007880 0.01130890
v 0.09350730 0.06992780 0.01148320
v 0.09346220 0.06990180 0.01148320
v 0.09352680 0.06989440 0.01123980
v 0.09348620 0.06996470 0.01149000
v 0.09344080 0.06993860 0.01149000
v 0.09344080 0.06993860 0.01146320
v 0.09345830 0.06990890 0.01145770
v 0.09352160 0.06990320 0.01157040
v 0.09348620 0.06996470 0.01158170
v 0.09354220 0.06986780 0.01127040
v 0.09337520 0.07005270 0.01139440
v 0.09337170 0.07005830 0.01135170
v 0.09342170 0.07023120 0.01154280
v 0.09346030 0.07016460 0.01148690
v 0.09347360 0.06988190 0.01144180
v 0.09342170 0.07023120 0.01116060
v 0.09348600 0.06986050 0.01141720
v 0.09349390 0.06984700 0.01138620
v 0.09338800 0.07003060 0.01138620
v 0.09339600 0.07001680 0.01141720
v 0.09349680 0.06984180 0.01127040
v 0.09313710 0.07073880 0.01323830
v 0.09314910 0.07071840 0.01329520
v 0.09314910 0.07071840 0.01329520
v 0.09286440 0.07055390 0.01329520
v 0.09286440 0.07055390 0.01329520
v 0.09285270 0.07057430 0.01231490
v 0.09348570 0.07024220 0.01209220
v 0.09348570 0.07024220 0.01209220
v 0.09348570 0.07024220 0.01209220
v 0.09348570 0.07024220 0.01209220
v 0.09360580 0.07003380 0.01213040
v 0.09360580 0.07003380 0.01213040
v 0.09360580 0.07003380 0.01213040
v 0.09360580 0.07003380 0.01213040
v 0.09352480 0.07022800 0.01106460
v 0.09338520 0.07003530 0.01135170
v 0.09383480 0.06963750 0.01072180
v 0.09383480 0.06963750 0.01072180
v 0.09383480 0.06963750 0.01072180
v 0.09383480 0.06963750 0.01072180
v 0.09339860 0.07027120 0.01125130
v 0.09364240 0.06930200 0.01087800
v 0.09387560 0.06943670 0.01087800
v 0.09340830 0.06999540 0.01126150
v 0.09285270 0.07057430 0.01323830
v 0.09364870 0.06983810 0.01161470
v 0.09348600 0.06986050 0.01128620
v 0.09403230 -0.06938620 -0.01083400
v 0.09379910 -0.06925150 -0.01083400
v 0.09377930 -0.06928570 -0.01058490
v 0.09401260 -0.06942040 -0.01058490
v 0.09386610 -0.06967380 -0.01148600
v 0.09363320 -0.06953910 -0.01148600
v 0.09372220 -0.06938470 -0.01130770
v 0.09395550 -0.06951940 -0.01130770
v 0.09324600 -0.07074800 -0.01058500
v 0.09301280 -0.07061330 -0.01058490
v 0.09299310 -0.07064750 -0.01083400
v 0.09299310 -0.07064750 -0.01083400
v 0.09322630 -0.07078200 -0.01083400
v 0.09322630 -0.07078200 -0.01083400
v 0.09373020 -0.07003930 -0.01055900
v 0.09368570 -0.07011650 -0.01054490
v 0.09362950 -0.07008410 -0.01057220
v 0.09366970 -0.07001400 -0.01058510
v 0.09350470 -0.07029970 -0.01006740
v 0.09327170 -0.07016520 -0.01006740
v 0.09315930 -0.07035960 -0.01018190
v 0.09339250 -0.07049440 -0.01018190
v 0.09364120 -0.07019400 -0.01110880
v 0.09368570 -0.07011650 -0.01112300
v 0.09362950 -0.07008410 -0.01109570
v 0.09358890 -0.07015410 -0.01108290
v 0.09402140 -0.06942800 -0.01171670
v 0.09325720 -0.07075170 -0.01171670
v 0.09330660 -0.07078020 -0.01174030
v 0.09407080 -0.06945650 -0.01174030
v 0.09334790 -0.07070780 -0.00941540
v 0.09334790 -0.07070780 -0.00941540
v 0.09334790 -0.07070780 -0.00941540
v 0.09334790 -0.07070780 -0.00941540
v 0.09334790 -0.07070780 -0.00941540
v 0.09334790 -0.07070780 -0.00941540
v 0.09318750 -0.07072340 -0.00920040
v 0.09318750 -0.07072340 -0.00920040
v 0.09318750 -0.07072340 -0.00920040
v 0.09307020 -0.07051430 -0.00958170
v 0.09330340 -0.07064870 -0.00958170
v 0.09330340 -0.07064870 -0.01130770
v 0.09307020 -0.07051430 -0.01130770
v 0.09315930 -0.07035960 -0.01148600
v 0.09339250 -0.07049440 -0.01148600
v 0.09327170 -0.07016520 -0.01160050
v 0.09350470 -0.07029970 -0.01160050
v 0.09362950 -0.07008410 -0.01163990
v 0.09339620 -0.06994940 -0.01163990
v 0.09352070 -0.06973380 -0.01160050
v 0.09375390 -0.06986850 -0.01160050
v 0.09400060 -0.06957110 -0.01129170
v 0.09400060 -0.06957110 -0.01129170
v 0.09400060 -0.06957110 -0.01129170
v 0.09400060 -0.06957110 -0.01129170
v 0.09391470 -0.06972030 -0.01146390
v 0.09391470 -0.06972030 -0.01146390
v 0.09391470 -0.06972030 -0.01146390
v 0.09391470 -0.06972030 -0.01146390
v 0.09377930 -0.06928570 -0.01108300
v 0.09401260 -0.06942040 -0.01108300
v 0.09405600 -0.06947520 -0.01107460
v 0.09405600 -0.06947520 -0.01107460
v 0.09405600 -0.06947520 -0.01107460
v 0.09405600 -0.06947520 -0.01107460
v 0.09407510 -0.06944220 -0.01083400
v 0.09407510 -0.06944220 -0.01083400
v 0.09407510 -0.06944220 -0.01083400
v 0.09407510 -0.06944220 -0.01083400
v 0.09343680 -0.06987930 -0.01108290
v 0.09339620 -0.06994940 -0.01109570
v 0.09366970 -0.07001400 -0.01108290
v 0.09329030 -0.07013280 -0.01068010
v 0.09331910 -0.07008260 -0.01062220
v 0.09355240 -0.07021730 -0.01062220
v 0.09352350 -0.07026750 -0.01068010
v 0.09326550 -0.07017630 -0.01083400
v 0.09327170 -0.07016500 -0.01075310
v 0.09350500 -0.07029970 -0.01075310
v 0.09349840 -0.07031070 -0.01083400
v 0.09335570 -0.07001940 -0.01108290
v 0.09331910 -0.07008260 -0.01104580
v 0.09355240 -0.07021730 -0.01104580
v 0.09343680 -0.06987930 -0.01058510
v 0.09347300 -0.06981610 -0.01062220
v 0.09370620 -0.06995090 -0.01062220
v 0.09382330 -0.06987860 -0.01092330
v 0.09383020 -0.06986630 -0.01083400
v 0.09376020 -0.06985740 -0.01083400
v 0.09375390 -0.06986850 -0.01091490
v 0.09382330 -0.06987860 -0.01074470
v 0.09375390 -0.06986850 -0.01075310
v 0.09364120 -0.07019400 -0.01055900
v 0.09360090 -0.07026380 -0.01060010
v 0.09358890 -0.07015410 -0.01058510
v 0.09331540 -0.07075790 -0.01059340
v 0.09331540 -0.07075790 -0.01059340
v 0.09331540 -0.07075790 -0.01059340
v 0.09331540 -0.07075790 -0.01059340
v 0.09337080 -0.07066230 -0.01037620
v 0.09337080 -0.07066230 -0.01037620
v 0.09337080 -0.07066230 -0.01037620
v 0.09337080 -0.07066230 -0.01037620
v 0.09330340 -0.07064870 -0.01036030
v 0.09356860 -0.07031910 -0.01100380
v 0.09360090 -0.07026380 -0.01106780
v 0.09352350 -0.07026750 -0.01098780
v 0.09345670 -0.07051300 -0.01020400
v 0.09345670 -0.07051300 -0.01020400
v 0.09345670 -0.07051300 -0.01020400
v 0.09345670 -0.07051300 -0.01020400
v 0.09356550 -0.07032500 -0.01009340
v 0.09356550 -0.07032500 -0.01009340
v 0.09356550 -0.07032500 -0.01009340
v 0.09356550 -0.07032500 -0.01009340
v 0.09381330 -0.06994940 -0.01112110
v 0.09385270 -0.06988150 -0.01104260
v 0.09380270 -0.06991420 -0.01100380
v 0.09377080 -0.06996950 -0.01106780
v 0.09376390 -0.07003520 -0.01117150
v 0.09373020 -0.07003930 -0.01110880
v 0.09360460 -0.07031070 -0.01112110
v 0.09365430 -0.07022520 -0.01117150
v 0.09356550 -0.07037880 -0.01104260
v 0.09354040 -0.07042230 -0.01094370
v 0.09354840 -0.07035470 -0.01092330
v 0.09391870 -0.06976720 -0.00968460
v 0.09400810 -0.06947320 -0.00924900
v 0.09400810 -0.06947320 -0.00924900
v 0.09400810 -0.06947320 -0.00924900
v 0.09400810 -0.06947320 -0.00924900
v 0.09400810 -0.06947320 -0.00924900
v 0.09400810 -0.06947320 -0.00924900
v 0.09362690 -0.06999660 -0.00920790
v 0.09362690 -0.06999660 -0.00920790
v 0.09362690 -0.06999660 -0.00920790
v 0.09362690 -0.06999660 -0.00920790
v 0.09362690 -0.06999660 -0.00920790
v 0.09362690 -0.06999660 -0.00920790
v 0.09362690 -0.06999660 -0.00920790
v 0.09362690 -0.06999660 -0.00920790
v 0.09362690 -0.06999660 -0.00920790
v 0.09362690 -0.06999660 -0.00920790
v 0.09362690 -0.06999660 -0.00920790
v 0.09381930 -0.06993930 -0.00978590
v 0.09370910 -0.07013010 -0.00982080
v 0.09359890 -0.07032080 -0.01151190
v 0.09370910 -0.07013010 -0.01154680
v 0.09370910 -0.07013010 -0.01118890
v 0.09349960 -0.07049290 -0.00968460
v 0.09346970 -0.07025380 -0.00918120
v 0.09346970 -0.07025380 -0.00918120
v 0.09346970 -0.07025380 -0.00918120
v 0.09337020 -0.07071710 -0.01061370
v 0.09335250 -0.07074730 -0.01083400
v 0.09353150 -0.07043760 -0.01083400
v 0.09354040 -0.07042230 -0.01072430
v 0.09337020 -0.07071710 -0.01105420
v 0.09342080 -0.07062960 -0.01125290
v 0.09391470 -0.06972030 -0.00973790
v 0.09391470 -0.06972030 -0.00973790
v 0.09391470 -0.06972030 -0.00973790
v 0.09391470 -0.06972030 -0.00973790
v 0.09380590 -0.06990830 -0.01157450
v 0.09380590 -0.06990830 -0.01157450
v 0.09380590 -0.06990830 -0.01157450
v 0.09380590 -0.06990830 -0.01157450
v 0.09391870 -0.06976720 -0.01141060
v 0.09381930 -0.06993930 -0.01151190
v 0.09368570 -0.07011650 -0.00988670
v 0.09368570 -0.07011650 -0.00988670
v 0.09368570 -0.07011650 -0.00988670
v 0.09368570 -0.07011650 -0.00988670
v 0.09380590 -0.06990830 -0.00984860
v 0.09380590 -0.06990830 -0.00984860
v 0.09380590 -0.06990830 -0.00984860
v 0.09380590 -0.06990830 -0.00984860
v 0.09356550 -0.07032500 -0.00984860
v 0.09356550 -0.07032500 -0.00984860
v 0.09356550 -0.07032500 -0.00984860
v 0.09356550 -0.07032500 -0.00984860
v 0.09359890 -0.07032080 -0.00978590
v 0.09345670 -0.07051300 -0.00973790
v 0.09345670 -0.07051300 -0.00973790
v 0.09345670 -0.07051300 -0.00973790
v 0.09345670 -0.07051300 -0.00973790
v 0.09405600 -0.06947520 -0.01059340
v 0.09405600 -0.06947520 -0.01059340
v 0.09405600 -0.06947520 -0.01059340
v 0.09405600 -0.06947520 -0.01059340
v 0.09400060 -0.06957110 -0.01037620
v 0.09400060 -0.06957110 -0.01037620
v 0.09400060 -0.06957110 -0.01037620
v 0.09400060 -0.06957110 -0.01037620
v 0.09399750 -0.06963080 -0.01041500
v 0.09404800 -0.06954300 -0.01061370
v 0.09375390 -0.06986850 -0.00987450
v 0.09352070 -0.06973380 -0.00987450
v 0.09363320 -0.06953910 -0.00976010
v 0.09386610 -0.06967380 -0.00976010
v 0.09368570 -0.07011650 -0.01005530
v 0.09368570 -0.07011650 -0.01005530
v 0.09368570 -0.07011650 -0.01005530
v 0.09368570 -0.07011650 -0.01005530
v 0.09380590 -0.06990830 -0.01009340
v 0.09380590 -0.06990830 -0.01009340
v 0.09380590 -0.06990830 -0.01009340
v 0.09380590 -0.06990830 -0.01009340
v 0.09375390 -0.06986850 -0.01006740
v 0.09362950 -0.07008410 -0.01002800
v 0.09329630 -0.07079110 -0.01083400
v 0.09329630 -0.07079110 -0.01083400
v 0.09329630 -0.07079110 -0.01083400
v 0.09329630 -0.07079110 -0.01083400
v 0.09352700 -0.06972270 -0.01083400
v 0.09352070 -0.06973380 -0.01091490
v 0.09386610 -0.06967380 -0.01018190
v 0.09363320 -0.06953910 -0.01018190
v 0.09352070 -0.06973380 -0.01006740
v 0.09347300 -0.06981610 -0.01104580
v 0.09370620 -0.06995090 -0.01104580
v 0.09377080 -0.06996950 -0.01060010
v 0.09373540 -0.06990070 -0.01098780
v 0.09356550 -0.07037880 -0.01062540
v 0.09354840 -0.07035470 -0.01074470
v 0.09356860 -0.07031910 -0.01066410
v 0.09387780 -0.06983780 -0.01094370
v 0.09399750 -0.06963080 -0.01125290
v 0.09404800 -0.06954300 -0.01105420
v 0.09370910 -0.07013010 -0.01012120
v 0.09359890 -0.07032080 -0.01015610
v 0.09365430 -0.07022520 -0.01049650
v 0.09370910 -0.07013010 -0.01047900
v 0.09381930 -0.06993930 -0.01015610
v 0.09376390 -0.07003520 -0.01049650
v 0.09331540 -0.07075790 -0.01107460
v 0.09331540 -0.07075790 -0.01107460
v 0.09331540 -0.07075790 -0.01107460
v 0.09331540 -0.07075790 -0.01107460
v 0.09337080 -0.07066230 -0.01129170
v 0.09337080 -0.07066230 -0.01129170
v 0.09337080 -0.07066230 -0.01129170
v 0.09337080 -0.07066230 -0.01129170
v 0.09406540 -0.06951280 -0.01083400
v 0.09342080 -0.07062960 -0.01041500
v 0.09349960 -0.07049290 -0.01025730
v 0.09358660 -0.06990760 -0.01087670
v 0.09363170 -0.06993360 -0.01087670
v 0.09363520 -0.06992770 -0.01083400
v 0.09359010 -0.06990170 -0.01083400
v 0.09366860 -0.07002460 -0.01061530
v 0.09368310 -0.06999930 -0.01052480
v 0.09363320 -0.07008630 -0.01050890
v 0.09363320 -0.07008630 -0.01060410
v 0.09359750 -0.07014780 -0.01061530
v 0.09358290 -0.07017330 -0.01052480
v 0.09353750 -0.07025170 -0.01057100
v 0.09356550 -0.07020330 -0.01064800
v 0.09349960 -0.07049290 -0.01141060
v 0.09357380 -0.06992970 -0.01079950
v 0.09357660 -0.06992480 -0.01083400
v 0.09358660 -0.06990760 -0.01079120
v 0.09367540 -0.06985820 -0.01090500
v 0.09368080 -0.06984830 -0.01083400
v 0.09363170 -0.06993360 -0.01079120
v 0.09391870 -0.06976720 -0.01025730
v 0.09381330 -0.06994940 -0.01054690
v 0.09356150 -0.06995110 -0.01094590
v 0.09360660 -0.06997720 -0.01094590
v 0.09362200 -0.06995060 -0.01091530
v 0.09357660 -0.06992450 -0.01091530
v 0.09367540 -0.06985820 -0.01076290
v 0.09374220 -0.06989680 -0.01076290
v 0.09372600 -0.06992500 -0.01069890
v 0.09365890 -0.06988640 -0.01069890
v 0.09363350 -0.06993050 -0.01102000
v 0.09370050 -0.06996930 -0.01102000
v 0.09372600 -0.06992500 -0.01096910
v 0.09365890 -0.06988640 -0.01096910
v 0.09370050 -0.06996930 -0.01064800
v 0.09372850 -0.06992090 -0.01057100
v 0.09358720 -0.07001060 -0.01070240
v 0.09360150 -0.06998600 -0.01061530
v 0.09356610 -0.07004750 -0.01060410
v 0.09356610 -0.07004750 -0.01069560
v 0.09350360 -0.07005110 -0.01072790
v 0.09352070 -0.07002140 -0.01072250
v 0.09352070 -0.07002140 -0.01069560
v 0.09349960 -0.07005850 -0.01070240
v 0.09363350 -0.06993050 -0.01064800
v 0.09368310 -0.06999930 -0.01114320
v 0.09366860 -0.07002460 -0.01105270
v 0.09363320 -0.07008630 -0.01106390
v 0.09363320 -0.07008630 -0.01115900
v 0.09353040 -0.07010920 -0.01061530
v 0.09354470 -0.07008460 -0.01070240
v 0.09354470 -0.07008460 -0.01096550
v 0.09349960 -0.07005850 -0.01096550
v 0.09348010 -0.07009190 -0.01094590
v 0.09352530 -0.07011800 -0.01094590
v 0.09346470 -0.07011830 -0.01091530
v 0.09351010 -0.07014430 -0.01091530
v 0.09352530 -0.07011800 -0.01072210
v 0.09349840 -0.07016450 -0.01064800
v 0.09347300 -0.07020870 -0.01069890
v 0.09351010 -0.07014430 -0.01075270
v 0.09345670 -0.07023700 -0.01090500
v 0.09350010 -0.07016150 -0.01087670
v 0.09349670 -0.07016740 -0.01083400
v 0.09345100 -0.07024660 -0.01083400
v 0.09351810 -0.07028540 -0.01083400
v 0.09347040 -0.07036780 -0.01083400
v 0.09347840 -0.07035400 -0.01093440
v 0.09352350 -0.07027560 -0.01090500
v 0.09346790 -0.07011330 -0.01079950
v 0.09347590 -0.07009960 -0.01076850
v 0.09346470 -0.07011830 -0.01075270
v 0.09345500 -0.07013550 -0.01079120
v 0.09348010 -0.07009190 -0.01072210
v 0.09354010 -0.07024730 -0.01069890
v 0.09352350 -0.07027560 -0.01076290
v 0.09345670 -0.07023700 -0.01076290
v 0.09353040 -0.07010920 -0.01105270
v 0.09349840 -0.07016450 -0.01102000
v 0.09354210 -0.06998450 -0.01070240
v 0.09327170 -0.07016500 -0.01091490
v 0.09350500 -0.07029970 -0.01091490
v 0.09374790 -0.06988720 -0.01083400
v 0.09379560 -0.06980460 -0.01083400
v 0.09378760 -0.06981840 -0.01073360
v 0.09353810 -0.06999170 -0.01072790
v 0.09355350 -0.06996460 -0.01074370
v 0.09356150 -0.06995110 -0.01072210
v 0.09350360 -0.07005110 -0.01093990
v 0.09348810 -0.07007820 -0.01092410
v 0.09408510 -0.06941100 -0.01175070
v 0.09409910 -0.06940710 -0.01179710
v 0.09406170 -0.06935840 -0.01179710
v 0.09405000 -0.06937880 -0.01174030
v 0.09405000 -0.06937880 -0.01174030
v 0.09325720 -0.07075170 -0.01280110
v 0.09297280 -0.07058750 -0.01280110
v 0.09373710 -0.06926380 -0.01280110
v 0.09402140 -0.06942800 -0.01280110
v 0.09294430 -0.07063670 -0.01174030
v 0.09294430 -0.07063670 -0.01174030
v 0.09322890 -0.07080110 -0.01174030
v 0.09322890 -0.07080110 -0.01174030
v 0.09297280 -0.07058750 -0.01171670
v 0.09405000 -0.06937880 -0.01277750
v 0.09405000 -0.06937880 -0.01277750
v 0.09376540 -0.06921460 -0.01277750
v 0.09376540 -0.06921460 -0.01277750
v 0.09377730 -0.06919420 -0.01272060
v 0.09406170 -0.06935840 -0.01272060
v 0.09327430 -0.07081520 -0.01175070
v 0.09321690 -0.07082150 -0.01179710
v 0.09327800 -0.07082940 -0.01179710
v 0.09408510 -0.06941100 -0.01276710
v 0.09407080 -0.06945650 -0.01277750
v 0.09376540 -0.06921460 -0.01174030
v 0.09376540 -0.06921460 -0.01174030
v 0.09377730 -0.06919420 -0.01179710
v 0.09409910 -0.06940710 -0.01272060
v 0.09327430 -0.07081520 -0.01276710
v 0.09330660 -0.07078020 -0.01277750
v 0.09332680 -0.07079200 -0.01272060
v 0.09327800 -0.07082940 -0.01272060
v 0.09324600 -0.07074800 -0.01108300
v 0.09301280 -0.07061330 -0.01108300
v 0.09315930 -0.07035960 -0.00976010
v 0.09339250 -0.07049440 -0.00976010
v 0.09350470 -0.07029970 -0.00987450
v 0.09327170 -0.07016520 -0.00987450
v 0.09339620 -0.06994940 -0.00991400
v 0.09362950 -0.07008410 -0.00991400
v 0.09372220 -0.06938470 -0.00958170
v 0.09395550 -0.06951940 -0.00958170
v 0.09354120 -0.07036700 -0.01083400
v 0.09339620 -0.06994940 -0.01002800
v 0.09335570 -0.07001940 -0.01058510
v 0.09339620 -0.06994940 -0.01057220
v 0.09307020 -0.07051430 -0.01036030
v 0.09329030 -0.07013280 -0.01098780
v 0.09350210 -0.06976600 -0.01098780
v 0.09352070 -0.06973380 -0.01075310
v 0.09350210 -0.06976600 -0.01068010
v 0.09373540 -0.06990070 -0.01068010
v 0.09388640 -0.06982280 -0.01083400
v 0.09387780 -0.06983780 -0.01072430
v 0.09355070 -0.07037240 -0.00909470
v 0.09355070 -0.07037240 -0.00909470
v 0.09355070 -0.07037240 -0.00909470
v 0.09355070 -0.07037240 -0.00909470
v 0.09355070 -0.07037240 -0.00909470
v 0.09355070 -0.07037240 -0.00909470
v 0.09355070 -0.07037240 -0.00909470
v 0.09376450 -0.06985840 -0.01064280
v 0.09373710 -0.06926380 -0.01171670
v 0.09345670 -0.07051300 -0.01146390
v 0.09345670 -0.07051300 -0.01146390
v 0.09345670 -0.07051300 -0.01146390
v 0.09345670 -0.07051300 -0.01146390
v 0.09332680 -0.07079210 -0.01179710
v 0.09409110 -0.06946830 -0.01179710
v 0.09409110 -0.06946830 -0.01272060
v 0.09380270 -0.06991420 -0.01066410
v 0.09385270 -0.06988150 -0.01062540
v 0.09376450 -0.06985840 -0.01102500
v 0.09378760 -0.06981840 -0.01093440
v 0.09374220 -0.06989680 -0.01090500
v 0.09347300 -0.07020870 -0.01096910
v 0.09356550 -0.07020330 -0.01102000
v 0.09353750 -0.07025170 -0.01109700
v 0.09358290 -0.07017330 -0.01114320
v 0.09359750 -0.07014780 -0.01105270
v 0.09350010 -0.07016150 -0.01079120
v 0.09354210 -0.06998450 -0.01096550
v 0.09358720 -0.07001060 -0.01096550
v 0.09360660 -0.06997720 -0.01072210
v 0.09352070 -0.07002140 -0.01097230
v 0.09356610 -0.07004750 -0.01097230
v 0.09353810 -0.06999170 -0.01093990
v 0.09352070 -0.07002140 -0.01094540
v 0.09360150 -0.06998600 -0.01105270
v 0.09356610 -0.07004750 -0.01106390
v 0.09362200 -0.06995060 -0.01075270
v 0.09345500 -0.07013550 -0.01087670
v 0.09345160 -0.07014110 -0.01083400
v 0.09354010 -0.07024730 -0.01096910
v 0.09350160 -0.07031390 -0.01102500
v 0.09355350 -0.06996460 -0.01092410
v 0.09350160 -0.07031390 -0.01064280
v 0.09357380 -0.06992970 -0.01086850
v 0.09356580 -0.06994320 -0.01089950
v 0.09347590 -0.07009960 -0.01089950
v 0.09346790 -0.07011330 -0.01086850
v 0.09357660 -0.06992450 -0.01075270
v 0.09321690 -0.07082150 -0.01272060
v 0.09322890 -0.07080110 -0.01277750
v 0.09322890 -0.07080110 -0.01277750
v 0.09294430 -0.07063670 -0.01277750
v 0.09294430 -0.07063670 -0.01277750
v 0.09293260 -0.07065710 -0.01179710
v 0.09356550 -0.07032500 -0.01157450
v 0.09356550 -0.07032500 -0.01157450
v 0.09356550 -0.07032500 -0.01157450
v 0.09356550 -0.07032500 -0.01157450
v 0.09368570 -0.07011650 -0.01161270
v 0.09368570 -0.07011650 -0.01161270
v 0.09368570 -0.07011650 -0.01161270
v 0.09368570 -0.07011650 -0.01161270
v 0.09360460 -0.07031070 -0.01054690
v 0.09346500 -0.07011800 -0.01083400
v 0.09391470 -0.06972030 -0.01020400
v 0.09391470 -0.06972030 -0.01020400
v 0.09391470 -0.06972030 -0.01020400
v 0.09391470 -0.06972030 -0.01020400
v 0.09347840 -0.07035400 -0.01073360
v 0.09372220 -0.06938470 -0.01036030
v 0.09395550 -0.06951940 -0.01036030
v 0.09348810 -0.07007820 -0.01074370
v 0.09293260 -0.07065710 -0.01272060
v 0.09372850 -0.06992090 -0.01109700
v 0.09356580 -0.06994320 -0.01076850
v 0.09379910 -0.06925150 -0.00754720
v 0.09403230 -0.06938620 -0.00754720
v 0.09377930 -0.06928570 -0.00779620
v 0.09401260 -0.06942040 -0.00779620
v 0.09363320 -0.06953910 -0.00689520
v 0.09386610 -0.06967380 -0.00689520
v 0.09372220 -0.06938470 -0.00707340
v 0.09395550 -0.06951940 -0.00707340
v 0.09301280 -0.07061330 -0.00779620
v 0.09324600 -0.07074800 -0.00779620
v 0.09299310 -0.07064750 -0.00754720
v 0.09299310 -0.07064750 -0.00754720
v 0.09322630 -0.07078200 -0.00754720
v 0.09322630 -0.07078200 -0.00754720
v 0.09368570 -0.07011650 -0.00783630
v 0.09373020 -0.07003940 -0.00782210
v 0.09362950 -0.07008410 -0.00780900
v 0.09366970 -0.07001400 -0.00779610
v 0.09327170 -0.07016520 -0.00831380
v 0.09350470 -0.07029970 -0.00831380
v 0.09315930 -0.07035960 -0.00819930
v 0.09339250 -0.07049440 -0.00819930
v 0.09368570 -0.07011650 -0.00725810
v 0.09364120 -0.07019400 -0.00727230
v 0.09362950 -0.07008410 -0.00728550
v 0.09358890 -0.07015410 -0.00729820
v 0.09325720 -0.07075170 -0.00666440
v 0.09402140 -0.06942800 -0.00666440
v 0.09330660 -0.07078030 -0.00664090
v 0.09407080 -0.06945650 -0.00664090
v 0.09333250 -0.07070960 -0.00893590
v 0.09333250 -0.07070960 -0.00893590
v 0.09333250 -0.07070960 -0.00893590
v 0.09333250 -0.07070960 -0.00893590
v 0.09333250 -0.07070960 -0.00893590
v 0.09307020 -0.07051430 -0.00879940
v 0.09330340 -0.07064870 -0.00879940
v 0.09307020 -0.07051430 -0.00707340
v 0.09330340 -0.07064870 -0.00707340
v 0.09315930 -0.07035960 -0.00689520
v 0.09339250 -0.07049440 -0.00689520
v 0.09327170 -0.07016520 -0.00678070
v 0.09350470 -0.07029970 -0.00678070
v 0.09339620 -0.06994940 -0.00674130
v 0.09362950 -0.07008410 -0.00674130
v 0.09352070 -0.06973380 -0.00678070
v 0.09375390 -0.06986850 -0.00678070
v 0.09391470 -0.06972030 -0.00691720
v 0.09391470 -0.06972030 -0.00691720
v 0.09391470 -0.06972030 -0.00691720
v 0.09391470 -0.06972030 -0.00691720
v 0.09400060 -0.06957110 -0.00708950
v 0.09400060 -0.06957110 -0.00708950
v 0.09400060 -0.06957110 -0.00708950
v 0.09400060 -0.06957110 -0.00708950
v 0.09377930 -0.06928570 -0.00729810
v 0.09401260 -0.06942040 -0.00729810
v 0.09405600 -0.06947520 -0.00730650
v 0.09405600 -0.06947520 -0.00730650
v 0.09405600 -0.06947520 -0.00730650
v 0.09405600 -0.06947520 -0.00730650
v 0.09407510 -0.06944230 -0.00754720
v 0.09407510 -0.06944230 -0.00754720
v 0.09407510 -0.06944230 -0.00754720
v 0.09407510 -0.06944230 -0.00754720
v 0.09339620 -0.06994940 -0.00728550
v 0.09343680 -0.06987930 -0.00729820
v 0.09366970 -0.07001400 -0.00729820
v 0.09331910 -0.07008260 -0.00775890
v 0.09329030 -0.07013280 -0.00770100
v 0.09355240 -0.07021730 -0.00775890
v 0.09352350 -0.07026750 -0.00770100
v 0.09327170 -0.07016500 -0.00762800
v 0.09326550 -0.07017630 -0.00754720
v 0.09350500 -0.07029970 -0.00762800
v 0.09349840 -0.07031070 -0.00754720
v 0.09331910 -0.07008260 -0.00733540
v 0.09335570 -0.07001940 -0.00729820
v 0.09355240 -0.07021730 -0.00733540
v 0.09347300 -0.06981610 -0.00775890
v 0.09343680 -0.06987930 -0.00779610
v 0.09370620 -0.06995090 -0.00775890
v 0.09383020 -0.06986630 -0.00754720
v 0.09382330 -0.06987860 -0.00745790
v 0.09376020 -0.06985750 -0.00754720
v 0.09375390 -0.06986850 -0.00746630
v 0.09382330 -0.06987860 -0.00763650
v 0.09375390 -0.06986850 -0.00762800
v 0.09360090 -0.07026380 -0.00778110
v 0.09364120 -0.07019400 -0.00782210
v 0.09358890 -0.07015410 -0.00779610
v 0.09337080 -0.07066230 -0.00800490
v 0.09337080 -0.07066230 -0.00800490
v 0.09337080 -0.07066230 -0.00800490
v 0.09337080 -0.07066230 -0.00800490
v 0.09331540 -0.07075790 -0.00778780
v 0.09331540 -0.07075790 -0.00778780
v 0.09331540 -0.07075790 -0.00778780
v 0.09331540 -0.07075790 -0.00778780
v 0.09330340 -0.07064870 -0.00802090
v 0.09360090 -0.07026380 -0.00731330
v 0.09356860 -0.07031910 -0.00737730
v 0.09352350 -0.07026750 -0.00739340
v 0.09356550 -0.07032500 -0.00828770
v 0.09356550 -0.07032500 -0.00828770
v 0.09356550 -0.07032500 -0.00828770
v 0.09356550 -0.07032500 -0.00828770
v 0.09345670 -0.07051300 -0.00817710
v 0.09345670 -0.07051300 -0.00817710
v 0.09345670 -0.07051300 -0.00817710
v 0.09345670 -0.07051300 -0.00817710
v 0.09385270 -0.06988150 -0.00733850
v 0.09381330 -0.06994940 -0.00726000
v 0.09380270 -0.06991420 -0.00737730
v 0.09377080 -0.06996950 -0.00731330
v 0.09376390 -0.07003520 -0.00720960
v 0.09373020 -0.07003940 -0.00727230
v 0.09365430 -0.07022520 -0.00720960
v 0.09360460 -0.07031070 -0.00726000
v 0.09356550 -0.07037880 -0.00733850
v 0.09354040 -0.07042230 -0.00743750
v 0.09354840 -0.07035470 -0.00745790
v 0.09399950 -0.06959100 -0.00882840
v 0.09399950 -0.06959100 -0.00882840
v 0.09399950 -0.06959100 -0.00882840
v 0.09391870 -0.06976720 -0.00869650
v 0.09381930 -0.06993930 -0.00859530
v 0.09371750 -0.07007170 -0.00893440
v 0.09371750 -0.07007170 -0.00893440
v 0.09371750 -0.07007170 -0.00893440
v 0.09370910 -0.07013010 -0.00856030
v 0.09370910 -0.07013010 -0.00683440
v 0.09359890 -0.07032080 -0.00686930
v 0.09370910 -0.07013010 -0.00719230
v 0.09349960 -0.07049290 -0.00869650
v 0.09335250 -0.07074730 -0.00754720
v 0.09337020 -0.07071710 -0.00776750
v 0.09353150 -0.07043760 -0.00754720
v 0.09354040 -0.07042230 -0.00765690
v 0.09342080 -0.07062960 -0.00712830
v 0.09337020 -0.07071710 -0.00732690
v 0.09391470 -0.06972030 -0.00864320
v 0.09391470 -0.06972030 -0.00864320
v 0.09391470 -0.06972030 -0.00864320
v 0.09391470 -0.06972030 -0.00864320
v 0.09380590 -0.06990830 -0.00680670
v 0.09380590 -0.06990830 -0.00680670
v 0.09380590 -0.06990830 -0.00680670
v 0.09380590 -0.06990830 -0.00680670
v 0.09391870 -0.06976720 -0.00697050
v 0.09381930 -0.06993930 -0.00686930
v 0.09380590 -0.06990830 -0.00853260
v 0.09380590 -0.06990830 -0.00853260
v 0.09380590 -0.06990830 -0.00853260
v 0.09380590 -0.06990830 -0.00853260
v 0.09368570 -0.07011650 -0.00849450
v 0.09368570 -0.07011650 -0.00849450
v 0.09368570 -0.07011650 -0.00849450
v 0.09368570 -0.07011650 -0.00849450
v 0.09356550 -0.07032500 -0.00853260
v 0.09356550 -0.07032500 -0.00853260
v 0.09356550 -0.07032500 -0.00853260
v 0.09356550 -0.07032500 -0.00853260
v 0.09359890 -0.07032080 -0.00859530
v 0.09345670 -0.07051300 -0.00864320
v 0.09345670 -0.07051300 -0.00864320
v 0.09345670 -0.07051300 -0.00864320
v 0.09345670 -0.07051300 -0.00864320
v 0.09400060 -0.06957110 -0.00800490
v 0.09400060 -0.06957110 -0.00800490
v 0.09400060 -0.06957110 -0.00800490
v 0.09400060 -0.06957110 -0.00800490
v 0.09405600 -0.06947520 -0.00778780
v 0.09405600 -0.06947520 -0.00778780
v 0.09405600 -0.06947520 -0.00778780
v 0.09405600 -0.06947520 -0.00778780
v 0.09399750 -0.06963080 -0.00796610
v 0.09404800 -0.06954300 -0.00776750
v 0.09352070 -0.06973380 -0.00850670
v 0.09375390 -0.06986850 -0.00850670
v 0.09363320 -0.06953910 -0.00862110
v 0.09386610 -0.06967380 -0.00862110
v 0.09380590 -0.06990830 -0.00828770
v 0.09380590 -0.06990830 -0.00828770
v 0.09380590 -0.06990830 -0.00828770
v 0.09380590 -0.06990830 -0.00828770
v 0.09368570 -0.07011650 -0.00832580
v 0.09368570 -0.07011650 -0.00832580
v 0.09368570 -0.07011650 -0.00832580
v 0.09368570 -0.07011650 -0.00832580
v 0.09375390 -0.06986850 -0.00831380
v 0.09362950 -0.07008410 -0.00835310
v 0.09329630 -0.07079110 -0.00754720
v 0.09329630 -0.07079110 -0.00754720
v 0.09329630 -0.07079110 -0.00754720
v 0.09329630 -0.07079110 -0.00754720
v 0.09352070 -0.06973380 -0.00746630
v 0.09352700 -0.06972270 -0.00754720
v 0.09363320 -0.06953910 -0.00819930
v 0.09386610 -0.06967380 -0.00819930
v 0.09352070 -0.06973380 -0.00831380
v 0.09347300 -0.06981610 -0.00733540
v 0.09370620 -0.06995090 -0.00733540
v 0.09377080 -0.06996950 -0.00778110
v 0.09373540 -0.06990070 -0.00739340
v 0.09356550 -0.07037880 -0.00775580
v 0.09354840 -0.07035470 -0.00763650
v 0.09356860 -0.07031910 -0.00771710
v 0.09387780 -0.06983780 -0.00743750
v 0.09404800 -0.06954300 -0.00732690
v 0.09399750 -0.06963080 -0.00712830
v 0.09359890 -0.07032080 -0.00822500
v 0.09370910 -0.07013010 -0.00826000
v 0.09365430 -0.07022520 -0.00788470
v 0.09370910 -0.07013010 -0.00790220
v 0.09381930 -0.06993930 -0.00822500
v 0.09376390 -0.07003520 -0.00788470
v 0.09337080 -0.07066230 -0.00708950
v 0.09337080 -0.07066230 -0.00708950
v 0.09337080 -0.07066230 -0.00708950
v 0.09337080 -0.07066230 -0.00708950
v 0.09331540 -0.07075790 -0.00730660
v 0.09331540 -0.07075790 -0.00730660
v 0.09331540 -0.07075790 -0.00730660
v 0.09331540 -0.07075790 -0.00730660
v 0.09406540 -0.06951280 -0.00754720
v 0.09342080 -0.07062960 -0.00796610
v 0.09349960 -0.07049290 -0.00812390
v 0.09363170 -0.06993370 -0.00750450
v 0.09358660 -0.06990760 -0.00750450
v 0.09363520 -0.06992770 -0.00754720
v 0.09359000 -0.06990170 -0.00754720
v 0.09368310 -0.06999930 -0.00785630
v 0.09366860 -0.07002460 -0.00776590
v 0.09363320 -0.07008630 -0.00787230
v 0.09363320 -0.07008630 -0.00777710
v 0.09358290 -0.07017330 -0.00785630
v 0.09359750 -0.07014780 -0.00776590
v 0.09353750 -0.07025180 -0.00781020
v 0.09356550 -0.07020330 -0.00773320
v 0.09349960 -0.07049290 -0.00697050
v 0.09357660 -0.06992480 -0.00754720
v 0.09357380 -0.06992970 -0.00758160
v 0.09358660 -0.06990760 -0.00758990
v 0.09367540 -0.06985820 -0.00747610
v 0.09368080 -0.06984830 -0.00754720
v 0.09363170 -0.06993370 -0.00758990
v 0.09391870 -0.06976720 -0.00812390
v 0.09381330 -0.06994940 -0.00783430
v 0.09360660 -0.06997720 -0.00743520
v 0.09356150 -0.06995110 -0.00743520
v 0.09362200 -0.06995060 -0.00746580
v 0.09357660 -0.06992460 -0.00746580
v 0.09374220 -0.06989680 -0.00761830
v 0.09367540 -0.06985820 -0.00761830
v 0.09372600 -0.06992500 -0.00768230
v 0.09365880 -0.06988640 -0.00768230
v 0.09370050 -0.06996930 -0.00736120
v 0.09363350 -0.06993050 -0.00736120
v 0.09372600 -0.06992500 -0.00741200
v 0.09365880 -0.06988640 -0.00741200
v 0.09372850 -0.06992090 -0.00781020
v 0.09370050 -0.06996930 -0.00773320
v 0.09360150 -0.06998600 -0.00776590
v 0.09358720 -0.07001060 -0.00767880
v 0.09356610 -0.07004750 -0.00777710
v 0.09356610 -0.07004750 -0.00768560
v 0.09352070 -0.07002140 -0.00765860
v 0.09350350 -0.07005110 -0.00765320
v 0.09352070 -0.07002140 -0.00768560
v 0.09349960 -0.07005850 -0.00767880
v 0.09363350 -0.06993050 -0.00773320
v 0.09366860 -0.07002460 -0.00732850
v 0.09368310 -0.06999930 -0.00723800
v 0.09363320 -0.07008630 -0.00731720
v 0.09363320 -0.07008630 -0.00722220
v 0.09353040 -0.07010920 -0.00776590
v 0.09354470 -0.07008460 -0.00767880
v 0.09349960 -0.07005850 -0.00741570
v 0.09354470 -0.07008460 -0.00741570
v 0.09348010 -0.07009190 -0.00743520
v 0.09352530 -0.07011800 -0.00743520
v 0.09346470 -0.07011830 -0.00746580
v 0.09351010 -0.07014430 -0.00746580
v 0.09349840 -0.07016450 -0.00773320
v 0.09352530 -0.07011800 -0.00765910
v 0.09347300 -0.07020870 -0.00768230
v 0.09351010 -0.07014430 -0.00762850
v 0.09350010 -0.07016150 -0.00750450
v 0.09345670 -0.07023700 -0.00747610
v 0.09349670 -0.07016740 -0.00754720
v 0.09345100 -0.07024660 -0.00754720
v 0.09347040 -0.07036780 -0.00754720
v 0.09351810 -0.07028540 -0.00754720
v 0.09347840 -0.07035400 -0.00744670
v 0.09352350 -0.07027560 -0.00747610
v 0.09347590 -0.07009960 -0.00761270
v 0.09346790 -0.07011330 -0.00758160
v 0.09346470 -0.07011830 -0.00762850
v 0.09345500 -0.07013550 -0.00758990
v 0.09348010 -0.07009190 -0.00765910
v 0.09354010 -0.07024730 -0.00768230
v 0.09352350 -0.07027560 -0.00761830
v 0.09345670 -0.07023700 -0.00761830
v 0.09353040 -0.07010920 -0.00732850
v 0.09349840 -0.07016450 -0.00736120
v 0.09354210 -0.06998450 -0.00767880
v 0.09327170 -0.07016500 -0.00746630
v 0.09350500 -0.07029970 -0.00746630
v 0.09379560 -0.06980460 -0.00754720
v 0.09374790 -0.06988720 -0.00754720
v 0.09378760 -0.06981840 -0.00764760
v 0.09355350 -0.06996460 -0.00763740
v 0.09353810 -0.06999170 -0.00765320
v 0.09356150 -0.06995110 -0.00765910
v 0.09348810 -0.07007820 -0.00745700
v 0.09350350 -0.07005110 -0.00744120
v 0.09409910 -0.06940710 -0.00658400
v 0.09408510 -0.06941100 -0.00663040
v 0.09406170 -0.06935840 -0.00658400
v 0.09405000 -0.06937880 -0.00664090
v 0.09405000 -0.06937880 -0.00664090
v 0.09297280 -0.07058750 -0.00558010
v 0.09325720 -0.07075170 -0.00558010
v 0.09373710 -0.06926380 -0.00558010
v 0.09402140 -0.06942800 -0.00558010
v 0.09322890 -0.07080110 -0.00664090
v 0.09322890 -0.07080110 -0.00664090
v 0.09294430 -0.07063670 -0.00664090
v 0.09294430 -0.07063670 -0.00664090
v 0.09297280 -0.07058750 -0.00666440
v 0.09376540 -0.06921460 -0.00560360
v 0.09376540 -0.06921460 -0.00560360
v 0.09405000 -0.06937880 -0.00560360
v 0.09405000 -0.06937880 -0.00560360
v 0.09377730 -0.06919420 -0.00566060
v 0.09406170 -0.06935840 -0.00566060
v 0.09327430 -0.07081520 -0.00663040
v 0.09321690 -0.07082150 -0.00658400
v 0.09327800 -0.07082940 -0.00658400
v 0.09407080 -0.06945650 -0.00560360
v 0.09408510 -0.06941100 -0.00561410
v 0.09376540 -0.06921460 -0.00664090
v 0.09376540 -0.06921460 -0.00664090
v 0.09377730 -0.06919420 -0.00658400
v 0.09409910 -0.06940710 -0.00566060
v 0.09330660 -0.07078030 -0.00560360
v 0.09327430 -0.07081520 -0.00561410
v 0.09332680 -0.07079210 -0.00566060
v 0.09327800 -0.07082940 -0.00566060
v 0.09324600 -0.07074800 -0.00729810
v 0.09301280 -0.07061330 -0.00729810
v 0.09315930 -0.07035960 -0.00862110
v 0.09339250 -0.07049440 -0.00862110
v 0.09327170 -0.07016520 -0.00850670
v 0.09350470 -0.07029970 -0.00850670
v 0.09339620 -0.06994940 -0.00846720
v 0.09362950 -0.07008410 -0.00846720
v 0.09372220 -0.06938470 -0.00879940
v 0.09395550 -0.06951940 -0.00879940
v 0.09377930 -0.06928570 -0.00902410
v 0.09354120 -0.07036700 -0.00754720
v 0.09339620 -0.06994940 -0.00835310
v 0.09339620 -0.06994940 -0.00780900
v 0.09335570 -0.07001940 -0.00779610
v 0.09307020 -0.07051430 -0.00802090
v 0.09329030 -0.07013280 -0.00739340
v 0.09350210 -0.06976600 -0.00739340
v 0.09352070 -0.06973380 -0.00762800
v 0.09350210 -0.06976600 -0.00770100
v 0.09373540 -0.06990070 -0.00770100
v 0.09387780 -0.06983780 -0.00765690
v 0.09388640 -0.06982280 -0.00754720
v 0.09376450 -0.06985840 -0.00773830
v 0.09373710 -0.06926380 -0.00666440
v 0.09345670 -0.07051300 -0.00691720
v 0.09345670 -0.07051300 -0.00691720
v 0.09345670 -0.07051300 -0.00691720
v 0.09345670 -0.07051300 -0.00691720
v 0.09332680 -0.07079210 -0.00658400
v 0.09409110 -0.06946830 -0.00658400
v 0.09409110 -0.06946830 -0.00566060
v 0.09380270 -0.06991420 -0.00771710
v 0.09385270 -0.06988150 -0.00775580
v 0.09376450 -0.06985840 -0.00735610
v 0.09378760 -0.06981840 -0.00744670
v 0.09374220 -0.06989680 -0.00747610
v 0.09347300 -0.07020870 -0.00741200
v 0.09353750 -0.07025180 -0.00728420
v 0.09356550 -0.07020330 -0.00736120
v 0.09358290 -0.07017330 -0.00723800
v 0.09359750 -0.07014780 -0.00732850
v 0.09350010 -0.07016150 -0.00758990
v 0.09358720 -0.07001060 -0.00741570
v 0.09354210 -0.06998450 -0.00741570
v 0.09360660 -0.06997720 -0.00765910
v 0.09356610 -0.07004750 -0.00740890
v 0.09352070 -0.07002140 -0.00740890
v 0.09352070 -0.07002140 -0.00743570
v 0.09353810 -0.06999170 -0.00744120
v 0.09360150 -0.06998600 -0.00732850
v 0.09356610 -0.07004750 -0.00731720
v 0.09362200 -0.06995060 -0.00762850
v 0.09345500 -0.07013550 -0.00750450
v 0.09345160 -0.07014110 -0.00754720
v 0.09350150 -0.07031390 -0.00735610
v 0.09354010 -0.07024730 -0.00741200
v 0.09355350 -0.06996460 -0.00745700
v 0.09350150 -0.07031390 -0.00773830
v 0.09356580 -0.06994320 -0.00748160
v 0.09357380 -0.06992970 -0.00751270
v 0.09346790 -0.07011330 -0.00751270
v 0.09347590 -0.07009960 -0.00748160
v 0.09357660 -0.06992460 -0.00762850
v 0.09321690 -0.07082150 -0.00566060
v 0.09322890 -0.07080110 -0.00560360
v 0.09322890 -0.07080110 -0.00560360
v 0.09294430 -0.07063670 -0.00560360
v 0.09294430 -0.07063670 -0.00560360
v 0.09293260 -0.07065710 -0.00658400
v 0.09356550 -0.07032500 -0.00680670
v 0.09356550 -0.07032500 -0.00680670
v 0.09356550 -0.07032500 -0.00680670
v 0.09356550 -0.07032500 -0.00680670
v 0.09368570 -0.07011650 -0.00676850
v 0.09368570 -0.07011650 -0.00676850
v 0.09368570 -0.07011650 -0.00676850
v 0.09368570 -0.07011650 -0.00676850
v 0.09360460 -0.07031070 -0.00783430
v 0.09346500 -0.07011800 -0.00754720
v 0.09391470 -0.06972030 -0.00817710
v 0.09391470 -0.06972030 -0.00817710
v 0.09391470 -0.06972030 -0.00817710
v 0.09391470 -0.06972030 -0.00817710
v 0.09347840 -0.07035400 -0.00764760
v 0.09372220 -0.06938470 -0.00802090
v 0.09395550 -0.06951940 -0.00802090
v 0.09348810 -0.07007820 -0.00763740
v 0.09293260 -0.07065710 -0.00566060
v 0.09372850 -0.06992090 -0.00728420
v 0.09356580 -0.06994320 -0.00761270
vt 0.50010000 0.12740000
vt 0.50010000 0.50000000
vt 0.55000000 0.50000000
vt 0.55000000 0.12740000
vt 0.35000000 0.12740000
vt 0.35000000 0.50000000
vt 0.39990000 0.50000000
vt 0.39990000 0.12740000
vt 0.94990000 0.12740000
vt 0.94990000 0.50000000
vt 1.00000000 0.50000000
vt 0.00000000 0.50000000
vt 0.00000000 0.12740000
vt 1.00000000 0.12740000
vt 0.32410000 0.77410000
vt 0.32790000 0.75000000
vt 0.32790000 0.75000000
vt 0.32410000 0.77410000
vt 0.80000000 0.12740000
vt 0.80000000 0.50000000
vt 0.85000000 0.50000000
vt 0.85000000 0.12740000
vt 0.17590000 0.72590000
vt 0.17200000 0.75000000
vt 0.17200000 0.75000000
vt 0.17590000 0.72590000
vt 0.32580000 0.26190000
vt 0.32580000 0.48810000
vt 0.37500000 0.48810000
vt 0.37500000 0.26190000
vt 0.37480000 0.92170000
vt 0.39200000 0.94320000
vt 0.27460000 0.95830000
vt 0.31560000 0.95180000
vt 0.60090000 0.00000000
vt 0.55000000 0.12740000
vt 0.55000000 0.50000000
vt 0.27580000 0.98590000
vt 0.27540000 0.97550000
vt 0.60000000 0.50000000
vt 0.60000000 0.12740000
vt 0.10000000 0.12740000
vt 0.10000000 0.50000000
vt 0.15000000 0.50000000
vt 0.15000000 0.12740000
vt 0.20000000 0.50000000
vt 0.20000000 0.12740000
vt 0.25000000 0.12740000
vt 0.25000000 0.50000000
vt 0.30000000 0.50000000
vt 0.30000000 0.12740000
vt 0.40080000 0.00000000
vt 0.39910000 0.00000000
vt 0.11010000 0.94480000
vt 0.10800000 0.94320000
vt 0.05680000 0.89200000
vt 0.05530000 0.88990000
vt 0.35090000 0.00000000
vt 0.34920000 0.00000000
vt 0.45000000 0.50000000
vt 0.45000000 0.12740000
vt 0.17470000 0.97770000
vt 0.44920000 0.00000000
vt 0.17710000 0.97840000
vt 0.45090000 0.00000000
vt 0.49920000 0.00000000
vt 0.25130000 0.98980000
vt 0.24870000 0.98980000
vt 0.50080000 0.00000000
vt 0.17590000 0.77410000
vt 0.17200000 0.75000000
vt 0.17590000 0.77410000
vt 0.29580000 0.68700000
vt 0.31300000 0.70420000
vt 0.31300000 0.70420000
vt 0.29580000 0.68700000
vt 0.25000000 0.67200000
vt 0.27410000 0.67590000
vt 0.27410000 0.67590000
vt 0.25000000 0.67200000
vt 0.17590000 0.72590000
vt 0.18690000 0.70420000
vt 0.18690000 0.70420000
vt 0.32410000 0.77410000
vt 0.31300000 0.79580000
vt 0.31300000 0.79580000
vt 0.22590000 0.82420000
vt 0.25000000 0.82790000
vt 0.25000000 0.82790000
vt 0.22590000 0.82420000
vt 0.27410000 0.82420000
vt 0.27410000 0.82420000
vt 0.32410000 0.72590000
vt 0.31300000 0.70420000
vt 0.32410000 0.72590000
vt 0.95080000 0.00000000
vt 0.94920000 0.00000000
vt 0.32290000 0.52150000
vt 0.32540000 0.52240000
vt 0.38990000 0.55530000
vt 0.89920000 0.00000000
vt 0.90090000 0.00000000
vt 0.39200000 0.55670000
vt 0.90000000 0.12740000
vt 0.20410000 0.68700000
vt 0.18690000 0.70420000
vt 0.20410000 0.68700000
vt 0.84910000 0.00000000
vt 0.44330000 0.60810000
vt 0.85080000 0.00000000
vt 0.44480000 0.61010000
vt 0.79920000 0.00000000
vt 0.80090000 0.00000000
vt 0.47850000 0.67710000
vt 0.47770000 0.67470000
vt 0.16440000 0.81210000
vt 0.18790000 0.83550000
vt 0.20410000 0.81310000
vt 0.18690000 0.79580000
vt 0.14940000 0.78270000
vt 0.17590000 0.77410000
vt 0.16440000 0.68780000
vt 0.14940000 0.71730000
vt 0.18790000 0.66450000
vt 0.21730000 0.64950000
vt 0.22590000 0.67590000
vt 0.42170000 0.62520000
vt 0.89920000 0.00000000
vt 0.94920000 0.00000000
vt 0.94990000 0.12740000
vt 0.94990000 0.50000000
vt 0.31560000 0.54810000
vt 0.37480000 0.57830000
vt 0.33550000 0.68780000
vt 0.35050000 0.71730000
vt 0.33550000 0.81210000
vt 0.28260000 0.64950000
vt 0.35560000 0.75000000
vt 0.32410000 0.77410000
vt 0.32790000 0.75000000
vt 0.39100000 0.94420000
vt 0.47820000 0.82420000
vt 0.35050000 0.78270000
vt 0.31220000 0.66450000
vt 0.45180000 0.68450000
vt 0.46220000 0.75000000
vt 0.04810000 0.68450000
vt 0.03770000 0.75000000
vt 0.14430000 0.75000000
vt 0.42170000 0.87480000
vt 0.31300000 0.79580000
vt 0.39100000 0.94420000
vt 0.31220000 0.83550000
vt 0.31560000 0.54810000
vt 0.25000000 0.53770000
vt 0.25000000 0.64430000
vt 0.28260000 0.64950000
vt 0.18450000 0.54810000
vt 0.12530000 0.57830000
vt 0.44480000 0.61010000
vt 0.84910000 0.00000000
vt 0.85080000 0.00000000
vt 0.44330000 0.60810000
vt 0.29910000 0.00000000
vt 0.02150000 0.82300000
vt 0.30080000 0.00000000
vt 0.02230000 0.82530000
vt 0.07830000 0.87480000
vt 0.04810000 0.81560000
vt 0.48980000 0.74880000
vt 0.48980000 0.75130000
vt 0.75080000 0.00000000
vt 0.74910000 0.00000000
vt 0.80090000 0.00000000
vt 0.79920000 0.00000000
vt 0.47770000 0.67470000
vt 0.47850000 0.67710000
vt 0.47770000 0.82530000
vt 0.47850000 0.82300000
vt 0.69920000 0.00000000
vt 0.70090000 0.00000000
vt 0.45180000 0.81560000
vt 0.44330000 0.89200000
vt 0.64910000 0.00000000
vt 0.65080000 0.00000000
vt 0.44480000 0.88990000
vt 0.55080000 0.00000000
vt 0.32290000 0.97840000
vt 0.32540000 0.97770000
vt 0.54910000 0.00000000
vt 0.59920000 0.00000000
vt 0.39200000 0.94320000
vt 0.60090000 0.00000000
vt 0.38990000 0.94480000
vt 0.37480000 0.92170000
vt 0.31560000 0.95180000
vt 0.80000000 0.12740000
vt 0.80000000 0.50000000
vt 0.85000000 0.50000000
vt 0.85000000 0.12740000
vt 0.74910000 0.00000000
vt 0.48980000 0.74880000
vt 0.48980000 0.75130000
vt 0.75080000 0.00000000
vt 0.70090000 0.00000000
vt 0.69920000 0.00000000
vt 0.47770000 0.82530000
vt 0.47850000 0.82300000
vt 0.70000000 0.12740000
vt 0.75000000 0.12740000
vt 0.99910000 0.00000000
vt 0.25130000 0.51020000
vt 0.00090000 0.00000000
vt 0.24870000 0.51020000
vt 0.25000000 0.82790000
vt 0.22590000 0.82420000
vt 0.65000000 0.12740000
vt 0.65000000 0.50000000
vt 0.70000000 0.50000000
vt 0.18690000 0.79580000
vt 0.18690000 0.79580000
vt 0.31300000 0.79580000
vt 0.20410000 0.81310000
vt 0.31220000 0.66450000
vt 0.27410000 0.67590000
vt 0.29580000 0.68700000
vt 0.21730000 0.85050000
vt 0.12530000 0.92170000
vt 0.18450000 0.95180000
vt 0.46220000 0.75000000
vt 0.45180000 0.68450000
vt 0.35050000 0.71730000
vt 0.35560000 0.75000000
vt 0.45180000 0.81560000
vt 0.35050000 0.78270000
vt 0.17470000 0.52240000
vt 0.05080000 0.00000000
vt 0.04920000 0.00000000
vt 0.17710000 0.52150000
vt 0.10800000 0.55670000
vt 0.10080000 0.00000000
vt 0.09910000 0.00000000
vt 0.11010000 0.55530000
vt 0.25000000 0.96220000
vt 0.37480000 0.57830000
vt 0.42170000 0.62520000
vt 0.17580000 0.97830000
vt 0.17580000 0.97830000
vt 0.25000000 0.99000000
vt 0.25000000 0.99000000
vt 0.47820000 0.82420000
vt 0.47820000 0.82420000
vt 0.49000000 0.75000000
vt 0.49000000 0.75000000
vt 0.47820000 0.67590000
vt 0.47820000 0.67590000
vt 0.44410000 0.60890000
vt 0.44410000 0.60890000
vt 0.07830000 0.62520000
vt 0.32410000 0.97830000
vt 0.25000000 0.99000000
vt 0.32410000 0.97830000
vt 0.17580000 0.97830000
vt 0.25000000 0.99000000
vt 0.32410000 0.97830000
vt 0.42170000 0.87480000
vt 0.33550000 0.81210000
vt 0.05580000 0.89100000
vt 0.05580000 0.89100000
vt 0.10890000 0.94420000
vt 0.10890000 0.94420000
vt 0.32410000 0.97830000
vt 0.32410000 0.97830000
vt 0.39100000 0.94420000
vt 0.39100000 0.94420000
vt 0.05580000 0.89100000
vt 0.05580000 0.89100000
vt 0.10890000 0.94420000
vt 0.10890000 0.94420000
vt 0.44410000 0.89100000
vt 0.44410000 0.89100000
vt 0.47820000 0.82420000
vt 0.47820000 0.82420000
vt 0.49000000 0.75000000
vt 0.49000000 0.75000000
vt 0.47820000 0.67590000
vt 0.49000000 0.75000000
vt 0.49000000 0.75000000
vt 0.47820000 0.67590000
vt 0.44410000 0.89100000
vt 0.02170000 0.82420000
vt 0.02170000 0.82420000
vt 0.01000000 0.75000000
vt 0.01000000 0.75000000
vt 0.47820000 0.67590000
vt 0.47820000 0.67590000
vt 0.02170000 0.67590000
vt 0.02170000 0.67590000
vt 0.05580000 0.60890000
vt 0.05580000 0.60890000
vt 0.10890000 0.55590000
vt 0.10890000 0.55590000
vt 0.44410000 0.60890000
vt 0.44410000 0.60890000
vt 0.39100000 0.55590000
vt 0.39100000 0.55590000
vt 0.17580000 0.52180000
vt 0.17580000 0.52180000
vt 0.25000000 0.51000000
vt 0.25000000 0.51000000
vt 0.25000000 0.51000000
vt 0.25000000 0.51000000
vt 0.17580000 0.52180000
vt 0.17580000 0.52180000
vt 0.32410000 0.52180000
vt 0.39100000 0.55590000
vt 0.39100000 0.55590000
vt 0.32410000 0.52180000
vt 0.44410000 0.60890000
vt 0.39100000 0.55590000
vt 0.32410000 0.52180000
vt 0.32410000 0.52180000
vt 0.02170000 0.67590000
vt 0.05580000 0.60890000
vt 0.47820000 0.82420000
vt 0.22590000 0.67590000
vt 0.22590000 0.67590000
vt 0.25000000 0.99000000
vt 0.25000000 0.99000000
vt 0.32410000 0.97830000
vt 0.47820000 0.82420000
vt 0.44410000 0.89100000
vt 0.44410000 0.89100000
vt 0.02170000 0.67590000
vt 0.05580000 0.60890000
vt 0.37760000 0.24480000
vt 0.39360000 0.24990000
vt 0.39360000 0.20090000
vt 0.32580000 0.24990000
vt 0.37500000 0.20090000
vt 0.67420000 0.48810000
vt 0.87500000 0.48810000
vt 0.87500000 0.26190000
vt 0.67420000 0.26190000
vt 0.37500000 0.75000000
vt 0.12500000 0.50000000
vt 0.32580000 0.50000000
vt 0.37500000 0.54920000
vt 0.12500000 0.48810000
vt 0.62500000 0.20090000
vt 0.67420000 0.24990000
vt 0.62500000 0.00000000
vt 0.87500000 0.24990000
vt 0.60650000 0.00000000
vt 0.60650000 0.20090000
vt 0.37060000 0.49830000
vt 0.39360000 0.54920000
vt 0.39360000 0.50000000
vt 0.62930000 0.25160000
vt 0.62500000 0.26190000
vt 0.37500000 0.00000000
vt 0.12500000 0.24990000
vt 0.39360000 0.00000000
vt 0.60650000 0.24990000
vt 0.62240000 0.50520000
vt 0.62500000 0.48810000
vt 0.60650000 0.48810000
vt 0.60650000 0.50000000
vt 0.05010000 0.12740000
vt 0.05010000 0.50000000
vt 0.65000000 0.50000000
vt 0.65000000 0.12740000
vt 0.70000000 0.12740000
vt 0.70000000 0.50000000
vt 0.75000000 0.50000000
vt 0.75000000 0.12740000
vt 0.90000000 0.50000000
vt 0.90000000 0.12740000
vt 0.25000000 0.67200000
vt 0.75000000 0.50000000
vt 0.32410000 0.72590000
vt 0.32790000 0.75000000
vt 0.90000000 0.50000000
vt 0.20410000 0.68700000
vt 0.20410000 0.81310000
vt 0.27410000 0.82420000
vt 0.29580000 0.81310000
vt 0.29580000 0.81310000
vt 0.25000000 0.85570000
vt 0.28260000 0.85050000
vt 0.47820000 0.82420000
vt 0.44410000 0.89100000
vt 0.28260000 0.85050000
vt 0.33550000 0.81210000
vt 0.35050000 0.78270000
vt 0.31300000 0.79580000
vt 0.31560000 0.95180000
vt 0.39100000 0.94420000
vt 0.12500000 0.26190000
vt 0.14920000 0.00000000
vt 0.15090000 0.00000000
vt 0.05680000 0.60810000
vt 0.05530000 0.61010000
vt 0.39360000 0.48810000
vt 0.39360000 0.26190000
vt 0.60650000 0.26190000
vt 0.29580000 0.81310000
vt 0.31220000 0.83550000
vt 0.10890000 0.94420000
vt 0.17580000 0.97830000
vt 0.17580000 0.97830000
vt 0.10890000 0.55590000
vt 0.05580000 0.60890000
vt 0.05580000 0.60890000
vt 0.02170000 0.67590000
vt 0.02170000 0.67590000
vt 0.32410000 0.52180000
vt 0.02170000 0.82420000
vt 0.02170000 0.82420000
vt 0.44410000 0.89100000
vt 0.01000000 0.75000000
vt 0.01000000 0.75000000
vt 0.02170000 0.82420000
vt 0.01000000 0.75000000
vt 0.02170000 0.82420000
vt 0.01000000 0.75000000
vt 0.39100000 0.94420000
vt 0.17580000 0.52180000
vt 0.25000000 0.51000000
vt 0.10890000 0.55590000
vt 0.10890000 0.55590000
vt 0.05580000 0.89100000
vt 0.39100000 0.55590000
vt 0.17580000 0.97830000
vt 0.10890000 0.94420000
vt 0.10890000 0.55590000
vt 0.17580000 0.52180000
vt 0.39100000 0.94420000
vt 0.60650000 0.54920000
vt 0.67420000 0.50000000
vt 0.62500000 0.54920000
vt 0.87500000 0.50000000
vt 0.62500000 0.75000000
vt 0.39360000 0.75000000
vt 0.19910000 0.00000000
vt 0.20080000 0.00000000
vt 0.02150000 0.67710000
vt 0.02230000 0.67470000
vt 0.24920000 0.00000000
vt 0.25090000 0.00000000
vt 0.01030000 0.74880000
vt 0.01030000 0.75130000
vt 0.33550000 0.68780000
vt 0.25000000 0.51000000
vt 0.64910000 0.00000000
vt 0.65080000 0.00000000
vt 0.44480000 0.88990000
vt 0.44330000 0.89200000
vt 0.32410000 0.52180000
vt 0.60000000 0.50000000
vt 0.60000000 0.12740000
vt 0.44410000 0.60890000
vt 0.60650000 0.75000000
vt 0.05580000 0.89100000
vt 0.39100000 0.94420000
vt 0.50010000 0.50000000
vt 0.50010000 0.12740000
vt 0.55000000 0.50000000
vt 0.55000000 0.12740000
vt 0.35000000 0.50000000
vt 0.35000000 0.12740000
vt 0.39990000 0.50000000
vt 0.39990000 0.12740000
vt 0.94990000 0.50000000
vt 0.94990000 0.12740000
vt 0.00000000 0.50000000
vt 1.00000000 0.50000000
vt 1.00000000 0.12740000
vt 0.00000000 0.12740000
vt 0.32790000 0.75000000
vt 0.32410000 0.77410000
vt 0.32790000 0.75000000
vt 0.32410000 0.77410000
vt 0.80000000 0.50000000
vt 0.80000000 0.12740000
vt 0.85000000 0.50000000
vt 0.85000000 0.12740000
vt 0.17200000 0.75000000
vt 0.17590000 0.72590000
vt 0.17200000 0.75000000
vt 0.17590000 0.72590000
vt 0.32580000 0.48810000
vt 0.32580000 0.26190000
vt 0.37500000 0.48810000
vt 0.37500000 0.26190000
vt 0.32290000 0.97840000
vt 0.39200000 0.94320000
vt 0.55000000 0.12740000
vt 0.37480000 0.92170000
vt 0.60090000 0.00000000
vt 0.60000000 0.50000000
vt 0.60000000 0.12740000
vt 0.10000000 0.50000000
vt 0.10000000 0.12740000
vt 0.15000000 0.50000000
vt 0.15000000 0.12740000
vt 0.20000000 0.50000000
vt 0.20000000 0.12740000
vt 0.25000000 0.50000000
vt 0.25000000 0.12740000
vt 0.30000000 0.50000000
vt 0.30000000 0.12740000
vt 0.35090000 0.00000000
vt 0.05680000 0.89200000
vt 0.34920000 0.00000000
vt 0.05530000 0.88990000
vt 0.11010000 0.94480000
vt 0.10800000 0.94320000
vt 0.40080000 0.00000000
vt 0.39910000 0.00000000
vt 0.45000000 0.50000000
vt 0.45000000 0.12740000
vt 0.44920000 0.00000000
vt 0.17710000 0.97840000
vt 0.17470000 0.97770000
vt 0.45090000 0.00000000
vt 0.25130000 0.98980000
vt 0.24870000 0.98980000
vt 0.49920000 0.00000000
vt 0.50080000 0.00000000
vt 0.17200000 0.75000000
vt 0.17590000 0.77410000
vt 0.17590000 0.77410000
vt 0.31300000 0.70420000
vt 0.29580000 0.68700000
vt 0.31300000 0.70420000
vt 0.29580000 0.68700000
vt 0.27410000 0.67590000
vt 0.25000000 0.67200000
vt 0.27410000 0.67590000
vt 0.25000000 0.67200000
vt 0.18690000 0.70420000
vt 0.17590000 0.72590000
vt 0.18690000 0.70420000
vt 0.31300000 0.79580000
vt 0.32410000 0.77410000
vt 0.31300000 0.79580000
vt 0.25000000 0.82790000
vt 0.22590000 0.82420000
vt 0.25000000 0.82790000
vt 0.22590000 0.82420000
vt 0.27410000 0.82420000
vt 0.27410000 0.82420000
vt 0.31300000 0.70420000
vt 0.32410000 0.72590000
vt 0.32410000 0.72590000
vt 0.39200000 0.55670000
vt 0.90090000 0.00000000
vt 0.38990000 0.55530000
vt 0.89920000 0.00000000
vt 0.94920000 0.00000000
vt 0.95080000 0.00000000
vt 0.32290000 0.52150000
vt 0.32540000 0.52240000
vt 0.90000000 0.12740000
vt 0.18690000 0.70420000
vt 0.20410000 0.68700000
vt 0.20410000 0.68700000
vt 0.79920000 0.00000000
vt 0.47770000 0.67470000
vt 0.47850000 0.67710000
vt 0.80090000 0.00000000
vt 0.85080000 0.00000000
vt 0.44480000 0.61010000
vt 0.44330000 0.60810000
vt 0.84910000 0.00000000
vt 0.18790000 0.83550000
vt 0.16440000 0.81210000
vt 0.20410000 0.81310000
vt 0.18690000 0.79580000
vt 0.14940000 0.78270000
vt 0.17590000 0.77410000
vt 0.14940000 0.71730000
vt 0.16440000 0.68780000
vt 0.18790000 0.66450000
vt 0.21730000 0.64950000
vt 0.22590000 0.67590000
vt 0.90090000 0.00000000
vt 0.89920000 0.00000000
vt 0.37480000 0.57830000
vt 0.42170000 0.62520000
vt 0.45180000 0.68450000
vt 0.35560000 0.75000000
vt 0.35050000 0.71730000
vt 0.49000000 0.75000000
vt 0.46220000 0.75000000
vt 0.03770000 0.75000000
vt 0.04810000 0.68450000
vt 0.14430000 0.75000000
vt 0.42170000 0.87480000
vt 0.25000000 0.53770000
vt 0.31560000 0.54810000
vt 0.25000000 0.64430000
vt 0.28260000 0.64950000
vt 0.12530000 0.57830000
vt 0.18450000 0.54810000
vt 0.84910000 0.00000000
vt 0.85080000 0.00000000
vt 0.44330000 0.60810000
vt 0.44480000 0.61010000
vt 0.30080000 0.00000000
vt 0.02150000 0.82300000
vt 0.29910000 0.00000000
vt 0.02230000 0.82530000
vt 0.07830000 0.87480000
vt 0.04810000 0.81560000
vt 0.47850000 0.67710000
vt 0.79920000 0.00000000
vt 0.47770000 0.67470000
vt 0.80090000 0.00000000
vt 0.48980000 0.75130000
vt 0.48980000 0.74880000
vt 0.74910000 0.00000000
vt 0.75080000 0.00000000
vt 0.47770000 0.82530000
vt 0.47850000 0.82300000
vt 0.69920000 0.00000000
vt 0.70090000 0.00000000
vt 0.45180000 0.81560000
vt 0.65080000 0.00000000
vt 0.44330000 0.89200000
vt 0.64910000 0.00000000
vt 0.44480000 0.88990000
vt 0.39200000 0.94320000
vt 0.60090000 0.00000000
vt 0.59920000 0.00000000
vt 0.38990000 0.94480000
vt 0.32540000 0.97770000
vt 0.55080000 0.00000000
vt 0.54910000 0.00000000
vt 0.32290000 0.97840000
vt 0.37480000 0.92170000
vt 0.31560000 0.95180000
vt 0.80000000 0.50000000
vt 0.80000000 0.12740000
vt 0.85000000 0.50000000
vt 0.85000000 0.12740000
vt 0.69920000 0.00000000
vt 0.47770000 0.82530000
vt 0.47850000 0.82300000
vt 0.70090000 0.00000000
vt 0.75080000 0.00000000
vt 0.48980000 0.74880000
vt 0.74910000 0.00000000
vt 0.48980000 0.75130000
vt 0.70000000 0.12740000
vt 0.75000000 0.12740000
vt 0.00090000 0.00000000
vt 0.99910000 0.00000000
vt 0.24870000 0.51020000
vt 0.25130000 0.51020000
vt 0.22590000 0.82420000
vt 0.25000000 0.82790000
vt 0.65000000 0.50000000
vt 0.65000000 0.12740000
vt 0.70000000 0.50000000
vt 0.18690000 0.79580000
vt 0.18690000 0.79580000
vt 0.31300000 0.79580000
vt 0.20410000 0.81310000
vt 0.31220000 0.66450000
vt 0.27410000 0.67590000
vt 0.29580000 0.68700000
vt 0.21730000 0.85050000
vt 0.18450000 0.95180000
vt 0.12530000 0.92170000
vt 0.45180000 0.68450000
vt 0.46220000 0.75000000
vt 0.35050000 0.71730000
vt 0.35560000 0.75000000
vt 0.45180000 0.81560000
vt 0.35050000 0.78270000
vt 0.09910000 0.00000000
vt 0.10080000 0.00000000
vt 0.10800000 0.55670000
vt 0.11010000 0.55530000
vt 0.17470000 0.52240000
vt 0.04920000 0.00000000
vt 0.17710000 0.52150000
vt 0.05080000 0.00000000
vt 0.25000000 0.96220000
vt 0.37480000 0.57830000
vt 0.42170000 0.62520000
vt 0.17580000 0.97830000
vt 0.17580000 0.97830000
vt 0.25000000 0.99000000
vt 0.25000000 0.99000000
vt 0.47820000 0.82420000
vt 0.47820000 0.82420000
vt 0.49000000 0.75000000
vt 0.49000000 0.75000000
vt 0.47820000 0.67590000
vt 0.47820000 0.67590000
vt 0.44410000 0.60890000
vt 0.44410000 0.60890000
vt 0.07830000 0.62520000
vt 0.25000000 0.99000000
vt 0.32410000 0.97830000
vt 0.32410000 0.97830000
vt 0.17580000 0.97830000
vt 0.25000000 0.99000000
vt 0.32410000 0.97830000
vt 0.42170000 0.87480000
vt 0.33550000 0.81210000
vt 0.05580000 0.89100000
vt 0.05580000 0.89100000
vt 0.10890000 0.94420000
vt 0.10890000 0.94420000
vt 0.32410000 0.97830000
vt 0.32410000 0.97830000
vt 0.39100000 0.94420000
vt 0.39100000 0.94420000
vt 0.05580000 0.89100000
vt 0.05580000 0.89100000
vt 0.10890000 0.94420000
vt 0.10890000 0.94420000
vt 0.44410000 0.89100000
vt 0.44410000 0.89100000
vt 0.47820000 0.82420000
vt 0.47820000 0.82420000
vt 0.49000000 0.75000000
vt 0.49000000 0.75000000
vt 0.49000000 0.75000000
vt 0.47820000 0.67590000
vt 0.49000000 0.75000000
vt 0.47820000 0.67590000
vt 0.44410000 0.89100000
vt 0.02170000 0.82420000
vt 0.02170000 0.82420000
vt 0.01000000 0.75000000
vt 0.01000000 0.75000000
vt 0.47820000 0.67590000
vt 0.47820000 0.67590000
vt 0.02170000 0.67590000
vt 0.02170000 0.67590000
vt 0.05580000 0.60890000
vt 0.05580000 0.60890000
vt 0.10890000 0.55590000
vt 0.10890000 0.55590000
vt 0.44410000 0.60890000
vt 0.44410000 0.60890000
vt 0.39100000 0.55590000
vt 0.39100000 0.55590000
vt 0.17580000 0.52180000
vt 0.17580000 0.52180000
vt 0.25000000 0.51000000
vt 0.25000000 0.51000000
vt 0.25000000 0.51000000
vt 0.25000000 0.51000000
vt 0.17580000 0.52180000
vt 0.17580000 0.52180000
vt 0.39100000 0.55590000
vt 0.32410000 0.52180000
vt 0.39100000 0.55590000
vt 0.32410000 0.52180000
vt 0.44410000 0.60890000
vt 0.39100000 0.55590000
vt 0.32410000 0.52180000
vt 0.32410000 0.52180000
vt 0.02170000 0.67590000
vt 0.05580000 0.60890000
vt 0.47820000 0.82420000
vt 0.22590000 0.67590000
vt 0.22590000 0.67590000
vt 0.25000000 0.99000000
vt 0.25000000 0.99000000
vt 0.32410000 0.97830000
vt 0.44410000 0.89100000
vt 0.47820000 0.82420000
vt 0.44410000 0.89100000
vt 0.05580000 0.60890000
vt 0.02170000 0.67590000
vt 0.39360000 0.24990000
vt 0.37760000 0.24480000
vt 0.39360000 0.20090000
vt 0.32580000 0.24990000
vt 0.37500000 0.20090000
vt 0.87500000 0.48810000
vt 0.67420000 0.48810000
vt 0.87500000 0.26190000
vt 0.67420000 0.26190000
vt 0.32580000 0.50000000
vt 0.37500000 0.54920000
vt 0.37500000 0.75000000
vt 0.12500000 0.50000000
vt 0.12500000 0.48810000
vt 0.62500000 0.00000000
vt 0.87500000 0.24990000
vt 0.67420000 0.24990000
vt 0.62500000 0.20090000
vt 0.60650000 0.00000000
vt 0.60650000 0.20090000
vt 0.37060000 0.49830000
vt 0.39360000 0.54920000
vt 0.39360000 0.50000000
vt 0.62500000 0.26190000
vt 0.62930000 0.25160000
vt 0.12500000 0.24990000
vt 0.37500000 0.00000000
vt 0.39360000 0.00000000
vt 0.60650000 0.24990000
vt 0.62500000 0.48810000
vt 0.62240000 0.50520000
vt 0.60650000 0.48810000
vt 0.60650000 0.50000000
vt 0.05010000 0.12740000
vt 0.05010000 0.50000000
vt 0.65000000 0.50000000
vt 0.65000000 0.12740000
vt 0.70000000 0.50000000
vt 0.70000000 0.12740000
vt 0.75000000 0.50000000
vt 0.75000000 0.12740000
vt 0.90000000 0.50000000
vt 0.90000000 0.12740000
vt 0.94990000 0.50000000
vt 0.25000000 0.67200000
vt 0.75000000 0.50000000
vt 0.32790000 0.75000000
vt 0.32410000 0.72590000
vt 0.90000000 0.50000000
vt 0.20410000 0.68700000
vt 0.20410000 0.81310000
vt 0.27410000 0.82420000
vt 0.29580000 0.81310000
vt 0.29580000 0.81310000
vt 0.28260000 0.85050000
vt 0.25000000 0.85570000
vt 0.39100000 0.94420000
vt 0.12500000 0.26190000
vt 0.14920000 0.00000000
vt 0.05680000 0.60810000
vt 0.15090000 0.00000000
vt 0.05530000 0.61010000
vt 0.39360000 0.48810000
vt 0.39360000 0.26190000
vt 0.60650000 0.26190000
vt 0.29580000 0.81310000
vt 0.31220000 0.83550000
vt 0.10890000 0.94420000
vt 0.17580000 0.97830000
vt 0.17580000 0.97830000
vt 0.10890000 0.55590000
vt 0.05580000 0.60890000
vt 0.05580000 0.60890000
vt 0.02170000 0.67590000
vt 0.02170000 0.67590000
vt 0.32410000 0.52180000
vt 0.02170000 0.82420000
vt 0.02170000 0.82420000
vt 0.44410000 0.89100000
vt 0.01000000 0.75000000
vt 0.01000000 0.75000000
vt 0.01000000 0.75000000
vt 0.02170000 0.82420000
vt 0.02170000 0.82420000
vt 0.01000000 0.75000000
vt 0.39100000 0.94420000
vt 0.17580000 0.52180000
vt 0.25000000 0.51000000
vt 0.10890000 0.55590000
vt 0.10890000 0.55590000
vt 0.05580000 0.89100000
vt 0.39100000 0.55590000
vt 0.10890000 0.94420000
vt 0.17580000 0.97830000
vt 0.17580000 0.52180000
vt 0.10890000 0.55590000
vt 0.39100000 0.94420000
vt 0.60650000 0.54920000
vt 0.67420000 0.50000000
vt 0.62500000 0.54920000
vt 0.62500000 0.75000000
vt 0.87500000 0.50000000
vt 0.39360000 0.75000000
vt 0.20080000 0.00000000
vt 0.02150000 0.67710000
vt 0.02230000 0.67470000
vt 0.19910000 0.00000000
vt 0.24920000 0.00000000
vt 0.01030000 0.75130000
vt 0.25090000 0.00000000
vt 0.01030000 0.74880000
vt 0.33550000 0.68780000
vt 0.25000000 0.51000000
vt 0.64910000 0.00000000
vt 0.44480000 0.88990000
vt 0.65080000 0.00000000
vt 0.44330000 0.89200000
vt 0.32410000 0.52180000
vt 0.60000000 0.50000000
vt 0.60000000 0.12740000
vt 0.44410000 0.60890000
vt 0.60650000 0.75000000
vt 0.05580000 0.89100000
vt 0.39100000 0.94420000
vt 0.50010000 0.12740000
vt 0.50010000 0.50000000
vt 0.55000000 0.50000000
vt 0.55000000 0.12740000
vt 0.35000000 0.12740000
vt 0.35000000 0.50000000
vt 0.39990000 0.50000000
vt 0.39990000 0.12740000
vt 0.94990000 0.12740000
vt 0.94990000 0.50000000
vt 1.00000000 0.50000000
vt 0.00000000 0.50000000
vt 0.00000000 0.12740000
vt 1.00000000 0.12740000
vt 0.32410000 0.77410000
vt 0.32790000 0.75000000
vt 0.32790000 0.75000000
vt 0.32410000 0.77410000
vt 0.80000000 0.12740000
vt 0.80000000 0.50000000
vt 0.85000000 0.50000000
vt 0.85000000 0.12740000
vt 0.17590000 0.72590000
vt 0.17200000 0.75000000
vt 0.17200000 0.75000000
vt 0.17590000 0.72590000
vt 0.32580000 0.26190000
vt 0.32580000 0.48810000
vt 0.37500000 0.48810000
vt 0.37500000 0.26190000
vt 0.37480000 0.92170000
vt 0.31560000 0.95180000
vt 0.55000000 0.12740000
vt 0.60090000 0.00000000
vt 0.39200000 0.94320000
vt 0.27460000 0.95830000
vt 0.55000000 0.50000000
vt 0.27580000 0.98590000
vt 0.27540000 0.97550000
vt 0.60000000 0.50000000
vt 0.60000000 0.12740000
vt 0.10000000 0.12740000
vt 0.10000000 0.50000000
vt 0.15000000 0.50000000
vt 0.15000000 0.12740000
vt 0.20000000 0.50000000
vt 0.20000000 0.12740000
vt 0.25000000 0.12740000
vt 0.25000000 0.50000000
vt 0.30000000 0.50000000
vt 0.30000000 0.12740000
vt 0.10800000 0.94320000
vt 0.11010000 0.94480000
vt 0.40080000 0.00000000
vt 0.39910000 0.00000000
vt 0.05530000 0.88990000
vt 0.35090000 0.00000000
vt 0.05680000 0.89200000
vt 0.34920000 0.00000000
vt 0.45000000 0.50000000
vt 0.45000000 0.12740000
vt 0.45090000 0.00000000
vt 0.44920000 0.00000000
vt 0.17470000 0.97770000
vt 0.17710000 0.97840000
vt 0.24870000 0.98980000
vt 0.50080000 0.00000000
vt 0.25130000 0.98980000
vt 0.49920000 0.00000000
vt 0.17590000 0.77410000
vt 0.17200000 0.75000000
vt 0.17590000 0.77410000
vt 0.29580000 0.68700000
vt 0.31300000 0.70420000
vt 0.31300000 0.70420000
vt 0.29580000 0.68700000
vt 0.25000000 0.67200000
vt 0.27410000 0.67590000
vt 0.27410000 0.67590000
vt 0.25000000 0.67200000
vt 0.17590000 0.72590000
vt 0.18690000 0.70420000
vt 0.18690000 0.70420000
vt 0.32410000 0.77410000
vt 0.31300000 0.79580000
vt 0.31300000 0.79580000
vt 0.22590000 0.82420000
vt 0.25000000 0.82790000
vt 0.25000000 0.82790000
vt 0.22590000 0.82420000
vt 0.27410000 0.82420000
vt 0.27410000 0.82420000
vt 0.32410000 0.72590000
vt 0.31300000 0.70420000
vt 0.32410000 0.72590000
vt 0.95080000 0.00000000
vt 0.94920000 0.00000000
vt 0.32290000 0.52150000
vt 0.32540000 0.52240000
vt 0.38990000 0.55530000
vt 0.39200000 0.55670000
vt 0.89920000 0.00000000
vt 0.90090000 0.00000000
vt 0.90000000 0.12740000
vt 0.20410000 0.68700000
vt 0.18690000 0.70420000
vt 0.20410000 0.68700000
vt 0.84910000 0.00000000
vt 0.85080000 0.00000000
vt 0.44330000 0.60810000
vt 0.44480000 0.61010000
vt 0.47770000 0.67470000
vt 0.80090000 0.00000000
vt 0.47850000 0.67710000
vt 0.79920000 0.00000000
vt 0.16440000 0.81210000
vt 0.18790000 0.83550000
vt 0.20410000 0.81310000
vt 0.18690000 0.79580000
vt 0.14940000 0.78270000
vt 0.17590000 0.77410000
vt 0.16440000 0.68780000
vt 0.14940000 0.71730000
vt 0.18790000 0.66450000
vt 0.21730000 0.64950000
vt 0.22590000 0.67590000
vt 0.42170000 0.62520000
vt 0.31560000 0.54810000
vt 0.37480000 0.57830000
vt 0.94990000 0.12740000
vt 0.94920000 0.00000000
vt 0.94990000 0.50000000
vt 0.89920000 0.00000000
vt 0.31220000 0.66450000
vt 0.47820000 0.82420000
vt 0.28260000 0.64950000
vt 0.33550000 0.81210000
vt 0.35050000 0.71730000
vt 0.35560000 0.75000000
vt 0.35050000 0.78270000
vt 0.32790000 0.75000000
vt 0.39100000 0.94420000
vt 0.33550000 0.68780000
vt 0.32410000 0.77410000
vt 0.45180000 0.68450000
vt 0.46220000 0.75000000
vt 0.04810000 0.68450000
vt 0.03770000 0.75000000
vt 0.14430000 0.75000000
vt 0.42170000 0.87480000
vt 0.31300000 0.79580000
vt 0.31220000 0.83550000
vt 0.39100000 0.94420000
vt 0.31560000 0.54810000
vt 0.25000000 0.53770000
vt 0.25000000 0.64430000
vt 0.28260000 0.64950000
vt 0.18450000 0.54810000
vt 0.12530000 0.57830000
vt 0.84910000 0.00000000
vt 0.44480000 0.61010000
vt 0.85080000 0.00000000
vt 0.44330000 0.60810000
vt 0.29910000 0.00000000
vt 0.30080000 0.00000000
vt 0.02150000 0.82300000
vt 0.02230000 0.82530000
vt 0.07830000 0.87480000
vt 0.04810000 0.81560000
vt 0.48980000 0.74880000
vt 0.75080000 0.00000000
vt 0.48980000 0.75130000
vt 0.74910000 0.00000000
vt 0.79920000 0.00000000
vt 0.47850000 0.67710000
vt 0.80090000 0.00000000
vt 0.47770000 0.67470000
vt 0.70090000 0.00000000
vt 0.47770000 0.82530000
vt 0.47850000 0.82300000
vt 0.69920000 0.00000000
vt 0.45180000 0.81560000
vt 0.44330000 0.89200000
vt 0.64910000 0.00000000
vt 0.65080000 0.00000000
vt 0.44480000 0.88990000
vt 0.55080000 0.00000000
vt 0.54910000 0.00000000
vt 0.32540000 0.97770000
vt 0.32290000 0.97840000
vt 0.38990000 0.94480000
vt 0.39200000 0.94320000
vt 0.59920000 0.00000000
vt 0.60090000 0.00000000
vt 0.37480000 0.92170000
vt 0.31560000 0.95180000
vt 0.80000000 0.12740000
vt 0.80000000 0.50000000
vt 0.85000000 0.50000000
vt 0.85000000 0.12740000
vt 0.48980000 0.75130000
vt 0.74910000 0.00000000
vt 0.75080000 0.00000000
vt 0.48980000 0.74880000
vt 0.47770000 0.82530000
vt 0.69920000 0.00000000
vt 0.47850000 0.82300000
vt 0.70090000 0.00000000
vt 0.70000000 0.12740000
vt 0.75000000 0.12740000
vt 0.99910000 0.00000000
vt 0.00090000 0.00000000
vt 0.24870000 0.51020000
vt 0.25130000 0.51020000
vt 0.25000000 0.82790000
vt 0.22590000 0.82420000
vt 0.65000000 0.12740000
vt 0.65000000 0.50000000
vt 0.70000000 0.50000000
vt 0.18690000 0.79580000
vt 0.18690000 0.79580000
vt 0.31300000 0.79580000
vt 0.20410000 0.81310000
vt 0.31220000 0.66450000
vt 0.27410000 0.67590000
vt 0.29580000 0.68700000
vt 0.21730000 0.85050000
vt 0.12530000 0.92170000
vt 0.18450000 0.95180000
vt 0.46220000 0.75000000
vt 0.45180000 0.68450000
vt 0.35050000 0.71730000
vt 0.35560000 0.75000000
vt 0.45180000 0.81560000
vt 0.35050000 0.78270000
vt 0.05080000 0.00000000
vt 0.17470000 0.52240000
vt 0.17710000 0.52150000
vt 0.04920000 0.00000000
vt 0.11010000 0.55530000
vt 0.10080000 0.00000000
vt 0.09910000 0.00000000
vt 0.10800000 0.55670000
vt 0.25000000 0.96220000
vt 0.37480000 0.57830000
vt 0.42170000 0.62520000
vt 0.17580000 0.97830000
vt 0.17580000 0.97830000
vt 0.25000000 0.99000000
vt 0.25000000 0.99000000
vt 0.47820000 0.82420000
vt 0.47820000 0.82420000
vt 0.49000000 0.75000000
vt 0.49000000 0.75000000
vt 0.47820000 0.67590000
vt 0.47820000 0.67590000
vt 0.44410000 0.60890000
vt 0.44410000 0.60890000
vt 0.07830000 0.62520000
vt 0.32410000 0.97830000
vt 0.25000000 0.99000000
vt 0.32410000 0.97830000
vt 0.17580000 0.97830000
vt 0.25000000 0.99000000
vt 0.32410000 0.97830000
vt 0.42170000 0.87480000
vt 0.33550000 0.81210000
vt 0.05580000 0.89100000
vt 0.05580000 0.89100000
vt 0.10890000 0.94420000
vt 0.10890000 0.94420000
vt 0.32410000 0.97830000
vt 0.32410000 0.97830000
vt 0.39100000 0.94420000
vt 0.39100000 0.94420000
vt 0.05580000 0.89100000
vt 0.05580000 0.89100000
vt 0.10890000 0.94420000
vt 0.10890000 0.94420000
vt 0.44410000 0.89100000
vt 0.44410000 0.89100000
vt 0.47820000 0.82420000
vt 0.47820000 0.82420000
vt 0.49000000 0.75000000
vt 0.49000000 0.75000000
vt 0.47820000 0.67590000
vt 0.49000000 0.75000000
vt 0.49000000 0.75000000
vt 0.47820000 0.67590000
vt 0.44410000 0.89100000
vt 0.02170000 0.82420000
vt 0.02170000 0.82420000
vt 0.01000000 0.75000000
vt 0.01000000 0.75000000
vt 0.47820000 0.67590000
vt 0.47820000 0.67590000
vt 0.02170000 0.67590000
vt 0.02170000 0.67590000
vt 0.05580000 0.60890000
vt 0.05580000 0.60890000
vt 0.10890000 0.55590000
vt 0.10890000 0.55590000
vt 0.44410000 0.60890000
vt 0.44410000 0.60890000
vt 0.39100000 0.55590000
vt 0.39100000 0.55590000
vt 0.17580000 0.52180000
vt 0.17580000 0.52180000
vt 0.25000000 0.51000000
vt 0.25000000 0.51000000
vt 0.25000000 0.51000000
vt 0.25000000 0.51000000
vt 0.17580000 0.52180000
vt 0.17580000 0.52180000
vt 0.32410000 0.52180000
vt 0.39100000 0.55590000
vt 0.39100000 0.55590000
vt 0.32410000 0.52180000
vt 0.44410000 0.60890000
vt 0.39100000 0.55590000
vt 0.32410000 0.52180000
vt 0.32410000 0.52180000
vt 0.02170000 0.67590000
vt 0.05580000 0.60890000
vt 0.47820000 0.82420000
vt 0.22590000 0.67590000
vt 0.22590000 0.67590000
vt 0.25000000 0.99000000
vt 0.25000000 0.99000000
vt 0.32410000 0.97830000
vt 0.47820000 0.82420000
vt 0.44410000 0.89100000
vt 0.44410000 0.89100000
vt 0.02170000 0.67590000
vt 0.05580000 0.60890000
vt 0.37760000 0.24480000
vt 0.39360000 0.24990000
vt 0.39360000 0.20090000
vt 0.32580000 0.24990000
vt 0.37500000 0.20090000
vt 0.67420000 0.48810000
vt 0.87500000 0.48810000
vt 0.87500000 0.26190000
vt 0.67420000 0.26190000
vt 0.37500000 0.75000000
vt 0.12500000 0.50000000
vt 0.37500000 0.54920000
vt 0.32580000 0.50000000
vt 0.12500000 0.48810000
vt 0.67420000 0.24990000
vt 0.62500000 0.20090000
vt 0.87500000 0.24990000
vt 0.62500000 0.00000000
vt 0.60650000 0.00000000
vt 0.60650000 0.20090000
vt 0.37060000 0.49830000
vt 0.39360000 0.54920000
vt 0.39360000 0.50000000
vt 0.62930000 0.25160000
vt 0.62500000 0.26190000
vt 0.12500000 0.24990000
vt 0.37500000 0.00000000
vt 0.39360000 0.00000000
vt 0.60650000 0.24990000
vt 0.62240000 0.50520000
vt 0.62500000 0.48810000
vt 0.60650000 0.48810000
vt 0.60650000 0.50000000
vt 0.05010000 0.12740000
vt 0.05010000 0.50000000
vt 0.65000000 0.50000000
vt 0.65000000 0.12740000
vt 0.70000000 0.12740000
vt 0.70000000 0.50000000
vt 0.75000000 0.50000000
vt 0.75000000 0.12740000
vt 0.90000000 0.50000000
vt 0.90000000 0.12740000
vt 0.25000000 0.67200000
vt 0.75000000 0.50000000
vt 0.32410000 0.72590000
vt 0.32790000 0.75000000
vt 0.90000000 0.50000000
vt 0.20410000 0.68700000
vt 0.20410000 0.81310000
vt 0.27410000 0.82420000
vt 0.29580000 0.81310000
vt 0.29580000 0.81310000
vt 0.25000000 0.85570000
vt 0.28260000 0.85050000
vt 0.47820000 0.82420000
vt 0.33550000 0.81210000
vt 0.31560000 0.95180000
vt 0.44410000 0.89100000
vt 0.35050000 0.78270000
vt 0.31300000 0.79580000
vt 0.28260000 0.85050000
vt 0.39100000 0.94420000
vt 0.12500000 0.26190000
vt 0.15090000 0.00000000
vt 0.14920000 0.00000000
vt 0.05680000 0.60810000
vt 0.05530000 0.61010000
vt 0.39360000 0.48810000
vt 0.39360000 0.26190000
vt 0.60650000 0.26190000
vt 0.29580000 0.81310000
vt 0.31220000 0.83550000
vt 0.10890000 0.94420000
vt 0.17580000 0.97830000
vt 0.17580000 0.97830000
vt 0.10890000 0.55590000
vt 0.05580000 0.60890000
vt 0.05580000 0.60890000
vt 0.02170000 0.67590000
vt 0.02170000 0.67590000
vt 0.32410000 0.52180000
vt 0.02170000 0.82420000
vt 0.02170000 0.82420000
vt 0.44410000 0.89100000
vt 0.01000000 0.75000000
vt 0.01000000 0.75000000
vt 0.02170000 0.82420000
vt 0.01000000 0.75000000
vt 0.02170000 0.82420000
vt 0.01000000 0.75000000
vt 0.39100000 0.94420000
vt 0.17580000 0.52180000
vt 0.25000000 0.51000000
vt 0.10890000 0.55590000
vt 0.10890000 0.55590000
vt 0.05580000 0.89100000
vt 0.39100000 0.55590000
vt 0.17580000 0.97830000
vt 0.10890000 0.94420000
vt 0.10890000 0.55590000
vt 0.17580000 0.52180000
vt 0.39100000 0.94420000
vt 0.60650000 0.54920000
vt 0.67420000 0.50000000
vt 0.62500000 0.54920000
vt 0.62500000 0.75000000
vt 0.87500000 0.50000000
vt 0.39360000 0.75000000
vt 0.19910000 0.00000000
vt 0.02230000 0.67470000
vt 0.20080000 0.00000000
vt 0.02150000 0.67710000
vt 0.24920000 0.00000000
vt 0.25090000 0.00000000
vt 0.01030000 0.75130000
vt 0.01030000 0.74880000
vt 0.33550000 0.68780000
vt 0.25000000 0.51000000
vt 0.44330000 0.89200000
vt 0.44480000 0.88990000
vt 0.64910000 0.00000000
vt 0.65080000 0.00000000
vt 0.32410000 0.52180000
vt 0.60000000 0.50000000
vt 0.60000000 0.12740000
vt 0.44410000 0.60890000
vt 0.60650000 0.75000000
vt 0.05580000 0.89100000
vt 0.39100000 0.94420000
vt 0.50010000 0.50000000
vt 0.50010000 0.12740000
vt 0.55000000 0.50000000
vt 0.55000000 0.12740000
vt 0.35000000 0.50000000
vt 0.35000000 0.12740000
vt 0.39990000 0.50000000
vt 0.39990000 0.12740000
vt 0.94990000 0.50000000
vt 0.94990000 0.12740000
vt 0.00000000 0.50000000
vt 1.00000000 0.50000000
vt 1.00000000 0.12740000
vt 0.00000000 0.12740000
vt 0.32790000 0.75000000
vt 0.32410000 0.77410000
vt 0.32790000 0.75000000
vt 0.32410000 0.77410000
vt 0.80000000 0.50000000
vt 0.80000000 0.12740000
vt 0.85000000 0.50000000
vt 0.85000000 0.12740000
vt 0.17200000 0.75000000
vt 0.17590000 0.72590000
vt 0.17200000 0.75000000
vt 0.17590000 0.72590000
vt 0.32580000 0.48810000
vt 0.32580000 0.26190000
vt 0.37500000 0.48810000
vt 0.37500000 0.26190000
vt 0.39200000 0.94320000
vt 0.32290000 0.97840000
vt 0.37480000 0.92170000
vt 0.55000000 0.12740000
vt 0.60090000 0.00000000
vt 0.60000000 0.50000000
vt 0.60000000 0.12740000
vt 0.10000000 0.50000000
vt 0.10000000 0.12740000
vt 0.15000000 0.50000000
vt 0.15000000 0.12740000
vt 0.20000000 0.50000000
vt 0.20000000 0.12740000
vt 0.25000000 0.50000000
vt 0.25000000 0.12740000
vt 0.30000000 0.50000000
vt 0.30000000 0.12740000
vt 0.05530000 0.88990000
vt 0.35090000 0.00000000
vt 0.05680000 0.89200000
vt 0.34920000 0.00000000
vt 0.11010000 0.94480000
vt 0.39910000 0.00000000
vt 0.40080000 0.00000000
vt 0.10800000 0.94320000
vt 0.45000000 0.50000000
vt 0.45000000 0.12740000
vt 0.17710000 0.97840000
vt 0.17470000 0.97770000
vt 0.45090000 0.00000000
vt 0.44920000 0.00000000
vt 0.50080000 0.00000000
vt 0.49920000 0.00000000
vt 0.24870000 0.98980000
vt 0.25130000 0.98980000
vt 0.17200000 0.75000000
vt 0.17590000 0.77410000
vt 0.17590000 0.77410000
vt 0.31300000 0.70420000
vt 0.29580000 0.68700000
vt 0.31300000 0.70420000
vt 0.29580000 0.68700000
vt 0.27410000 0.67590000
vt 0.25000000 0.67200000
vt 0.27410000 0.67590000
vt 0.25000000 0.67200000
vt 0.18690000 0.70420000
vt 0.17590000 0.72590000
vt 0.18690000 0.70420000
vt 0.31300000 0.79580000
vt 0.32410000 0.77410000
vt 0.31300000 0.79580000
vt 0.25000000 0.82790000
vt 0.22590000 0.82420000
vt 0.25000000 0.82790000
vt 0.22590000 0.82420000
vt 0.27410000 0.82420000
vt 0.27410000 0.82420000
vt 0.31300000 0.70420000
vt 0.32410000 0.72590000
vt 0.32410000 0.72590000
vt 0.38990000 0.55530000
vt 0.90090000 0.00000000
vt 0.89920000 0.00000000
vt 0.39200000 0.55670000
vt 0.95080000 0.00000000
vt 0.32540000 0.52240000
vt 0.32290000 0.52150000
vt 0.94920000 0.00000000
vt 0.90000000 0.12740000
vt 0.18690000 0.70420000
vt 0.20410000 0.68700000
vt 0.20410000 0.68700000
vt 0.80090000 0.00000000
vt 0.47770000 0.67470000
vt 0.79920000 0.00000000
vt 0.47850000 0.67710000
vt 0.44330000 0.60810000
vt 0.84910000 0.00000000
vt 0.44480000 0.61010000
vt 0.85080000 0.00000000
vt 0.18790000 0.83550000
vt 0.16440000 0.81210000
vt 0.20410000 0.81310000
vt 0.18690000 0.79580000
vt 0.14940000 0.78270000
vt 0.17590000 0.77410000
vt 0.14940000 0.71730000
vt 0.16440000 0.68780000
vt 0.18790000 0.66450000
vt 0.21730000 0.64950000
vt 0.22590000 0.67590000
vt 0.37480000 0.57830000
vt 0.90090000 0.00000000
vt 0.89920000 0.00000000
vt 0.42170000 0.62520000
vt 0.45180000 0.68450000
vt 0.49000000 0.75000000
vt 0.35050000 0.71730000
vt 0.35560000 0.75000000
vt 0.46220000 0.75000000
vt 0.03770000 0.75000000
vt 0.04810000 0.68450000
vt 0.14430000 0.75000000
vt 0.42170000 0.87480000
vt 0.25000000 0.53770000
vt 0.31560000 0.54810000
vt 0.25000000 0.64430000
vt 0.28260000 0.64950000
vt 0.12530000 0.57830000
vt 0.18450000 0.54810000
vt 0.44330000 0.60810000
vt 0.44480000 0.61010000
vt 0.84910000 0.00000000
vt 0.85080000 0.00000000
vt 0.30080000 0.00000000
vt 0.02230000 0.82530000
vt 0.29910000 0.00000000
vt 0.02150000 0.82300000
vt 0.07830000 0.87480000
vt 0.04810000 0.81560000
vt 0.47770000 0.67470000
vt 0.79920000 0.00000000
vt 0.80090000 0.00000000
vt 0.47850000 0.67710000
vt 0.48980000 0.74880000
vt 0.75080000 0.00000000
vt 0.74910000 0.00000000
vt 0.48980000 0.75130000
vt 0.70090000 0.00000000
vt 0.69920000 0.00000000
vt 0.47850000 0.82300000
vt 0.47770000 0.82530000
vt 0.45180000 0.81560000
vt 0.44480000 0.88990000
vt 0.65080000 0.00000000
vt 0.44330000 0.89200000
vt 0.64910000 0.00000000
vt 0.60090000 0.00000000
vt 0.38990000 0.94480000
vt 0.59920000 0.00000000
vt 0.39200000 0.94320000
vt 0.55080000 0.00000000
vt 0.54910000 0.00000000
vt 0.32540000 0.97770000
vt 0.32290000 0.97840000
vt 0.37480000 0.92170000
vt 0.31560000 0.95180000
vt 0.80000000 0.50000000
vt 0.80000000 0.12740000
vt 0.85000000 0.50000000
vt 0.85000000 0.12740000
vt 0.70090000 0.00000000
vt 0.47850000 0.82300000
vt 0.69920000 0.00000000
vt 0.47770000 0.82530000
vt 0.75080000 0.00000000
vt 0.48980000 0.74880000
vt 0.48980000 0.75130000
vt 0.74910000 0.00000000
vt 0.70000000 0.12740000
vt 0.75000000 0.12740000
vt 0.00090000 0.00000000
vt 0.25130000 0.51020000
vt 0.99910000 0.00000000
vt 0.24870000 0.51020000
vt 0.22590000 0.82420000
vt 0.25000000 0.82790000
vt 0.65000000 0.50000000
vt 0.65000000 0.12740000
vt 0.70000000 0.50000000
vt 0.18690000 0.79580000
vt 0.18690000 0.79580000
vt 0.31300000 0.79580000
vt 0.20410000 0.81310000
vt 0.31220000 0.66450000
vt 0.27410000 0.67590000
vt 0.29580000 0.68700000
vt 0.21730000 0.85050000
vt 0.18450000 0.95180000
vt 0.12530000 0.92170000
vt 0.45180000 0.68450000
vt 0.46220000 0.75000000
vt 0.35050000 0.71730000
vt 0.35560000 0.75000000
vt 0.45180000 0.81560000
vt 0.35050000 0.78270000
vt 0.10080000 0.00000000
vt 0.09910000 0.00000000
vt 0.10800000 0.55670000
vt 0.11010000 0.55530000
vt 0.17470000 0.52240000
vt 0.17710000 0.52150000
vt 0.04920000 0.00000000
vt 0.05080000 0.00000000
vt 0.25000000 0.96220000
vt 0.37480000 0.57830000
vt 0.42170000 0.62520000
vt 0.17580000 0.97830000
vt 0.17580000 0.97830000
vt 0.25000000 0.99000000
vt 0.25000000 0.99000000
vt 0.47820000 0.82420000
vt 0.47820000 0.82420000
vt 0.49000000 0.75000000
vt 0.49000000 0.75000000
vt 0.47820000 0.67590000
vt 0.47820000 0.67590000
vt 0.44410000 0.60890000
vt 0.44410000 0.60890000
vt 0.07830000 0.62520000
vt 0.25000000 0.99000000
vt 0.32410000 0.97830000
vt 0.32410000 0.97830000
vt 0.17580000 0.97830000
vt 0.25000000 0.99000000
vt 0.32410000 0.97830000
vt 0.42170000 0.87480000
vt 0.33550000 0.81210000
vt 0.05580000 0.89100000
vt 0.05580000 0.89100000
vt 0.10890000 0.94420000
vt 0.10890000 0.94420000
vt 0.32410000 0.97830000
vt 0.32410000 0.97830000
vt 0.39100000 0.94420000
vt 0.39100000 0.94420000
vt 0.05580000 0.89100000
vt 0.05580000 0.89100000
vt 0.10890000 0.94420000
vt 0.10890000 0.94420000
vt 0.44410000 0.89100000
vt 0.44410000 0.89100000
vt 0.47820000 0.82420000
vt 0.47820000 0.82420000
vt 0.49000000 0.75000000
vt 0.49000000 0.75000000
vt 0.49000000 0.75000000
vt 0.47820000 0.67590000
vt 0.49000000 0.75000000
vt 0.47820000 0.67590000
vt 0.44410000 0.89100000
vt 0.02170000 0.82420000
vt 0.02170000 0.82420000
vt 0.01000000 0.75000000
vt 0.01000000 0.75000000
vt 0.47820000 0.67590000
vt 0.47820000 0.67590000
vt 0.02170000 0.67590000
vt 0.02170000 0.67590000
vt 0.05580000 0.60890000
vt 0.05580000 0.60890000
vt 0.10890000 0.55590000
vt 0.10890000 0.55590000
vt 0.44410000 0.60890000
vt 0.44410000 0.60890000
vt 0.39100000 0.55590000
vt 0.39100000 0.55590000
vt 0.17580000 0.52180000
vt 0.17580000 0.52180000
vt 0.25000000 0.51000000
vt 0.25000000 0.51000000
vt 0.25000000 0.51000000
vt 0.25000000 0.51000000
vt 0.17580000 0.52180000
vt 0.17580000 0.52180000
vt 0.39100000 0.55590000
vt 0.32410000 0.52180000
vt 0.39100000 0.55590000
vt 0.32410000 0.52180000
vt 0.44410000 0.60890000
vt 0.39100000 0.55590000
vt 0.32410000 0.52180000
vt 0.32410000 0.52180000
vt 0.02170000 0.67590000
vt 0.05580000 0.60890000
vt 0.47820000 0.82420000
vt 0.22590000 0.67590000
vt 0.22590000 0.67590000
vt 0.25000000 0.99000000
vt 0.25000000 0.99000000
vt 0.32410000 0.97830000
vt 0.44410000 0.89100000
vt 0.47820000 0.82420000
vt 0.44410000 0.89100000
vt 0.05580000 0.60890000
vt 0.02170000 0.67590000
vt 0.39360000 0.24990000
vt 0.37760000 0.24480000
vt 0.39360000 0.20090000
vt 0.37500000 0.20090000
vt 0.32580000 0.24990000
vt 0.87500000 0.48810000
vt 0.67420000 0.48810000
vt 0.87500000 0.26190000
vt 0.67420000 0.26190000
vt 0.32580000 0.50000000
vt 0.37500000 0.54920000
vt 0.12500000 0.50000000
vt 0.37500000 0.75000000
vt 0.12500000 0.48810000
vt 0.62500000 0.00000000
vt 0.87500000 0.24990000
vt 0.62500000 0.20090000
vt 0.67420000 0.24990000
vt 0.60650000 0.00000000
vt 0.60650000 0.20090000
vt 0.37060000 0.49830000
vt 0.39360000 0.54920000
vt 0.39360000 0.50000000
vt 0.62500000 0.26190000
vt 0.62930000 0.25160000
vt 0.12500000 0.24990000
vt 0.37500000 0.00000000
vt 0.39360000 0.00000000
vt 0.60650000 0.24990000
vt 0.62500000 0.48810000
vt 0.62240000 0.50520000
vt 0.60650000 0.48810000
vt 0.60650000 0.50000000
vt 0.05010000 0.12740000
vt 0.05010000 0.50000000
vt 0.65000000 0.50000000
vt 0.65000000 0.12740000
vt 0.70000000 0.50000000
vt 0.70000000 0.12740000
vt 0.75000000 0.50000000
vt 0.75000000 0.12740000
vt 0.90000000 0.50000000
vt 0.90000000 0.12740000
vt 0.94990000 0.50000000
vt 0.25000000 0.67200000
vt 0.75000000 0.50000000
vt 0.32790000 0.75000000
vt 0.32410000 0.72590000
vt 0.90000000 0.50000000
vt 0.20410000 0.68700000
vt 0.20410000 0.81310000
vt 0.27410000 0.82420000
vt 0.29580000 0.81310000
vt 0.29580000 0.81310000
vt 0.28260000 0.85050000
vt 0.25000000 0.85570000
vt 0.39100000 0.94420000
vt 0.12500000 0.26190000
vt 0.15090000 0.00000000
vt 0.14920000 0.00000000
vt 0.05530000 0.61010000
vt 0.05680000 0.60810000
vt 0.39360000 0.48810000
vt 0.39360000 0.26190000
vt 0.60650000 0.26190000
vt 0.29580000 0.81310000
vt 0.31220000 0.83550000
vt 0.10890000 0.94420000
vt 0.17580000 0.97830000
vt 0.17580000 0.97830000
vt 0.10890000 0.55590000
vt 0.05580000 0.60890000
vt 0.05580000 0.60890000
vt 0.02170000 0.67590000
vt 0.02170000 0.67590000
vt 0.32410000 0.52180000
vt 0.02170000 0.82420000
vt 0.02170000 0.82420000
vt 0.44410000 0.89100000
vt 0.01000000 0.75000000
vt 0.01000000 0.75000000
vt 0.01000000 0.75000000
vt 0.02170000 0.82420000
vt 0.02170000 0.82420000
vt 0.01000000 0.75000000
vt 0.39100000 0.94420000
vt 0.17580000 0.52180000
vt 0.25000000 0.51000000
vt 0.10890000 0.55590000
vt 0.10890000 0.55590000
vt 0.05580000 0.89100000
vt 0.39100000 0.55590000
vt 0.10890000 0.94420000
vt 0.17580000 0.97830000
vt 0.17580000 0.52180000
vt 0.10890000 0.55590000
vt 0.39100000 0.94420000
vt 0.60650000 0.54920000
vt 0.62500000 0.54920000
vt 0.67420000 0.50000000
vt 0.62500000 0.75000000
vt 0.87500000 0.50000000
vt 0.39360000 0.75000000
vt 0.19910000 0.00000000
vt 0.02150000 0.67710000
vt 0.02230000 0.67470000
vt 0.20080000 0.00000000
vt 0.01030000 0.75130000
vt 0.24920000 0.00000000
vt 0.25090000 0.00000000
vt 0.01030000 0.74880000
vt 0.33550000 0.68780000
vt 0.25000000 0.51000000
vt 0.65080000 0.00000000
vt 0.64910000 0.00000000
vt 0.44480000 0.88990000
vt 0.44330000 0.89200000
vt 0.32410000 0.52180000
vt 0.60000000 0.50000000
vt 0.60000000 0.12740000
vt 0.44410000 0.60890000
vt 0.60650000 0.75000000
vt 0.05580000 0.89100000
vt 0.39100000 0.94420000
vt 0.50010000 0.12740000
vt 0.50010000 0.50000000
vt 0.55000000 0.50000000
vt 0.55000000 0.12740000
vt 0.35000000 0.12740000
vt 0.35000000 0.50000000
vt 0.39990000 0.50000000
vt 0.39990000 0.12740000
vt 0.94990000 0.12740000
vt 0.94990000 0.50000000
vt 0.00000000 0.50000000
vt 1.00000000 0.50000000
vt 0.00000000 0.12740000
vt 1.00000000 0.12740000
vt 0.32410000 0.77410000
vt 0.32790000 0.75000000
vt 0.32790000 0.75000000
vt 0.32410000 0.77410000
vt 0.80000000 0.12740000
vt 0.80000000 0.50000000
vt 0.85000000 0.50000000
vt 0.85000000 0.12740000
vt 0.17590000 0.72590000
vt 0.17200000 0.75000000
vt 0.17200000 0.75000000
vt 0.17590000 0.72590000
vt 0.32580000 0.26190000
vt 0.32580000 0.48810000
vt 0.37500000 0.48810000
vt 0.37500000 0.26190000
vt 0.55000000 0.12740000
vt 0.39200000 0.94320000
vt 0.31560000 0.95180000
vt 0.60090000 0.00000000
vt 0.27460000 0.95830000
vt 0.37480000 0.92170000
vt 0.27540000 0.97550000
vt 0.27580000 0.98590000
vt 0.55000000 0.50000000
vt 0.60000000 0.50000000
vt 0.60000000 0.12740000
vt 0.10000000 0.12740000
vt 0.10000000 0.50000000
vt 0.15000000 0.50000000
vt 0.15000000 0.12740000
vt 0.20000000 0.50000000
vt 0.20000000 0.12740000
vt 0.25000000 0.12740000
vt 0.25000000 0.50000000
vt 0.30000000 0.50000000
vt 0.30000000 0.12740000
vt 0.10800000 0.94320000
vt 0.39910000 0.00000000
vt 0.11010000 0.94480000
vt 0.40080000 0.00000000
vt 0.35090000 0.00000000
vt 0.34920000 0.00000000
vt 0.05680000 0.89200000
vt 0.05530000 0.88990000
vt 0.45000000 0.50000000
vt 0.45000000 0.12740000
vt 0.44920000 0.00000000
vt 0.17710000 0.97840000
vt 0.45090000 0.00000000
vt 0.17470000 0.97770000
vt 0.50080000 0.00000000
vt 0.24870000 0.98980000
vt 0.25130000 0.98980000
vt 0.49920000 0.00000000
vt 0.17590000 0.77410000
vt 0.17200000 0.75000000
vt 0.17590000 0.77410000
vt 0.29580000 0.68700000
vt 0.31300000 0.70420000
vt 0.31300000 0.70420000
vt 0.29580000 0.68700000
vt 0.25000000 0.67200000
vt 0.27410000 0.67590000
vt 0.27410000 0.67590000
vt 0.25000000 0.67200000
vt 0.17590000 0.72590000
vt 0.18690000 0.70420000
vt 0.18690000 0.70420000
vt 0.32410000 0.77410000
vt 0.31300000 0.79580000
vt 0.31300000 0.79580000
vt 0.22590000 0.82420000
vt 0.25000000 0.82790000
vt 0.25000000 0.82790000
vt 0.22590000 0.82420000
vt 0.27410000 0.82420000
vt 0.27410000 0.82420000
vt 0.32410000 0.72590000
vt 0.31300000 0.70420000
vt 0.32410000 0.72590000
vt 0.32290000 0.52150000
vt 0.95080000 0.00000000
vt 0.94920000 0.00000000
vt 0.32540000 0.52240000
vt 0.90090000 0.00000000
vt 0.89920000 0.00000000
vt 0.38990000 0.55530000
vt 0.39200000 0.55670000
vt 0.90000000 0.12740000
vt 0.20410000 0.68700000
vt 0.18690000 0.70420000
vt 0.20410000 0.68700000
vt 0.44330000 0.60810000
vt 0.84910000 0.00000000
vt 0.85080000 0.00000000
vt 0.44480000 0.61010000
vt 0.47850000 0.67710000
vt 0.79920000 0.00000000
vt 0.80090000 0.00000000
vt 0.47770000 0.67470000
vt 0.16440000 0.81210000
vt 0.18790000 0.83550000
vt 0.20410000 0.81310000
vt 0.18690000 0.79580000
vt 0.14940000 0.78270000
vt 0.17590000 0.77410000
vt 0.16440000 0.68780000
vt 0.14940000 0.71730000
vt 0.18790000 0.66450000
vt 0.21730000 0.64950000
vt 0.22590000 0.67590000
vt 0.42170000 0.62520000
vt 0.94990000 0.50000000
vt 0.31560000 0.54810000
vt 0.37480000 0.57830000
vt 0.89920000 0.00000000
vt 0.94920000 0.00000000
vt 0.94990000 0.12740000
vt 0.35050000 0.78270000
vt 0.32790000 0.75000000
vt 0.32410000 0.77410000
vt 0.35050000 0.71730000
vt 0.33550000 0.81210000
vt 0.28260000 0.64950000
vt 0.35560000 0.75000000
vt 0.33550000 0.68780000
vt 0.31220000 0.66450000
vt 0.39100000 0.94420000
vt 0.47820000 0.82420000
vt 0.45180000 0.68450000
vt 0.46220000 0.75000000
vt 0.04810000 0.68450000
vt 0.03770000 0.75000000
vt 0.14430000 0.75000000
vt 0.42170000 0.87480000
vt 0.39100000 0.94420000
vt 0.31220000 0.83550000
vt 0.31300000 0.79580000
vt 0.31560000 0.54810000
vt 0.25000000 0.53770000
vt 0.25000000 0.64430000
vt 0.28260000 0.64950000
vt 0.18450000 0.54810000
vt 0.12530000 0.57830000
vt 0.44330000 0.60810000
vt 0.84910000 0.00000000
vt 0.85080000 0.00000000
vt 0.44480000 0.61010000
vt 0.02230000 0.82530000
vt 0.30080000 0.00000000
vt 0.02150000 0.82300000
vt 0.29910000 0.00000000
vt 0.07830000 0.87480000
vt 0.04810000 0.81560000
vt 0.75080000 0.00000000
vt 0.48980000 0.74880000
vt 0.48980000 0.75130000
vt 0.74910000 0.00000000
vt 0.80090000 0.00000000
vt 0.47850000 0.67710000
vt 0.47770000 0.67470000
vt 0.79920000 0.00000000
vt 0.69920000 0.00000000
vt 0.70090000 0.00000000
vt 0.47770000 0.82530000
vt 0.47850000 0.82300000
vt 0.45180000 0.81560000
vt 0.44330000 0.89200000
vt 0.65080000 0.00000000
vt 0.64910000 0.00000000
vt 0.44480000 0.88990000
vt 0.54910000 0.00000000
vt 0.32290000 0.97840000
vt 0.55080000 0.00000000
vt 0.32540000 0.97770000
vt 0.59920000 0.00000000
vt 0.38990000 0.94480000
vt 0.60090000 0.00000000
vt 0.39200000 0.94320000
vt 0.37480000 0.92170000
vt 0.31560000 0.95180000
vt 0.80000000 0.12740000
vt 0.80000000 0.50000000
vt 0.85000000 0.50000000
vt 0.85000000 0.12740000
vt 0.75080000 0.00000000
vt 0.48980000 0.75130000
vt 0.48980000 0.74880000
vt 0.74910000 0.00000000
vt 0.70090000 0.00000000
vt 0.47850000 0.82300000
vt 0.47770000 0.82530000
vt 0.69920000 0.00000000
vt 0.70000000 0.12740000
vt 0.75000000 0.12740000
vt 0.00090000 0.00000000
vt 0.25130000 0.51020000
vt 0.24870000 0.51020000
vt 0.99910000 0.00000000
vt 0.25000000 0.82790000
vt 0.22590000 0.82420000
vt 0.65000000 0.12740000
vt 0.65000000 0.50000000
vt 0.70000000 0.50000000
vt 0.18690000 0.79580000
vt 0.18690000 0.79580000
vt 0.31300000 0.79580000
vt 0.20410000 0.81310000
vt 0.31220000 0.66450000
vt 0.27410000 0.67590000
vt 0.29580000 0.68700000
vt 0.21730000 0.85050000
vt 0.12530000 0.92170000
vt 0.18450000 0.95180000
vt 0.46220000 0.75000000
vt 0.45180000 0.68450000
vt 0.35050000 0.71730000
vt 0.35560000 0.75000000
vt 0.45180000 0.81560000
vt 0.35050000 0.78270000
vt 0.17710000 0.52150000
vt 0.05080000 0.00000000
vt 0.17470000 0.52240000
vt 0.04920000 0.00000000
vt 0.09910000 0.00000000
vt 0.11010000 0.55530000
vt 0.10800000 0.55670000
vt 0.10080000 0.00000000
vt 0.25000000 0.96220000
vt 0.37480000 0.57830000
vt 0.42170000 0.62520000
vt 0.17580000 0.97830000
vt 0.17580000 0.97830000
vt 0.25000000 0.99000000
vt 0.25000000 0.99000000
vt 0.47820000 0.82420000
vt 0.47820000 0.82420000
vt 0.49000000 0.75000000
vt 0.49000000 0.75000000
vt 0.47820000 0.67590000
vt 0.47820000 0.67590000
vt 0.44410000 0.60890000
vt 0.44410000 0.60890000
vt 0.07830000 0.62520000
vt 0.32410000 0.97830000
vt 0.25000000 0.99000000
vt 0.32410000 0.97830000
vt 0.17580000 0.97830000
vt 0.25000000 0.99000000
vt 0.32410000 0.97830000
vt 0.42170000 0.87480000
vt 0.33550000 0.81210000
vt 0.05580000 0.89100000
vt 0.05580000 0.89100000
vt 0.10890000 0.94420000
vt 0.10890000 0.94420000
vt 0.32410000 0.97830000
vt 0.32410000 0.97830000
vt 0.39100000 0.94420000
vt 0.39100000 0.94420000
vt 0.05580000 0.89100000
vt 0.05580000 0.89100000
vt 0.10890000 0.94420000
vt 0.10890000 0.94420000
vt 0.44410000 0.89100000
vt 0.44410000 0.89100000
vt 0.47820000 0.82420000
vt 0.47820000 0.82420000
vt 0.49000000 0.75000000
vt 0.49000000 0.75000000
vt 0.47820000 0.67590000
vt 0.49000000 0.75000000
vt 0.49000000 0.75000000
vt 0.47820000 0.67590000
vt 0.44410000 0.89100000
vt 0.02170000 0.82420000
vt 0.02170000 0.82420000
vt 0.01000000 0.75000000
vt 0.01000000 0.75000000
vt 0.47820000 0.67590000
vt 0.47820000 0.67590000
vt 0.02170000 0.67590000
vt 0.02170000 0.67590000
vt 0.05580000 0.60890000
vt 0.05580000 0.60890000
vt 0.10890000 0.55590000
vt 0.10890000 0.55590000
vt 0.44410000 0.60890000
vt 0.44410000 0.60890000
vt 0.39100000 0.55590000
vt 0.39100000 0.55590000
vt 0.17580000 0.52180000
vt 0.17580000 0.52180000
vt 0.25000000 0.51000000
vt 0.25000000 0.51000000
vt 0.25000000 0.51000000
vt 0.25000000 0.51000000
vt 0.17580000 0.52180000
vt 0.17580000 0.52180000
vt 0.32410000 0.52180000
vt 0.39100000 0.55590000
vt 0.39100000 0.55590000
vt 0.32410000 0.52180000
vt 0.44410000 0.60890000
vt 0.39100000 0.55590000
vt 0.32410000 0.52180000
vt 0.32410000 0.52180000
vt 0.02170000 0.67590000
vt 0.05580000 0.60890000
vt 0.47820000 0.82420000
vt 0.22590000 0.67590000
vt 0.22590000 0.67590000
vt 0.25000000 0.99000000
vt 0.25000000 0.99000000
vt 0.32410000 0.97830000
vt 0.47820000 0.82420000
vt 0.44410000 0.89100000
vt 0.44410000 0.89100000
vt 0.02170000 0.67590000
vt 0.05580000 0.60890000
vt 0.37760000 0.24480000
vt 0.39360000 0.24990000
vt 0.39360000 0.20090000
vt 0.32580000 0.24990000
vt 0.37500000 0.20090000
vt 0.67420000 0.48810000
vt 0.87500000 0.48810000
vt 0.87500000 0.26190000
vt 0.67420000 0.26190000
vt 0.12500000 0.50000000
vt 0.37500000 0.75000000
vt 0.37500000 0.54920000
vt 0.32580000 0.50000000
vt 0.12500000 0.48810000
vt 0.67420000 0.24990000
vt 0.62500000 0.20090000
vt 0.87500000 0.24990000
vt 0.62500000 0.00000000
vt 0.60650000 0.00000000
vt 0.60650000 0.20090000
vt 0.37060000 0.49830000
vt 0.39360000 0.54920000
vt 0.39360000 0.50000000
vt 0.62930000 0.25160000
vt 0.62500000 0.26190000
vt 0.12500000 0.24990000
vt 0.37500000 0.00000000
vt 0.39360000 0.00000000
vt 0.60650000 0.24990000
vt 0.62240000 0.50520000
vt 0.62500000 0.48810000
vt 0.60650000 0.48810000
vt 0.60650000 0.50000000
vt 0.05010000 0.12740000
vt 0.05010000 0.50000000
vt 0.65000000 0.50000000
vt 0.65000000 0.12740000
vt 0.70000000 0.12740000
vt 0.70000000 0.50000000
vt 0.75000000 0.50000000
vt 0.75000000 0.12740000
vt 0.90000000 0.50000000
vt 0.90000000 0.12740000
vt 0.25000000 0.67200000
vt 0.75000000 0.50000000
vt 0.32410000 0.72590000
vt 0.32790000 0.75000000
vt 0.90000000 0.50000000
vt 0.20410000 0.68700000
vt 0.20410000 0.81310000
vt 0.27410000 0.82420000
vt 0.29580000 0.81310000
vt 0.29580000 0.81310000
vt 0.25000000 0.85570000
vt 0.28260000 0.85050000
vt 0.31300000 0.79580000
vt 0.33550000 0.81210000
vt 0.44410000 0.89100000
vt 0.35050000 0.78270000
vt 0.47820000 0.82420000
vt 0.28260000 0.85050000
vt 0.31560000 0.95180000
vt 0.39100000 0.94420000
vt 0.12500000 0.26190000
vt 0.14920000 0.00000000
vt 0.05680000 0.60810000
vt 0.05530000 0.61010000
vt 0.15090000 0.00000000
vt 0.39360000 0.48810000
vt 0.39360000 0.26190000
vt 0.60650000 0.26190000
vt 0.29580000 0.81310000
vt 0.31220000 0.83550000
vt 0.10890000 0.94420000
vt 0.17580000 0.97830000
vt 0.17580000 0.97830000
vt 0.10890000 0.55590000
vt 0.05580000 0.60890000
vt 0.05580000 0.60890000
vt 0.02170000 0.67590000
vt 0.02170000 0.67590000
vt 0.32410000 0.52180000
vt 0.02170000 0.82420000
vt 0.02170000 0.82420000
vt 0.44410000 0.89100000
vt 0.01000000 0.75000000
vt 0.01000000 0.75000000
vt 0.02170000 0.82420000
vt 0.01000000 0.75000000
vt 0.02170000 0.82420000
vt 0.01000000 0.75000000
vt 0.39100000 0.94420000
vt 0.17580000 0.52180000
vt 0.25000000 0.51000000
vt 0.10890000 0.55590000
vt 0.10890000 0.55590000
vt 0.05580000 0.89100000
vt 0.39100000 0.55590000
vt 0.17580000 0.97830000
vt 0.10890000 0.94420000
vt 0.10890000 0.55590000
vt 0.17580000 0.52180000
vt 0.39100000 0.94420000
vt 0.60650000 0.54920000
vt 0.67420000 0.50000000
vt 0.62500000 0.54920000
vt 0.87500000 0.50000000
vt 0.62500000 0.75000000
vt 0.39360000 0.75000000
vt 0.02230000 0.67470000
vt 0.02150000 0.67710000
vt 0.20080000 0.00000000
vt 0.19910000 0.00000000
vt 0.01030000 0.74880000
vt 0.25090000 0.00000000
vt 0.01030000 0.75130000
vt 0.24920000 0.00000000
vt 0.33550000 0.68780000
vt 0.25000000 0.51000000
vt 0.44480000 0.88990000
vt 0.65080000 0.00000000
vt 0.44330000 0.89200000
vt 0.64910000 0.00000000
vt 0.32410000 0.52180000
vt 0.60000000 0.50000000
vt 0.60000000 0.12740000
vt 0.44410000 0.60890000
vt 0.60650000 0.75000000
vt 0.05580000 0.89100000
vt 0.39100000 0.94420000
vt 0.50010000 0.50000000
vt 0.50010000 0.12740000
vt 0.55000000 0.50000000
vt 0.55000000 0.12740000
vt 0.35000000 0.50000000
vt 0.35000000 0.12740000
vt 0.39990000 0.50000000
vt 0.39990000 0.12740000
vt 0.94990000 0.50000000
vt 0.94990000 0.12740000
vt 1.00000000 0.50000000
vt 0.00000000 0.50000000
vt 1.00000000 0.12740000
vt 0.00000000 0.12740000
vt 0.32790000 0.75000000
vt 0.32410000 0.77410000
vt 0.32790000 0.75000000
vt 0.32410000 0.77410000
vt 0.80000000 0.50000000
vt 0.80000000 0.12740000
vt 0.85000000 0.50000000
vt 0.85000000 0.12740000
vt 0.17200000 0.75000000
vt 0.17590000 0.72590000
vt 0.17200000 0.75000000
vt 0.17590000 0.72590000
vt 0.32580000 0.48810000
vt 0.32580000 0.26190000
vt 0.37500000 0.48810000
vt 0.37500000 0.26190000
vt 0.60090000 0.00000000
vt 0.37480000 0.92170000
vt 0.39200000 0.94320000
vt 0.55000000 0.12740000
vt 0.32290000 0.97840000
vt 0.60000000 0.50000000
vt 0.60000000 0.12740000
vt 0.10000000 0.50000000
vt 0.10000000 0.12740000
vt 0.15000000 0.50000000
vt 0.15000000 0.12740000
vt 0.20000000 0.50000000
vt 0.20000000 0.12740000
vt 0.25000000 0.50000000
vt 0.25000000 0.12740000
vt 0.30000000 0.50000000
vt 0.30000000 0.12740000
vt 0.35090000 0.00000000
vt 0.05530000 0.88990000
vt 0.05680000 0.89200000
vt 0.34920000 0.00000000
vt 0.10800000 0.94320000
vt 0.39910000 0.00000000
vt 0.11010000 0.94480000
vt 0.40080000 0.00000000
vt 0.45000000 0.50000000
vt 0.45000000 0.12740000
vt 0.17470000 0.97770000
vt 0.17710000 0.97840000
vt 0.45090000 0.00000000
vt 0.44920000 0.00000000
vt 0.25130000 0.98980000
vt 0.49920000 0.00000000
vt 0.50080000 0.00000000
vt 0.24870000 0.98980000
vt 0.17200000 0.75000000
vt 0.17590000 0.77410000
vt 0.17590000 0.77410000
vt 0.31300000 0.70420000
vt 0.29580000 0.68700000
vt 0.31300000 0.70420000
vt 0.29580000 0.68700000
vt 0.27410000 0.67590000
vt 0.25000000 0.67200000
vt 0.27410000 0.67590000
vt 0.25000000 0.67200000
vt 0.18690000 0.70420000
vt 0.17590000 0.72590000
vt 0.18690000 0.70420000
vt 0.31300000 0.79580000
vt 0.32410000 0.77410000
vt 0.31300000 0.79580000
vt 0.25000000 0.82790000
vt 0.22590000 0.82420000
vt 0.25000000 0.82790000
vt 0.22590000 0.82420000
vt 0.27410000 0.82420000
vt 0.27410000 0.82420000
vt 0.31300000 0.70420000
vt 0.32410000 0.72590000
vt 0.32410000 0.72590000
vt 0.90090000 0.00000000
vt 0.39200000 0.55670000
vt 0.89920000 0.00000000
vt 0.38990000 0.55530000
vt 0.32540000 0.52240000
vt 0.32290000 0.52150000
vt 0.94920000 0.00000000
vt 0.95080000 0.00000000
vt 0.90000000 0.12740000
vt 0.18690000 0.70420000
vt 0.20410000 0.68700000
vt 0.20410000 0.68700000
vt 0.80090000 0.00000000
vt 0.47770000 0.67470000
vt 0.79920000 0.00000000
vt 0.47850000 0.67710000
vt 0.85080000 0.00000000
vt 0.44480000 0.61010000
vt 0.44330000 0.60810000
vt 0.84910000 0.00000000
vt 0.18790000 0.83550000
vt 0.16440000 0.81210000
vt 0.20410000 0.81310000
vt 0.18690000 0.79580000
vt 0.14940000 0.78270000
vt 0.17590000 0.77410000
vt 0.14940000 0.71730000
vt 0.16440000 0.68780000
vt 0.18790000 0.66450000
vt 0.21730000 0.64950000
vt 0.22590000 0.67590000
vt 0.90090000 0.00000000
vt 0.89920000 0.00000000
vt 0.37480000 0.57830000
vt 0.42170000 0.62520000
vt 0.45180000 0.68450000
vt 0.35050000 0.71730000
vt 0.35560000 0.75000000
vt 0.49000000 0.75000000
vt 0.46220000 0.75000000
vt 0.03770000 0.75000000
vt 0.04810000 0.68450000
vt 0.14430000 0.75000000
vt 0.42170000 0.87480000
vt 0.25000000 0.53770000
vt 0.31560000 0.54810000
vt 0.25000000 0.64430000
vt 0.28260000 0.64950000
vt 0.12530000 0.57830000
vt 0.18450000 0.54810000
vt 0.44330000 0.60810000
vt 0.85080000 0.00000000
vt 0.44480000 0.61010000
vt 0.84910000 0.00000000
vt 0.02230000 0.82530000
vt 0.29910000 0.00000000
vt 0.30080000 0.00000000
vt 0.02150000 0.82300000
vt 0.07830000 0.87480000
vt 0.04810000 0.81560000
vt 0.47850000 0.67710000
vt 0.79920000 0.00000000
vt 0.80090000 0.00000000
vt 0.47770000 0.67470000
vt 0.74910000 0.00000000
vt 0.48980000 0.75130000
vt 0.48980000 0.74880000
vt 0.75080000 0.00000000
vt 0.69920000 0.00000000
vt 0.70090000 0.00000000
vt 0.47770000 0.82530000
vt 0.47850000 0.82300000
vt 0.45180000 0.81560000
vt 0.64910000 0.00000000
vt 0.65080000 0.00000000
vt 0.44330000 0.89200000
vt 0.44480000 0.88990000
vt 0.38990000 0.94480000
vt 0.60090000 0.00000000
vt 0.39200000 0.94320000
vt 0.59920000 0.00000000
vt 0.32540000 0.97770000
vt 0.54910000 0.00000000
vt 0.55080000 0.00000000
vt 0.32290000 0.97840000
vt 0.37480000 0.92170000
vt 0.31560000 0.95180000
vt 0.80000000 0.50000000
vt 0.80000000 0.12740000
vt 0.85000000 0.50000000
vt 0.85000000 0.12740000
vt 0.47850000 0.82300000
vt 0.70090000 0.00000000
vt 0.69920000 0.00000000
vt 0.47770000 0.82530000
vt 0.48980000 0.75130000
vt 0.74910000 0.00000000
vt 0.75080000 0.00000000
vt 0.48980000 0.74880000
vt 0.70000000 0.12740000
vt 0.75000000 0.12740000
vt 0.99910000 0.00000000
vt 0.25130000 0.51020000
vt 0.24870000 0.51020000
vt 0.00090000 0.00000000
vt 0.22590000 0.82420000
vt 0.25000000 0.82790000
vt 0.65000000 0.50000000
vt 0.65000000 0.12740000
vt 0.70000000 0.50000000
vt 0.18690000 0.79580000
vt 0.18690000 0.79580000
vt 0.31300000 0.79580000
vt 0.20410000 0.81310000
vt 0.31220000 0.66450000
vt 0.27410000 0.67590000
vt 0.29580000 0.68700000
vt 0.21730000 0.85050000
vt 0.18450000 0.95180000
vt 0.12530000 0.92170000
vt 0.45180000 0.68450000
vt 0.46220000 0.75000000
vt 0.35050000 0.71730000
vt 0.35560000 0.75000000
vt 0.45180000 0.81560000
vt 0.35050000 0.78270000
vt 0.09910000 0.00000000
vt 0.10080000 0.00000000
vt 0.10800000 0.55670000
vt 0.11010000 0.55530000
vt 0.17710000 0.52150000
vt 0.05080000 0.00000000
vt 0.17470000 0.52240000
vt 0.04920000 0.00000000
vt 0.25000000 0.96220000
vt 0.37480000 0.57830000
vt 0.42170000 0.62520000
vt 0.17580000 0.97830000
vt 0.17580000 0.97830000
vt 0.25000000 0.99000000
vt 0.25000000 0.99000000
vt 0.47820000 0.82420000
vt 0.47820000 0.82420000
vt 0.49000000 0.75000000
vt 0.49000000 0.75000000
vt 0.47820000 0.67590000
vt 0.47820000 0.67590000
vt 0.44410000 0.60890000
vt 0.44410000 0.60890000
vt 0.07830000 0.62520000
vt 0.25000000 0.99000000
vt 0.32410000 0.97830000
vt 0.32410000 0.97830000
vt 0.17580000 0.97830000
vt 0.25000000 0.99000000
vt 0.32410000 0.97830000
vt 0.42170000 0.87480000
vt 0.33550000 0.81210000
vt 0.05580000 0.89100000
vt 0.05580000 0.89100000
vt 0.10890000 0.94420000
vt 0.10890000 0.94420000
vt 0.32410000 0.97830000
vt 0.32410000 0.97830000
vt 0.39100000 0.94420000
vt 0.39100000 0.94420000
vt 0.05580000 0.89100000
vt 0.05580000 0.89100000
vt 0.10890000 0.94420000
vt 0.10890000 0.94420000
vt 0.44410000 0.89100000
vt 0.44410000 0.89100000
vt 0.47820000 0.82420000
vt 0.47820000 0.82420000
vt 0.49000000 0.75000000
vt 0.49000000 0.75000000
vt 0.49000000 0.75000000
vt 0.47820000 0.67590000
vt 0.49000000 0.75000000
vt 0.47820000 0.67590000
vt 0.44410000 0.89100000
vt 0.02170000 0.82420000
vt 0.02170000 0.82420000
vt 0.01000000 0.75000000
vt 0.01000000 0.75000000
vt 0.47820000 0.67590000
vt 0.47820000 0.67590000
vt 0.02170000 0.67590000
vt 0.02170000 0.67590000
vt 0.05580000 0.60890000
vt 0.05580000 0.60890000
vt 0.10890000 0.55590000
vt 0.10890000 0.55590000
vt 0.44410000 0.60890000
vt 0.44410000 0.60890000
vt 0.39100000 0.55590000
vt 0.39100000 0.55590000
vt 0.17580000 0.52180000
vt 0.17580000 0.52180000
vt 0.25000000 0.51000000
vt 0.25000000 0.51000000
vt 0.25000000 0.51000000
vt 0.25000000 0.51000000
vt 0.17580000 0.52180000
vt 0.17580000 0.52180000
vt 0.39100000 0.55590000
vt 0.32410000 0.52180000
vt 0.39100000 0.55590000
vt 0.32410000 0.52180000
vt 0.44410000 0.60890000
vt 0.39100000 0.55590000
vt 0.32410000 0.52180000
vt 0.32410000 0.52180000
vt 0.02170000 0.67590000
vt 0.05580000 0.60890000
vt 0.47820000 0.82420000
vt 0.22590000 0.67590000
vt 0.22590000 0.67590000
vt 0.25000000 0.99000000
vt 0.25000000 0.99000000
vt 0.32410000 0.97830000
vt 0.44410000 0.89100000
vt 0.47820000 0.82420000
vt 0.44410000 0.89100000
vt 0.05580000 0.60890000
vt 0.02170000 0.67590000
vt 0.39360000 0.24990000
vt 0.37760000 0.24480000
vt 0.39360000 0.20090000
vt 0.32580000 0.24990000
vt 0.37500000 0.20090000
vt 0.87500000 0.48810000
vt 0.67420000 0.48810000
vt 0.87500000 0.26190000
vt 0.67420000 0.26190000
vt 0.37500000 0.54920000
vt 0.32580000 0.50000000
vt 0.12500000 0.50000000
vt 0.37500000 0.75000000
vt 0.12500000 0.48810000
vt 0.87500000 0.24990000
vt 0.62500000 0.00000000
vt 0.67420000 0.24990000
vt 0.62500000 0.20090000
vt 0.60650000 0.00000000
vt 0.60650000 0.20090000
vt 0.37060000 0.49830000
vt 0.39360000 0.54920000
vt 0.39360000 0.50000000
vt 0.62500000 0.26190000
vt 0.62930000 0.25160000
vt 0.37500000 0.00000000
vt 0.12500000 0.24990000
vt 0.39360000 0.00000000
vt 0.60650000 0.24990000
vt 0.62500000 0.48810000
vt 0.62240000 0.50520000
vt 0.60650000 0.48810000
vt 0.60650000 0.50000000
vt 0.05010000 0.12740000
vt 0.05010000 0.50000000
vt 0.65000000 0.50000000
vt 0.65000000 0.12740000
vt 0.70000000 0.50000000
vt 0.70000000 0.12740000
vt 0.75000000 0.50000000
vt 0.75000000 0.12740000
vt 0.90000000 0.50000000
vt 0.90000000 0.12740000
vt 0.94990000 0.50000000
vt 0.25000000 0.67200000
vt 0.75000000 0.50000000
vt 0.32790000 0.75000000
vt 0.32410000 0.72590000
vt 0.90000000 0.50000000
vt 0.20410000 0.68700000
vt 0.20410000 0.81310000
vt 0.27410000 0.82420000
vt 0.29580000 0.81310000
vt 0.29580000 0.81310000
vt 0.28260000 0.85050000
vt 0.25000000 0.85570000
vt 0.39100000 0.94420000
vt 0.12500000 0.26190000
vt 0.05530000 0.61010000
vt 0.05680000 0.60810000
vt 0.15090000 0.00000000
vt 0.14920000 0.00000000
vt 0.39360000 0.48810000
vt 0.39360000 0.26190000
vt 0.60650000 0.26190000
vt 0.29580000 0.81310000
vt 0.31220000 0.83550000
vt 0.10890000 0.94420000
vt 0.17580000 0.97830000
vt 0.17580000 0.97830000
vt 0.10890000 0.55590000
vt 0.05580000 0.60890000
vt 0.05580000 0.60890000
vt 0.02170000 0.67590000
vt 0.02170000 0.67590000
vt 0.32410000 0.52180000
vt 0.02170000 0.82420000
vt 0.02170000 0.82420000
vt 0.44410000 0.89100000
vt 0.01000000 0.75000000
vt 0.01000000 0.75000000
vt 0.01000000 0.75000000
vt 0.02170000 0.82420000
vt 0.02170000 0.82420000
vt 0.01000000 0.75000000
vt 0.39100000 0.94420000
vt 0.17580000 0.52180000
vt 0.25000000 0.51000000
vt 0.10890000 0.55590000
vt 0.10890000 0.55590000
vt 0.05580000 0.89100000
vt 0.39100000 0.55590000
vt 0.10890000 0.94420000
vt 0.17580000 0.97830000
vt 0.17580000 0.52180000
vt 0.10890000 0.55590000
vt 0.39100000 0.94420000
vt 0.60650000 0.54920000
vt 0.62500000 0.54920000
vt 0.67420000 0.50000000
vt 0.87500000 0.50000000
vt 0.62500000 0.75000000
vt 0.39360000 0.75000000
vt 0.19910000 0.00000000
vt 0.02150000 0.67710000
vt 0.02230000 0.67470000
vt 0.20080000 0.00000000
vt 0.25090000 0.00000000
vt 0.01030000 0.74880000
vt 0.24920000 0.00000000
vt 0.01030000 0.75130000
vt 0.33550000 0.68780000
vt 0.25000000 0.51000000
vt 0.44480000 0.88990000
vt 0.44330000 0.89200000
vt 0.65080000 0.00000000
vt 0.64910000 0.00000000
vt 0.32410000 0.52180000
vt 0.60000000 0.50000000
vt 0.60000000 0.12740000
vt 0.44410000 0.60890000
vt 0.60650000 0.75000000
vt 0.05580000 0.89100000
vt 0.39100000 0.94420000
vt 0.50010000 0.12740000
vt 0.50010000 0.50000000
vt 0.55000000 0.50000000
vt 0.55000000 0.12740000
vt 0.35000000 0.12740000
vt 0.35000000 0.50000000
vt 0.39990000 0.50000000
vt 0.39990000 0.12740000
vt 0.94990000 0.12740000
vt 0.94990000 0.50000000
vt 0.00000000 0.50000000
vt 1.00000000 0.50000000
vt 0.00000000 0.12740000
vt 1.00000000 0.12740000
vt 0.32410000 0.77410000
vt 0.32790000 0.75000000
vt 0.32790000 0.75000000
vt 0.32410000 0.77410000
vt 0.80000000 0.12740000
vt 0.80000000 0.50000000
vt 0.85000000 0.50000000
vt 0.85000000 0.12740000
vt 0.17590000 0.72590000
vt 0.17200000 0.75000000
vt 0.17200000 0.75000000
vt 0.17590000 0.72590000
vt 0.32580000 0.26190000
vt 0.32580000 0.48810000
vt 0.37500000 0.48810000
vt 0.37500000 0.26190000
vt 0.60090000 0.00000000
vt 0.37480000 0.92170000
vt 0.27460000 0.95830000
vt 0.31560000 0.95180000
vt 0.39200000 0.94320000
vt 0.55000000 0.12740000
vt 0.55000000 0.50000000
vt 0.27540000 0.97550000
vt 0.27580000 0.98590000
vt 0.60000000 0.50000000
vt 0.60000000 0.12740000
vt 0.10000000 0.12740000
vt 0.10000000 0.50000000
vt 0.15000000 0.50000000
vt 0.15000000 0.12740000
vt 0.20000000 0.50000000
vt 0.20000000 0.12740000
vt 0.25000000 0.12740000
vt 0.25000000 0.50000000
vt 0.30000000 0.50000000
vt 0.30000000 0.12740000
vt 0.40080000 0.00000000
vt 0.39910000 0.00000000
vt 0.11010000 0.94480000
vt 0.10800000 0.94320000
vt 0.34920000 0.00000000
vt 0.35090000 0.00000000
vt 0.05530000 0.88990000
vt 0.05680000 0.89200000
vt 0.45000000 0.50000000
vt 0.45000000 0.12740000
vt 0.17470000 0.97770000
vt 0.17710000 0.97840000
vt 0.44920000 0.00000000
vt 0.45090000 0.00000000
vt 0.24870000 0.98980000
vt 0.25130000 0.98980000
vt 0.49920000 0.00000000
vt 0.50080000 0.00000000
vt 0.17590000 0.77410000
vt 0.17200000 0.75000000
vt 0.17590000 0.77410000
vt 0.29580000 0.68700000
vt 0.31300000 0.70420000
vt 0.31300000 0.70420000
vt 0.29580000 0.68700000
vt 0.25000000 0.67200000
vt 0.27410000 0.67590000
vt 0.27410000 0.67590000
vt 0.25000000 0.67200000
vt 0.17590000 0.72590000
vt 0.18690000 0.70420000
vt 0.18690000 0.70420000
vt 0.32410000 0.77410000
vt 0.31300000 0.79580000
vt 0.31300000 0.79580000
vt 0.22590000 0.82420000
vt 0.25000000 0.82790000
vt 0.25000000 0.82790000
vt 0.22590000 0.82420000
vt 0.27410000 0.82420000
vt 0.27410000 0.82420000
vt 0.32410000 0.72590000
vt 0.31300000 0.70420000
vt 0.32410000 0.72590000
vt 0.95080000 0.00000000
vt 0.94920000 0.00000000
vt 0.32540000 0.52240000
vt 0.32290000 0.52150000
vt 0.38990000 0.55530000
vt 0.90090000 0.00000000
vt 0.39200000 0.55670000
vt 0.89920000 0.00000000
vt 0.90000000 0.12740000
vt 0.20410000 0.68700000
vt 0.18690000 0.70420000
vt 0.20410000 0.68700000
vt 0.44330000 0.60810000
vt 0.44480000 0.61010000
vt 0.85080000 0.00000000
vt 0.84910000 0.00000000
vt 0.80090000 0.00000000
vt 0.79920000 0.00000000
vt 0.47850000 0.67710000
vt 0.47770000 0.67470000
vt 0.16440000 0.81210000
vt 0.18790000 0.83550000
vt 0.20410000 0.81310000
vt 0.18690000 0.79580000
vt 0.14940000 0.78270000
vt 0.17590000 0.77410000
vt 0.16440000 0.68780000
vt 0.14940000 0.71730000
vt 0.18790000 0.66450000
vt 0.21730000 0.64950000
vt 0.22590000 0.67590000
vt 0.42170000 0.62520000
vt 0.94990000 0.12740000
vt 0.94990000 0.50000000
vt 0.31560000 0.54810000
vt 0.89920000 0.00000000
vt 0.94920000 0.00000000
vt 0.37480000 0.57830000
vt 0.35050000 0.71730000
vt 0.33550000 0.68780000
vt 0.47820000 0.82420000
vt 0.32790000 0.75000000
vt 0.32410000 0.77410000
vt 0.33550000 0.81210000
vt 0.39100000 0.94420000
vt 0.35560000 0.75000000
vt 0.28260000 0.64950000
vt 0.35050000 0.78270000
vt 0.31220000 0.66450000
vt 0.45180000 0.68450000
vt 0.46220000 0.75000000
vt 0.04810000 0.68450000
vt 0.03770000 0.75000000
vt 0.14430000 0.75000000
vt 0.42170000 0.87480000
vt 0.31220000 0.83550000
vt 0.39100000 0.94420000
vt 0.31300000 0.79580000
vt 0.31560000 0.54810000
vt 0.25000000 0.53770000
vt 0.25000000 0.64430000
vt 0.28260000 0.64950000
vt 0.18450000 0.54810000
vt 0.12530000 0.57830000
vt 0.85080000 0.00000000
vt 0.84910000 0.00000000
vt 0.44330000 0.60810000
vt 0.44480000 0.61010000
vt 0.02230000 0.82530000
vt 0.02150000 0.82300000
vt 0.29910000 0.00000000
vt 0.30080000 0.00000000
vt 0.07830000 0.87480000
vt 0.04810000 0.81560000
vt 0.75080000 0.00000000
vt 0.74910000 0.00000000
vt 0.48980000 0.75130000
vt 0.48980000 0.74880000
vt 0.79920000 0.00000000
vt 0.80090000 0.00000000
vt 0.47770000 0.67470000
vt 0.47850000 0.67710000
vt 0.69920000 0.00000000
vt 0.47850000 0.82300000
vt 0.70090000 0.00000000
vt 0.47770000 0.82530000
vt 0.45180000 0.81560000
vt 0.44480000 0.88990000
vt 0.64910000 0.00000000
vt 0.65080000 0.00000000
vt 0.44330000 0.89200000
vt 0.32540000 0.97770000
vt 0.54910000 0.00000000
vt 0.55080000 0.00000000
vt 0.32290000 0.97840000
vt 0.59920000 0.00000000
vt 0.39200000 0.94320000
vt 0.38990000 0.94480000
vt 0.60090000 0.00000000
vt 0.37480000 0.92170000
vt 0.31560000 0.95180000
vt 0.80000000 0.12740000
vt 0.80000000 0.50000000
vt 0.85000000 0.50000000
vt 0.85000000 0.12740000
vt 0.75080000 0.00000000
vt 0.48980000 0.74880000
vt 0.48980000 0.75130000
vt 0.74910000 0.00000000
vt 0.47850000 0.82300000
vt 0.69920000 0.00000000
vt 0.47770000 0.82530000
vt 0.70090000 0.00000000
vt 0.70000000 0.12740000
vt 0.75000000 0.12740000
vt 0.24870000 0.51020000
vt 0.99910000 0.00000000
vt 0.00090000 0.00000000
vt 0.25130000 0.51020000
vt 0.25000000 0.82790000
vt 0.22590000 0.82420000
vt 0.65000000 0.12740000
vt 0.65000000 0.50000000
vt 0.70000000 0.50000000
vt 0.18690000 0.79580000
vt 0.18690000 0.79580000
vt 0.31300000 0.79580000
vt 0.20410000 0.81310000
vt 0.31220000 0.66450000
vt 0.27410000 0.67590000
vt 0.29580000 0.68700000
vt 0.21730000 0.85050000
vt 0.12530000 0.92170000
vt 0.18450000 0.95180000
vt 0.46220000 0.75000000
vt 0.45180000 0.68450000
vt 0.35050000 0.71730000
vt 0.35560000 0.75000000
vt 0.45180000 0.81560000
vt 0.35050000 0.78270000
vt 0.04920000 0.00000000
vt 0.17710000 0.52150000
vt 0.05080000 0.00000000
vt 0.17470000 0.52240000
vt 0.09910000 0.00000000
vt 0.10800000 0.55670000
vt 0.10080000 0.00000000
vt 0.11010000 0.55530000
vt 0.25000000 0.96220000
vt 0.37480000 0.57830000
vt 0.42170000 0.62520000
vt 0.17580000 0.97830000
vt 0.17580000 0.97830000
vt 0.25000000 0.99000000
vt 0.25000000 0.99000000
vt 0.47820000 0.82420000
vt 0.47820000 0.82420000
vt 0.49000000 0.75000000
vt 0.49000000 0.75000000
vt 0.47820000 0.67590000
vt 0.47820000 0.67590000
vt 0.44410000 0.60890000
vt 0.44410000 0.60890000
vt 0.07830000 0.62520000
vt 0.32410000 0.97830000
vt 0.25000000 0.99000000
vt 0.32410000 0.97830000
vt 0.17580000 0.97830000
vt 0.25000000 0.99000000
vt 0.32410000 0.97830000
vt 0.42170000 0.87480000
vt 0.33550000 0.81210000
vt 0.05580000 0.89100000
vt 0.05580000 0.89100000
vt 0.10890000 0.94420000
vt 0.10890000 0.94420000
vt 0.32410000 0.97830000
vt 0.32410000 0.97830000
vt 0.39100000 0.94420000
vt 0.39100000 0.94420000
vt 0.05580000 0.89100000
vt 0.05580000 0.89100000
vt 0.10890000 0.94420000
vt 0.10890000 0.94420000
vt 0.44410000 0.89100000
vt 0.44410000 0.89100000
vt 0.47820000 0.82420000
vt 0.47820000 0.82420000
vt 0.49000000 0.75000000
vt 0.49000000 0.75000000
vt 0.47820000 0.67590000
vt 0.49000000 0.75000000
vt 0.49000000 0.75000000
vt 0.47820000 0.67590000
vt 0.44410000 0.89100000
vt 0.02170000 0.82420000
vt 0.02170000 0.82420000
vt 0.01000000 0.75000000
vt 0.01000000 0.75000000
vt 0.47820000 0.67590000
vt 0.47820000 0.67590000
vt 0.02170000 0.67590000
vt 0.02170000 0.67590000
vt 0.05580000 0.60890000
vt 0.05580000 0.60890000
vt 0.10890000 0.55590000
vt 0.10890000 0.55590000
vt 0.44410000 0.60890000
vt 0.44410000 0.60890000
vt 0.39100000 0.55590000
vt 0.39100000 0.55590000
vt 0.17580000 0.52180000
vt 0.17580000 0.52180000
vt 0.25000000 0.51000000
vt 0.25000000 0.51000000
vt 0.25000000 0.51000000
vt 0.25000000 0.51000000
vt 0.17580000 0.52180000
vt 0.17580000 0.52180000
vt 0.32410000 0.52180000
vt 0.39100000 0.55590000
vt 0.39100000 0.55590000
vt 0.32410000 0.52180000
vt 0.44410000 0.60890000
vt 0.39100000 0.55590000
vt 0.32410000 0.52180000
vt 0.32410000 0.52180000
vt 0.02170000 0.67590000
vt 0.05580000 0.60890000
vt 0.47820000 0.82420000
vt 0.22590000 0.67590000
vt 0.22590000 0.67590000
vt 0.25000000 0.99000000
vt 0.25000000 0.99000000
vt 0.32410000 0.97830000
vt 0.47820000 0.82420000
vt 0.44410000 0.89100000
vt 0.44410000 0.89100000
vt 0.02170000 0.67590000
vt 0.05580000 0.60890000
vt 0.37760000 0.24480000
vt 0.39360000 0.24990000
vt 0.39360000 0.20090000
vt 0.37500000 0.20090000
vt 0.32580000 0.24990000
vt 0.67420000 0.48810000
vt 0.87500000 0.48810000
vt 0.87500000 0.26190000
vt 0.67420000 0.26190000
vt 0.37500000 0.75000000
vt 0.12500000 0.50000000
vt 0.32580000 0.50000000
vt 0.37500000 0.54920000
vt 0.12500000 0.48810000
vt 0.67420000 0.24990000
vt 0.62500000 0.20090000
vt 0.87500000 0.24990000
vt 0.62500000 0.00000000
vt 0.60650000 0.00000000
vt 0.60650000 0.20090000
vt 0.37060000 0.49830000
vt 0.39360000 0.54920000
vt 0.39360000 0.50000000
vt 0.62930000 0.25160000
vt 0.62500000 0.26190000
vt 0.12500000 0.24990000
vt 0.37500000 0.00000000
vt 0.39360000 0.00000000
vt 0.60650000 0.24990000
vt 0.62240000 0.50520000
vt 0.62500000 0.48810000
vt 0.60650000 0.48810000
vt 0.60650000 0.50000000
vt 0.05010000 0.12740000
vt 0.05010000 0.50000000
vt 0.65000000 0.50000000
vt 0.65000000 0.12740000
vt 0.70000000 0.12740000
vt 0.70000000 0.50000000
vt 0.75000000 0.50000000
vt 0.75000000 0.12740000
vt 0.90000000 0.50000000
vt 0.90000000 0.12740000
vt 0.25000000 0.67200000
vt 0.75000000 0.50000000
vt 0.32410000 0.72590000
vt 0.32790000 0.75000000
vt 0.90000000 0.50000000
vt 0.20410000 0.68700000
vt 0.20410000 0.81310000
vt 0.27410000 0.82420000
vt 0.29580000 0.81310000
vt 0.29580000 0.81310000
vt 0.25000000 0.85570000
vt 0.28260000 0.85050000
vt 0.44410000 0.89100000
vt 0.35050000 0.78270000
vt 0.31560000 0.95180000
vt 0.31300000 0.79580000
vt 0.33550000 0.81210000
vt 0.47820000 0.82420000
vt 0.28260000 0.85050000
vt 0.39100000 0.94420000
vt 0.12500000 0.26190000
vt 0.05530000 0.61010000
vt 0.05680000 0.60810000
vt 0.15090000 0.00000000
vt 0.14920000 0.00000000
vt 0.39360000 0.48810000
vt 0.39360000 0.26190000
vt 0.60650000 0.26190000
vt 0.29580000 0.81310000
vt 0.31220000 0.83550000
vt 0.10890000 0.94420000
vt 0.17580000 0.97830000
vt 0.17580000 0.97830000
vt 0.10890000 0.55590000
vt 0.05580000 0.60890000
vt 0.05580000 0.60890000
vt 0.02170000 0.67590000
vt 0.02170000 0.67590000
vt 0.32410000 0.52180000
vt 0.02170000 0.82420000
vt 0.02170000 0.82420000
vt 0.44410000 0.89100000
vt 0.01000000 0.75000000
vt 0.01000000 0.75000000
vt 0.02170000 0.82420000
vt 0.01000000 0.75000000
vt 0.02170000 0.82420000
vt 0.01000000 0.75000000
vt 0.39100000 0.94420000
vt 0.17580000 0.52180000
vt 0.25000000 0.51000000
vt 0.10890000 0.55590000
vt 0.10890000 0.55590000
vt 0.05580000 0.89100000
vt 0.39100000 0.55590000
vt 0.17580000 0.97830000
vt 0.10890000 0.94420000
vt 0.10890000 0.55590000
vt 0.17580000 0.52180000
vt 0.39100000 0.94420000
vt 0.60650000 0.54920000
vt 0.67420000 0.50000000
vt 0.62500000 0.54920000
vt 0.62500000 0.75000000
vt 0.87500000 0.50000000
vt 0.39360000 0.75000000
vt 0.19910000 0.00000000
vt 0.02150000 0.67710000
vt 0.20080000 0.00000000
vt 0.02230000 0.67470000
vt 0.01030000 0.75130000
vt 0.01030000 0.74880000
vt 0.24920000 0.00000000
vt 0.25090000 0.00000000
vt 0.33550000 0.68780000
vt 0.25000000 0.51000000
vt 0.44480000 0.88990000
vt 0.65080000 0.00000000
vt 0.64910000 0.00000000
vt 0.44330000 0.89200000
vt 0.32410000 0.52180000
vt 0.60000000 0.50000000
vt 0.60000000 0.12740000
vt 0.44410000 0.60890000
vt 0.60650000 0.75000000
vt 0.05580000 0.89100000
vt 0.39100000 0.94420000
vt 0.50010000 0.50000000
vt 0.50010000 0.12740000
vt 0.55000000 0.50000000
vt 0.55000000 0.12740000
vt 0.35000000 0.50000000
vt 0.35000000 0.12740000
vt 0.39990000 0.50000000
vt 0.39990000 0.12740000
vt 0.94990000 0.50000000
vt 0.94990000 0.12740000
vt 1.00000000 0.50000000
vt 0.00000000 0.50000000
vt 0.00000000 0.12740000
vt 1.00000000 0.12740000
vt 0.32790000 0.75000000
vt 0.32410000 0.77410000
vt 0.32790000 0.75000000
vt 0.32410000 0.77410000
vt 0.80000000 0.50000000
vt 0.80000000 0.12740000
vt 0.85000000 0.50000000
vt 0.85000000 0.12740000
vt 0.17200000 0.75000000
vt 0.17590000 0.72590000
vt 0.17200000 0.75000000
vt 0.17590000 0.72590000
vt 0.32580000 0.48810000
vt 0.32580000 0.26190000
vt 0.37500000 0.48810000
vt 0.37500000 0.26190000
vt 0.32290000 0.97840000
vt 0.37480000 0.92170000
vt 0.55000000 0.12740000
vt 0.60090000 0.00000000
vt 0.39200000 0.94320000
vt 0.60000000 0.50000000
vt 0.60000000 0.12740000
vt 0.10000000 0.50000000
vt 0.10000000 0.12740000
vt 0.15000000 0.50000000
vt 0.15000000 0.12740000
vt 0.20000000 0.50000000
vt 0.20000000 0.12740000
vt 0.25000000 0.50000000
vt 0.25000000 0.12740000
vt 0.30000000 0.50000000
vt 0.30000000 0.12740000
vt 0.05680000 0.89200000
vt 0.35090000 0.00000000
vt 0.05530000 0.88990000
vt 0.34920000 0.00000000
vt 0.40080000 0.00000000
vt 0.11010000 0.94480000
vt 0.39910000 0.00000000
vt 0.10800000 0.94320000
vt 0.45000000 0.50000000
vt 0.45000000 0.12740000
vt 0.44920000 0.00000000
vt 0.17710000 0.97840000
vt 0.45090000 0.00000000
vt 0.17470000 0.97770000
vt 0.25130000 0.98980000
vt 0.50080000 0.00000000
vt 0.24870000 0.98980000
vt 0.49920000 0.00000000
vt 0.17200000 0.75000000
vt 0.17590000 0.77410000
vt 0.17590000 0.77410000
vt 0.31300000 0.70420000
vt 0.29580000 0.68700000
vt 0.31300000 0.70420000
vt 0.29580000 0.68700000
vt 0.27410000 0.67590000
vt 0.25000000 0.67200000
vt 0.27410000 0.67590000
vt 0.25000000 0.67200000
vt 0.18690000 0.70420000
vt 0.17590000 0.72590000
vt 0.18690000 0.70420000
vt 0.31300000 0.79580000
vt 0.32410000 0.77410000
vt 0.31300000 0.79580000
vt 0.25000000 0.82790000
vt 0.22590000 0.82420000
vt 0.25000000 0.82790000
vt 0.22590000 0.82420000
vt 0.27410000 0.82420000
vt 0.27410000 0.82420000
vt 0.31300000 0.70420000
vt 0.32410000 0.72590000
vt 0.32410000 0.72590000
vt 0.90090000 0.00000000
vt 0.38990000 0.55530000
vt 0.39200000 0.55670000
vt 0.89920000 0.00000000
vt 0.32290000 0.52150000
vt 0.95080000 0.00000000
vt 0.94920000 0.00000000
vt 0.32540000 0.52240000
vt 0.90000000 0.12740000
vt 0.18690000 0.70420000
vt 0.20410000 0.68700000
vt 0.20410000 0.68700000
vt 0.80090000 0.00000000
vt 0.79920000 0.00000000
vt 0.47770000 0.67470000
vt 0.47850000 0.67710000
vt 0.85080000 0.00000000
vt 0.84910000 0.00000000
vt 0.44330000 0.60810000
vt 0.44480000 0.61010000
vt 0.18790000 0.83550000
vt 0.16440000 0.81210000
vt 0.20410000 0.81310000
vt 0.18690000 0.79580000
vt 0.14940000 0.78270000
vt 0.17590000 0.77410000
vt 0.14940000 0.71730000
vt 0.16440000 0.68780000
vt 0.18790000 0.66450000
vt 0.21730000 0.64950000
vt 0.22590000 0.67590000
vt 0.89920000 0.00000000
vt 0.90090000 0.00000000
vt 0.37480000 0.57830000
vt 0.42170000 0.62520000
vt 0.45180000 0.68450000
vt 0.35560000 0.75000000
vt 0.49000000 0.75000000
vt 0.35050000 0.71730000
vt 0.46220000 0.75000000
vt 0.03770000 0.75000000
vt 0.04810000 0.68450000
vt 0.14430000 0.75000000
vt 0.42170000 0.87480000
vt 0.25000000 0.53770000
vt 0.31560000 0.54810000
vt 0.25000000 0.64430000
vt 0.28260000 0.64950000
vt 0.12530000 0.57830000
vt 0.18450000 0.54810000
vt 0.44480000 0.61010000
vt 0.84910000 0.00000000
vt 0.85080000 0.00000000
vt 0.44330000 0.60810000
vt 0.29910000 0.00000000
vt 0.02230000 0.82530000
vt 0.02150000 0.82300000
vt 0.30080000 0.00000000
vt 0.07830000 0.87480000
vt 0.04810000 0.81560000
vt 0.80090000 0.00000000
vt 0.47850000 0.67710000
vt 0.47770000 0.67470000
vt 0.79920000 0.00000000
vt 0.48980000 0.74880000
vt 0.74910000 0.00000000
vt 0.75080000 0.00000000
vt 0.48980000 0.75130000
vt 0.70090000 0.00000000
vt 0.47770000 0.82530000
vt 0.47850000 0.82300000
vt 0.69920000 0.00000000
vt 0.45180000 0.81560000
vt 0.64910000 0.00000000
vt 0.65080000 0.00000000
vt 0.44480000 0.88990000
vt 0.44330000 0.89200000
vt 0.38990000 0.94480000
vt 0.59920000 0.00000000
vt 0.60090000 0.00000000
vt 0.39200000 0.94320000
vt 0.32540000 0.97770000
vt 0.32290000 0.97840000
vt 0.55080000 0.00000000
vt 0.54910000 0.00000000
vt 0.37480000 0.92170000
vt 0.31560000 0.95180000
vt 0.80000000 0.50000000
vt 0.80000000 0.12740000
vt 0.85000000 0.50000000
vt 0.85000000 0.12740000
vt 0.70090000 0.00000000
vt 0.69920000 0.00000000
vt 0.47850000 0.82300000
vt 0.47770000 0.82530000
vt 0.48980000 0.75130000
vt 0.75080000 0.00000000
vt 0.48980000 0.74880000
vt 0.74910000 0.00000000
vt 0.70000000 0.12740000
vt 0.75000000 0.12740000
vt 0.99910000 0.00000000
vt 0.25130000 0.51020000
vt 0.00090000 0.00000000
vt 0.24870000 0.51020000
vt 0.22590000 0.82420000
vt 0.25000000 0.82790000
vt 0.65000000 0.50000000
vt 0.65000000 0.12740000
vt 0.70000000 0.50000000
vt 0.18690000 0.79580000
vt 0.18690000 0.79580000
vt 0.31300000 0.79580000
vt 0.20410000 0.81310000
vt 0.31220000 0.66450000
vt 0.27410000 0.67590000
vt 0.29580000 0.68700000
vt 0.21730000 0.85050000
vt 0.18450000 0.95180000
vt 0.12530000 0.92170000
vt 0.45180000 0.68450000
vt 0.46220000 0.75000000
vt 0.35050000 0.71730000
vt 0.35560000 0.75000000
vt 0.45180000 0.81560000
vt 0.35050000 0.78270000
vt 0.09910000 0.00000000
vt 0.11010000 0.55530000
vt 0.10800000 0.55670000
vt 0.10080000 0.00000000
vt 0.05080000 0.00000000
vt 0.04920000 0.00000000
vt 0.17710000 0.52150000
vt 0.17470000 0.52240000
vt 0.25000000 0.96220000
vt 0.37480000 0.57830000
vt 0.42170000 0.62520000
vt 0.17580000 0.97830000
vt 0.17580000 0.97830000
vt 0.25000000 0.99000000
vt 0.25000000 0.99000000
vt 0.47820000 0.82420000
vt 0.47820000 0.82420000
vt 0.49000000 0.75000000
vt 0.49000000 0.75000000
vt 0.47820000 0.67590000
vt 0.47820000 0.67590000
vt 0.44410000 0.60890000
vt 0.44410000 0.60890000
vt 0.07830000 0.62520000
vt 0.25000000 0.99000000
vt 0.32410000 0.97830000
vt 0.32410000 0.97830000
vt 0.17580000 0.97830000
vt 0.25000000 0.99000000
vt 0.32410000 0.97830000
vt 0.42170000 0.87480000
vt 0.33550000 0.81210000
vt 0.05580000 0.89100000
vt 0.05580000 0.89100000
vt 0.10890000 0.94420000
vt 0.10890000 0.94420000
vt 0.32410000 0.97830000
vt 0.32410000 0.97830000
vt 0.39100000 0.94420000
vt 0.39100000 0.94420000
vt 0.05580000 0.89100000
vt 0.05580000 0.89100000
vt 0.10890000 0.94420000
vt 0.10890000 0.94420000
vt 0.44410000 0.89100000
vt 0.44410000 0.89100000
vt 0.47820000 0.82420000
vt 0.47820000 0.82420000
vt 0.49000000 0.75000000
vt 0.49000000 0.75000000
vt 0.49000000 0.75000000
vt 0.47820000 0.67590000
vt 0.49000000 0.75000000
vt 0.47820000 0.67590000
vt 0.44410000 0.89100000
vt 0.02170000 0.82420000
vt 0.02170000 0.82420000
vt 0.01000000 0.75000000
vt 0.01000000 0.75000000
vt 0.47820000 0.67590000
vt 0.47820000 0.67590000
vt 0.02170000 0.67590000
vt 0.02170000 0.67590000
vt 0.05580000 0.60890000
vt 0.05580000 0.60890000
vt 0.10890000 0.55590000
vt 0.10890000 0.55590000
vt 0.44410000 0.60890000
vt 0.44410000 0.60890000
vt 0.39100000 0.55590000
vt 0.39100000 0.55590000
vt 0.17580000 0.52180000
vt 0.17580000 0.52180000
vt 0.25000000 0.51000000
vt 0.25000000 0.51000000
vt 0.25000000 0.51000000
vt 0.25000000 0.51000000
vt 0.17580000 0.52180000
vt 0.17580000 0.52180000
vt 0.39100000 0.55590000
vt 0.32410000 0.52180000
vt 0.39100000 0.55590000
vt 0.32410000 0.52180000
vt 0.44410000 0.60890000
vt 0.39100000 0.55590000
vt 0.32410000 0.52180000
vt 0.32410000 0.52180000
vt 0.02170000 0.67590000
vt 0.05580000 0.60890000
vt 0.47820000 0.82420000
vt 0.22590000 0.67590000
vt 0.22590000 0.67590000
vt 0.25000000 0.99000000
vt 0.25000000 0.99000000
vt 0.32410000 0.97830000
vt 0.44410000 0.89100000
vt 0.47820000 0.82420000
vt 0.44410000 0.89100000
vt 0.05580000 0.60890000
vt 0.02170000 0.67590000
vt 0.39360000 0.24990000
vt 0.37760000 0.24480000
vt 0.39360000 0.20090000
vt 0.37500000 0.20090000
vt 0.32580000 0.24990000
vt 0.87500000 0.48810000
vt 0.67420000 0.48810000
vt 0.87500000 0.26190000
vt 0.67420000 0.26190000
vt 0.32580000 0.50000000
vt 0.37500000 0.54920000
vt 0.12500000 0.50000000
vt 0.37500000 0.75000000
vt 0.12500000 0.48810000
vt 0.62500000 0.00000000
vt 0.87500000 0.24990000
vt 0.62500000 0.20090000
vt 0.67420000 0.24990000
vt 0.60650000 0.00000000
vt 0.60650000 0.20090000
vt 0.37060000 0.49830000
vt 0.39360000 0.54920000
vt 0.39360000 0.50000000
vt 0.62500000 0.26190000
vt 0.62930000 0.25160000
vt 0.12500000 0.24990000
vt 0.37500000 0.00000000
vt 0.39360000 0.00000000
vt 0.60650000 0.24990000
vt 0.62500000 0.48810000
vt 0.62240000 0.50520000
vt 0.60650000 0.48810000
vt 0.60650000 0.50000000
vt 0.05010000 0.12740000
vt 0.05010000 0.50000000
vt 0.65000000 0.50000000
vt 0.65000000 0.12740000
vt 0.70000000 0.50000000
vt 0.70000000 0.12740000
vt 0.75000000 0.50000000
vt 0.75000000 0.12740000
vt 0.90000000 0.50000000
vt 0.90000000 0.12740000
vt 0.94990000 0.50000000
vt 0.25000000 0.67200000
vt 0.75000000 0.50000000
vt 0.32790000 0.75000000
vt 0.32410000 0.72590000
vt 0.90000000 0.50000000
vt 0.20410000 0.68700000
vt 0.20410000 0.81310000
vt 0.27410000 0.82420000
vt 0.29580000 0.81310000
vt 0.29580000 0.81310000
vt 0.28260000 0.85050000
vt 0.25000000 0.85570000
vt 0.39100000 0.94420000
vt 0.12500000 0.26190000
vt 0.15090000 0.00000000
vt 0.14920000 0.00000000
vt 0.05680000 0.60810000
vt 0.05530000 0.61010000
vt 0.39360000 0.48810000
vt 0.39360000 0.26190000
vt 0.60650000 0.26190000
vt 0.29580000 0.81310000
vt 0.31220000 0.83550000
vt 0.10890000 0.94420000
vt 0.17580000 0.97830000
vt 0.17580000 0.97830000
vt 0.10890000 0.55590000
vt 0.05580000 0.60890000
vt 0.05580000 0.60890000
vt 0.02170000 0.67590000
vt 0.02170000 0.67590000
vt 0.32410000 0.52180000
vt 0.02170000 0.82420000
vt 0.02170000 0.82420000
vt 0.44410000 0.89100000
vt 0.01000000 0.75000000
vt 0.01000000 0.75000000
vt 0.01000000 0.75000000
vt 0.02170000 0.82420000
vt 0.02170000 0.82420000
vt 0.01000000 0.75000000
vt 0.39100000 0.94420000
vt 0.17580000 0.52180000
vt 0.25000000 0.51000000
vt 0.10890000 0.55590000
vt 0.10890000 0.55590000
vt 0.05580000 0.89100000
vt 0.39100000 0.55590000
vt 0.10890000 0.94420000
vt 0.17580000 0.97830000
vt 0.17580000 0.52180000
vt 0.10890000 0.55590000
vt 0.39100000 0.94420000
vt 0.60650000 0.54920000
vt 0.67420000 0.50000000
vt 0.62500000 0.54920000
vt 0.87500000 0.50000000
vt 0.62500000 0.75000000
vt 0.39360000 0.75000000
vt 0.02150000 0.67710000
vt 0.19910000 0.00000000
vt 0.20080000 0.00000000
vt 0.02230000 0.67470000
vt 0.25090000 0.00000000
vt 0.01030000 0.74880000
vt 0.01030000 0.75130000
vt 0.24920000 0.00000000
vt 0.33550000 0.68780000
vt 0.25000000 0.51000000
vt 0.64910000 0.00000000
vt 0.44480000 0.88990000
vt 0.65080000 0.00000000
vt 0.44330000 0.89200000
vt 0.32410000 0.52180000
vt 0.60000000 0.50000000
vt 0.60000000 0.12740000
vt 0.44410000 0.60890000
vt 0.60650000 0.75000000
vt 0.05580000 0.89100000
vt 0.39100000 0.94420000
vt 0.50010000 0.12740000
vt 0.50010000 0.50000000
vt 0.55000000 0.50000000
vt 0.55000000 0.12740000
vt 0.35000000 0.12740000
vt 0.35000000 0.50000000
vt 0.39990000 0.50000000
vt 0.39990000 0.12740000
vt 0.94990000 0.12740000
vt 0.94990000 0.50000000
vt 1.00000000 0.50000000
vt 0.00000000 0.50000000
vt 0.00000000 0.12740000
vt 1.00000000 0.12740000
vt 0.32410000 0.77410000
vt 0.32790000 0.75000000
vt 0.32790000 0.75000000
vt 0.32410000 0.77410000
vt 0.80000000 0.12740000
vt 0.80000000 0.50000000
vt 0.85000000 0.50000000
vt 0.85000000 0.12740000
vt 0.17590000 0.72590000
vt 0.17200000 0.75000000
vt 0.17200000 0.75000000
vt 0.17590000 0.72590000
vt 0.32580000 0.26190000
vt 0.32580000 0.48810000
vt 0.37500000 0.48810000
vt 0.37500000 0.26190000
vt 0.37480000 0.92170000
vt 0.31560000 0.95180000
vt 0.55000000 0.12740000
vt 0.60090000 0.00000000
vt 0.39200000 0.94320000
vt 0.27460000 0.95830000
vt 0.27540000 0.97550000
vt 0.55000000 0.50000000
vt 0.27580000 0.98590000
vt 0.60000000 0.50000000
vt 0.60000000 0.12740000
vt 0.10000000 0.12740000
vt 0.10000000 0.50000000
vt 0.15000000 0.50000000
vt 0.15000000 0.12740000
vt 0.20000000 0.50000000
vt 0.20000000 0.12740000
vt 0.25000000 0.12740000
vt 0.25000000 0.50000000
vt 0.30000000 0.50000000
vt 0.30000000 0.12740000
vt 0.10800000 0.94320000
vt 0.11010000 0.94480000
vt 0.40080000 0.00000000
vt 0.39910000 0.00000000
vt 0.05680000 0.89200000
vt 0.35090000 0.00000000
vt 0.34920000 0.00000000
vt 0.05530000 0.88990000
vt 0.45000000 0.50000000
vt 0.45000000 0.12740000
vt 0.17470000 0.97770000
vt 0.45090000 0.00000000
vt 0.44920000 0.00000000
vt 0.17710000 0.97840000
vt 0.50080000 0.00000000
vt 0.24870000 0.98980000
vt 0.49920000 0.00000000
vt 0.25130000 0.98980000
vt 0.17590000 0.77410000
vt 0.17200000 0.75000000
vt 0.17590000 0.77410000
vt 0.29580000 0.68700000
vt 0.31300000 0.70420000
vt 0.31300000 0.70420000
vt 0.29580000 0.68700000
vt 0.25000000 0.67200000
vt 0.27410000 0.67590000
vt 0.27410000 0.67590000
vt 0.25000000 0.67200000
vt 0.17590000 0.72590000
vt 0.18690000 0.70420000
vt 0.18690000 0.70420000
vt 0.32410000 0.77410000
vt 0.31300000 0.79580000
vt 0.31300000 0.79580000
vt 0.22590000 0.82420000
vt 0.25000000 0.82790000
vt 0.25000000 0.82790000
vt 0.22590000 0.82420000
vt 0.27410000 0.82420000
vt 0.27410000 0.82420000
vt 0.32410000 0.72590000
vt 0.31300000 0.70420000
vt 0.32410000 0.72590000
vt 0.94920000 0.00000000
vt 0.95080000 0.00000000
vt 0.32540000 0.52240000
vt 0.32290000 0.52150000
vt 0.89920000 0.00000000
vt 0.39200000 0.55670000
vt 0.38990000 0.55530000
vt 0.90090000 0.00000000
vt 0.90000000 0.12740000
vt 0.20410000 0.68700000
vt 0.18690000 0.70420000
vt 0.20410000 0.68700000
vt 0.44330000 0.60810000
vt 0.44480000 0.61010000
vt 0.85080000 0.00000000
vt 0.84910000 0.00000000
vt 0.80090000 0.00000000
vt 0.47850000 0.67710000
vt 0.47770000 0.67470000
vt 0.79920000 0.00000000
vt 0.16440000 0.81210000
vt 0.18790000 0.83550000
vt 0.20410000 0.81310000
vt 0.18690000 0.79580000
vt 0.14940000 0.78270000
vt 0.17590000 0.77410000
vt 0.16440000 0.68780000
vt 0.14940000 0.71730000
vt 0.18790000 0.66450000
vt 0.21730000 0.64950000
vt 0.22590000 0.67590000
vt 0.42170000 0.62520000
vt 0.94920000 0.00000000
vt 0.37480000 0.57830000
vt 0.94990000 0.50000000
vt 0.89920000 0.00000000
vt 0.31560000 0.54810000
vt 0.94990000 0.12740000
vt 0.32790000 0.75000000
vt 0.35050000 0.78270000
vt 0.33550000 0.81210000
vt 0.31220000 0.66450000
vt 0.32410000 0.77410000
vt 0.35050000 0.71730000
vt 0.33550000 0.68780000
vt 0.39100000 0.94420000
vt 0.47820000 0.82420000
vt 0.28260000 0.64950000
vt 0.35560000 0.75000000
vt 0.45180000 0.68450000
vt 0.46220000 0.75000000
vt 0.04810000 0.68450000
vt 0.03770000 0.75000000
vt 0.14430000 0.75000000
vt 0.42170000 0.87480000
vt 0.39100000 0.94420000
vt 0.31220000 0.83550000
vt 0.31300000 0.79580000
vt 0.31560000 0.54810000
vt 0.25000000 0.53770000
vt 0.25000000 0.64430000
vt 0.28260000 0.64950000
vt 0.18450000 0.54810000
vt 0.12530000 0.57830000
vt 0.84910000 0.00000000
vt 0.44480000 0.61010000
vt 0.85080000 0.00000000
vt 0.44330000 0.60810000
vt 0.30080000 0.00000000
vt 0.02230000 0.82530000
vt 0.29910000 0.00000000
vt 0.02150000 0.82300000
vt 0.07830000 0.87480000
vt 0.04810000 0.81560000
vt 0.74910000 0.00000000
vt 0.75080000 0.00000000
vt 0.48980000 0.74880000
vt 0.48980000 0.75130000
vt 0.47850000 0.67710000
vt 0.47770000 0.67470000
vt 0.79920000 0.00000000
vt 0.80090000 0.00000000
vt 0.70090000 0.00000000
vt 0.47850000 0.82300000
vt 0.69920000 0.00000000
vt 0.47770000 0.82530000
vt 0.45180000 0.81560000
vt 0.65080000 0.00000000
vt 0.44480000 0.88990000
vt 0.44330000 0.89200000
vt 0.64910000 0.00000000
vt 0.54910000 0.00000000
vt 0.55080000 0.00000000
vt 0.32290000 0.97840000
vt 0.32540000 0.97770000
vt 0.39200000 0.94320000
vt 0.38990000 0.94480000
vt 0.60090000 0.00000000
vt 0.59920000 0.00000000
vt 0.37480000 0.92170000
vt 0.31560000 0.95180000
vt 0.80000000 0.12740000
vt 0.80000000 0.50000000
vt 0.85000000 0.50000000
vt 0.85000000 0.12740000
vt 0.48980000 0.74880000
vt 0.74910000 0.00000000
vt 0.75080000 0.00000000
vt 0.48980000 0.75130000
vt 0.47770000 0.82530000
vt 0.47850000 0.82300000
vt 0.70090000 0.00000000
vt 0.69920000 0.00000000
vt 0.70000000 0.12740000
vt 0.75000000 0.12740000
vt 0.24870000 0.51020000
vt 0.00090000 0.00000000
vt 0.99910000 0.00000000
vt 0.25130000 0.51020000
vt 0.25000000 0.82790000
vt 0.22590000 0.82420000
vt 0.65000000 0.12740000
vt 0.65000000 0.50000000
vt 0.70000000 0.50000000
vt 0.18690000 0.79580000
vt 0.18690000 0.79580000
vt 0.31300000 0.79580000
vt 0.20410000 0.81310000
vt 0.31220000 0.66450000
vt 0.27410000 0.67590000
vt 0.29580000 0.68700000
vt 0.21730000 0.85050000
vt 0.12530000 0.92170000
vt 0.18450000 0.95180000
vt 0.46220000 0.75000000
vt 0.45180000 0.68450000
vt 0.35050000 0.71730000
vt 0.35560000 0.75000000
vt 0.45180000 0.81560000
vt 0.35050000 0.78270000
vt 0.04920000 0.00000000
vt 0.17710000 0.52150000
vt 0.17470000 0.52240000
vt 0.05080000 0.00000000
vt 0.10800000 0.55670000
vt 0.11010000 0.55530000
vt 0.10080000 0.00000000
vt 0.09910000 0.00000000
vt 0.25000000 0.96220000
vt 0.37480000 0.57830000
vt 0.42170000 0.62520000
vt 0.17580000 0.97830000
vt 0.17580000 0.97830000
vt 0.25000000 0.99000000
vt 0.25000000 0.99000000
vt 0.47820000 0.82420000
vt 0.47820000 0.82420000
vt 0.49000000 0.75000000
vt 0.49000000 0.75000000
vt 0.47820000 0.67590000
vt 0.47820000 0.67590000
vt 0.44410000 0.60890000
vt 0.44410000 0.60890000
vt 0.07830000 0.62520000
vt 0.32410000 0.97830000
vt 0.25000000 0.99000000
vt 0.32410000 0.97830000
vt 0.17580000 0.97830000
vt 0.25000000 0.99000000
vt 0.32410000 0.97830000
vt 0.42170000 0.87480000
vt 0.33550000 0.81210000
vt 0.05580000 0.89100000
vt 0.05580000 0.89100000
vt 0.10890000 0.94420000
vt 0.10890000 0.94420000
vt 0.32410000 0.97830000
vt 0.32410000 0.97830000
vt 0.39100000 0.94420000
vt 0.39100000 0.94420000
vt 0.05580000 0.89100000
vt 0.05580000 0.89100000
vt 0.10890000 0.94420000
vt 0.10890000 0.94420000
vt 0.44410000 0.89100000
vt 0.44410000 0.89100000
vt 0.47820000 0.82420000
vt 0.47820000 0.82420000
vt 0.49000000 0.75000000
vt 0.49000000 0.75000000
vt 0.47820000 0.67590000
vt 0.49000000 0.75000000
vt 0.49000000 0.75000000
vt 0.47820000 0.67590000
vt 0.44410000 0.89100000
vt 0.02170000 0.82420000
vt 0.02170000 0.82420000
vt 0.01000000 0.75000000
vt 0.01000000 0.75000000
vt 0.47820000 0.67590000
vt 0.47820000 0.67590000
vt 0.02170000 0.67590000
vt 0.02170000 0.67590000
vt 0.05580000 0.60890000
vt 0.05580000 0.60890000
vt 0.10890000 0.55590000
vt 0.10890000 0.55590000
vt 0.44410000 0.60890000
vt 0.44410000 0.60890000
vt 0.39100000 0.55590000
vt 0.39100000 0.55590000
vt 0.17580000 0.52180000
vt 0.17580000 0.52180000
vt 0.25000000 0.51000000
vt 0.25000000 0.51000000
vt 0.25000000 0.51000000
vt 0.25000000 0.51000000
vt 0.17580000 0.52180000
vt 0.17580000 0.52180000
vt 0.32410000 0.52180000
vt 0.39100000 0.55590000
vt 0.39100000 0.55590000
vt 0.32410000 0.52180000
vt 0.44410000 0.60890000
vt 0.39100000 0.55590000
vt 0.32410000 0.52180000
vt 0.32410000 0.52180000
vt 0.02170000 0.67590000
vt 0.05580000 0.60890000
vt 0.47820000 0.82420000
vt 0.22590000 0.67590000
vt 0.22590000 0.67590000
vt 0.25000000 0.99000000
vt 0.25000000 0.99000000
vt 0.32410000 0.97830000
vt 0.47820000 0.82420000
vt 0.44410000 0.89100000
vt 0.44410000 0.89100000
vt 0.02170000 0.67590000
vt 0.05580000 0.60890000
vt 0.37760000 0.24480000
vt 0.39360000 0.24990000
vt 0.39360000 0.20090000
vt 0.37500000 0.20090000
vt 0.32580000 0.24990000
vt 0.67420000 0.48810000
vt 0.87500000 0.48810000
vt 0.87500000 0.26190000
vt 0.67420000 0.26190000
vt 0.37500000 0.75000000
vt 0.12500000 0.50000000
vt 0.37500000 0.54920000
vt 0.32580000 0.50000000
vt 0.12500000 0.48810000
vt 0.67420000 0.24990000
vt 0.62500000 0.20090000
vt 0.87500000 0.24990000
vt 0.62500000 0.00000000
vt 0.60650000 0.00000000
vt 0.60650000 0.20090000
vt 0.37060000 0.49830000
vt 0.39360000 0.54920000
vt 0.39360000 0.50000000
vt 0.62930000 0.25160000
vt 0.62500000 0.26190000
vt 0.37500000 0.00000000
vt 0.12500000 0.24990000
vt 0.39360000 0.00000000
vt 0.60650000 0.24990000
vt 0.62240000 0.50520000
vt 0.62500000 0.48810000
vt 0.60650000 0.48810000
vt 0.60650000 0.50000000
vt 0.05010000 0.12740000
vt 0.05010000 0.50000000
vt 0.65000000 0.50000000
vt 0.65000000 0.12740000
vt 0.70000000 0.12740000
vt 0.70000000 0.50000000
vt 0.75000000 0.50000000
vt 0.75000000 0.12740000
vt 0.90000000 0.50000000
vt 0.90000000 0.12740000
vt 0.25000000 0.67200000
vt 0.75000000 0.50000000
vt 0.32410000 0.72590000
vt 0.32790000 0.75000000
vt 0.90000000 0.50000000
vt 0.20410000 0.68700000
vt 0.20410000 0.81310000
vt 0.27410000 0.82420000
vt 0.29580000 0.81310000
vt 0.29580000 0.81310000
vt 0.25000000 0.85570000
vt 0.28260000 0.85050000
vt 0.33550000 0.81210000
vt 0.31560000 0.95180000
vt 0.47820000 0.82420000
vt 0.31300000 0.79580000
vt 0.35050000 0.78270000
vt 0.44410000 0.89100000
vt 0.28260000 0.85050000
vt 0.39100000 0.94420000
vt 0.12500000 0.26190000
vt 0.14920000 0.00000000
vt 0.05530000 0.61010000
vt 0.05680000 0.60810000
vt 0.15090000 0.00000000
vt 0.39360000 0.48810000
vt 0.39360000 0.26190000
vt 0.60650000 0.26190000
vt 0.29580000 0.81310000
vt 0.31220000 0.83550000
vt 0.10890000 0.94420000
vt 0.17580000 0.97830000
vt 0.17580000 0.97830000
vt 0.10890000 0.55590000
vt 0.05580000 0.60890000
vt 0.05580000 0.60890000
vt 0.02170000 0.67590000
vt 0.02170000 0.67590000
vt 0.32410000 0.52180000
vt 0.02170000 0.82420000
vt 0.02170000 0.82420000
vt 0.44410000 0.89100000
vt 0.01000000 0.75000000
vt 0.01000000 0.75000000
vt 0.02170000 0.82420000
vt 0.01000000 0.75000000
vt 0.02170000 0.82420000
vt 0.01000000 0.75000000
vt 0.39100000 0.94420000
vt 0.17580000 0.52180000
vt 0.25000000 0.51000000
vt 0.10890000 0.55590000
vt 0.10890000 0.55590000
vt 0.05580000 0.89100000
vt 0.39100000 0.55590000
vt 0.17580000 0.97830000
vt 0.10890000 0.94420000
vt 0.10890000 0.55590000
vt 0.17580000 0.52180000
vt 0.39100000 0.94420000
vt 0.60650000 0.54920000
vt 0.62500000 0.54920000
vt 0.67420000 0.50000000
vt 0.87500000 0.50000000
vt 0.62500000 0.75000000
vt 0.39360000 0.75000000
vt 0.02150000 0.67710000
vt 0.19910000 0.00000000
vt 0.02230000 0.67470000
vt 0.20080000 0.00000000
vt 0.01030000 0.75130000
vt 0.01030000 0.74880000
vt 0.25090000 0.00000000
vt 0.24920000 0.00000000
vt 0.33550000 0.68780000
vt 0.25000000 0.51000000
vt 0.65080000 0.00000000
vt 0.64910000 0.00000000
vt 0.44480000 0.88990000
vt 0.44330000 0.89200000
vt 0.32410000 0.52180000
vt 0.60000000 0.50000000
vt 0.60000000 0.12740000
vt 0.44410000 0.60890000
vt 0.60650000 0.75000000
vt 0.05580000 0.89100000
vt 0.39100000 0.94420000
vt 0.50010000 0.50000000
vt 0.50010000 0.12740000
vt 0.55000000 0.50000000
vt 0.55000000 0.12740000
vt 0.35000000 0.50000000
vt 0.35000000 0.12740000
vt 0.39990000 0.50000000
vt 0.39990000 0.12740000
vt 0.94990000 0.50000000
vt 0.94990000 0.12740000
vt 1.00000000 0.50000000
vt 0.00000000 0.50000000
vt 0.00000000 0.12740000
vt 1.00000000 0.12740000
vt 0.32790000 0.75000000
vt 0.32410000 0.77410000
vt 0.32790000 0.75000000
vt 0.32410000 0.77410000
vt 0.80000000 0.50000000
vt 0.80000000 0.12740000
vt 0.85000000 0.50000000
vt 0.85000000 0.12740000
vt 0.17200000 0.75000000
vt 0.17590000 0.72590000
vt 0.17200000 0.75000000
vt 0.17590000 0.72590000
vt 0.32580000 0.48810000
vt 0.32580000 0.26190000
vt 0.37500000 0.48810000
vt 0.37500000 0.26190000
vt 0.60090000 0.00000000
vt 0.55000000 0.12740000
vt 0.37480000 0.92170000
vt 0.39200000 0.94320000
vt 0.32290000 0.97840000
vt 0.60000000 0.50000000
vt 0.60000000 0.12740000
vt 0.10000000 0.50000000
vt 0.10000000 0.12740000
vt 0.15000000 0.50000000
vt 0.15000000 0.12740000
vt 0.20000000 0.50000000
vt 0.20000000 0.12740000
vt 0.25000000 0.50000000
vt 0.25000000 0.12740000
vt 0.30000000 0.50000000
vt 0.30000000 0.12740000
vt 0.35090000 0.00000000
vt 0.05680000 0.89200000
vt 0.34920000 0.00000000
vt 0.05530000 0.88990000
vt 0.11010000 0.94480000
vt 0.39910000 0.00000000
vt 0.40080000 0.00000000
vt 0.10800000 0.94320000
vt 0.45000000 0.50000000
vt 0.45000000 0.12740000
vt 0.17710000 0.97840000
vt 0.44920000 0.00000000
vt 0.45090000 0.00000000
vt 0.17470000 0.97770000
vt 0.24870000 0.98980000
vt 0.49920000 0.00000000
vt 0.25130000 0.98980000
vt 0.50080000 0.00000000
vt 0.17200000 0.75000000
vt 0.17590000 0.77410000
vt 0.17590000 0.77410000
vt 0.31300000 0.70420000
vt 0.29580000 0.68700000
vt 0.31300000 0.70420000
vt 0.29580000 0.68700000
vt 0.27410000 0.67590000
vt 0.25000000 0.67200000
vt 0.27410000 0.67590000
vt 0.25000000 0.67200000
vt 0.18690000 0.70420000
vt 0.17590000 0.72590000
vt 0.18690000 0.70420000
vt 0.31300000 0.79580000
vt 0.32410000 0.77410000
vt 0.31300000 0.79580000
vt 0.25000000 0.82790000
vt 0.22590000 0.82420000
vt 0.25000000 0.82790000
vt 0.22590000 0.82420000
vt 0.27410000 0.82420000
vt 0.27410000 0.82420000
vt 0.31300000 0.70420000
vt 0.32410000 0.72590000
vt 0.32410000 0.72590000
vt 0.39200000 0.55670000
vt 0.38990000 0.55530000
vt 0.89920000 0.00000000
vt 0.90090000 0.00000000
vt 0.32540000 0.52240000
vt 0.95080000 0.00000000
vt 0.94920000 0.00000000
vt 0.32290000 0.52150000
vt 0.90000000 0.12740000
vt 0.18690000 0.70420000
vt 0.20410000 0.68700000
vt 0.20410000 0.68700000
vt 0.79920000 0.00000000
vt 0.47850000 0.67710000
vt 0.80090000 0.00000000
vt 0.47770000 0.67470000
vt 0.84910000 0.00000000
vt 0.44330000 0.60810000
vt 0.85080000 0.00000000
vt 0.44480000 0.61010000
vt 0.18790000 0.83550000
vt 0.16440000 0.81210000
vt 0.20410000 0.81310000
vt 0.18690000 0.79580000
vt 0.14940000 0.78270000
vt 0.17590000 0.77410000
vt 0.14940000 0.71730000
vt 0.16440000 0.68780000
vt 0.18790000 0.66450000
vt 0.21730000 0.64950000
vt 0.22590000 0.67590000
vt 0.89920000 0.00000000
vt 0.90090000 0.00000000
vt 0.37480000 0.57830000
vt 0.42170000 0.62520000
vt 0.45180000 0.68450000
vt 0.35560000 0.75000000
vt 0.35050000 0.71730000
vt 0.49000000 0.75000000
vt 0.46220000 0.75000000
vt 0.03770000 0.75000000
vt 0.04810000 0.68450000
vt 0.14430000 0.75000000
vt 0.42170000 0.87480000
vt 0.25000000 0.53770000
vt 0.31560000 0.54810000
vt 0.25000000 0.64430000
vt 0.28260000 0.64950000
vt 0.12530000 0.57830000
vt 0.18450000 0.54810000
vt 0.44330000 0.60810000
vt 0.85080000 0.00000000
vt 0.84910000 0.00000000
vt 0.44480000 0.61010000
vt 0.02230000 0.82530000
vt 0.02150000 0.82300000
vt 0.30080000 0.00000000
vt 0.29910000 0.00000000
vt 0.07830000 0.87480000
vt 0.04810000 0.81560000
vt 0.47770000 0.67470000
vt 0.47850000 0.67710000
vt 0.79920000 0.00000000
vt 0.80090000 0.00000000
vt 0.48980000 0.74880000
vt 0.48980000 0.75130000
vt 0.74910000 0.00000000
vt 0.75080000 0.00000000
vt 0.70090000 0.00000000
vt 0.69920000 0.00000000
vt 0.47850000 0.82300000
vt 0.47770000 0.82530000
vt 0.45180000 0.81560000
vt 0.44480000 0.88990000
vt 0.65080000 0.00000000
vt 0.64910000 0.00000000
vt 0.44330000 0.89200000
vt 0.38990000 0.94480000
vt 0.60090000 0.00000000
vt 0.59920000 0.00000000
vt 0.39200000 0.94320000
vt 0.54910000 0.00000000
vt 0.32540000 0.97770000
vt 0.55080000 0.00000000
vt 0.32290000 0.97840000
vt 0.37480000 0.92170000
vt 0.31560000 0.95180000
vt 0.80000000 0.50000000
vt 0.80000000 0.12740000
vt 0.85000000 0.50000000
vt 0.85000000 0.12740000
vt 0.69920000 0.00000000
vt 0.70090000 0.00000000
vt 0.47850000 0.82300000
vt 0.47770000 0.82530000
vt 0.48980000 0.75130000
vt 0.75080000 0.00000000
vt 0.74910000 0.00000000
vt 0.48980000 0.74880000
vt 0.70000000 0.12740000
vt 0.75000000 0.12740000
vt 0.24870000 0.51020000
vt 0.00090000 0.00000000
vt 0.25130000 0.51020000
vt 0.99910000 0.00000000
vt 0.22590000 0.82420000
vt 0.25000000 0.82790000
vt 0.65000000 0.50000000
vt 0.65000000 0.12740000
vt 0.70000000 0.50000000
vt 0.18690000 0.79580000
vt 0.18690000 0.79580000
vt 0.31300000 0.79580000
vt 0.20410000 0.81310000
vt 0.31220000 0.66450000
vt 0.27410000 0.67590000
vt 0.29580000 0.68700000
vt 0.21730000 0.85050000
vt 0.18450000 0.95180000
vt 0.12530000 0.92170000
vt 0.45180000 0.68450000
vt 0.46220000 0.75000000
vt 0.35050000 0.71730000
vt 0.35560000 0.75000000
vt 0.45180000 0.81560000
vt 0.35050000 0.78270000
vt 0.10800000 0.55670000
vt 0.10080000 0.00000000
vt 0.09910000 0.00000000
vt 0.11010000 0.55530000
vt 0.05080000 0.00000000
vt 0.17710000 0.52150000
vt 0.17470000 0.52240000
vt 0.04920000 0.00000000
vt 0.25000000 0.96220000
vt 0.37480000 0.57830000
vt 0.42170000 0.62520000
vt 0.17580000 0.97830000
vt 0.17580000 0.97830000
vt 0.25000000 0.99000000
vt 0.25000000 0.99000000
vt 0.47820000 0.82420000
vt 0.47820000 0.82420000
vt 0.49000000 0.75000000
vt 0.49000000 0.75000000
vt 0.47820000 0.67590000
vt 0.47820000 0.67590000
vt 0.44410000 0.60890000
vt 0.44410000 0.60890000
vt 0.07830000 0.62520000
vt 0.25000000 0.99000000
vt 0.32410000 0.97830000
vt 0.32410000 0.97830000
vt 0.17580000 0.97830000
vt 0.25000000 0.99000000
vt 0.32410000 0.97830000
vt 0.42170000 0.87480000
vt 0.33550000 0.81210000
vt 0.05580000 0.89100000
vt 0.05580000 0.89100000
vt 0.10890000 0.94420000
vt 0.10890000 0.94420000
vt 0.32410000 0.97830000
vt 0.32410000 0.97830000
vt 0.39100000 0.94420000
vt 0.39100000 0.94420000
vt 0.05580000 0.89100000
vt 0.05580000 0.89100000
vt 0.10890000 0.94420000
vt 0.10890000 0.94420000
vt 0.44410000 0.89100000
vt 0.44410000 0.89100000
vt 0.47820000 0.82420000
vt 0.47820000 0.82420000
vt 0.49000000 0.75000000
vt 0.49000000 0.75000000
vt 0.49000000 0.75000000
vt 0.47820000 0.67590000
vt 0.49000000 0.75000000
vt 0.47820000 0.67590000
vt 0.44410000 0.89100000
vt 0.02170000 0.82420000
vt 0.02170000 0.82420000
vt 0.01000000 0.75000000
vt 0.01000000 0.75000000
vt 0.47820000 0.67590000
vt 0.47820000 0.67590000
vt 0.02170000 0.67590000
vt 0.02170000 0.67590000
vt 0.05580000 0.60890000
vt 0.05580000 0.60890000
vt 0.10890000 0.55590000
vt 0.10890000 0.55590000
vt 0.44410000 0.60890000
vt 0.44410000 0.60890000
vt 0.39100000 0.55590000
vt 0.39100000 0.55590000
vt 0.17580000 0.52180000
vt 0.17580000 0.52180000
vt 0.25000000 0.51000000
vt 0.25000000 0.51000000
vt 0.25000000 0.51000000
vt 0.25000000 0.51000000
vt 0.17580000 0.52180000
vt 0.17580000 0.52180000
vt 0.39100000 0.55590000
vt 0.32410000 0.52180000
vt 0.39100000 0.55590000
vt 0.32410000 0.52180000
vt 0.44410000 0.60890000
vt 0.39100000 0.55590000
vt 0.32410000 0.52180000
vt 0.32410000 0.52180000
vt 0.02170000 0.67590000
vt 0.05580000 0.60890000
vt 0.47820000 0.82420000
vt 0.22590000 0.67590000
vt 0.22590000 0.67590000
vt 0.25000000 0.99000000
vt 0.25000000 0.99000000
vt 0.32410000 0.97830000
vt 0.44410000 0.89100000
vt 0.47820000 0.82420000
vt 0.44410000 0.89100000
vt 0.05580000 0.60890000
vt 0.02170000 0.67590000
vt 0.39360000 0.24990000
vt 0.37760000 0.24480000
vt 0.39360000 0.20090000
vt 0.37500000 0.20090000
vt 0.32580000 0.24990000
vt 0.87500000 0.48810000
vt 0.67420000 0.48810000
vt 0.87500000 0.26190000
vt 0.67420000 0.26190000
vt 0.37500000 0.54920000
vt 0.32580000 0.50000000
vt 0.12500000 0.50000000
vt 0.37500000 0.75000000
vt 0.12500000 0.48810000
vt 0.62500000 0.00000000
vt 0.87500000 0.24990000
vt 0.67420000 0.24990000
vt 0.62500000 0.20090000
vt 0.60650000 0.00000000
vt 0.60650000 0.20090000
vt 0.37060000 0.49830000
vt 0.39360000 0.54920000
vt 0.39360000 0.50000000
vt 0.62500000 0.26190000
vt 0.62930000 0.25160000
vt 0.12500000 0.24990000
vt 0.37500000 0.00000000
vt 0.39360000 0.00000000
vt 0.60650000 0.24990000
vt 0.62500000 0.48810000
vt 0.62240000 0.50520000
vt 0.60650000 0.48810000
vt 0.60650000 0.50000000
vt 0.05010000 0.12740000
vt 0.05010000 0.50000000
vt 0.65000000 0.50000000
vt 0.65000000 0.12740000
vt 0.70000000 0.50000000
vt 0.70000000 0.12740000
vt 0.75000000 0.50000000
vt 0.75000000 0.12740000
vt 0.90000000 0.50000000
vt 0.90000000 0.12740000
vt 0.94990000 0.50000000
vt 0.25000000 0.67200000
vt 0.75000000 0.50000000
vt 0.32790000 0.75000000
vt 0.32410000 0.72590000
vt 0.90000000 0.50000000
vt 0.20410000 0.68700000
vt 0.20410000 0.81310000
vt 0.27410000 0.82420000
vt 0.29580000 0.81310000
vt 0.29580000 0.81310000
vt 0.28260000 0.85050000
vt 0.25000000 0.85570000
vt 0.39100000 0.94420000
vt 0.12500000 0.26190000
vt 0.14920000 0.00000000
vt 0.15090000 0.00000000
vt 0.05680000 0.60810000
vt 0.05530000 0.61010000
vt 0.39360000 0.48810000
vt 0.39360000 0.26190000
vt 0.60650000 0.26190000
vt 0.29580000 0.81310000
vt 0.31220000 0.83550000
vt 0.10890000 0.94420000
vt 0.17580000 0.97830000
vt 0.17580000 0.97830000
vt 0.10890000 0.55590000
vt 0.05580000 0.60890000
vt 0.05580000 0.60890000
vt 0.02170000 0.67590000
vt 0.02170000 0.67590000
vt 0.32410000 0.52180000
vt 0.02170000 0.82420000
vt 0.02170000 0.82420000
vt 0.44410000 0.89100000
vt 0.01000000 0.75000000
vt 0.01000000 0.75000000
vt 0.01000000 0.75000000
vt 0.02170000 0.82420000
vt 0.02170000 0.82420000
vt 0.01000000 0.75000000
vt 0.39100000 0.94420000
vt 0.17580000 0.52180000
vt 0.25000000 0.51000000
vt 0.10890000 0.55590000
vt 0.10890000 0.55590000
vt 0.05580000 0.89100000
vt 0.39100000 0.55590000
vt 0.10890000 0.94420000
vt 0.17580000 0.97830000
vt 0.17580000 0.52180000
vt 0.10890000 0.55590000
vt 0.39100000 0.94420000
vt 0.60650000 0.54920000
vt 0.62500000 0.54920000
vt 0.67420000 0.50000000
vt 0.87500000 0.50000000
vt 0.62500000 0.75000000
vt 0.39360000 0.75000000
vt 0.02230000 0.67470000
vt 0.20080000 0.00000000
vt 0.02150000 0.67710000
vt 0.19910000 0.00000000
vt 0.25090000 0.00000000
vt 0.24920000 0.00000000
vt 0.01030000 0.75130000
vt 0.01030000 0.74880000
vt 0.33550000 0.68780000
vt 0.25000000 0.51000000
vt 0.44330000 0.89200000
vt 0.64910000 0.00000000
vt 0.44480000 0.88990000
vt 0.65080000 0.00000000
vt 0.32410000 0.52180000
vt 0.60000000 0.50000000
vt 0.60000000 0.12740000
vt 0.44410000 0.60890000
vt 0.60650000 0.75000000
vt 0.05580000 0.89100000
vt 0.39100000 0.94420000
vt 0.50010000 0.12740000
vt 0.50010000 0.50000000
vt 0.55000000 0.50000000
vt 0.55000000 0.12740000
vt 0.35000000 0.12740000
vt 0.35000000 0.50000000
vt 0.39990000 0.50000000
vt 0.39990000 0.12740000
vt 0.94990000 0.12740000
vt 0.94990000 0.50000000
vt 1.00000000 0.50000000
vt 0.00000000 0.50000000
vt 0.00000000 0.12740000
vt 1.00000000 0.12740000
vt 0.32410000 0.77410000
vt 0.32790000 0.75000000
vt 0.32790000 0.75000000
vt 0.32410000 0.77410000
vt 0.80000000 0.12740000
vt 0.80000000 0.50000000
vt 0.85000000 0.50000000
vt 0.85000000 0.12740000
vt 0.17590000 0.72590000
vt 0.17200000 0.75000000
vt 0.17200000 0.75000000
vt 0.17590000 0.72590000
vt 0.32580000 0.26190000
vt 0.32580000 0.48810000
vt 0.37500000 0.48810000
vt 0.37500000 0.26190000
vt 0.60090000 0.00000000
vt 0.31560000 0.95180000
vt 0.27460000 0.95830000
vt 0.55000000 0.12740000
vt 0.37480000 0.92170000
vt 0.39200000 0.94320000
vt 0.27580000 0.98590000
vt 0.55000000 0.50000000
vt 0.27540000 0.97550000
vt 0.60000000 0.50000000
vt 0.60000000 0.12740000
vt 0.10000000 0.12740000
vt 0.10000000 0.50000000
vt 0.15000000 0.50000000
vt 0.15000000 0.12740000
vt 0.20000000 0.50000000
vt 0.20000000 0.12740000
vt 0.25000000 0.12740000
vt 0.25000000 0.50000000
vt 0.30000000 0.50000000
vt 0.30000000 0.12740000
vt 0.11010000 0.94480000
vt 0.39910000 0.00000000
vt 0.10800000 0.94320000
vt 0.40080000 0.00000000
vt 0.35090000 0.00000000
vt 0.05530000 0.88990000
vt 0.34920000 0.00000000
vt 0.05680000 0.89200000
vt 0.45000000 0.50000000
vt 0.45000000 0.12740000
vt 0.44920000 0.00000000
vt 0.17470000 0.97770000
vt 0.17710000 0.97840000
vt 0.45090000 0.00000000
vt 0.25130000 0.98980000
vt 0.24870000 0.98980000
vt 0.50080000 0.00000000
vt 0.49920000 0.00000000
vt 0.17590000 0.77410000
vt 0.17200000 0.75000000
vt 0.17590000 0.77410000
vt 0.29580000 0.68700000
vt 0.31300000 0.70420000
vt 0.31300000 0.70420000
vt 0.29580000 0.68700000
vt 0.25000000 0.67200000
vt 0.27410000 0.67590000
vt 0.27410000 0.67590000
vt 0.25000000 0.67200000
vt 0.17590000 0.72590000
vt 0.18690000 0.70420000
vt 0.18690000 0.70420000
vt 0.32410000 0.77410000
vt 0.31300000 0.79580000
vt 0.31300000 0.79580000
vt 0.22590000 0.82420000
vt 0.25000000 0.82790000
vt 0.25000000 0.82790000
vt 0.22590000 0.82420000
vt 0.27410000 0.82420000
vt 0.27410000 0.82420000
vt 0.32410000 0.72590000
vt 0.31300000 0.70420000
vt 0.32410000 0.72590000
vt 0.32540000 0.52240000
vt 0.32290000 0.52150000
vt 0.95080000 0.00000000
vt 0.94920000 0.00000000
vt 0.90090000 0.00000000
vt 0.39200000 0.55670000
vt 0.38990000 0.55530000
vt 0.89920000 0.00000000
vt 0.90000000 0.12740000
vt 0.20410000 0.68700000
vt 0.18690000 0.70420000
vt 0.20410000 0.68700000
vt 0.44480000 0.61010000
vt 0.44330000 0.60810000
vt 0.84910000 0.00000000
vt 0.85080000 0.00000000
vt 0.47770000 0.67470000
vt 0.47850000 0.67710000
vt 0.79920000 0.00000000
vt 0.80090000 0.00000000
vt 0.16440000 0.81210000
vt 0.18790000 0.83550000
vt 0.20410000 0.81310000
vt 0.18690000 0.79580000
vt 0.14940000 0.78270000
vt 0.17590000 0.77410000
vt 0.16440000 0.68780000
vt 0.14940000 0.71730000
vt 0.18790000 0.66450000
vt 0.21730000 0.64950000
vt 0.22590000 0.67590000
vt 0.42170000 0.62520000
vt 0.37480000 0.57830000
vt 0.89920000 0.00000000
vt 0.31560000 0.54810000
vt 0.94920000 0.00000000
vt 0.94990000 0.50000000
vt 0.94990000 0.12740000
vt 0.35050000 0.78270000
vt 0.35560000 0.75000000
vt 0.39100000 0.94420000
vt 0.35050000 0.71730000
vt 0.31220000 0.66450000
vt 0.33550000 0.68780000
vt 0.32410000 0.77410000
vt 0.32790000 0.75000000
vt 0.28260000 0.64950000
vt 0.47820000 0.82420000
vt 0.33550000 0.81210000
vt 0.45180000 0.68450000
vt 0.46220000 0.75000000
vt 0.04810000 0.68450000
vt 0.03770000 0.75000000
vt 0.14430000 0.75000000
vt 0.42170000 0.87480000
vt 0.31220000 0.83550000
vt 0.39100000 0.94420000
vt 0.31300000 0.79580000
vt 0.31560000 0.54810000
vt 0.25000000 0.53770000
vt 0.25000000 0.64430000
vt 0.28260000 0.64950000
vt 0.18450000 0.54810000
vt 0.12530000 0.57830000
vt 0.44330000 0.60810000
vt 0.85080000 0.00000000
vt 0.84910000 0.00000000
vt 0.44480000 0.61010000
vt 0.30080000 0.00000000
vt 0.29910000 0.00000000
vt 0.02230000 0.82530000
vt 0.02150000 0.82300000
vt 0.07830000 0.87480000
vt 0.04810000 0.81560000
vt 0.48980000 0.74880000
vt 0.74910000 0.00000000
vt 0.75080000 0.00000000
vt 0.48980000 0.75130000
vt 0.79920000 0.00000000
vt 0.47850000 0.67710000
vt 0.47770000 0.67470000
vt 0.80090000 0.00000000
vt 0.47770000 0.82530000
vt 0.70090000 0.00000000
vt 0.47850000 0.82300000
vt 0.69920000 0.00000000
vt 0.45180000 0.81560000
vt 0.65080000 0.00000000
vt 0.44330000 0.89200000
vt 0.44480000 0.88990000
vt 0.64910000 0.00000000
vt 0.54910000 0.00000000
vt 0.32540000 0.97770000
vt 0.55080000 0.00000000
vt 0.32290000 0.97840000
vt 0.59920000 0.00000000
vt 0.39200000 0.94320000
vt 0.60090000 0.00000000
vt 0.38990000 0.94480000
vt 0.37480000 0.92170000
vt 0.31560000 0.95180000
vt 0.80000000 0.12740000
vt 0.80000000 0.50000000
vt 0.85000000 0.50000000
vt 0.85000000 0.12740000
vt 0.74910000 0.00000000
vt 0.75080000 0.00000000
vt 0.48980000 0.74880000
vt 0.48980000 0.75130000
vt 0.70090000 0.00000000
vt 0.69920000 0.00000000
vt 0.47850000 0.82300000
vt 0.47770000 0.82530000
vt 0.70000000 0.12740000
vt 0.75000000 0.12740000
vt 0.25130000 0.51020000
vt 0.99910000 0.00000000
vt 0.00090000 0.00000000
vt 0.24870000 0.51020000
vt 0.25000000 0.82790000
vt 0.22590000 0.82420000
vt 0.65000000 0.12740000
vt 0.65000000 0.50000000
vt 0.70000000 0.50000000
vt 0.18690000 0.79580000
vt 0.18690000 0.79580000
vt 0.31300000 0.79580000
vt 0.20410000 0.81310000
vt 0.31220000 0.66450000
vt 0.27410000 0.67590000
vt 0.29580000 0.68700000
vt 0.21730000 0.85050000
vt 0.12530000 0.92170000
vt 0.18450000 0.95180000
vt 0.46220000 0.75000000
vt 0.45180000 0.68450000
vt 0.35050000 0.71730000
vt 0.35560000 0.75000000
vt 0.45180000 0.81560000
vt 0.35050000 0.78270000
vt 0.17470000 0.52240000
vt 0.05080000 0.00000000
vt 0.17710000 0.52150000
vt 0.04920000 0.00000000
vt 0.09910000 0.00000000
vt 0.10800000 0.55670000
vt 0.11010000 0.55530000
vt 0.10080000 0.00000000
vt 0.25000000 0.96220000
vt 0.37480000 0.57830000
vt 0.42170000 0.62520000
vt 0.17580000 0.97830000
vt 0.17580000 0.97830000
vt 0.25000000 0.99000000
vt 0.25000000 0.99000000
vt 0.47820000 0.82420000
vt 0.47820000 0.82420000
vt 0.49000000 0.75000000
vt 0.49000000 0.75000000
vt 0.47820000 0.67590000
vt 0.47820000 0.67590000
vt 0.44410000 0.60890000
vt 0.44410000 0.60890000
vt 0.07830000 0.62520000
vt 0.32410000 0.97830000
vt 0.25000000 0.99000000
vt 0.32410000 0.97830000
vt 0.17580000 0.97830000
vt 0.25000000 0.99000000
vt 0.32410000 0.97830000
vt 0.42170000 0.87480000
vt 0.33550000 0.81210000
vt 0.05580000 0.89100000
vt 0.05580000 0.89100000
vt 0.10890000 0.94420000
vt 0.10890000 0.94420000
vt 0.32410000 0.97830000
vt 0.32410000 0.97830000
vt 0.39100000 0.94420000
vt 0.39100000 0.94420000
vt 0.05580000 0.89100000
vt 0.05580000 0.89100000
vt 0.10890000 0.94420000
vt 0.10890000 0.94420000
vt 0.44410000 0.89100000
vt 0.44410000 0.89100000
vt 0.47820000 0.82420000
vt 0.47820000 0.82420000
vt 0.49000000 0.75000000
vt 0.49000000 0.75000000
vt 0.47820000 0.67590000
vt 0.49000000 0.75000000
vt 0.49000000 0.75000000
vt 0.47820000 0.67590000
vt 0.44410000 0.89100000
vt 0.02170000 0.82420000
vt 0.02170000 0.82420000
vt 0.01000000 0.75000000
vt 0.01000000 0.75000000
vt 0.47820000 0.67590000
vt 0.47820000 0.67590000
vt 0.02170000 0.67590000
vt 0.02170000 0.67590000
vt 0.05580000 0.60890000
vt 0.05580000 0.60890000
vt 0.10890000 0.55590000
vt 0.10890000 0.55590000
vt 0.44410000 0.60890000
vt 0.44410000 0.60890000
vt 0.39100000 0.55590000
vt 0.39100000 0.55590000
vt 0.17580000 0.52180000
vt 0.17580000 0.52180000
vt 0.25000000 0.51000000
vt 0.25000000 0.51000000
vt 0.25000000 0.51000000
vt 0.25000000 0.51000000
vt 0.17580000 0.52180000
vt 0.17580000 0.52180000
vt 0.32410000 0.52180000
vt 0.39100000 0.55590000
vt 0.39100000 0.55590000
vt 0.32410000 0.52180000
vt 0.44410000 0.60890000
vt 0.39100000 0.55590000
vt 0.32410000 0.52180000
vt 0.32410000 0.52180000
vt 0.02170000 0.67590000
vt 0.05580000 0.60890000
vt 0.47820000 0.82420000
vt 0.22590000 0.67590000
vt 0.22590000 0.67590000
vt 0.25000000 0.99000000
vt 0.25000000 0.99000000
vt 0.32410000 0.97830000
vt 0.47820000 0.82420000
vt 0.44410000 0.89100000
vt 0.44410000 0.89100000
vt 0.02170000 0.67590000
vt 0.05580000 0.60890000
vt 0.37760000 0.24480000
vt 0.39360000 0.24990000
vt 0.39360000 0.20090000
vt 0.32580000 0.24990000
vt 0.37500000 0.20090000
vt 0.67420000 0.48810000
vt 0.87500000 0.48810000
vt 0.87500000 0.26190000
vt 0.67420000 0.26190000
vt 0.37500000 0.75000000
vt 0.12500000 0.50000000
vt 0.32580000 0.50000000
vt 0.37500000 0.54920000
vt 0.12500000 0.48810000
vt 0.62500000 0.20090000
vt 0.67420000 0.24990000
vt 0.62500000 0.00000000
vt 0.87500000 0.24990000
vt 0.60650000 0.00000000
vt 0.60650000 0.20090000
vt 0.37060000 0.49830000
vt 0.39360000 0.54920000
vt 0.39360000 0.50000000
vt 0.62930000 0.25160000
vt 0.62500000 0.26190000
vt 0.12500000 0.24990000
vt 0.37500000 0.00000000
vt 0.39360000 0.00000000
vt 0.60650000 0.24990000
vt 0.62240000 0.50520000
vt 0.62500000 0.48810000
vt 0.60650000 0.48810000
vt 0.60650000 0.50000000
vt 0.05010000 0.12740000
vt 0.05010000 0.50000000
vt 0.65000000 0.50000000
vt 0.65000000 0.12740000
vt 0.70000000 0.12740000
vt 0.70000000 0.50000000
vt 0.75000000 0.50000000
vt 0.75000000 0.12740000
vt 0.90000000 0.50000000
vt 0.90000000 0.12740000
vt 0.25000000 0.67200000
vt 0.75000000 0.50000000
vt 0.32410000 0.72590000
vt 0.32790000 0.75000000
vt 0.90000000 0.50000000
vt 0.20410000 0.68700000
vt 0.20410000 0.81310000
vt 0.27410000 0.82420000
vt 0.29580000 0.81310000
vt 0.29580000 0.81310000
vt 0.25000000 0.85570000
vt 0.28260000 0.85050000
vt 0.31300000 0.79580000
vt 0.28260000 0.85050000
vt 0.47820000 0.82420000
vt 0.35050000 0.78270000
vt 0.33550000 0.81210000
vt 0.44410000 0.89100000
vt 0.31560000 0.95180000
vt 0.39100000 0.94420000
vt 0.12500000 0.26190000
vt 0.15090000 0.00000000
vt 0.05680000 0.60810000
vt 0.14920000 0.00000000
vt 0.05530000 0.61010000
vt 0.39360000 0.48810000
vt 0.39360000 0.26190000
vt 0.60650000 0.26190000
vt 0.29580000 0.81310000
vt 0.31220000 0.83550000
vt 0.10890000 0.94420000
vt 0.17580000 0.97830000
vt 0.17580000 0.97830000
vt 0.10890000 0.55590000
vt 0.05580000 0.60890000
vt 0.05580000 0.60890000
vt 0.02170000 0.67590000
vt 0.02170000 0.67590000
vt 0.32410000 0.52180000
vt 0.02170000 0.82420000
vt 0.02170000 0.82420000
vt 0.44410000 0.89100000
vt 0.01000000 0.75000000
vt 0.01000000 0.75000000
vt 0.02170000 0.82420000
vt 0.01000000 0.75000000
vt 0.02170000 0.82420000
vt 0.01000000 0.75000000
vt 0.39100000 0.94420000
vt 0.17580000 0.52180000
vt 0.25000000 0.51000000
vt 0.10890000 0.55590000
vt 0.10890000 0.55590000
vt 0.05580000 0.89100000
vt 0.39100000 0.55590000
vt 0.17580000 0.97830000
vt 0.10890000 0.94420000
vt 0.10890000 0.55590000
vt 0.17580000 0.52180000
vt 0.39100000 0.94420000
vt 0.60650000 0.54920000
vt 0.67420000 0.50000000
vt 0.62500000 0.54920000
vt 0.87500000 0.50000000
vt 0.62500000 0.75000000
vt 0.39360000 0.75000000
vt 0.20080000 0.00000000
vt 0.02230000 0.67470000
vt 0.02150000 0.67710000
vt 0.19910000 0.00000000
vt 0.01030000 0.74880000
vt 0.24920000 0.00000000
vt 0.25090000 0.00000000
vt 0.01030000 0.75130000
vt 0.33550000 0.68780000
vt 0.25000000 0.51000000
vt 0.44480000 0.88990000
vt 0.65080000 0.00000000
vt 0.44330000 0.89200000
vt 0.64910000 0.00000000
vt 0.32410000 0.52180000
vt 0.60000000 0.50000000
vt 0.60000000 0.12740000
vt 0.44410000 0.60890000
vt 0.60650000 0.75000000
vt 0.05580000 0.89100000
vt 0.39100000 0.94420000
vt 0.50010000 0.50000000
vt 0.50010000 0.12740000
vt 0.55000000 0.50000000
vt 0.55000000 0.12740000
vt 0.35000000 0.50000000
vt 0.35000000 0.12740000
vt 0.39990000 0.50000000
vt 0.39990000 0.12740000
vt 0.94990000 0.50000000
vt 0.94990000 0.12740000
vt 1.00000000 0.50000000
vt 0.00000000 0.50000000
vt 0.00000000 0.12740000
vt 1.00000000 0.12740000
vt 0.32790000 0.75000000
vt 0.32410000 0.77410000
vt 0.32790000 0.75000000
vt 0.32410000 0.77410000
vt 0.80000000 0.50000000
vt 0.80000000 0.12740000
vt 0.85000000 0.50000000
vt 0.85000000 0.12740000
vt 0.17200000 0.75000000
vt 0.17590000 0.72590000
vt 0.17200000 0.75000000
vt 0.17590000 0.72590000
vt 0.32580000 0.48810000
vt 0.32580000 0.26190000
vt 0.37500000 0.48810000
vt 0.37500000 0.26190000
vt 0.39200000 0.94320000
vt 0.55000000 0.12740000
vt 0.60090000 0.00000000
vt 0.32290000 0.97840000
vt 0.37480000 0.92170000
vt 0.60000000 0.50000000
vt 0.60000000 0.12740000
vt 0.10000000 0.50000000
vt 0.10000000 0.12740000
vt 0.15000000 0.50000000
vt 0.15000000 0.12740000
vt 0.20000000 0.50000000
vt 0.20000000 0.12740000
vt 0.25000000 0.50000000
vt 0.25000000 0.12740000
vt 0.30000000 0.50000000
vt 0.30000000 0.12740000
vt 0.34920000 0.00000000
vt 0.35090000 0.00000000
vt 0.05530000 0.88990000
vt 0.05680000 0.89200000
vt 0.39910000 0.00000000
vt 0.11010000 0.94480000
vt 0.10800000 0.94320000
vt 0.40080000 0.00000000
vt 0.45000000 0.50000000
vt 0.45000000 0.12740000
vt 0.17710000 0.97840000
vt 0.44920000 0.00000000
vt 0.17470000 0.97770000
vt 0.45090000 0.00000000
vt 0.24870000 0.98980000
vt 0.49920000 0.00000000
vt 0.25130000 0.98980000
vt 0.50080000 0.00000000
vt 0.17200000 0.75000000
vt 0.17590000 0.77410000
vt 0.17590000 0.77410000
vt 0.31300000 0.70420000
vt 0.29580000 0.68700000
vt 0.31300000 0.70420000
vt 0.29580000 0.68700000
vt 0.27410000 0.67590000
vt 0.25000000 0.67200000
vt 0.27410000 0.67590000
vt 0.25000000 0.67200000
vt 0.18690000 0.70420000
vt 0.17590000 0.72590000
vt 0.18690000 0.70420000
vt 0.31300000 0.79580000
vt 0.32410000 0.77410000
vt 0.31300000 0.79580000
vt 0.25000000 0.82790000
vt 0.22590000 0.82420000
vt 0.25000000 0.82790000
vt 0.22590000 0.82420000
vt 0.27410000 0.82420000
vt 0.27410000 0.82420000
vt 0.31300000 0.70420000
vt 0.32410000 0.72590000
vt 0.32410000 0.72590000
vt 0.89920000 0.00000000
vt 0.38990000 0.55530000
vt 0.39200000 0.55670000
vt 0.90090000 0.00000000
vt 0.32290000 0.52150000
vt 0.94920000 0.00000000
vt 0.95080000 0.00000000
vt 0.32540000 0.52240000
vt 0.90000000 0.12740000
vt 0.18690000 0.70420000
vt 0.20410000 0.68700000
vt 0.20410000 0.68700000
vt 0.79920000 0.00000000
vt 0.47770000 0.67470000
vt 0.80090000 0.00000000
vt 0.47850000 0.67710000
vt 0.44330000 0.60810000
vt 0.44480000 0.61010000
vt 0.85080000 0.00000000
vt 0.84910000 0.00000000
vt 0.18790000 0.83550000
vt 0.16440000 0.81210000
vt 0.20410000 0.81310000
vt 0.18690000 0.79580000
vt 0.14940000 0.78270000
vt 0.17590000 0.77410000
vt 0.14940000 0.71730000
vt 0.16440000 0.68780000
vt 0.18790000 0.66450000
vt 0.21730000 0.64950000
vt 0.22590000 0.67590000
vt 0.90090000 0.00000000
vt 0.37480000 0.57830000
vt 0.89920000 0.00000000
vt 0.42170000 0.62520000
vt 0.45180000 0.68450000
vt 0.35050000 0.71730000
vt 0.49000000 0.75000000
vt 0.35560000 0.75000000
vt 0.46220000 0.75000000
vt 0.03770000 0.75000000
vt 0.04810000 0.68450000
vt 0.14430000 0.75000000
vt 0.42170000 0.87480000
vt 0.25000000 0.53770000
vt 0.31560000 0.54810000
vt 0.25000000 0.64430000
vt 0.28260000 0.64950000
vt 0.12530000 0.57830000
vt 0.18450000 0.54810000
vt 0.84910000 0.00000000
vt 0.85080000 0.00000000
vt 0.44330000 0.60810000
vt 0.44480000 0.61010000
vt 0.02230000 0.82530000
vt 0.30080000 0.00000000
vt 0.29910000 0.00000000
vt 0.02150000 0.82300000
vt 0.07830000 0.87480000
vt 0.04810000 0.81560000
vt 0.79920000 0.00000000
vt 0.47770000 0.67470000
vt 0.80090000 0.00000000
vt 0.47850000 0.67710000
vt 0.48980000 0.74880000
vt 0.75080000 0.00000000
vt 0.74910000 0.00000000
vt 0.48980000 0.75130000
vt 0.69920000 0.00000000
vt 0.70090000 0.00000000
vt 0.47850000 0.82300000
vt 0.47770000 0.82530000
vt 0.45180000 0.81560000
vt 0.44480000 0.88990000
vt 0.44330000 0.89200000
vt 0.65080000 0.00000000
vt 0.64910000 0.00000000
vt 0.59920000 0.00000000
vt 0.39200000 0.94320000
vt 0.60090000 0.00000000
vt 0.38990000 0.94480000
vt 0.32290000 0.97840000
vt 0.32540000 0.97770000
vt 0.55080000 0.00000000
vt 0.54910000 0.00000000
vt 0.37480000 0.92170000
vt 0.31560000 0.95180000
vt 0.80000000 0.50000000
vt 0.80000000 0.12740000
vt 0.85000000 0.50000000
vt 0.85000000 0.12740000
vt 0.47850000 0.82300000
vt 0.69920000 0.00000000
vt 0.70090000 0.00000000
vt 0.47770000 0.82530000
vt 0.48980000 0.74880000
vt 0.48980000 0.75130000
vt 0.75080000 0.00000000
vt 0.74910000 0.00000000
vt 0.70000000 0.12740000
vt 0.75000000 0.12740000
vt 0.99910000 0.00000000
vt 0.00090000 0.00000000
vt 0.25130000 0.51020000
vt 0.24870000 0.51020000
vt 0.22590000 0.82420000
vt 0.25000000 0.82790000
vt 0.65000000 0.50000000
vt 0.65000000 0.12740000
vt 0.70000000 0.50000000
vt 0.18690000 0.79580000
vt 0.18690000 0.79580000
vt 0.31300000 0.79580000
vt 0.20410000 0.81310000
vt 0.31220000 0.66450000
vt 0.27410000 0.67590000
vt 0.29580000 0.68700000
vt 0.21730000 0.85050000
vt 0.18450000 0.95180000
vt 0.12530000 0.92170000
vt 0.45180000 0.68450000
vt 0.46220000 0.75000000
vt 0.35050000 0.71730000
vt 0.35560000 0.75000000
vt 0.45180000 0.81560000
vt 0.35050000 0.78270000
vt 0.11010000 0.55530000
vt 0.09910000 0.00000000
vt 0.10800000 0.55670000
vt 0.10080000 0.00000000
vt 0.05080000 0.00000000
vt 0.17470000 0.52240000
vt 0.04920000 0.00000000
vt 0.17710000 0.52150000
vt 0.25000000 0.96220000
vt 0.37480000 0.57830000
vt 0.42170000 0.62520000
vt 0.17580000 0.97830000
vt 0.17580000 0.97830000
vt 0.25000000 0.99000000
vt 0.25000000 0.99000000
vt 0.47820000 0.82420000
vt 0.47820000 0.82420000
vt 0.49000000 0.75000000
vt 0.49000000 0.75000000
vt 0.47820000 0.67590000
vt 0.47820000 0.67590000
vt 0.44410000 0.60890000
vt 0.44410000 0.60890000
vt 0.07830000 0.62520000
vt 0.25000000 0.99000000
vt 0.32410000 0.97830000
vt 0.32410000 0.97830000
vt 0.17580000 0.97830000
vt 0.25000000 0.99000000
vt 0.32410000 0.97830000
vt 0.42170000 0.87480000
vt 0.33550000 0.81210000
vt 0.05580000 0.89100000
vt 0.05580000 0.89100000
vt 0.10890000 0.94420000
vt 0.10890000 0.94420000
vt 0.32410000 0.97830000
vt 0.32410000 0.97830000
vt 0.39100000 0.94420000
vt 0.39100000 0.94420000
vt 0.05580000 0.89100000
vt 0.05580000 0.89100000
vt 0.10890000 0.94420000
vt 0.10890000 0.94420000
vt 0.44410000 0.89100000
vt 0.44410000 0.89100000
vt 0.47820000 0.82420000
vt 0.47820000 0.82420000
vt 0.49000000 0.75000000
vt 0.49000000 0.75000000
vt 0.49000000 0.75000000
vt 0.47820000 0.67590000
vt 0.49000000 0.75000000
vt 0.47820000 0.67590000
vt 0.44410000 0.89100000
vt 0.02170000 0.82420000
vt 0.02170000 0.82420000
vt 0.01000000 0.75000000
vt 0.01000000 0.75000000
vt 0.47820000 0.67590000
vt 0.47820000 0.67590000
vt 0.02170000 0.67590000
vt 0.02170000 0.67590000
vt 0.05580000 0.60890000
vt 0.05580000 0.60890000
vt 0.10890000 0.55590000
vt 0.10890000 0.55590000
vt 0.44410000 0.60890000
vt 0.44410000 0.60890000
vt 0.39100000 0.55590000
vt 0.39100000 0.55590000
vt 0.17580000 0.52180000
vt 0.17580000 0.52180000
vt 0.25000000 0.51000000
vt 0.25000000 0.51000000
vt 0.25000000 0.51000000
vt 0.25000000 0.51000000
vt 0.17580000 0.52180000
vt 0.17580000 0.52180000
vt 0.39100000 0.55590000
vt 0.32410000 0.52180000
vt 0.39100000 0.55590000
vt 0.32410000 0.52180000
vt 0.44410000 0.60890000
vt 0.39100000 0.55590000
vt 0.32410000 0.52180000
vt 0.32410000 0.52180000
vt 0.02170000 0.67590000
vt 0.05580000 0.60890000
vt 0.47820000 0.82420000
vt 0.22590000 0.67590000
vt 0.22590000 0.67590000
vt 0.25000000 0.99000000
vt 0.25000000 0.99000000
vt 0.32410000 0.97830000
vt 0.44410000 0.89100000
vt 0.47820000 0.82420000
vt 0.44410000 0.89100000
vt 0.05580000 0.60890000
vt 0.02170000 0.67590000
vt 0.39360000 0.24990000
vt 0.37760000 0.24480000
vt 0.39360000 0.20090000
vt 0.32580000 0.24990000
vt 0.37500000 0.20090000
vt 0.87500000 0.48810000
vt 0.67420000 0.48810000
vt 0.87500000 0.26190000
vt 0.67420000 0.26190000
vt 0.32580000 0.50000000
vt 0.37500000 0.54920000
vt 0.12500000 0.50000000
vt 0.37500000 0.75000000
vt 0.12500000 0.48810000
vt 0.62500000 0.00000000
vt 0.87500000 0.24990000
vt 0.62500000 0.20090000
vt 0.67420000 0.24990000
vt 0.60650000 0.00000000
vt 0.60650000 0.20090000
vt 0.37060000 0.49830000
vt 0.39360000 0.54920000
vt 0.39360000 0.50000000
vt 0.62500000 0.26190000
vt 0.62930000 0.25160000
vt 0.37500000 0.00000000
vt 0.12500000 0.24990000
vt 0.39360000 0.00000000
vt 0.60650000 0.24990000
vt 0.62500000 0.48810000
vt 0.62240000 0.50520000
vt 0.60650000 0.48810000
vt 0.60650000 0.50000000
vt 0.05010000 0.12740000
vt 0.05010000 0.50000000
vt 0.65000000 0.50000000
vt 0.65000000 0.12740000
vt 0.70000000 0.50000000
vt 0.70000000 0.12740000
vt 0.75000000 0.50000000
vt 0.75000000 0.12740000
vt 0.90000000 0.50000000
vt 0.90000000 0.12740000
vt 0.94990000 0.50000000
vt 0.25000000 0.67200000
vt 0.75000000 0.50000000
vt 0.32790000 0.75000000
vt 0.32410000 0.72590000
vt 0.90000000 0.50000000
vt 0.20410000 0.68700000
vt 0.20410000 0.81310000
vt 0.27410000 0.82420000
vt 0.29580000 0.81310000
vt 0.29580000 0.81310000
vt 0.28260000 0.85050000
vt 0.25000000 0.85570000
vt 0.39100000 0.94420000
vt 0.12500000 0.26190000
vt 0.05680000 0.60810000
vt 0.15090000 0.00000000
vt 0.14920000 0.00000000
vt 0.05530000 0.61010000
vt 0.39360000 0.48810000
vt 0.39360000 0.26190000
vt 0.60650000 0.26190000
vt 0.29580000 0.81310000
vt 0.31220000 0.83550000
vt 0.10890000 0.94420000
vt 0.17580000 0.97830000
vt 0.17580000 0.97830000
vt 0.10890000 0.55590000
vt 0.05580000 0.60890000
vt 0.05580000 0.60890000
vt 0.02170000 0.67590000
vt 0.02170000 0.67590000
vt 0.32410000 0.52180000
vt 0.02170000 0.82420000
vt 0.02170000 0.82420000
vt 0.44410000 0.89100000
vt 0.01000000 0.75000000
vt 0.01000000 0.75000000
vt 0.01000000 0.75000000
vt 0.02170000 0.82420000
vt 0.02170000 0.82420000
vt 0.01000000 0.75000000
vt 0.39100000 0.94420000
vt 0.17580000 0.52180000
vt 0.25000000 0.51000000
vt 0.10890000 0.55590000
vt 0.10890000 0.55590000
vt 0.05580000 0.89100000
vt 0.39100000 0.55590000
vt 0.10890000 0.94420000
vt 0.17580000 0.97830000
vt 0.17580000 0.52180000
vt 0.10890000 0.55590000
vt 0.39100000 0.94420000
vt 0.60650000 0.54920000
vt 0.67420000 0.50000000
vt 0.62500000 0.54920000
vt 0.62500000 0.75000000
vt 0.87500000 0.50000000
vt 0.39360000 0.75000000
vt 0.19910000 0.00000000
vt 0.20080000 0.00000000
vt 0.02150000 0.67710000
vt 0.02230000 0.67470000
vt 0.25090000 0.00000000
vt 0.01030000 0.74880000
vt 0.01030000 0.75130000
vt 0.24920000 0.00000000
vt 0.33550000 0.68780000
vt 0.25000000 0.51000000
vt 0.65080000 0.00000000
vt 0.44330000 0.89200000
vt 0.64910000 0.00000000
vt 0.44480000 0.88990000
vt 0.32410000 0.52180000
vt 0.60000000 0.50000000
vt 0.60000000 0.12740000
vt 0.44410000 0.60890000
vt 0.60650000 0.75000000
vt 0.05580000 0.89100000
vt 0.39100000 0.94420000
f 1/1 2/2 3/3
f 1/1 3/3 4/4
f 5/5 6/6 7/7
f 5/5 7/7 8/8
f 9/9 10/10 11/11
f 9/9 11/11 14/14
f 15/15 16/16 17/17
f 15/15 17/17 18/18
f 19/19 20/20 21/21
f 19/19 21/21 22/22
f 23/23 24/24 25/25
f 23/23 25/25 26/26
f 27/27 28/28 29/29
f 27/27 29/29 30/30
f 36/36 37/37 40/40
f 36/36 40/40 41/41
f 42/42 43/43 44/44
f 42/42 44/44 45/45
f 45/45 44/44 46/46
f 45/45 46/46 47/47
f 48/48 49/49 50/50
f 48/48 50/50 51/51
f 53/53 58/58 5/5
f 53/53 5/5 8/8
f 8/8 7/7 60/60
f 8/8 60/60 61/61
f 63/63 52/52 8/8
f 63/63 8/8 61/61
f 66/66 65/65 61/61
f 66/66 61/61 1/1
f 70/70 71/71 25/25
f 70/70 25/25 72/72
f 73/73 74/74 75/75
f 73/73 75/75 76/76
f 77/77 78/78 79/79
f 77/77 79/79 80/80
f 76/76 79/79 78/78
f 76/76 78/78 73/73
f 81/81 82/82 83/83
f 81/81 83/83 26/26
f 71/71 81/81 26/26
f 71/71 26/26 25/25
f 84/84 85/85 86/86
f 84/84 86/86 18/18
f 87/87 88/88 89/89
f 87/87 89/89 90/90
f 88/88 91/91 92/92
f 88/88 92/92 89/89
f 93/93 94/94 75/75
f 93/93 75/75 95/95
f 97/97 102/102 104/104
f 97/97 104/104 9/9
f 105/105 106/106 83/83
f 105/105 83/83 107/107
f 108/108 113/113 19/19
f 108/108 19/19 22/22
f 116/116 117/117 118/118
f 116/116 118/118 119/119
f 120/120 116/116 119/119
f 120/120 119/119 121/121
f 122/122 123/123 23/23
f 122/122 23/23 106/106
f 124/124 122/122 106/106
f 124/124 106/106 105/105
f 125/125 124/124 105/105
f 125/125 105/105 126/126
f 127/127 133/133 144/144
f 145/145 127/127 134/134
f 146/146 145/145 135/135
f 147/147 148/148 149/149
f 147/147 149/149 123/123
f 31/31 150/150 136/136
f 31/31 136/136 153/153
f 154/154 155/155 156/156
f 154/154 156/156 157/157
f 158/158 159/159 124/124
f 158/158 124/124 125/125
f 163/163 133/133 127/127
f 167/167 57/57 168/168
f 167/167 168/168 169/169
f 170/170 177/177 145/145
f 170/170 145/145 146/146
f 179/179 171/171 146/146
f 179/179 146/146 182/182
f 186/186 178/178 182/182
f 186/186 182/182 150/150
f 189/189 194/194 195/195
f 189/189 195/195 196/196
f 197/197 198/198 199/199
f 197/197 199/199 200/200
f 201/201 205/205 209/209
f 201/201 209/209 210/210
f 9/9 14/14 211/211
f 9/9 211/211 96/96
f 215/215 216/216 90/90
f 215/215 90/90 89/89
f 217/217 218/218 219/219
f 217/217 219/219 209/209
f 220/220 70/70 72/72
f 220/220 72/72 221/221
f 222/222 15/15 18/18
f 222/222 18/18 86/86
f 118/118 87/87 90/90
f 118/118 90/90 223/223
f 224/224 157/157 225/225
f 224/224 225/225 226/226
f 117/117 227/227 87/87
f 117/117 87/87 118/118
f 228/228 229/229 227/227
f 228/228 227/227 117/117
f 230/230 231/231 232/232
f 230/230 232/232 233/233
f 234/234 230/230 233/233
f 234/234 233/233 235/235
f 236/236 243/243 159/159
f 236/236 159/159 158/158
f 64/64 68/68 244/244
f 64/64 244/244 229/229
f 32/32 183/183 150/150
f 109/109 103/103 245/245
f 109/109 245/245 246/246
f 247/247 248/248 249/249
f 247/247 249/249 250/250
f 251/251 252/252 253/253
f 251/251 253/253 254/254
f 255/255 256/256 257/257
f 255/255 257/257 258/258
f 259/259 147/147 123/123
f 259/259 123/123 122/122
f 260/260 261/261 250/250
f 260/260 250/250 262/262
f 248/248 263/263 264/264
f 248/248 264/264 249/249
f 250/250 249/249 265/265
f 250/250 265/265 262/262
f 266/266 234/234 235/235
f 266/266 235/235 267/267
f 268/268 269/269 270/270
f 268/268 270/270 271/271
f 159/159 259/259 122/122
f 159/159 122/122 124/124
f 272/272 273/273 274/274
f 272/272 274/274 275/275
f 276/276 277/277 278/278
f 276/276 278/278 279/279
f 280/280 281/281 252/252
f 280/280 252/252 251/251
f 269/269 276/276 279/279
f 269/269 279/279 270/270
f 282/282 283/283 284/284
f 282/282 284/284 285/285
f 286/286 287/287 288/288
f 286/286 288/288 289/289
f 290/290 280/280 251/251
f 290/290 251/251 283/283
f 291/291 292/292 293/293
f 291/291 293/293 294/294
f 254/254 253/253 256/256
f 254/254 256/256 255/255
f 285/285 284/284 295/295
f 285/285 295/295 296/296
f 297/297 298/298 299/299
f 297/297 299/299 300/300
f 300/300 299/299 301/301
f 300/300 301/301 302/302
f 303/303 304/304 305/305
f 303/303 305/305 306/306
f 307/307 308/308 309/309
f 307/307 309/309 310/310
f 168/168 228/228 117/117
f 168/168 117/117 116/116
f 311/311 312/312 313/313
f 311/311 313/313 314/314
f 310/310 311/311 314/314
f 310/310 314/314 307/307
f 271/271 270/270 248/248
f 271/271 248/248 247/247
f 315/315 316/316 317/317
f 315/315 317/317 318/318
f 319/319 303/303 306/306
f 319/319 306/306 317/317
f 305/305 320/320 321/321
f 305/305 321/321 322/322
f 296/296 289/289 288/288
f 296/296 288/288 285/285
f 323/323 297/297 300/300
f 323/323 300/300 324/324
f 304/304 258/258 320/320
f 304/304 320/320 305/305
f 295/295 255/255 258/258
f 295/295 258/258 304/304
f 325/325 282/282 285/285
f 325/325 285/285 288/288
f 326/326 77/77 80/80
f 326/326 80/80 327/327
f 328/328 329/329 330/330
f 328/328 330/330 273/273
f 331/331 332/332 333/333
f 331/331 333/333 325/325
f 334/334 335/335 299/299
f 334/334 299/299 298/298
f 249/249 264/264 272/272
f 249/249 272/272 265/265
f 273/273 272/272 264/264
f 273/273 264/264 328/328
f 336/336 337/337 338/338
f 336/336 338/338 340/340
f 341/341 342/342 343/343
f 341/341 343/343 344/344
f 346/346 347/347 28/28
f 346/346 28/28 349/349
f 336/336 339/339 27/27
f 336/336 27/27 30/30
f 350/350 352/352 354/354
f 350/350 354/354 355/355
f 353/353 351/351 344/344
f 353/353 344/344 343/343
f 356/356 348/348 357/357
f 356/356 357/357 358/358
f 28/28 347/347 356/356
f 28/28 356/356 29/29
f 359/359 360/360 344/344
f 359/359 344/344 351/351
f 361/361 340/340 338/338
f 361/361 338/338 363/363
f 337/337 364/364 355/355
f 337/337 355/355 338/338
f 365/365 366/366 367/367
f 365/365 367/367 368/368
f 238/238 213/213 13/13
f 238/238 13/13 369/369
f 13/13 12/12 370/370
f 13/13 370/370 369/369
f 41/41 40/40 371/371
f 41/41 371/371 372/372
f 373/373 374/374 375/375
f 373/373 375/375 376/376
f 175/175 172/172 376/376
f 175/175 376/376 197/197
f 200/200 199/199 377/377
f 200/200 377/377 378/378
f 378/378 377/377 131/131
f 379/379 126/126 327/327
f 379/379 327/327 80/80
f 190/190 69/69 1/1
f 190/190 1/1 4/4
f 376/376 375/375 198/198
f 376/376 198/198 197/197
f 210/210 380/380 20/20
f 210/210 20/20 19/19
f 16/16 93/93 95/95
f 16/16 95/95 17/17
f 51/51 50/50 6/6
f 51/51 6/6 5/5
f 381/381 382/382 17/17
f 381/381 17/17 95/95
f 104/104 383/383 10/10
f 104/104 10/10 9/9
f 384/384 326/326 327/327
f 384/384 327/327 107/107
f 385/385 220/220 221/221
f 385/385 221/221 223/223
f 386/386 215/215 89/89
f 386/386 89/89 92/92
f 85/85 387/387 388/388
f 85/85 388/388 86/86
f 382/382 84/84 18/18
f 382/382 18/18 17/17
f 225/225 379/379 80/80
f 225/225 80/80 79/79
f 242/242 237/237 369/369
f 242/242 369/369 42/42
f 112/112 204/204 210/210
f 112/112 210/210 19/19
f 226/226 225/225 79/79
f 226/226 79/79 76/76
f 156/156 125/125 126/126
f 156/156 126/126 379/379
f 214/214 239/239 158/158
f 214/214 158/158 155/155
f 389/389 390/390 91/91
f 389/389 91/91 88/88
f 100/100 99/99 154/154
f 100/100 154/154 245/245
f 34/34 153/153 393/393
f 182/182 146/146 138/138
f 274/274 398/398 281/281
f 274/274 281/281 280/280
f 202/202 114/114 231/231
f 202/202 231/231 230/230
f 157/157 156/156 379/379
f 157/157 379/379 225/225
f 101/101 110/110 22/22
f 101/101 22/22 104/104
f 27/27 399/399 349/349
f 27/27 349/349 28/28
f 173/173 181/181 373/373
f 173/173 373/373 376/376
f 61/61 60/60 2/2
f 61/61 2/2 1/1
f 400/400 241/241 42/42
f 400/400 42/42 45/45
f 30/30 29/29 404/404
f 30/30 404/404 405/405
f 387/387 386/386 92/92
f 387/387 92/92 388/388
f 216/216 385/385 223/223
f 216/216 223/223 90/90
f 366/366 360/360 406/406
f 366/366 406/406 367/367
f 254/254 284/284 283/283
f 254/254 283/283 251/251
f 82/82 384/384 107/107
f 82/82 107/107 83/83
f 91/91 407/407 388/388
f 91/91 388/388 92/92
f 98/98 212/212 155/155
f 98/98 155/155 154/154
f 148/148 169/169 120/120
f 148/148 120/120 149/149
f 244/244 196/196 390/390
f 244/244 390/390 389/389
f 196/196 195/195 408/408
f 196/196 408/408 390/390
f 278/278 409/409 410/410
f 278/278 410/410 411/411
f 412/412 302/302 308/308
f 412/412 308/308 307/307
f 413/413 414/414 415/415
f 413/413 415/415 416/416
f 317/317 306/306 417/417
f 317/317 417/417 318/318
f 284/284 254/254 255/255
f 284/284 255/255 295/295
f 418/418 419/419 269/269
f 418/418 269/269 268/268
f 333/333 420/420 282/282
f 333/333 282/282 325/325
f 411/411 263/263 279/279
f 411/411 279/279 278/278
f 421/421 422/422 419/419
f 421/421 419/419 418/418
f 324/324 413/413 416/416
f 324/324 416/416 323/323
f 423/423 424/424 421/421
f 423/423 421/421 418/418
f 292/292 425/425 426/426
f 292/292 426/426 293/293
f 277/277 276/276 425/425
f 277/277 425/425 292/292
f 270/270 279/279 263/263
f 270/270 263/263 248/248
f 263/263 411/411 328/328
f 263/263 328/328 264/264
f 426/426 422/422 297/297
f 426/426 297/297 323/323
f 427/427 275/275 290/290
f 427/427 290/290 420/420
f 275/275 274/274 280/280
f 275/275 280/280 290/290
f 308/308 428/428 429/429
f 308/308 429/429 309/309
f 293/293 426/426 323/323
f 293/293 323/323 416/416
f 430/430 431/431 414/414
f 430/430 414/414 413/413
f 318/318 417/417 309/309
f 318/318 309/309 429/429
f 432/432 423/423 418/418
f 432/432 418/418 268/268
f 424/424 334/334 298/298
f 424/424 298/298 421/421
f 195/195 266/266 267/267
f 195/195 267/267 408/408
f 296/296 295/295 304/304
f 296/296 304/304 303/303
f 258/258 257/257 433/433
f 258/258 433/433 320/320
f 434/434 435/435 271/271
f 434/434 271/271 247/247
f 420/420 290/290 283/283
f 420/420 283/283 282/282
f 273/273 330/330 398/398
f 273/273 398/398 274/274
f 436/436 437/437 428/428
f 436/436 428/428 301/301
f 209/209 219/219 380/380
f 209/209 380/380 210/210
f 262/262 265/265 427/427
f 262/262 427/427 438/438
f 411/411 410/410 329/329
f 411/411 329/329 328/328
f 413/413 324/324 412/412
f 413/413 412/412 430/430
f 419/419 425/425 276/276
f 419/419 276/276 269/269
f 357/357 439/439 368/368
f 357/357 368/368 358/358
f 405/405 406/406 364/364
f 405/405 364/364 337/337
f 404/404 29/29 356/356
f 404/404 356/356 358/358
f 336/336 30/30 405/405
f 336/336 405/405 337/337
f 354/354 363/363 338/338
f 354/354 338/338 355/355
f 341/341 344/344 360/360
f 341/341 360/360 366/366
f 365/365 440/440 341/341
f 365/365 341/341 366/366
f 440/440 442/442 342/342
f 440/440 342/342 341/341
f 348/348 345/345 444/444
f 348/348 444/444 357/357
f 439/439 441/441 365/365
f 439/439 365/365 368/368
f 184/184 35/35 41/41
f 184/184 41/41 372/372
f 445/445 401/401 45/45
f 445/445 45/45 47/47
f 372/372 371/371 374/374
f 372/372 374/374 373/373
f 47/47 46/46 49/49
f 47/47 49/49 48/48
f 59/59 166/166 51/51
f 59/59 51/51 5/5
f 128/128 162/162 200/200
f 128/128 200/200 378/378
f 94/94 226/226 76/76
f 94/94 76/76 75/75
f 164/164 450/450 48/48
f 164/164 48/48 51/51
f 232/232 453/453 94/94
f 232/232 94/94 93/93
f 56/56 55/55 228/228
f 56/56 228/228 168/168
f 454/454 315/315 318/318
f 454/454 318/318 429/429
f 240/240 402/402 259/259
f 240/240 259/259 159/159
f 74/74 381/381 95/95
f 74/74 95/95 75/75
f 22/22 21/21 383/383
f 22/22 383/383 104/104
f 106/106 23/23 26/26
f 106/106 26/26 83/83
f 161/161 174/174 197/197
f 161/161 197/197 200/200
f 307/307 314/314 430/430
f 307/307 430/430 412/412
f 296/296 303/303 319/319
f 296/296 319/319 289/289
f 206/206 456/456 217/217
f 206/206 217/217 209/209
f 119/119 118/118 223/223
f 119/119 223/223 221/221
f 176/176 160/160 127/127
f 176/176 127/127 145/145
f 267/267 235/235 15/15
f 267/267 15/15 222/222
f 155/155 158/158 125/125
f 155/155 125/125 156/156
f 287/287 331/331 325/325
f 287/287 325/325 288/288
f 67/67 188/188 196/196
f 67/67 196/196 244/244
f 227/227 389/389 88/88
f 227/227 88/88 87/87
f 408/408 267/267 222/222
f 408/408 222/222 407/407
f 320/320 433/433 459/459
f 320/320 459/459 321/321
f 4/4 3/3 460/460
f 4/4 460/460 461/461
f 425/425 419/419 422/422
f 425/425 422/422 426/426
f 316/316 462/462 319/319
f 316/316 319/319 317/317
f 438/438 427/427 420/420
f 438/438 420/420 333/333
f 422/422 421/421 298/298
f 422/422 298/298 297/297
f 461/461 460/460 218/218
f 461/461 218/218 217/217
f 435/435 432/432 268/268
f 435/435 268/268 271/271
f 322/322 321/321 311/311
f 322/322 311/311 310/310
f 150/150 182/182 143/143
f 245/245 154/154 157/157
f 245/245 157/157 224/224
f 359/359 350/350 355/355
f 359/359 355/355 364/364
f 444/444 463/463 439/439
f 444/444 439/439 357/357
f 180/180 185/185 372/372
f 180/180 372/372 373/373
f 24/24 121/121 72/72
f 24/24 72/72 25/25
f 191/191 187/187 4/4
f 191/191 4/4 461/461
f 452/452 165/165 169/169
f 452/452 169/169 148/148
f 453/453 224/224 226/226
f 453/453 226/226 94/94
f 235/235 233/233 16/16
f 235/235 16/16 15/15
f 277/277 464/464 409/409
f 277/277 409/409 278/278
f 457/457 207/207 234/234
f 457/457 234/234 266/266
f 390/390 408/408 407/407
f 390/390 407/407 91/91
f 403/403 448/448 147/147
f 403/403 147/147 259/259
f 447/447 451/451 148/148
f 447/447 148/148 147/147
f 455/455 193/193 461/461
f 455/455 461/461 217/217
f 121/121 119/119 221/221
f 121/121 221/221 72/72
f 407/407 222/222 86/86
f 407/407 86/86 388/388
f 339/339 362/362 399/399
f 339/339 399/399 27/27
f 126/126 105/105 107/107
f 126/126 107/107 327/327
f 449/449 446/446 47/47
f 449/449 47/47 48/48
f 115/115 111/111 246/246
f 115/115 246/246 231/231
f 149/149 120/120 121/121
f 149/149 121/121 24/24
f 123/123 149/149 24/24
f 123/123 24/24 23/23
f 54/54 62/62 229/229
f 54/54 229/229 228/228
f 192/192 458/458 266/266
f 192/192 266/266 195/195
f 233/233 232/232 93/93
f 233/233 93/93 16/16
f 208/208 203/203 230/230
f 208/208 230/230 234/234
f 306/306 305/305 322/322
f 306/306 322/322 417/417
f 265/265 272/272 275/275
f 265/265 275/275 427/427
f 462/462 286/286 289/289
f 462/462 289/289 319/319
f 437/437 454/454 429/429
f 437/437 429/429 428/428
f 335/335 436/436 301/301
f 335/335 301/301 299/299
f 314/314 313/313 431/431
f 314/314 431/431 430/430
f 464/464 277/277 292/292
f 464/464 292/292 291/291
f 246/246 245/245 224/224
f 246/246 224/224 453/453
f 302/302 301/301 428/428
f 302/302 428/428 308/308
f 231/231 246/246 453/453
f 231/231 453/453 232/232
f 321/321 459/459 312/312
f 321/321 312/312 311/311
f 229/229 244/244 389/389
f 229/229 389/389 227/227
f 443/443 441/441 439/439
f 443/443 439/439 463/463
f 169/169 168/168 116/116
f 169/169 116/116 120/120
f 465/465 260/260 262/262
f 465/465 262/262 438/438
f 416/416 415/415 294/294
f 416/416 294/294 293/293
f 369/369 370/370 43/43
f 369/369 43/43 42/42
f 332/332 465/465 438/438
f 332/332 438/438 333/333
f 417/417 322/322 310/310
f 417/417 310/310 309/309
f 324/324 300/300 302/302
f 324/324 302/302 412/412
f 261/261 434/434 247/247
f 261/261 247/247 250/250
f 359/359 364/364 406/406
f 359/359 406/406 360/360
f 358/358 368/368 367/367
f 358/358 367/367 404/404
f 406/406 405/405 404/404
f 406/406 404/404 367/367
f 466/466 467/467 468/468
f 468/468 467/467 469/469
f 470/470 471/471 472/472
f 472/472 471/471 473/473
f 474/474 475/475 477/477
f 477/477 475/475 478/478
f 480/480 481/481 482/482
f 482/482 481/481 483/483
f 484/484 485/485 486/486
f 486/486 485/485 487/487
f 488/488 489/489 490/490
f 490/490 489/489 491/491
f 492/492 493/493 494/494
f 494/494 493/493 495/495
f 37/37 498/498 501/501
f 501/501 498/498 502/502
f 503/503 504/504 505/505
f 505/505 504/504 506/506
f 505/505 506/506 507/507
f 507/507 506/506 508/508
f 509/509 510/510 511/511
f 511/511 510/510 512/512
f 513/513 520/520 471/471
f 471/471 520/520 473/473
f 472/472 473/473 521/521
f 521/521 473/473 522/522
f 519/519 523/523 473/473
f 473/473 523/523 522/522
f 526/526 529/529 522/522
f 522/522 529/529 467/467
f 531/531 532/532 490/490
f 490/490 532/532 533/533
f 534/534 535/535 536/536
f 536/536 535/535 537/537
f 538/538 539/539 540/540
f 540/540 539/539 541/541
f 540/540 537/537 538/538
f 538/538 537/537 535/535
f 542/542 543/543 544/544
f 544/544 543/543 491/491
f 543/543 531/531 491/491
f 491/491 531/531 490/490
f 545/545 546/546 547/547
f 547/547 546/546 483/483
f 548/548 549/549 550/550
f 550/550 549/549 551/551
f 552/552 548/548 553/553
f 553/553 548/548 550/550
f 554/554 555/555 536/536
f 536/536 555/555 556/556
f 558/558 561/561 565/565
f 565/565 561/561 475/475
f 566/566 567/567 544/544
f 544/544 567/567 568/568
f 572/572 576/576 485/485
f 485/485 576/576 487/487
f 577/577 578/578 579/579
f 579/579 578/578 580/580
f 578/578 581/581 580/580
f 580/580 581/581 582/582
f 583/583 584/584 489/489
f 489/489 584/584 566/566
f 584/584 585/585 566/566
f 566/566 585/585 567/567
f 585/585 586/586 567/567
f 567/567 586/586 587/587
f 397/397 39/39 33/33
f 590/590 591/591 144/144
f 591/591 592/592 134/134
f 134/134 592/592 594/594
f 592/592 596/596 594/594
f 597/597 598/598 599/599
f 599/599 598/598 583/583
f 600/600 499/499 394/394
f 601/601 602/602 603/603
f 603/603 602/602 604/604
f 605/605 606/606 585/585
f 585/585 606/606 586/586
f 590/590 609/609 591/591
f 516/516 614/614 615/615
f 615/615 614/614 616/616
f 617/617 622/622 592/592
f 592/592 622/622 596/596
f 621/621 626/626 596/596
f 596/596 626/626 629/629
f 625/625 633/633 629/629
f 629/629 633/633 600/600
f 637/637 638/638 642/642
f 642/642 638/638 643/643
f 644/644 645/645 646/646
f 646/646 645/645 647/647
f 651/651 654/654 656/656
f 656/656 654/654 657/657
f 478/478 475/475 659/659
f 659/659 475/475 562/562
f 662/662 663/663 551/551
f 551/551 663/663 550/550
f 664/664 665/665 666/666
f 666/666 665/665 656/656
f 532/532 667/667 533/533
f 533/533 667/667 668/668
f 481/481 669/669 483/483
f 483/483 669/669 547/547
f 549/549 579/579 551/551
f 551/551 579/579 670/670
f 604/604 671/671 672/672
f 672/672 671/671 673/673
f 674/674 577/577 549/549
f 549/549 577/577 579/579
f 675/675 676/676 674/674
f 674/674 676/676 577/577
f 677/677 678/678 679/679
f 679/679 678/678 680/680
f 678/678 681/681 680/680
f 680/680 681/681 682/682
f 686/686 687/687 605/605
f 605/605 687/687 606/606
f 528/528 524/524 691/691
f 691/691 524/524 675/675
f 631/631 497/497 600/600
f 557/557 575/575 692/692
f 692/692 575/575 693/693
f 694/694 695/695 696/696
f 696/696 695/695 697/697
f 698/698 699/699 700/700
f 700/700 699/699 701/701
f 391/391 142/142 595/595
f 702/702 703/703 704/704
f 704/704 703/703 705/705
f 598/598 706/706 583/583
f 583/583 706/706 584/584
f 707/707 708/708 697/697
f 697/697 708/708 709/709
f 710/710 694/694 711/711
f 711/711 694/694 696/696
f 696/696 697/697 712/712
f 712/712 697/697 709/709
f 681/681 713/713 682/682
f 682/682 713/713 714/714
f 715/715 716/716 717/717
f 717/717 716/716 718/718
f 706/706 605/605 584/584
f 584/584 605/605 585/585
f 719/719 720/720 721/721
f 721/721 720/720 722/722
f 723/723 724/724 725/725
f 725/725 724/724 726/726
f 727/727 728/728 698/698
f 698/698 728/728 699/699
f 724/724 715/715 726/726
f 726/726 715/715 717/717
f 729/729 730/730 731/731
f 731/731 730/730 732/732
f 733/733 734/734 735/735
f 735/735 734/734 736/736
f 728/728 737/737 699/699
f 699/699 737/737 729/729
f 738/738 739/739 740/740
f 740/740 739/739 741/741
f 700/700 701/701 702/702
f 702/702 701/701 703/703
f 731/731 732/732 742/742
f 742/742 732/732 743/743
f 744/744 745/745 746/746
f 746/746 745/745 747/747
f 746/746 747/747 748/748
f 748/748 747/747 749/749
f 750/750 751/751 752/752
f 752/752 751/751 753/753
f 754/754 755/755 756/756
f 756/756 755/755 757/757
f 676/676 615/615 577/577
f 577/577 615/615 578/578
f 758/758 759/759 760/760
f 760/760 759/759 761/761
f 759/759 757/757 761/761
f 761/761 757/757 755/755
f 717/717 718/718 694/694
f 694/694 718/718 695/695
f 762/762 763/763 764/764
f 764/764 763/763 765/765
f 751/751 766/766 753/753
f 753/753 766/766 764/764
f 767/767 752/752 768/768
f 768/768 752/752 769/769
f 736/736 743/743 735/735
f 735/735 743/743 732/732
f 745/745 770/770 747/747
f 747/747 770/770 771/771
f 705/705 750/750 767/767
f 767/767 750/750 752/752
f 703/703 742/742 705/705
f 705/705 742/742 750/750
f 730/730 772/772 732/732
f 732/732 772/772 735/735
f 539/539 773/773 541/541
f 541/541 773/773 774/774
f 775/775 776/776 777/777
f 777/777 776/776 719/719
f 778/778 779/779 780/780
f 780/780 779/779 772/772
f 781/781 782/782 746/746
f 746/746 782/782 744/744
f 711/711 696/696 720/720
f 720/720 696/696 712/712
f 720/720 719/719 711/711
f 711/711 719/719 776/776
f 152/152 141/141 392/392
f 783/783 784/784 785/785
f 785/785 784/784 787/787
f 788/788 789/789 790/790
f 790/790 789/789 791/791
f 792/792 795/795 492/492
f 492/492 795/795 796/796
f 786/786 784/784 493/493
f 493/493 784/784 495/495
f 797/797 800/800 801/801
f 801/801 800/800 802/802
f 799/799 798/798 791/791
f 791/791 798/798 790/790
f 793/793 803/803 804/804
f 804/804 803/803 805/805
f 792/792 492/492 803/803
f 803/803 492/492 494/494
f 806/806 807/807 791/791
f 791/791 807/807 799/799
f 787/787 809/809 785/785
f 785/785 809/809 810/810
f 811/811 783/783 802/802
f 802/802 783/783 785/785
f 812/812 813/813 814/814
f 814/814 813/813 815/815
f 658/658 688/688 479/479
f 479/479 688/688 816/816
f 476/476 479/479 817/817
f 817/817 479/479 816/816
f 501/501 502/502 818/818
f 818/818 502/502 819/819
f 820/820 821/821 822/822
f 822/822 821/821 823/823
f 624/624 618/618 823/823
f 823/823 618/618 645/645
f 646/646 647/647 824/824
f 824/824 647/647 825/825
f 824/824 825/825 826/826
f 826/826 825/825 130/130
f 587/587 827/827 774/774
f 774/774 827/827 541/541
f 530/530 640/640 467/467
f 467/467 640/640 469/469
f 822/822 823/823 644/644
f 644/644 823/823 645/645
f 828/828 657/657 484/484
f 484/484 657/657 485/485
f 555/555 480/480 556/556
f 556/556 480/480 482/482
f 511/511 512/512 470/470
f 470/470 512/512 471/471
f 829/829 830/830 482/482
f 482/482 830/830 556/556
f 831/831 565/565 474/474
f 474/474 565/565 475/475
f 773/773 832/832 774/774
f 774/774 832/832 568/568
f 667/667 833/833 668/668
f 668/668 833/833 670/670
f 663/663 834/834 550/550
f 550/550 834/834 553/553
f 835/835 545/545 836/836
f 836/836 545/545 547/547
f 546/546 829/829 483/483
f 483/483 829/829 482/482
f 827/827 672/672 541/541
f 541/541 672/672 540/540
f 690/690 683/683 816/816
f 816/816 683/683 504/504
f 652/652 569/569 657/657
f 657/657 569/569 485/485
f 672/672 673/673 540/540
f 540/540 673/673 537/537
f 586/586 603/603 587/587
f 587/587 603/603 827/827
f 689/689 660/660 606/606
f 606/606 660/660 601/601
f 837/837 838/838 552/552
f 552/552 838/838 548/548
f 564/564 559/559 602/602
f 602/602 559/559 692/692
f 596/596 629/629 593/593
f 593/593 629/629 395/395
f 839/839 721/721 727/727
f 727/727 721/721 728/728
f 571/571 653/653 677/677
f 677/677 653/653 678/678
f 603/603 604/604 827/827
f 827/827 604/604 672/672
f 573/573 560/560 487/487
f 487/487 560/560 565/565
f 840/840 493/493 796/796
f 796/796 493/493 492/492
f 628/628 623/623 821/821
f 821/821 623/623 823/823
f 521/521 522/522 466/466
f 466/466 522/522 467/467
f 684/684 841/841 504/504
f 504/504 841/841 506/506
f 494/494 495/495 845/845
f 845/845 495/495 846/846
f 834/834 835/835 553/553
f 553/553 835/835 836/836
f 833/833 662/662 670/670
f 670/670 662/662 551/551
f 806/806 812/812 847/847
f 847/847 812/812 814/814
f 731/731 701/701 729/729
f 729/729 701/701 699/699
f 832/832 542/542 568/568
f 568/568 542/542 544/544
f 848/848 552/552 836/836
f 836/836 552/552 553/553
f 661/661 563/563 601/601
f 601/601 563/563 602/602
f 616/616 597/597 581/581
f 581/581 597/597 599/599
f 643/643 691/691 837/837
f 837/837 691/691 838/838
f 642/642 643/643 849/849
f 849/849 643/643 837/837
f 850/850 725/725 851/851
f 851/851 725/725 852/852
f 749/749 853/853 754/754
f 754/754 853/853 755/755
f 854/854 855/855 856/856
f 856/856 855/855 857/857
f 753/753 764/764 858/858
f 858/858 764/764 765/765
f 701/701 731/731 703/703
f 703/703 731/731 742/742
f 859/859 860/860 715/715
f 715/715 860/860 716/716
f 861/861 780/780 730/730
f 730/730 780/780 772/772
f 710/710 852/852 726/726
f 726/726 852/852 725/725
f 862/862 863/863 859/859
f 859/859 863/863 860/860
f 855/855 771/771 857/857
f 857/857 771/771 770/770
f 864/864 865/865 863/863
f 863/863 865/865 860/860
f 866/866 738/738 867/867
f 867/867 738/738 740/740
f 724/724 723/723 866/866
f 866/866 723/723 738/738
f 726/726 717/717 710/710
f 710/710 717/717 694/694
f 132/132 590/590 137/137
f 852/852 710/710 776/776
f 776/776 710/710 711/711
f 862/862 867/867 745/745
f 745/745 867/867 770/770
f 722/722 868/868 737/737
f 737/737 868/868 861/861
f 721/721 722/722 728/728
f 728/728 722/722 737/737
f 869/869 754/754 870/870
f 870/870 754/754 756/756
f 867/867 740/740 770/770
f 770/770 740/740 857/857
f 871/871 872/872 854/854
f 854/854 872/872 855/855
f 858/858 765/765 756/756
f 756/756 765/765 870/870
f 865/865 873/873 860/860
f 860/860 873/873 716/716
f 782/782 864/864 744/744
f 744/744 864/864 863/863
f 713/713 642/642 714/714
f 714/714 642/642 849/849
f 742/742 743/743 750/750
f 750/750 743/743 751/751
f 704/704 705/705 874/874
f 874/874 705/705 767/767
f 875/875 876/876 718/718
f 718/718 876/876 695/695
f 737/737 861/861 729/729
f 729/729 861/861 730/730
f 777/777 719/719 839/839
f 839/839 719/719 721/721
f 877/877 878/878 869/869
f 869/869 878/878 748/748
f 666/666 656/656 828/828
f 828/828 656/656 657/657
f 712/712 709/709 868/868
f 868/868 709/709 879/879
f 851/851 852/852 775/775
f 775/775 852/852 776/776
f 771/771 855/855 853/853
f 853/853 855/855 872/872
f 866/866 859/859 724/724
f 724/724 859/859 715/715
f 880/880 804/804 815/815
f 815/815 804/804 805/805
f 847/847 846/846 811/811
f 811/811 846/846 783/783
f 494/494 845/845 803/803
f 803/803 845/845 805/805
f 495/495 784/784 846/846
f 846/846 784/784 783/783
f 810/810 801/801 785/785
f 785/785 801/801 802/802
f 791/791 789/789 806/806
f 806/806 789/789 812/812
f 881/881 813/813 789/789
f 789/789 813/813 812/812
f 884/884 881/881 788/788
f 788/788 881/881 789/789
f 794/794 793/793 885/885
f 885/885 793/793 804/804
f 882/882 880/880 813/813
f 813/813 880/880 815/815
f 500/500 632/632 502/502
f 502/502 632/632 819/819
f 843/843 889/889 506/506
f 506/506 889/889 508/508
f 818/818 819/819 820/820
f 820/820 819/819 821/821
f 507/507 508/508 509/509
f 509/509 508/508 510/510
f 611/611 515/515 512/512
f 512/512 515/515 471/471
f 608/608 589/589 647/647
f 647/647 589/589 825/825
f 673/673 554/554 537/537
f 537/537 554/554 536/536
f 892/892 613/613 510/510
f 510/510 613/613 512/512
f 894/894 679/679 554/554
f 554/554 679/679 555/555
f 518/518 514/514 676/676
f 676/676 514/514 615/615
f 763/763 895/895 765/765
f 765/765 895/895 870/870
f 842/842 685/685 706/706
f 706/706 685/685 605/605
f 588/588 129/129 825/825
f 830/830 534/534 556/556
f 556/556 534/534 536/536
f 486/486 487/487 831/831
f 831/831 487/487 565/565
f 489/489 566/566 491/491
f 491/491 566/566 544/544
f 620/620 607/607 645/645
f 645/645 607/607 647/647
f 761/761 755/755 872/872
f 872/872 755/755 853/853
f 751/751 743/743 766/766
f 766/766 743/743 736/736
f 898/898 648/648 665/665
f 665/665 648/648 656/656
f 579/579 580/580 670/670
f 670/670 580/580 668/668
f 610/610 619/619 591/591
f 591/591 619/619 592/592
f 682/682 714/714 481/481
f 481/481 714/714 669/669
f 606/606 601/601 586/586
f 586/586 601/601 603/603
f 779/779 733/733 772/772
f 772/772 733/733 735/735
f 641/641 527/527 643/643
f 643/643 527/527 691/691
f 838/838 674/674 548/548
f 548/548 674/674 549/549
f 714/714 849/849 669/669
f 669/669 849/849 848/848
f 874/874 767/767 900/900
f 900/900 767/767 768/768
f 468/468 469/469 901/901
f 901/901 469/469 902/902
f 859/859 866/866 862/862
f 862/862 866/866 867/867
f 903/903 762/762 766/766
f 766/766 762/762 764/764
f 868/868 879/879 861/861
f 861/861 879/879 780/780
f 863/863 862/862 744/744
f 744/744 862/862 745/745
f 901/901 902/902 664/664
f 664/664 902/902 665/665
f 873/873 875/875 716/716
f 716/716 875/875 718/718
f 768/768 769/769 759/759
f 759/759 769/769 757/757
f 629/629 600/600 395/395
f 602/602 692/692 604/604
f 604/604 692/692 671/671
f 800/800 807/807 802/802
f 802/802 807/807 811/811
f 904/904 885/885 880/880
f 880/880 885/885 804/804
f 630/630 627/627 819/819
f 819/819 627/627 821/821
f 582/582 488/488 533/533
f 533/533 488/488 490/490
f 639/639 636/636 469/469
f 469/469 636/636 902/902
f 612/612 891/891 616/616
f 616/616 891/891 597/597
f 593/593 395/395 140/140
f 671/671 894/894 673/673
f 673/673 894/894 554/554
f 680/680 682/682 480/480
f 480/480 682/682 481/481
f 905/905 723/723 850/850
f 850/850 723/723 725/725
f 649/649 897/897 681/681
f 681/681 897/897 713/713
f 849/849 837/837 848/848
f 848/848 837/837 552/552
f 888/888 844/844 598/598
f 598/598 844/844 706/706
f 893/893 887/887 597/597
f 597/597 887/887 598/598
f 635/635 896/896 902/902
f 902/902 896/896 665/665
f 580/580 582/582 668/668
f 668/668 582/582 533/533
f 669/669 848/848 547/547
f 547/547 848/848 836/836
f 808/808 786/786 840/840
f 840/840 786/786 493/493
f 567/567 587/587 568/568
f 568/568 587/587 774/774
f 139/139 396/396 151/151
f 886/886 890/890 508/508
f 508/508 890/890 510/510
f 574/574 570/570 693/693
f 693/693 570/570 677/677
f 581/581 599/599 582/582
f 582/582 599/599 488/488
f 599/599 583/583 488/488
f 488/488 583/583 489/489
f 525/525 517/517 675/675
f 675/675 517/517 676/676
f 899/899 634/634 713/713
f 713/713 634/634 642/642
f 679/679 680/680 555/555
f 555/555 680/680 480/480
f 655/655 650/650 678/678
f 678/678 650/650 681/681
f 752/752 753/753 769/769
f 769/769 753/753 858/858
f 720/720 712/712 722/722
f 722/722 712/712 868/868
f 734/734 903/903 736/736
f 736/736 903/903 766/766
f 895/895 877/877 870/870
f 870/870 877/877 869/869
f 878/878 781/781 748/748
f 748/748 781/781 746/746
f 760/760 761/761 871/871
f 871/871 761/761 872/872
f 723/723 905/905 738/738
f 738/738 905/905 739/739
f 692/692 693/693 671/671
f 671/671 693/693 894/894
f 748/748 749/749 869/869
f 869/869 749/749 754/754
f 693/693 677/677 894/894
f 894/894 677/677 679/679
f 900/900 768/768 758/758
f 758/758 768/768 759/759
f 691/691 675/675 838/838
f 838/838 675/675 674/674
f 882/882 883/883 880/880
f 880/880 883/883 904/904
f 615/615 616/616 578/578
f 578/578 616/616 581/581
f 708/708 906/906 709/709
f 709/709 906/906 879/879
f 856/856 857/857 741/741
f 741/741 857/857 740/740
f 817/817 816/816 503/503
f 503/503 816/816 504/504
f 906/906 778/778 879/879
f 879/879 778/778 780/780
f 769/769 858/858 757/757
f 757/757 858/858 756/756
f 747/747 771/771 749/749
f 749/749 771/771 853/853
f 876/876 707/707 695/695
f 695/695 707/707 697/697
f 811/811 807/807 847/847
f 847/847 807/807 806/806
f 815/815 805/805 814/814
f 814/814 805/805 845/845
f 846/846 847/847 845/845
f 845/845 847/847 814/814
f 496/496 38/38 397/397
f 909/909 908/908 907/907
f 910/910 909/909 907/907
f 913/913 912/912 911/911
f 914/914 913/913 911/911
f 917/917 916/916 915/915
f 920/920 917/917 915/915
f 923/923 922/922 921/921
f 924/924 923/923 921/921
f 927/927 926/926 925/925
f 928/928 927/927 925/925
f 931/931 930/930 929/929
f 932/932 931/931 929/929
f 935/935 934/934 933/933
f 936/936 935/935 933/933
f 946/946 943/943 939/939
f 947/947 946/946 939/939
f 950/950 949/949 948/948
f 951/951 950/950 948/948
f 952/952 950/950 951/951
f 953/953 952/952 951/951
f 956/956 955/955 954/954
f 957/957 956/956 954/954
f 911/911 963/963 961/961
f 914/914 911/911 961/961
f 966/966 913/913 914/914
f 967/967 966/966 914/914
f 914/914 960/960 969/969
f 967/967 914/914 969/969
f 967/967 968/968 975/975
f 907/907 967/967 975/975
f 931/931 977/977 976/976
f 978/978 931/931 976/976
f 981/981 980/980 979/979
f 982/982 981/981 979/979
f 985/985 984/984 983/983
f 986/986 985/985 983/983
f 984/984 985/985 982/982
f 979/979 984/984 982/982
f 989/989 988/988 987/987
f 932/932 989/989 987/987
f 932/932 987/987 977/977
f 931/931 932/932 977/977
f 992/992 991/991 990/990
f 924/924 992/992 990/990
f 995/995 994/994 993/993
f 996/996 995/995 993/993
f 998/998 997/997 994/994
f 995/995 998/998 994/994
f 981/981 1000/1000 999/999
f 1001/1001 981/981 999/999
f 1010/1010 1009/1009 1003/1003
f 915/915 1010/1010 1003/1003
f 989/989 1012/1012 1011/1011
f 1013/1013 989/989 1011/1011
f 925/925 1019/1019 1014/1014
f 928/928 925/925 1014/1014
f 1024/1024 1023/1023 1022/1022
f 1025/1025 1024/1024 1022/1022
f 1025/1025 1022/1022 1026/1026
f 1027/1027 1025/1025 1026/1026
f 929/929 1029/1029 1028/1028
f 1012/1012 929/929 1028/1028
f 1012/1012 1028/1028 1030/1030
f 1011/1011 1012/1012 1030/1030
f 1011/1011 1030/1030 1031/1031
f 1032/1032 1011/1011 1031/1031
f 1040/1040 1035/1035 1033/1033
f 1049/1049 1033/1033 1051/1051
f 1044/1044 1051/1051 1052/1052
f 1055/1055 1054/1054 1053/1053
f 1029/1029 1055/1055 1053/1053
f 1043/1043 1056/1056 937/937
f 1058/1058 1043/1043 937/937
f 1062/1062 1061/1061 1060/1060
f 1063/1063 1062/1062 1060/1060
f 1030/1030 1065/1065 1064/1064
f 1031/1031 1030/1030 1064/1064
f 1033/1033 1035/1035 1069/1069
f 1074/1074 962/962 1073/1073
f 1075/1075 1074/1074 1073/1073
f 1051/1051 1081/1081 1076/1076
f 1052/1052 1051/1051 1076/1076
f 1052/1052 1078/1078 1086/1086
f 1088/1088 1052/1052 1086/1086
f 1088/1088 1085/1085 1092/1092
f 1056/1056 1088/1088 1092/1092
f 1101/1101 1097/1097 1095/1095
f 1102/1102 1101/1101 1095/1095
f 1105/1105 1104/1104 1103/1103
f 1106/1106 1105/1105 1103/1103
f 1115/1115 1114/1114 1108/1108
f 1116/1116 1115/1115 1108/1108
f 1117/1117 920/920 915/915
f 1002/1002 1117/1117 915/915
f 996/996 1122/1122 1121/1121
f 995/995 996/996 1121/1121
f 1125/1125 1124/1124 1123/1123
f 1115/1115 1125/1125 1123/1123
f 978/978 976/976 1126/1126
f 1127/1127 978/978 1126/1126
f 924/924 921/921 1128/1128
f 992/992 924/924 1128/1128
f 996/996 993/993 1024/1024
f 1129/1129 996/996 1024/1024
f 1131/1131 1063/1063 1130/1130
f 1132/1132 1131/1131 1130/1130
f 993/993 1133/1133 1023/1023
f 1024/1024 993/993 1023/1023
f 1133/1133 1135/1135 1134/1134
f 1023/1023 1133/1133 1134/1134
f 1138/1138 1137/1137 1136/1136
f 1139/1139 1138/1138 1136/1136
f 1139/1139 1136/1136 1140/1140
f 1141/1141 1139/1139 1140/1140
f 1065/1065 1146/1146 1143/1143
f 1064/1064 1065/1065 1143/1143
f 1150/1150 972/972 971/971
f 1135/1135 1150/1150 971/971
f 1056/1056 1089/1089 941/941
f 1151/1151 1007/1007 1016/1016
f 1152/1152 1151/1151 1016/1016
f 1155/1155 1154/1154 1153/1153
f 1156/1156 1155/1155 1153/1153
f 1159/1159 1158/1158 1157/1157
f 1160/1160 1159/1159 1157/1157
f 1163/1163 1162/1162 1161/1161
f 1164/1164 1163/1163 1161/1161
f 1029/1029 1053/1053 1165/1165
f 1028/1028 1029/1029 1165/1165
f 1156/1156 1167/1167 1166/1166
f 1168/1168 1156/1156 1166/1166
f 1170/1170 1169/1169 1154/1154
f 1155/1155 1170/1170 1154/1154
f 1171/1171 1155/1155 1156/1156
f 1168/1168 1171/1171 1156/1156
f 1141/1141 1140/1140 1172/1172
f 1173/1173 1141/1141 1172/1172
f 1176/1176 1175/1175 1174/1174
f 1177/1177 1176/1176 1174/1174
f 1028/1028 1165/1165 1065/1065
f 1030/1030 1028/1028 1065/1065
f 1180/1180 1179/1179 1178/1178
f 1181/1181 1180/1180 1178/1178
f 1184/1184 1183/1183 1182/1182
f 1185/1185 1184/1184 1182/1182
f 1158/1158 1187/1187 1186/1186
f 1157/1157 1158/1158 1186/1186
f 1185/1185 1182/1182 1175/1175
f 1176/1176 1185/1185 1175/1175
f 1190/1190 1189/1189 1188/1188
f 1191/1191 1190/1190 1188/1188
f 1194/1194 1193/1193 1192/1192
f 1195/1195 1194/1194 1192/1192
f 1157/1157 1186/1186 1196/1196
f 1189/1189 1157/1157 1196/1196
f 1199/1199 1198/1198 1197/1197
f 1200/1200 1199/1199 1197/1197
f 1162/1162 1159/1159 1160/1160
f 1161/1161 1162/1162 1160/1160
f 1201/1201 1190/1190 1191/1191
f 1202/1202 1201/1201 1191/1191
f 1205/1205 1204/1204 1203/1203
f 1206/1206 1205/1205 1203/1203
f 1207/1207 1205/1205 1206/1206
f 1208/1208 1207/1207 1206/1206
f 1211/1211 1210/1210 1209/1209
f 1212/1212 1211/1211 1209/1209
f 1215/1215 1214/1214 1213/1213
f 1216/1216 1215/1215 1213/1213
f 1023/1023 1134/1134 1074/1074
f 1022/1022 1023/1023 1074/1074
f 1219/1219 1218/1218 1217/1217
f 1220/1220 1219/1219 1217/1217
f 1220/1220 1217/1217 1216/1216
f 1213/1213 1220/1220 1216/1216
f 1154/1154 1176/1176 1177/1177
f 1153/1153 1154/1154 1177/1177
f 1223/1223 1222/1222 1221/1221
f 1224/1224 1223/1223 1221/1221
f 1212/1212 1209/1209 1225/1225
f 1223/1223 1212/1212 1225/1225
f 1227/1227 1226/1226 1211/1211
f 1228/1228 1227/1227 1211/1211
f 1194/1194 1195/1195 1202/1202
f 1191/1191 1194/1194 1202/1202
f 1206/1206 1203/1203 1229/1229
f 1230/1230 1206/1206 1229/1229
f 1226/1226 1164/1164 1210/1210
f 1211/1211 1226/1226 1210/1210
f 1164/1164 1161/1161 1201/1201
f 1210/1210 1164/1164 1201/1201
f 1191/1191 1188/1188 1231/1231
f 1194/1194 1191/1191 1231/1231
f 986/986 983/983 1232/1232
f 1233/1233 986/986 1232/1232
f 1236/1236 1235/1235 1234/1234
f 1179/1179 1236/1236 1234/1234
f 1239/1239 1238/1238 1237/1237
f 1231/1231 1239/1239 1237/1237
f 1205/1205 1241/1241 1240/1240
f 1204/1204 1205/1205 1240/1240
f 1178/1178 1170/1170 1155/1155
f 1171/1171 1178/1178 1155/1155
f 1170/1170 1178/1178 1179/1179
f 1234/1234 1170/1170 1179/1179
f 1244/1244 1243/1243 1242/1242
f 1246/1246 1244/1244 1242/1242
f 1249/1249 1248/1248 1247/1247
f 1250/1250 1249/1249 1247/1247
f 934/934 1254/1254 1252/1252
f 1255/1255 934/934 1252/1252
f 933/933 1245/1245 1242/1242
f 936/936 933/933 1242/1242
f 1260/1260 1259/1259 1257/1257
f 1261/1261 1260/1260 1257/1257
f 1250/1250 1256/1256 1258/1258
f 1249/1249 1250/1250 1258/1258
f 1263/1263 1253/1253 1262/1262
f 1264/1264 1263/1263 1262/1262
f 1262/1262 1254/1254 934/934
f 935/935 1262/1262 934/934
f 1250/1250 1266/1266 1265/1265
f 1256/1256 1250/1250 1265/1265
f 1244/1244 1246/1246 1268/1268
f 1269/1269 1244/1244 1268/1268
f 1261/1261 1270/1270 1243/1243
f 1244/1244 1261/1261 1243/1243
f 1273/1273 1272/1272 1271/1271
f 1274/1274 1273/1273 1271/1271
f 919/919 1118/1118 1145/1145
f 1275/1275 919/919 1145/1145
f 1276/1276 918/918 919/919
f 1275/1275 1276/1276 919/919
f 1277/1277 946/946 947/947
f 1278/1278 1277/1277 947/947
f 1281/1281 1280/1280 1279/1279
f 1282/1282 1281/1281 1279/1279
f 1282/1282 1077/1077 1080/1080
f 1103/1103 1282/1282 1080/1080
f 1283/1283 1105/1105 1106/1106
f 1284/1284 1283/1283 1106/1106
f 1038/1038 1283/1283 1284/1284
f 1233/1233 1032/1032 1285/1285
f 986/986 1233/1233 1285/1285
f 907/907 973/973 1094/1094
f 910/910 907/907 1094/1094
f 1104/1104 1281/1281 1282/1282
f 1103/1103 1104/1104 1282/1282
f 926/926 1286/1286 1116/1116
f 925/925 926/926 1116/1116
f 1001/1001 999/999 922/922
f 923/923 1001/1001 922/922
f 912/912 956/956 957/957
f 911/911 912/912 957/957
f 923/923 1288/1288 1287/1287
f 1001/1001 923/923 1287/1287
f 916/916 1289/1289 1010/1010
f 915/915 916/916 1010/1010
f 1233/1233 1232/1232 1290/1290
f 1013/1013 1233/1233 1290/1290
f 1127/1127 1126/1126 1291/1291
f 1129/1129 1127/1127 1291/1291
f 995/995 1121/1121 1292/1292
f 998/998 995/995 1292/1292
f 1294/1294 1293/1293 991/991
f 992/992 1294/1294 991/991
f 924/924 990/990 1288/1288
f 923/923 924/924 1288/1288
f 986/986 1285/1285 1131/1131
f 985/985 986/986 1131/1131
f 1275/1275 1142/1142 1148/1148
f 948/948 1275/1275 1148/1148
f 1116/1116 1109/1109 1021/1021
f 925/925 1116/1116 1021/1021
f 985/985 1131/1131 1132/1132
f 982/982 985/985 1132/1132
f 1032/1032 1031/1031 1062/1062
f 1285/1285 1032/1032 1062/1062
f 1064/1064 1144/1144 1119/1119
f 1061/1061 1064/1064 1119/1119
f 997/997 1296/1296 1295/1295
f 994/994 997/997 1295/1295
f 1060/1060 1005/1005 1006/1006
f 1151/1151 1060/1060 1006/1006
f 1303/1303 1058/1058 938/938
f 1045/1045 1052/1052 1088/1088
f 1187/1187 1304/1304 1180/1180
f 1186/1186 1187/1187 1180/1180
f 1137/1137 1020/1020 1110/1110
f 1136/1136 1137/1137 1110/1110
f 1285/1285 1062/1062 1063/1063
f 1131/1131 1285/1285 1063/1063
f 928/928 1015/1015 1008/1008
f 1010/1010 928/928 1008/1008
f 1255/1255 1305/1305 933/933
f 934/934 1255/1255 933/933
f 1279/1279 1084/1084 1079/1079
f 1282/1282 1279/1279 1079/1079
f 908/908 966/966 967/967
f 907/907 908/908 967/967
f 948/948 1147/1147 1307/1307
f 951/951 948/948 1307/1307
f 1310/1310 935/935 936/936
f 1311/1311 1310/1310 936/936
f 998/998 1292/1292 1293/1293
f 1294/1294 998/998 1293/1293
f 1129/1129 1291/1291 1122/1122
f 996/996 1129/1129 1122/1122
f 1312/1312 1266/1266 1272/1272
f 1273/1273 1312/1312 1272/1272
f 1189/1189 1190/1190 1160/1160
f 1157/1157 1189/1189 1160/1160
f 1013/1013 1290/1290 988/988
f 989/989 1013/1013 988/988
f 1294/1294 1313/1313 997/997
f 998/998 1294/1294 997/997
f 1061/1061 1120/1120 1004/1004
f 1060/1060 1061/1061 1004/1004
f 1026/1026 1075/1075 1054/1054
f 1055/1055 1026/1026 1054/1054
f 1296/1296 1102/1102 1150/1150
f 1295/1295 1296/1296 1150/1150
f 1314/1314 1101/1101 1102/1102
f 1296/1296 1314/1314 1102/1102
f 1316/1316 1315/1315 1184/1184
f 1317/1317 1316/1316 1184/1184
f 1214/1214 1208/1208 1318/1318
f 1213/1213 1214/1214 1318/1318
f 1321/1321 1320/1320 1319/1319
f 1322/1322 1321/1321 1319/1319
f 1323/1323 1212/1212 1223/1223
f 1224/1224 1323/1323 1223/1223
f 1161/1161 1160/1160 1190/1190
f 1201/1201 1161/1161 1190/1190
f 1175/1175 1325/1325 1324/1324
f 1174/1174 1175/1175 1324/1324
f 1188/1188 1326/1326 1239/1239
f 1231/1231 1188/1188 1239/1239
f 1185/1185 1169/1169 1317/1317
f 1184/1184 1185/1185 1317/1317
f 1325/1325 1328/1328 1327/1327
f 1324/1324 1325/1325 1327/1327
f 1322/1322 1319/1319 1230/1230
f 1229/1229 1322/1322 1230/1230
f 1327/1327 1330/1330 1329/1329
f 1324/1324 1327/1327 1329/1329
f 1332/1332 1331/1331 1198/1198
f 1199/1199 1332/1332 1198/1198
f 1331/1331 1182/1182 1183/1183
f 1198/1198 1331/1331 1183/1183
f 1169/1169 1185/1185 1176/1176
f 1154/1154 1169/1169 1176/1176
f 1234/1234 1317/1317 1169/1169
f 1170/1170 1234/1234 1169/1169
f 1203/1203 1328/1328 1332/1332
f 1229/1229 1203/1203 1332/1332
f 1196/1196 1181/1181 1333/1333
f 1326/1326 1196/1196 1333/1333
f 1186/1186 1180/1180 1181/1181
f 1196/1196 1186/1186 1181/1181
f 1335/1335 1334/1334 1214/1214
f 1215/1215 1335/1335 1214/1214
f 1229/1229 1332/1332 1199/1199
f 1322/1322 1229/1229 1199/1199
f 1320/1320 1337/1337 1336/1336
f 1319/1319 1320/1320 1336/1336
f 1215/1215 1323/1323 1224/1224
f 1335/1335 1215/1215 1224/1224
f 1324/1324 1329/1329 1338/1338
f 1174/1174 1324/1324 1338/1338
f 1204/1204 1240/1240 1330/1330
f 1327/1327 1204/1204 1330/1330
f 1173/1173 1172/1172 1101/1101
f 1314/1314 1173/1173 1101/1101
f 1210/1210 1201/1201 1202/1202
f 1209/1209 1210/1210 1202/1202
f 1339/1339 1163/1163 1164/1164
f 1226/1226 1339/1339 1164/1164
f 1177/1177 1341/1341 1340/1340
f 1153/1153 1177/1177 1340/1340
f 1189/1189 1196/1196 1326/1326
f 1188/1188 1189/1189 1326/1326
f 1304/1304 1236/1236 1179/1179
f 1180/1180 1304/1304 1179/1179
f 1334/1334 1343/1343 1342/1342
f 1207/1207 1334/1334 1342/1342
f 1286/1286 1125/1125 1115/1115
f 1116/1116 1286/1286 1115/1115
f 1333/1333 1171/1171 1168/1168
f 1344/1344 1333/1333 1168/1168
f 1235/1235 1316/1316 1317/1317
f 1234/1234 1235/1235 1317/1317
f 1318/1318 1230/1230 1319/1319
f 1336/1336 1318/1318 1319/1319
f 1182/1182 1331/1331 1325/1325
f 1175/1175 1182/1182 1325/1325
f 1274/1274 1345/1345 1263/1263
f 1264/1264 1274/1274 1263/1263
f 1270/1270 1312/1312 1311/1311
f 1243/1243 1270/1270 1311/1311
f 1262/1262 935/935 1310/1310
f 1264/1264 1262/1262 1310/1310
f 1311/1311 936/936 1242/1242
f 1243/1243 1311/1311 1242/1242
f 1244/1244 1269/1269 1260/1260
f 1261/1261 1244/1244 1260/1260
f 1266/1266 1250/1250 1247/1247
f 1272/1272 1266/1266 1247/1247
f 1247/1247 1346/1346 1271/1271
f 1272/1272 1247/1247 1271/1271
f 1248/1248 1349/1349 1346/1346
f 1247/1247 1248/1248 1346/1346
f 1350/1350 1251/1251 1253/1253
f 1263/1263 1350/1350 1253/1253
f 1271/1271 1347/1347 1345/1345
f 1274/1274 1271/1271 1345/1345
f 947/947 940/940 1090/1090
f 1278/1278 947/947 1090/1090
f 951/951 1306/1306 1351/1351
f 953/953 951/951 1351/1351
f 1280/1280 1277/1277 1278/1278
f 1279/1279 1280/1280 1278/1278
f 955/955 952/952 953/953
f 954/954 955/955 953/953
f 957/957 1071/1071 965/965
f 911/911 957/957 965/965
f 1106/1106 1068/1068 1039/1039
f 1284/1284 1106/1106 1039/1039
f 982/982 1132/1132 1000/1000
f 981/981 982/982 1000/1000
f 954/954 1356/1356 1070/1070
f 957/957 954/954 1070/1070
f 1000/1000 1359/1359 1138/1138
f 999/999 1000/1000 1138/1138
f 1134/1134 958/958 964/964
f 1074/1074 1134/1134 964/964
f 1224/1224 1221/1221 1360/1360
f 1335/1335 1224/1224 1360/1360
f 1165/1165 1308/1308 1149/1149
f 1065/1065 1165/1165 1149/1149
f 1001/1001 1287/1287 980/980
f 981/981 1001/1001 980/980
f 1289/1289 927/927 928/928
f 1010/1010 1289/1289 928/928
f 932/932 929/929 1012/1012
f 989/989 932/932 1012/1012
f 1103/1103 1082/1082 1066/1066
f 1106/1106 1103/1103 1066/1066
f 1336/1336 1220/1220 1213/1213
f 1318/1318 1336/1336 1213/1213
f 1225/1225 1209/1209 1202/1202
f 1195/1195 1225/1225 1202/1202
f 1123/1123 1364/1364 1112/1112
f 1115/1115 1123/1123 1112/1112
f 1129/1129 1024/1024 1025/1025
f 1127/1127 1129/1129 1025/1025
f 1033/1033 1067/1067 1083/1083
f 1051/1051 1033/1033 1083/1083
f 921/921 1141/1141 1173/1173
f 1128/1128 921/921 1173/1173
f 1031/1031 1064/1064 1061/1061
f 1062/1062 1031/1031 1061/1061
f 1231/1231 1237/1237 1193/1193
f 1194/1194 1231/1231 1193/1193
f 1102/1102 1096/1096 974/974
f 1150/1150 1102/1102 974/974
f 994/994 1295/1295 1133/1133
f 993/993 994/994 1133/1133
f 1128/1128 1173/1173 1314/1314
f 1313/1313 1128/1128 1314/1314
f 1365/1365 1339/1339 1226/1226
f 1227/1227 1365/1365 1226/1226
f 1366/1366 909/909 910/910
f 1367/1367 1366/1366 910/910
f 1328/1328 1325/1325 1331/1331
f 1332/1332 1328/1328 1331/1331
f 1225/1225 1368/1368 1222/1222
f 1223/1223 1225/1225 1222/1222
f 1326/1326 1333/1333 1344/1344
f 1239/1239 1326/1326 1344/1344
f 1204/1204 1327/1327 1328/1328
f 1203/1203 1204/1204 1328/1328
f 1124/1124 1366/1366 1367/1367
f 1123/1123 1124/1124 1367/1367
f 1174/1174 1338/1338 1341/1341
f 1177/1177 1174/1174 1341/1341
f 1217/1217 1227/1227 1228/1228
f 1216/1216 1217/1217 1228/1228
f 1046/1046 1088/1088 1056/1056
f 1063/1063 1060/1060 1151/1151
f 1130/1130 1063/1063 1151/1151
f 1261/1261 1257/1257 1265/1265
f 1270/1270 1261/1261 1265/1265
f 1345/1345 1369/1369 1350/1350
f 1263/1263 1345/1345 1350/1350
f 1278/1278 1091/1091 1087/1087
f 1279/1279 1278/1278 1087/1087
f 978/978 1027/1027 930/930
f 931/931 978/978 930/930
f 910/910 1093/1093 1099/1099
f 1367/1367 910/910 1099/1099
f 1075/1075 1072/1072 1357/1357
f 1054/1054 1075/1075 1357/1357
f 1132/1132 1130/1130 1359/1359
f 1000/1000 1132/1132 1359/1359
f 922/922 1139/1139 1141/1141
f 921/921 922/922 1141/1141
f 1315/1315 1370/1370 1183/1183
f 1184/1184 1315/1315 1183/1183
f 1140/1140 1111/1111 1362/1362
f 1172/1172 1140/1140 1362/1362
f 1313/1313 1314/1314 1296/1296
f 997/997 1313/1313 1296/1296
f 1053/1053 1352/1352 1309/1309
f 1165/1165 1053/1053 1309/1309
f 1054/1054 1358/1358 1354/1354
f 1053/1053 1054/1054 1354/1354
f 1367/1367 1100/1100 1363/1363
f 1123/1123 1367/1367 1363/1363
f 1127/1127 1025/1025 1027/1027
f 978/978 1127/1127 1027/1027
f 992/992 1128/1128 1313/1313
f 1294/1294 992/992 1313/1313
f 1305/1305 1267/1267 1245/1245
f 933/933 1305/1305 1245/1245
f 1013/1013 1011/1011 1032/1032
f 1233/1233 1013/1013 1032/1032
f 953/953 1353/1353 1355/1355
f 954/954 953/953 1355/1355
f 1152/1152 1017/1017 1018/1018
f 1137/1137 1152/1152 1018/1018
f 1027/1027 1026/1026 1055/1055
f 930/930 1027/1027 1055/1055
f 930/930 1055/1055 1029/1029
f 929/929 930/930 1029/1029
f 1135/1135 970/970 959/959
f 1134/1134 1135/1135 959/959
f 1172/1172 1361/1361 1098/1098
f 1101/1101 1172/1172 1098/1098
f 999/999 1138/1138 1139/1139
f 922/922 999/999 1139/1139
f 1136/1136 1107/1107 1113/1113
f 1140/1140 1136/1136 1113/1113
f 1228/1228 1211/1211 1212/1212
f 1323/1323 1228/1228 1212/1212
f 1181/1181 1178/1178 1171/1171
f 1333/1333 1181/1181 1171/1171
f 1195/1195 1192/1192 1368/1368
f 1225/1225 1195/1195 1368/1368
f 1335/1335 1360/1360 1343/1343
f 1334/1334 1335/1335 1343/1343
f 1207/1207 1342/1342 1241/1241
f 1205/1205 1207/1207 1241/1241
f 1337/1337 1219/1219 1220/1220
f 1336/1336 1337/1337 1220/1220
f 1198/1198 1183/1183 1370/1370
f 1197/1197 1198/1198 1370/1370
f 1130/1130 1151/1151 1152/1152
f 1359/1359 1130/1130 1152/1152
f 1334/1334 1207/1207 1208/1208
f 1214/1214 1334/1334 1208/1208
f 1359/1359 1152/1152 1137/1137
f 1138/1138 1359/1359 1137/1137
f 1218/1218 1365/1365 1227/1227
f 1217/1217 1218/1218 1227/1227
f 1295/1295 1150/1150 1135/1135
f 1133/1133 1295/1295 1135/1135
f 1345/1345 1347/1347 1348/1348
f 1369/1369 1345/1345 1348/1348
f 1022/1022 1074/1074 1075/1075
f 1026/1026 1022/1022 1075/1075
f 1168/1168 1166/1166 1371/1371
f 1344/1344 1168/1168 1371/1371
f 1200/1200 1321/1321 1322/1322
f 1199/1199 1200/1200 1322/1322
f 949/949 1276/1276 1275/1275
f 948/948 949/949 1275/1275
f 1344/1344 1371/1371 1238/1238
f 1239/1239 1344/1344 1238/1238
f 1216/1216 1228/1228 1323/1323
f 1215/1215 1216/1216 1323/1323
f 1208/1208 1206/1206 1230/1230
f 1318/1318 1208/1208 1230/1230
f 1153/1153 1340/1340 1167/1167
f 1156/1156 1153/1153 1167/1167
f 1312/1312 1270/1270 1265/1265
f 1266/1266 1312/1312 1265/1265
f 1273/1273 1274/1274 1264/1264
f 1310/1310 1273/1273 1264/1264
f 1310/1310 1311/1311 1312/1312
f 1273/1273 1310/1310 1312/1312
f 1374/1374 1373/1373 1372/1372
f 1375/1375 1373/1373 1374/1374
f 1378/1378 1377/1377 1376/1376
f 1379/1379 1377/1377 1378/1378
f 1383/1383 1381/1381 1380/1380
f 1384/1384 1381/1381 1383/1383
f 1388/1388 1387/1387 1386/1386
f 1389/1389 1387/1387 1388/1388
f 1392/1392 1391/1391 1390/1390
f 1393/1393 1391/1391 1392/1392
f 1396/1396 1395/1395 1394/1394
f 1397/1397 1395/1395 1396/1396
f 1400/1400 1399/1399 1398/1398
f 1401/1401 1399/1399 1400/1400
f 1407/1407 1405/1405 943/943
f 1408/1408 1405/1405 1407/1407
f 1411/1411 1410/1410 1409/1409
f 1412/1412 1410/1410 1411/1411
f 1413/1413 1412/1412 1411/1411
f 1414/1414 1412/1412 1413/1413
f 1417/1417 1416/1416 1415/1415
f 1418/1418 1416/1416 1417/1417
f 1377/1377 1424/1424 1420/1420
f 1379/1379 1424/1424 1377/1377
f 1427/1427 1379/1379 1378/1378
f 1428/1428 1379/1379 1427/1427
f 1379/1379 1432/1432 1425/1425
f 1428/1428 1432/1432 1379/1379
f 1428/1428 1434/1434 1431/1431
f 1373/1373 1434/1434 1428/1428
f 1396/1396 1438/1438 1437/1437
f 1439/1439 1438/1438 1396/1396
f 1442/1442 1441/1441 1440/1440
f 1443/1443 1441/1441 1442/1442
f 1446/1446 1445/1445 1444/1444
f 1447/1447 1445/1445 1446/1446
f 1444/1444 1443/1443 1446/1446
f 1441/1441 1443/1443 1444/1444
f 1450/1450 1449/1449 1448/1448
f 1397/1397 1449/1449 1450/1450
f 1397/1397 1437/1437 1449/1449
f 1396/1396 1437/1437 1397/1397
f 1453/1453 1452/1452 1451/1451
f 1389/1389 1452/1452 1453/1453
f 1456/1456 1455/1455 1454/1454
f 1457/1457 1455/1455 1456/1456
f 1459/1459 1454/1454 1458/1458
f 1456/1456 1454/1454 1459/1459
f 1442/1442 1461/1461 1460/1460
f 1462/1462 1461/1461 1442/1442
f 1471/1471 1470/1470 1464/1464
f 1381/1381 1470/1470 1471/1471
f 1450/1450 1473/1473 1472/1472
f 1474/1474 1473/1473 1450/1450
f 1391/1391 1480/1480 1475/1475
f 1393/1393 1480/1480 1391/1391
f 1485/1485 1484/1484 1483/1483
f 1486/1486 1484/1484 1485/1485
f 1486/1486 1487/1487 1484/1484
f 1488/1488 1487/1487 1486/1486
f 1395/1395 1490/1490 1489/1489
f 1472/1472 1490/1490 1395/1395
f 1472/1472 1491/1491 1490/1490
f 1473/1473 1491/1491 1472/1472
f 1473/1473 1492/1492 1491/1491
f 1493/1493 1492/1492 1473/1473
f 942/942 945/945 1299/1299
f 1040/1040 1497/1497 1494/1494
f 1049/1049 1498/1498 1497/1497
f 1500/1500 1498/1498 1049/1049
f 1500/1500 1502/1502 1498/1498
f 1505/1505 1504/1504 1503/1503
f 1489/1489 1504/1504 1505/1505
f 1298/1298 1404/1404 1506/1506
f 1509/1509 1508/1508 1507/1507
f 1510/1510 1508/1508 1509/1509
f 1491/1491 1512/1512 1511/1511
f 1492/1492 1512/1512 1491/1491
f 1497/1497 1513/1513 1494/1494
f 1521/1521 1518/1518 1419/1419
f 1522/1522 1518/1518 1521/1521
f 1498/1498 1527/1527 1526/1526
f 1502/1502 1527/1527 1498/1498
f 1502/1502 1533/1533 1530/1530
f 1535/1535 1533/1533 1502/1502
f 1535/1535 1536/1536 1534/1534
f 1506/1506 1536/1536 1535/1535
f 1548/1548 1546/1546 1541/1541
f 1549/1549 1546/1546 1548/1548
f 1552/1552 1551/1551 1550/1550
f 1553/1553 1551/1551 1552/1552
f 1562/1562 1561/1561 1554/1554
f 1563/1563 1561/1561 1562/1562
f 1566/1566 1381/1381 1384/1384
f 1467/1467 1381/1381 1566/1566
f 1457/1457 1569/1569 1568/1568
f 1456/1456 1569/1569 1457/1457
f 1572/1572 1571/1571 1570/1570
f 1562/1562 1571/1571 1572/1572
f 1439/1439 1573/1573 1438/1438
f 1574/1574 1573/1573 1439/1439
f 1389/1389 1575/1575 1387/1387
f 1453/1453 1575/1575 1389/1389
f 1457/1457 1485/1485 1455/1455
f 1576/1576 1485/1485 1457/1457
f 1578/1578 1577/1577 1510/1510
f 1579/1579 1577/1577 1578/1578
f 1455/1455 1483/1483 1580/1580
f 1485/1485 1483/1483 1455/1455
f 1580/1580 1582/1582 1581/1581
f 1483/1483 1582/1582 1580/1580
f 1585/1585 1584/1584 1583/1583
f 1586/1586 1584/1584 1585/1585
f 1586/1586 1587/1587 1584/1584
f 1588/1588 1587/1587 1586/1586
f 1511/1511 1593/1593 1592/1592
f 1512/1512 1593/1593 1511/1511
f 1597/1597 1429/1429 1435/1435
f 1581/1581 1429/1429 1597/1597
f 1506/1506 1402/1402 1538/1538
f 1598/1598 1479/1479 1466/1466
f 1599/1599 1479/1479 1598/1598
f 1602/1602 1601/1601 1600/1600
f 1603/1603 1601/1601 1602/1602
f 1606/1606 1605/1605 1604/1604
f 1607/1607 1605/1605 1606/1606
f 1499/1499 1041/1041 1297/1297
f 1610/1610 1609/1609 1608/1608
f 1611/1611 1609/1609 1610/1610
f 1489/1489 1612/1612 1504/1504
f 1490/1490 1612/1612 1489/1489
f 1603/1603 1614/1614 1613/1613
f 1615/1615 1614/1614 1603/1603
f 1617/1617 1600/1600 1616/1616
f 1602/1602 1600/1600 1617/1617
f 1618/1618 1603/1603 1602/1602
f 1615/1615 1603/1603 1618/1618
f 1588/1588 1619/1619 1587/1587
f 1620/1620 1619/1619 1588/1588
f 1623/1623 1622/1622 1621/1621
f 1624/1624 1622/1622 1623/1623
f 1490/1490 1511/1511 1612/1612
f 1491/1491 1511/1511 1490/1490
f 1627/1627 1626/1626 1625/1625
f 1628/1628 1626/1626 1627/1627
f 1631/1631 1630/1630 1629/1629
f 1632/1632 1630/1630 1631/1631
f 1604/1604 1634/1634 1633/1633
f 1605/1605 1634/1634 1604/1604
f 1632/1632 1621/1621 1630/1630
f 1623/1623 1621/1621 1632/1632
f 1637/1637 1636/1636 1635/1635
f 1638/1638 1636/1636 1637/1637
f 1641/1641 1640/1640 1639/1639
f 1642/1642 1640/1640 1641/1641
f 1605/1605 1643/1643 1634/1634
f 1635/1635 1643/1643 1605/1605
f 1646/1646 1645/1645 1644/1644
f 1647/1647 1645/1645 1646/1646
f 1608/1608 1607/1607 1606/1606
f 1609/1609 1607/1607 1608/1608
f 1648/1648 1638/1638 1637/1637
f 1649/1649 1638/1638 1648/1648
f 1652/1652 1651/1651 1650/1650
f 1653/1653 1651/1651 1652/1652
f 1654/1654 1653/1653 1652/1652
f 1655/1655 1653/1653 1654/1654
f 1658/1658 1657/1657 1656/1656
f 1659/1659 1657/1657 1658/1658
f 1662/1662 1661/1661 1660/1660
f 1663/1663 1661/1661 1662/1662
f 1483/1483 1521/1521 1582/1582
f 1484/1484 1521/1521 1483/1483
f 1666/1666 1665/1665 1664/1664
f 1667/1667 1665/1665 1666/1666
f 1667/1667 1663/1663 1665/1665
f 1661/1661 1663/1663 1667/1667
f 1600/1600 1624/1624 1623/1623
f 1601/1601 1624/1624 1600/1600
f 1670/1670 1669/1669 1668/1668
f 1671/1671 1669/1669 1670/1670
f 1659/1659 1672/1672 1657/1657
f 1670/1670 1672/1672 1659/1659
f 1674/1674 1658/1658 1673/1673
f 1675/1675 1658/1658 1674/1674
f 1641/1641 1649/1649 1642/1642
f 1638/1638 1649/1649 1641/1641
f 1653/1653 1676/1676 1651/1651
f 1677/1677 1676/1676 1653/1653
f 1673/1673 1656/1656 1611/1611
f 1658/1658 1656/1656 1673/1673
f 1611/1611 1648/1648 1609/1609
f 1656/1656 1648/1648 1611/1611
f 1638/1638 1678/1678 1636/1636
f 1641/1641 1678/1678 1638/1638
f 1447/1447 1679/1679 1445/1445
f 1680/1680 1679/1679 1447/1447
f 1683/1683 1682/1682 1681/1681
f 1625/1625 1682/1682 1683/1683
f 1686/1686 1685/1685 1684/1684
f 1678/1678 1685/1685 1686/1686
f 1652/1652 1688/1688 1687/1687
f 1650/1650 1688/1688 1652/1652
f 1626/1626 1602/1602 1617/1617
f 1618/1618 1602/1602 1626/1626
f 1617/1617 1625/1625 1626/1626
f 1682/1682 1625/1625 1617/1617
f 1300/1300 1048/1048 1059/1059
f 1691/1691 1690/1690 1689/1689
f 1692/1692 1690/1690 1691/1691
f 1696/1696 1695/1695 1694/1694
f 1697/1697 1695/1695 1696/1696
f 1398/1398 1700/1700 1698/1698
f 1702/1702 1700/1700 1398/1398
f 1399/1399 1690/1690 1693/1693
f 1401/1401 1690/1690 1399/1399
f 1707/1707 1705/1705 1703/1703
f 1708/1708 1705/1705 1707/1707
f 1697/1697 1704/1704 1706/1706
f 1696/1696 1704/1704 1697/1697
f 1710/1710 1709/1709 1699/1699
f 1711/1711 1709/1709 1710/1710
f 1709/1709 1398/1398 1698/1698
f 1400/1400 1398/1398 1709/1709
f 1697/1697 1713/1713 1712/1712
f 1706/1706 1713/1713 1697/1697
f 1691/1691 1715/1715 1692/1692
f 1716/1716 1715/1715 1691/1691
f 1708/1708 1689/1689 1717/1717
f 1691/1691 1689/1689 1708/1708
f 1720/1720 1719/1719 1718/1718
f 1721/1721 1719/1719 1720/1720
f 1385/1385 1595/1595 1564/1564
f 1722/1722 1595/1595 1385/1385
f 1723/1723 1385/1385 1382/1382
f 1722/1722 1385/1385 1723/1723
f 1724/1724 1408/1408 1407/1407
f 1725/1725 1408/1408 1724/1724
f 1728/1728 1727/1727 1726/1726
f 1729/1729 1727/1727 1728/1728
f 1729/1729 1524/1524 1528/1528
f 1551/1551 1524/1524 1729/1729
f 1730/1730 1553/1553 1552/1552
f 1731/1731 1553/1553 1730/1730
f 1732/1732 1731/1731 1730/1730
f 1036/1036 1731/1731 1732/1732
f 1680/1680 1733/1733 1493/1493
f 1447/1447 1733/1733 1680/1680
f 1373/1373 1545/1545 1433/1433
f 1375/1375 1545/1545 1373/1373
f 1550/1550 1729/1729 1728/1728
f 1551/1551 1729/1729 1550/1550
f 1390/1390 1563/1563 1734/1734
f 1391/1391 1563/1563 1390/1390
f 1462/1462 1386/1386 1461/1461
f 1388/1388 1386/1386 1462/1462
f 1376/1376 1418/1418 1417/1417
f 1377/1377 1418/1418 1376/1376
f 1388/1388 1736/1736 1735/1735
f 1462/1462 1736/1736 1388/1388
f 1380/1380 1471/1471 1737/1737
f 1381/1381 1471/1471 1380/1380
f 1680/1680 1738/1738 1679/1679
f 1474/1474 1738/1738 1680/1680
f 1574/1574 1739/1739 1573/1573
f 1576/1576 1739/1739 1574/1574
f 1456/1456 1740/1740 1569/1569
f 1459/1459 1740/1740 1456/1456
f 1742/1742 1451/1451 1741/1741
f 1453/1453 1451/1451 1742/1742
f 1389/1389 1735/1735 1452/1452
f 1388/1388 1735/1735 1389/1389
f 1447/1447 1578/1578 1733/1733
f 1446/1446 1578/1578 1447/1447
f 1722/1722 1590/1590 1596/1596
f 1410/1410 1590/1590 1722/1722
f 1563/1563 1477/1477 1558/1558
f 1391/1391 1477/1477 1563/1563
f 1446/1446 1579/1579 1578/1578
f 1443/1443 1579/1579 1446/1446
f 1493/1493 1509/1509 1492/1492
f 1733/1733 1509/1509 1493/1493
f 1512/1512 1567/1567 1594/1594
f 1507/1507 1567/1567 1512/1512
f 1458/1458 1744/1744 1743/1743
f 1454/1454 1744/1744 1458/1458
f 1508/1508 1463/1463 1468/1468
f 1598/1598 1463/1463 1508/1508
f 1501/1501 1535/1535 1502/1502
f 1301/1301 1535/1535 1501/1501
f 1633/1633 1627/1627 1745/1745
f 1634/1634 1627/1627 1633/1633
f 1583/1583 1559/1559 1478/1478
f 1584/1584 1559/1559 1583/1583
f 1733/1733 1510/1510 1509/1509
f 1578/1578 1510/1510 1733/1733
f 1393/1393 1465/1465 1482/1482
f 1471/1471 1465/1465 1393/1393
f 1702/1702 1399/1399 1746/1746
f 1398/1398 1399/1399 1702/1702
f 1727/1727 1529/1529 1531/1531
f 1729/1729 1529/1529 1727/1727
f 1372/1372 1428/1428 1427/1427
f 1373/1373 1428/1428 1372/1372
f 1410/1410 1748/1748 1589/1589
f 1412/1412 1748/1748 1410/1410
f 1751/1751 1401/1401 1400/1400
f 1752/1752 1401/1401 1751/1751
f 1459/1459 1741/1741 1740/1740
f 1742/1742 1741/1741 1459/1459
f 1576/1576 1568/1568 1739/1739
f 1457/1457 1568/1568 1576/1576
f 1753/1753 1718/1718 1712/1712
f 1720/1720 1718/1718 1753/1753
f 1635/1635 1607/1607 1637/1637
f 1605/1605 1607/1607 1635/1635
f 1474/1474 1448/1448 1738/1738
f 1450/1450 1448/1448 1474/1474
f 1742/1742 1458/1458 1754/1754
f 1459/1459 1458/1458 1742/1742
f 1507/1507 1469/1469 1565/1565
f 1508/1508 1469/1469 1507/1507
f 1487/1487 1503/1503 1522/1522
f 1505/1505 1503/1503 1487/1487
f 1743/1743 1597/1597 1549/1549
f 1744/1744 1597/1597 1743/1743
f 1755/1755 1549/1549 1548/1548
f 1743/1743 1549/1549 1755/1755
f 1757/1757 1631/1631 1756/1756
f 1758/1758 1631/1631 1757/1757
f 1660/1660 1759/1759 1655/1655
f 1661/1661 1759/1759 1660/1660
f 1762/1762 1761/1761 1760/1760
f 1763/1763 1761/1761 1762/1762
f 1764/1764 1670/1670 1659/1659
f 1671/1671 1670/1670 1764/1764
f 1609/1609 1637/1637 1607/1607
f 1648/1648 1637/1637 1609/1609
f 1621/1621 1766/1766 1765/1765
f 1622/1622 1766/1766 1621/1621
f 1636/1636 1686/1686 1767/1767
f 1678/1678 1686/1686 1636/1636
f 1632/1632 1758/1758 1616/1616
f 1631/1631 1758/1758 1632/1632
f 1765/1765 1769/1769 1768/1768
f 1766/1766 1769/1769 1765/1765
f 1763/1763 1677/1677 1761/1761
f 1676/1676 1677/1677 1763/1763
f 1769/1769 1771/1771 1770/1770
f 1766/1766 1771/1771 1769/1769
f 1773/1773 1644/1644 1772/1772
f 1646/1646 1644/1644 1773/1773
f 1772/1772 1629/1629 1630/1630
f 1644/1644 1629/1629 1772/1772
f 1616/1616 1623/1623 1632/1632
f 1600/1600 1623/1623 1616/1616
f 1042/1042 1494/1494 1034/1034
f 1682/1682 1616/1616 1758/1758
f 1617/1617 1616/1616 1682/1682
f 1651/1651 1773/1773 1768/1768
f 1676/1676 1773/1773 1651/1651
f 1643/1643 1774/1774 1628/1628
f 1767/1767 1774/1774 1643/1643
f 1634/1634 1628/1628 1627/1627
f 1643/1643 1628/1628 1634/1634
f 1776/1776 1660/1660 1775/1775
f 1662/1662 1660/1660 1776/1776
f 1676/1676 1646/1646 1773/1773
f 1763/1763 1646/1646 1676/1676
f 1760/1760 1778/1778 1777/1777
f 1761/1761 1778/1778 1760/1760
f 1662/1662 1671/1671 1764/1764
f 1776/1776 1671/1671 1662/1662
f 1766/1766 1779/1779 1771/1771
f 1622/1622 1779/1779 1766/1766
f 1650/1650 1770/1770 1688/1688
f 1769/1769 1770/1770 1650/1650
f 1620/1620 1548/1548 1619/1619
f 1755/1755 1548/1548 1620/1620
f 1656/1656 1649/1649 1648/1648
f 1657/1657 1649/1649 1656/1656
f 1780/1780 1611/1611 1610/1610
f 1673/1673 1611/1611 1780/1780
f 1624/1624 1782/1782 1781/1781
f 1601/1601 1782/1782 1624/1624
f 1635/1635 1767/1767 1643/1643
f 1636/1636 1767/1767 1635/1635
f 1745/1745 1625/1625 1683/1683
f 1627/1627 1625/1625 1745/1745
f 1775/1775 1784/1784 1783/1783
f 1654/1654 1784/1784 1775/1775
f 1734/1734 1562/1562 1572/1572
f 1563/1563 1562/1562 1734/1734
f 1774/1774 1615/1615 1618/1618
f 1785/1785 1615/1615 1774/1774
f 1681/1681 1758/1758 1757/1757
f 1682/1682 1758/1758 1681/1681
f 1759/1759 1761/1761 1677/1677
f 1778/1778 1761/1761 1759/1759
f 1630/1630 1765/1765 1772/1772
f 1621/1621 1765/1765 1630/1630
f 1721/1721 1710/1710 1786/1786
f 1711/1711 1710/1710 1721/1721
f 1717/1717 1752/1752 1753/1753
f 1689/1689 1752/1752 1717/1717
f 1709/1709 1751/1751 1400/1400
f 1711/1711 1751/1751 1709/1709
f 1752/1752 1690/1690 1401/1401
f 1689/1689 1690/1690 1752/1752
f 1691/1691 1707/1707 1716/1716
f 1708/1708 1707/1707 1691/1691
f 1712/1712 1695/1695 1697/1697
f 1718/1718 1695/1695 1712/1712
f 1695/1695 1719/1719 1788/1788
f 1718/1718 1719/1719 1695/1695
f 1694/1694 1788/1788 1790/1790
f 1695/1695 1788/1788 1694/1694
f 1791/1791 1699/1699 1701/1701
f 1710/1710 1699/1699 1791/1791
f 1719/1719 1786/1786 1787/1787
f 1721/1721 1786/1786 1719/1719
f 1408/1408 1539/1539 1406/1406
f 1725/1725 1539/1539 1408/1408
f 1412/1412 1792/1792 1747/1747
f 1414/1414 1792/1792 1412/1412
f 1726/1726 1725/1725 1724/1724
f 1727/1727 1725/1725 1726/1726
f 1415/1415 1414/1414 1413/1413
f 1416/1416 1414/1414 1415/1415
f 1418/1418 1422/1422 1517/1517
f 1377/1377 1422/1422 1418/1418
f 1553/1553 1496/1496 1516/1516
f 1731/1731 1496/1496 1553/1553
f 1443/1443 1460/1460 1579/1579
f 1442/1442 1460/1460 1443/1443
f 1416/1416 1519/1519 1798/1798
f 1418/1418 1519/1519 1416/1416
f 1460/1460 1585/1585 1800/1800
f 1461/1461 1585/1585 1460/1460
f 1582/1582 1421/1421 1426/1426
f 1521/1521 1421/1421 1582/1582
f 1671/1671 1801/1801 1669/1669
f 1776/1776 1801/1801 1671/1671
f 1612/1612 1591/1591 1750/1750
f 1511/1511 1591/1591 1612/1612
f 1731/1731 1037/1037 1495/1495
f 1462/1462 1440/1440 1736/1736
f 1442/1442 1440/1440 1462/1462
f 1737/1737 1393/1393 1392/1392
f 1471/1471 1393/1393 1737/1737
f 1397/1397 1472/1472 1395/1395
f 1450/1450 1472/1472 1397/1397
f 1551/1551 1515/1515 1525/1525
f 1553/1553 1515/1515 1551/1551
f 1778/1778 1661/1661 1667/1667
f 1759/1759 1661/1661 1778/1778
f 1672/1672 1649/1649 1657/1657
f 1642/1642 1649/1649 1672/1672
f 1571/1571 1556/1556 1802/1802
f 1562/1562 1556/1556 1571/1571
f 1576/1576 1486/1486 1485/1485
f 1574/1574 1486/1486 1576/1576
f 1497/1497 1523/1523 1514/1514
f 1498/1498 1523/1523 1497/1497
f 1387/1387 1620/1620 1588/1588
f 1575/1575 1620/1620 1387/1387
f 1492/1492 1507/1507 1512/1512
f 1509/1509 1507/1507 1492/1492
f 1678/1678 1639/1639 1685/1685
f 1641/1641 1639/1639 1678/1678
f 1549/1549 1436/1436 1547/1547
f 1597/1597 1436/1436 1549/1549
f 1454/1454 1580/1580 1744/1744
f 1455/1455 1580/1580 1454/1454
f 1575/1575 1755/1755 1620/1620
f 1754/1754 1755/1755 1575/1575
f 1806/1806 1673/1673 1780/1780
f 1674/1674 1673/1673 1806/1806
f 1807/1807 1375/1375 1374/1374
f 1808/1808 1375/1375 1807/1807
f 1768/1768 1772/1772 1765/1765
f 1773/1773 1772/1772 1768/1768
f 1672/1672 1668/1668 1809/1809
f 1670/1670 1668/1668 1672/1672
f 1767/1767 1785/1785 1774/1774
f 1686/1686 1785/1785 1767/1767
f 1650/1650 1768/1768 1769/1769
f 1651/1651 1768/1768 1650/1650
f 1570/1570 1808/1808 1807/1807
f 1571/1571 1808/1808 1570/1570
f 1622/1622 1781/1781 1779/1779
f 1624/1624 1781/1781 1622/1622
f 1665/1665 1675/1675 1674/1674
f 1663/1663 1675/1675 1665/1665
f 1301/1301 1506/1506 1535/1535
f 1510/1510 1598/1598 1508/1508
f 1577/1577 1598/1598 1510/1510
f 1708/1708 1713/1713 1705/1705
f 1717/1717 1713/1713 1708/1708
f 1786/1786 1791/1791 1810/1810
f 1710/1710 1791/1791 1786/1786
f 1725/1725 1532/1532 1537/1537
f 1727/1727 1532/1532 1725/1725
f 1439/1439 1394/1394 1488/1488
f 1396/1396 1394/1394 1439/1439
f 1375/1375 1542/1542 1544/1544
f 1808/1808 1542/1542 1375/1375
f 1522/1522 1796/1796 1520/1520
f 1503/1503 1796/1796 1522/1522
f 1047/1047 1301/1301 1501/1501
f 1579/1579 1800/1800 1577/1577
f 1460/1460 1800/1800 1579/1579
f 1386/1386 1588/1588 1586/1586
f 1387/1387 1588/1588 1386/1386
f 1756/1756 1629/1629 1811/1811
f 1631/1631 1629/1629 1756/1756
f 1587/1587 1804/1804 1557/1557
f 1619/1619 1804/1804 1587/1587
f 1754/1754 1743/1743 1755/1755
f 1458/1458 1743/1743 1754/1754
f 1504/1504 1749/1749 1794/1794
f 1612/1612 1749/1749 1504/1504
f 1503/1503 1793/1793 1799/1799
f 1504/1504 1793/1793 1503/1503
f 1808/1808 1803/1803 1540/1540
f 1571/1571 1803/1803 1808/1808
f 1574/1574 1488/1488 1486/1486
f 1439/1439 1488/1488 1574/1574
f 1453/1453 1754/1754 1575/1575
f 1742/1742 1754/1754 1453/1453
f 1746/1746 1693/1693 1714/1714
f 1399/1399 1693/1693 1746/1746
f 1474/1474 1493/1493 1473/1473
f 1680/1680 1493/1493 1474/1474
f 1057/1057 1302/1302 1050/1050
f 1414/1414 1797/1797 1795/1795
f 1416/1416 1797/1797 1414/1414
f 1599/1599 1476/1476 1481/1481
f 1583/1583 1476/1476 1599/1599
f 1488/1488 1505/1505 1487/1487
f 1394/1394 1505/1505 1488/1488
f 1394/1394 1489/1489 1505/1505
f 1395/1395 1489/1489 1394/1394
f 1581/1581 1423/1423 1430/1430
f 1582/1582 1423/1423 1581/1581
f 1619/1619 1543/1543 1805/1805
f 1548/1548 1543/1543 1619/1619
f 1461/1461 1586/1586 1585/1585
f 1386/1386 1586/1586 1461/1461
f 1584/1584 1555/1555 1560/1560
f 1587/1587 1555/1555 1584/1584
f 1675/1675 1659/1659 1658/1658
f 1764/1764 1659/1659 1675/1675
f 1628/1628 1618/1618 1626/1626
f 1774/1774 1618/1618 1628/1628
f 1642/1642 1809/1809 1640/1640
f 1672/1672 1809/1809 1642/1642
f 1776/1776 1783/1783 1801/1801
f 1775/1775 1783/1783 1776/1776
f 1654/1654 1687/1687 1784/1784
f 1652/1652 1687/1687 1654/1654
f 1777/1777 1667/1667 1666/1666
f 1778/1778 1667/1667 1777/1777
f 1644/1644 1811/1811 1629/1629
f 1645/1645 1811/1811 1644/1644
f 1577/1577 1599/1599 1598/1598
f 1800/1800 1599/1599 1577/1577
f 1775/1775 1655/1655 1654/1654
f 1660/1660 1655/1655 1775/1775
f 1800/1800 1583/1583 1599/1599
f 1585/1585 1583/1583 1800/1800
f 1664/1664 1674/1674 1806/1806
f 1665/1665 1674/1674 1664/1664
f 1744/1744 1581/1581 1597/1597
f 1580/1580 1581/1581 1744/1744
f 1786/1786 1789/1789 1787/1787
f 1810/1810 1789/1789 1786/1786
f 1484/1484 1522/1522 1521/1521
f 1487/1487 1522/1522 1484/1484
f 1615/1615 1812/1812 1614/1614
f 1785/1785 1812/1812 1615/1615
f 1647/1647 1763/1763 1762/1762
f 1646/1646 1763/1763 1647/1647
f 1409/1409 1722/1722 1723/1723
f 1410/1410 1722/1722 1409/1409
f 1785/1785 1684/1684 1812/1812
f 1686/1686 1684/1684 1785/1785
f 1663/1663 1764/1764 1675/1675
f 1662/1662 1764/1764 1663/1663
f 1655/1655 1677/1677 1653/1653
f 1759/1759 1677/1677 1655/1655
f 1601/1601 1613/1613 1782/1782
f 1603/1603 1613/1613 1601/1601
f 1753/1753 1713/1713 1717/1717
f 1712/1712 1713/1713 1753/1753
f 1720/1720 1711/1711 1721/1721
f 1751/1751 1711/1711 1720/1720
f 1751/1751 1753/1753 1752/1752
f 1720/1720 1753/1753 1751/1751
f 1299/1299 944/944 1403/1403
f 1815/1815 1814/1814 1813/1813
f 1816/1816 1815/1815 1813/1813
f 1819/1819 1818/1818 1817/1817
f 1820/1820 1819/1819 1817/1817
f 1824/1824 1822/1822 1821/1821
f 1826/1826 1824/1824 1821/1821
f 1829/1829 1828/1828 1827/1827
f 1830/1830 1829/1829 1827/1827
f 1833/1833 1832/1832 1831/1831
f 1834/1834 1833/1833 1831/1831
f 1837/1837 1836/1836 1835/1835
f 1838/1838 1837/1837 1835/1835
f 1841/1841 1840/1840 1839/1839
f 1842/1842 1841/1841 1839/1839
f 1852/1852 1851/1851 1843/1843
f 1853/1853 1852/1852 1843/1843
f 1856/1856 1855/1855 1854/1854
f 1857/1857 1856/1856 1854/1854
f 1858/1858 1856/1856 1857/1857
f 1859/1859 1858/1858 1857/1857
f 1862/1862 1861/1861 1860/1860
f 1863/1863 1862/1862 1860/1860
f 1817/1817 1868/1868 1865/1865
f 1820/1820 1817/1817 1865/1865
f 1872/1872 1819/1819 1820/1820
f 1873/1873 1872/1872 1820/1820
f 1820/1820 1867/1867 1874/1874
f 1873/1873 1820/1820 1874/1874
f 1873/1873 1876/1876 1881/1881
f 1813/1813 1873/1873 1881/1881
f 1837/1837 1883/1883 1882/1882
f 1884/1884 1837/1837 1882/1882
f 1887/1887 1886/1886 1885/1885
f 1888/1888 1887/1887 1885/1885
f 1891/1891 1890/1890 1889/1889
f 1892/1892 1891/1891 1889/1889
f 1890/1890 1891/1891 1888/1888
f 1885/1885 1890/1890 1888/1888
f 1895/1895 1894/1894 1893/1893
f 1838/1838 1895/1895 1893/1893
f 1838/1838 1893/1893 1883/1883
f 1837/1837 1838/1838 1883/1883
f 1898/1898 1897/1897 1896/1896
f 1830/1830 1898/1898 1896/1896
f 1901/1901 1900/1900 1899/1899
f 1902/1902 1901/1901 1899/1899
f 1904/1904 1903/1903 1900/1900
f 1901/1901 1904/1904 1900/1900
f 1887/1887 1906/1906 1905/1905
f 1907/1907 1887/1887 1905/1905
f 1916/1916 1912/1912 1910/1910
f 1821/1821 1916/1916 1910/1910
f 1895/1895 1918/1918 1917/1917
f 1919/1919 1895/1895 1917/1917
f 1831/1831 1926/1926 1921/1921
f 1834/1834 1831/1831 1921/1921
f 1930/1930 1929/1929 1928/1928
f 1931/1931 1930/1930 1928/1928
f 1931/1931 1928/1928 1932/1932
f 1933/1933 1931/1931 1932/1932
f 1835/1835 1935/1935 1934/1934
f 1918/1918 1835/1835 1934/1934
f 1918/1918 1934/1934 1936/1936
f 1917/1917 1918/1918 1936/1936
f 1917/1917 1936/1936 1937/1937
f 1938/1938 1917/1917 1937/1937
f 1954/1954 1942/1942 1939/1939
f 1953/1953 1939/1939 1957/1957
f 1949/1949 1957/1957 1958/1958
f 1961/1961 1960/1960 1959/1959
f 1935/1935 1961/1961 1959/1959
f 1950/1950 1962/1962 1848/1848
f 1964/1964 1950/1950 1848/1848
f 1968/1968 1967/1967 1966/1966
f 1969/1969 1968/1968 1966/1966
f 1936/1936 1971/1971 1970/1970
f 1937/1937 1936/1936 1970/1970
f 1939/1939 1942/1942 1972/1972
f 1980/1980 1871/1871 1976/1976
f 1981/1981 1980/1980 1976/1976
f 1957/1957 1987/1987 1983/1983
f 1958/1958 1957/1957 1983/1983
f 1958/1958 1984/1984 1993/1993
f 1994/1994 1958/1958 1993/1993
f 1994/1994 1992/1992 1998/1998
f 1962/1962 1994/1994 1998/1998
f 2007/2007 2004/2004 2002/2002
f 2008/2008 2007/2007 2002/2002
f 2011/2011 2010/2010 2009/2009
f 2012/2012 2011/2011 2009/2009
f 2021/2021 2017/2017 2016/2016
f 2022/2022 2021/2021 2016/2016
f 2026/2026 1826/1826 1821/1821
f 1909/1909 2026/2026 1821/1821
f 1902/1902 2028/2028 2027/2027
f 1901/1901 1902/1902 2027/2027
f 2031/2031 2030/2030 2029/2029
f 2021/2021 2031/2031 2029/2029
f 1884/1884 1882/1882 2032/2032
f 2033/2033 1884/1884 2032/2032
f 1830/1830 1827/1827 2034/2034
f 1898/1898 1830/1830 2034/2034
f 1902/1902 1899/1899 1930/1930
f 2035/2035 1902/1902 1930/1930
f 2037/2037 1969/1969 2036/2036
f 2038/2038 2037/2037 2036/2036
f 1899/1899 2039/2039 1929/1929
f 1930/1930 1899/1899 1929/1929
f 2039/2039 2041/2041 2040/2040
f 1929/1929 2039/2039 2040/2040
f 2044/2044 2043/2043 2042/2042
f 2045/2045 2044/2044 2042/2042
f 2045/2045 2042/2042 2046/2046
f 2047/2047 2045/2045 2046/2046
f 1971/1971 2053/2053 2050/2050
f 1970/1970 1971/1971 2050/2050
f 2056/2056 1879/1879 1875/1875
f 2041/2041 2056/2056 1875/1875
f 1962/1962 1995/1995 1844/1844
f 2057/2057 1915/1915 1920/1920
f 2058/2058 2057/2057 1920/1920
f 2061/2061 2060/2060 2059/2059
f 2062/2062 2061/2061 2059/2059
f 2065/2065 2064/2064 2063/2063
f 2066/2066 2065/2065 2063/2063
f 2069/2069 2068/2068 2067/2067
f 2070/2070 2069/2069 2067/2067
f 1935/1935 1959/1959 2071/2071
f 1934/1934 1935/1935 2071/2071
f 2062/2062 2073/2073 2072/2072
f 2074/2074 2062/2062 2072/2072
f 2076/2076 2075/2075 2060/2060
f 2061/2061 2076/2076 2060/2060
f 2077/2077 2061/2061 2062/2062
f 2074/2074 2077/2077 2062/2062
f 2047/2047 2046/2046 2078/2078
f 2079/2079 2047/2047 2078/2078
f 2082/2082 2081/2081 2080/2080
f 2083/2083 2082/2082 2080/2080
f 1934/1934 2071/2071 1971/1971
f 1936/1936 1934/1934 1971/1971
f 2086/2086 2085/2085 2084/2084
f 2087/2087 2086/2086 2084/2084
f 2090/2090 2089/2089 2088/2088
f 2091/2091 2090/2090 2088/2088
f 2064/2064 2093/2093 2092/2092
f 2063/2063 2064/2064 2092/2092
f 2091/2091 2088/2088 2081/2081
f 2082/2082 2091/2091 2081/2081
f 2096/2096 2095/2095 2094/2094
f 2097/2097 2096/2096 2094/2094
f 2100/2100 2099/2099 2098/2098
f 2101/2101 2100/2100 2098/2098
f 2063/2063 2092/2092 2102/2102
f 2095/2095 2063/2063 2102/2102
f 2105/2105 2104/2104 2103/2103
f 2106/2106 2105/2105 2103/2103
f 2068/2068 2065/2065 2066/2066
f 2067/2067 2068/2068 2066/2066
f 2107/2107 2096/2096 2097/2097
f 2108/2108 2107/2107 2097/2097
f 2111/2111 2110/2110 2109/2109
f 2112/2112 2111/2111 2109/2109
f 2113/2113 2111/2111 2112/2112
f 2114/2114 2113/2113 2112/2112
f 2117/2117 2116/2116 2115/2115
f 2118/2118 2117/2117 2115/2115
f 2121/2121 2120/2120 2119/2119
f 2122/2122 2121/2121 2119/2119
f 1929/1929 2040/2040 1980/1980
f 1928/1928 1929/1929 1980/1980
f 2125/2125 2124/2124 2123/2123
f 2126/2126 2125/2125 2123/2123
f 2126/2126 2123/2123 2122/2122
f 2119/2119 2126/2126 2122/2122
f 2060/2060 2082/2082 2083/2083
f 2059/2059 2060/2060 2083/2083
f 2129/2129 2128/2128 2127/2127
f 2130/2130 2129/2129 2127/2127
f 2118/2118 2115/2115 2131/2131
f 2129/2129 2118/2118 2131/2131
f 2133/2133 2132/2132 2117/2117
f 2134/2134 2133/2133 2117/2117
f 2100/2100 2101/2101 2108/2108
f 2097/2097 2100/2100 2108/2108
f 2112/2112 2109/2109 2135/2135
f 2136/2136 2112/2112 2135/2135
f 2132/2132 2070/2070 2116/2116
f 2117/2117 2132/2132 2116/2116
f 2070/2070 2067/2067 2107/2107
f 2116/2116 2070/2070 2107/2107
f 2097/2097 2094/2094 2137/2137
f 2100/2100 2097/2097 2137/2137
f 1892/1892 1889/1889 2138/2138
f 2139/2139 1892/1892 2138/2138
f 2142/2142 2141/2141 2140/2140
f 2085/2085 2142/2142 2140/2140
f 2145/2145 2144/2144 2143/2143
f 2137/2137 2145/2145 2143/2143
f 2111/2111 2147/2147 2146/2146
f 2110/2110 2111/2111 2146/2146
f 2084/2084 2076/2076 2061/2061
f 2077/2077 2084/2084 2061/2061
f 2076/2076 2084/2084 2085/2085
f 2140/2140 2076/2076 2085/2085
f 2150/2150 2149/2149 2148/2148
f 2152/2152 2150/2150 2148/2148
f 2155/2155 2154/2154 2153/2153
f 2156/2156 2155/2155 2153/2153
f 1840/1840 2160/2160 2157/2157
f 2161/2161 1840/1840 2157/2157
f 1839/1839 2151/2151 2148/2148
f 1842/1842 1839/1839 2148/2148
f 2166/2166 2165/2165 2163/2163
f 2167/2167 2166/2166 2163/2163
f 2156/2156 2162/2162 2164/2164
f 2155/2155 2156/2156 2164/2164
f 2169/2169 2159/2159 2168/2168
f 2170/2170 2169/2169 2168/2168
f 2168/2168 2160/2160 1840/1840
f 1841/1841 2168/2168 1840/1840
f 2156/2156 2172/2172 2171/2171
f 2162/2162 2156/2156 2171/2171
f 2150/2150 2152/2152 2174/2174
f 2175/2175 2150/2150 2174/2174
f 2167/2167 2176/2176 2149/2149
f 2150/2150 2167/2167 2149/2149
f 2179/2179 2178/2178 2177/2177
f 2180/2180 2179/2179 2177/2177
f 1825/1825 2023/2023 2051/2051
f 2181/2181 1825/1825 2051/2051
f 2182/2182 1823/1823 1825/1825
f 2181/2181 2182/2182 1825/1825
f 2183/2183 1852/1852 1853/1853
f 2184/2184 2183/2183 1853/1853
f 2187/2187 2186/2186 2185/2185
f 2188/2188 2187/2187 2185/2185
f 2188/2188 1982/1982 1989/1989
f 2009/2009 2188/2188 1989/1989
f 2189/2189 2011/2011 2012/2012
f 2190/2190 2189/2189 2012/2012
f 1940/1940 2189/2189 2190/2190
f 2139/2139 1938/1938 2191/2191
f 1892/1892 2139/2139 2191/2191
f 1813/1813 1878/1878 1999/1999
f 1816/1816 1813/1813 1999/1999
f 2010/2010 2187/2187 2188/2188
f 2009/2009 2010/2010 2188/2188
f 1832/1832 2192/2192 2022/2022
f 1831/1831 1832/1832 2022/2022
f 1907/1907 1905/1905 1828/1828
f 1829/1829 1907/1907 1828/1828
f 1818/1818 1862/1862 1863/1863
f 1817/1817 1818/1818 1863/1863
f 1829/1829 2194/2194 2193/2193
f 1907/1907 1829/1829 2193/2193
f 1822/1822 2195/2195 1916/1916
f 1821/1821 1822/1822 1916/1916
f 2139/2139 2138/2138 2196/2196
f 1919/1919 2139/2139 2196/2196
f 2033/2033 2032/2032 2197/2197
f 2035/2035 2033/2033 2197/2197
f 1901/1901 2027/2027 2198/2198
f 1904/1904 1901/1901 2198/2198
f 2200/2200 2199/2199 1897/1897
f 1898/1898 2200/2200 1897/1897
f 1830/1830 1896/1896 2194/2194
f 1829/1829 1830/1830 2194/2194
f 1892/1892 2191/2191 2037/2037
f 1891/1891 1892/1892 2037/2037
f 2181/2181 2049/2049 2052/2052
f 1854/1854 2181/2181 2052/2052
f 2022/2022 2013/2013 1925/1925
f 1831/1831 2022/2022 1925/1925
f 1891/1891 2037/2037 2038/2038
f 1888/1888 1891/1891 2038/2038
f 1938/1938 1937/1937 1968/1968
f 2191/2191 1938/1938 1968/1968
f 1970/1970 2048/2048 2025/2025
f 1967/1967 1970/1970 2025/2025
f 1903/1903 2202/2202 2201/2201
f 1900/1900 1903/1903 2201/2201
f 1966/1966 1911/1911 1914/1914
f 2057/2057 1966/1966 1914/1914
f 2208/2208 1964/1964 1845/1845
f 1952/1952 1958/1958 1994/1994
f 2093/2093 2210/2210 2086/2086
f 2092/2092 2093/2093 2086/2086
f 2043/2043 1924/1924 2015/2015
f 2042/2042 2043/2043 2015/2015
f 2191/2191 1968/1968 1969/1969
f 2037/2037 2191/2191 1969/1969
f 1834/1834 1922/1922 1913/1913
f 1916/1916 1834/1834 1913/1913
f 2161/2161 2211/2211 1839/1839
f 1840/1840 2161/2161 1839/1839
f 2185/2185 1991/1991 1985/1985
f 2188/2188 2185/2185 1985/1985
f 1814/1814 1872/1872 1873/1873
f 1813/1813 1814/1814 1873/1873
f 1854/1854 2055/2055 2212/2212
f 1857/1857 1854/1854 2212/2212
f 2216/2216 1841/1841 1842/1842
f 2217/2217 2216/2216 1842/1842
f 1904/1904 2198/2198 2199/2199
f 2200/2200 1904/1904 2199/2199
f 2035/2035 2197/2197 2028/2028
f 1902/1902 2035/2035 2028/2028
f 2218/2218 2172/2172 2178/2178
f 2179/2179 2218/2218 2178/2178
f 2095/2095 2096/2096 2066/2066
f 2063/2063 2095/2095 2066/2066
f 1919/1919 2196/2196 1894/1894
f 1895/1895 1919/1919 1894/1894
f 2200/2200 2219/2219 1903/1903
f 1904/1904 2200/2200 1903/1903
f 1967/1967 2024/2024 1908/1908
f 1966/1966 1967/1967 1908/1908
f 1932/1932 1981/1981 1960/1960
f 1961/1961 1932/1932 1960/1960
f 2202/2202 2008/2008 2056/2056
f 2201/2201 2202/2202 2056/2056
f 2220/2220 2007/2007 2008/2008
f 2202/2202 2220/2220 2008/2008
f 2222/2222 2221/2221 2090/2090
f 2223/2223 2222/2222 2090/2090
f 2120/2120 2114/2114 2224/2224
f 2119/2119 2120/2120 2224/2224
f 2227/2227 2226/2226 2225/2225
f 2228/2228 2227/2227 2225/2225
f 2229/2229 2118/2118 2129/2129
f 2130/2130 2229/2229 2129/2129
f 2067/2067 2066/2066 2096/2096
f 2107/2107 2067/2067 2096/2096
f 2081/2081 2231/2231 2230/2230
f 2080/2080 2081/2081 2230/2230
f 2094/2094 2232/2232 2145/2145
f 2137/2137 2094/2094 2145/2145
f 2091/2091 2075/2075 2223/2223
f 2090/2090 2091/2091 2223/2223
f 2231/2231 2234/2234 2233/2233
f 2230/2230 2231/2231 2233/2233
f 2228/2228 2225/2225 2136/2136
f 2135/2135 2228/2228 2136/2136
f 2233/2233 2236/2236 2235/2235
f 2230/2230 2233/2233 2235/2235
f 2238/2238 2237/2237 2104/2104
f 2105/2105 2238/2238 2104/2104
f 2237/2237 2088/2088 2089/2089
f 2104/2104 2237/2237 2089/2089
f 2075/2075 2091/2091 2082/2082
f 2060/2060 2075/2075 2082/2082
f 2140/2140 2223/2223 2075/2075
f 2076/2076 2140/2140 2075/2075
f 2109/2109 2234/2234 2238/2238
f 2135/2135 2109/2109 2238/2238
f 2102/2102 2087/2087 2239/2239
f 2232/2232 2102/2102 2239/2239
f 2092/2092 2086/2086 2087/2087
f 2102/2102 2092/2092 2087/2087
f 2241/2241 2240/2240 2120/2120
f 2121/2121 2241/2241 2120/2120
f 2135/2135 2238/2238 2105/2105
f 2228/2228 2135/2135 2105/2105
f 2226/2226 2243/2243 2242/2242
f 2225/2225 2226/2226 2242/2242
f 2121/2121 2229/2229 2130/2130
f 2241/2241 2121/2121 2130/2130
f 2230/2230 2235/2235 2244/2244
f 2080/2080 2230/2230 2244/2244
f 2110/2110 2146/2146 2236/2236
f 2233/2233 2110/2110 2236/2236
f 2079/2079 2078/2078 2007/2007
f 2220/2220 2079/2079 2007/2007
f 2116/2116 2107/2107 2108/2108
f 2115/2115 2116/2116 2108/2108
f 2245/2245 2069/2069 2070/2070
f 2132/2132 2245/2245 2070/2070
f 2083/2083 2247/2247 2246/2246
f 2059/2059 2083/2083 2246/2246
f 2095/2095 2102/2102 2232/2232
f 2094/2094 2095/2095 2232/2232
f 2210/2210 2142/2142 2085/2085
f 2086/2086 2210/2210 2085/2085
f 2240/2240 2249/2249 2248/2248
f 2113/2113 2240/2240 2248/2248
f 2192/2192 2031/2031 2021/2021
f 2022/2022 2192/2192 2021/2021
f 2239/2239 2077/2077 2074/2074
f 2250/2250 2239/2239 2074/2074
f 2141/2141 2222/2222 2223/2223
f 2140/2140 2141/2141 2223/2223
f 2224/2224 2136/2136 2225/2225
f 2242/2242 2224/2224 2225/2225
f 2088/2088 2237/2237 2231/2231
f 2081/2081 2088/2088 2231/2231
f 2180/2180 2251/2251 2169/2169
f 2170/2170 2180/2180 2169/2169
f 2176/2176 2218/2218 2217/2217
f 2149/2149 2176/2176 2217/2217
f 2168/2168 1841/1841 2216/2216
f 2170/2170 2168/2168 2216/2216
f 2217/2217 1842/1842 2148/2148
f 2149/2149 2217/2217 2148/2148
f 2150/2150 2175/2175 2166/2166
f 2167/2167 2150/2150 2166/2166
f 2172/2172 2156/2156 2153/2153
f 2178/2178 2172/2172 2153/2153
f 2153/2153 2252/2252 2177/2177
f 2178/2178 2153/2153 2177/2177
f 2154/2154 2254/2254 2252/2252
f 2153/2153 2154/2154 2252/2252
f 2256/2256 2158/2158 2159/2159
f 2169/2169 2256/2256 2159/2159
f 2177/2177 2253/2253 2251/2251
f 2180/2180 2177/2177 2251/2251
f 1853/1853 1846/1846 1997/1997
f 2184/2184 1853/1853 1997/1997
f 1857/1857 2215/2215 2260/2260
f 1859/1859 1857/1857 2260/2260
f 2186/2186 2183/2183 2184/2184
f 2185/2185 2186/2186 2184/2184
f 1861/1861 1858/1858 1859/1859
f 1860/1860 1861/1861 1859/1859
f 1863/1863 1977/1977 1869/1869
f 1817/1817 1863/1863 1869/1869
f 2012/2012 1974/1974 1943/1943
f 2190/2190 2012/2012 1943/1943
f 1888/1888 2038/2038 1906/1906
f 1887/1887 1888/1888 1906/1906
f 1860/1860 2262/2262 1979/1979
f 1863/1863 1860/1860 1979/1979
f 1906/1906 2265/2265 2044/2044
f 1905/1905 1906/1906 2044/2044
f 2040/2040 1864/1864 1870/1870
f 1980/1980 2040/2040 1870/1870
f 2130/2130 2127/2127 2266/2266
f 2241/2241 2130/2130 2266/2266
f 2071/2071 2213/2213 2054/2054
f 1971/1971 2071/2071 2054/2054
f 1907/1907 2193/2193 1886/1886
f 1887/1887 1907/1907 1886/1886
f 2195/2195 1833/1833 1834/1834
f 1916/1916 2195/2195 1834/1834
f 1838/1838 1835/1835 1918/1918
f 1895/1895 1838/1838 1918/1918
f 2009/2009 1986/1986 1973/1973
f 2012/2012 2009/2009 1973/1973
f 2242/2242 2126/2126 2119/2119
f 2224/2224 2242/2242 2119/2119
f 2131/2131 2115/2115 2108/2108
f 2101/2101 2131/2131 2108/2108
f 2029/2029 2268/2268 2020/2020
f 2021/2021 2029/2029 2020/2020
f 2035/2035 1930/1930 1931/1931
f 2033/2033 2035/2035 1931/1931
f 1939/1939 1975/1975 1988/1988
f 1957/1957 1939/1939 1988/1988
f 1827/1827 2047/2047 2079/2079
f 2034/2034 1827/1827 2079/2079
f 1937/1937 1970/1970 1967/1967
f 1968/1968 1937/1937 1967/1967
f 2137/2137 2143/2143 2099/2099
f 2100/2100 2137/2137 2099/2099
f 2008/2008 2000/2000 1880/1880
f 2056/2056 2008/2008 1880/1880
f 1900/1900 2201/2201 2039/2039
f 1899/1899 1900/1900 2039/2039
f 2034/2034 2079/2079 2220/2220
f 2219/2219 2034/2034 2220/2220
f 2271/2271 2245/2245 2132/2132
f 2133/2133 2271/2271 2132/2132
f 2272/2272 1815/1815 1816/1816
f 2273/2273 2272/2272 1816/1816
f 2234/2234 2231/2231 2237/2237
f 2238/2238 2234/2234 2237/2237
f 2131/2131 2274/2274 2128/2128
f 2129/2129 2131/2131 2128/2128
f 2232/2232 2239/2239 2250/2250
f 2145/2145 2232/2232 2250/2250
f 2110/2110 2233/2233 2234/2234
f 2109/2109 2110/2110 2234/2234
f 2030/2030 2272/2272 2273/2273
f 2029/2029 2030/2030 2273/2273
f 2080/2080 2244/2244 2247/2247
f 2083/2083 2080/2080 2247/2247
f 2123/2123 2133/2133 2134/2134
f 2122/2122 2123/2123 2134/2134
f 1946/1946 1994/1994 1962/1962
f 1969/1969 1966/1966 2057/2057
f 2036/2036 1969/1969 2057/2057
f 2167/2167 2163/2163 2171/2171
f 2176/2176 2167/2167 2171/2171
f 2251/2251 2275/2275 2256/2256
f 2169/2169 2251/2251 2256/2256
f 2184/2184 1996/1996 1990/1990
f 2185/2185 2184/2184 1990/1990
f 1884/1884 1933/1933 1836/1836
f 1837/1837 1884/1884 1836/1836
f 1816/1816 2001/2001 2003/2003
f 2273/2273 1816/1816 2003/2003
f 1981/1981 1978/1978 2263/2263
f 1960/1960 1981/1981 2263/2263
f 2038/2038 2036/2036 2265/2265
f 1906/1906 2038/2038 2265/2265
f 1828/1828 2045/2045 2047/2047
f 1827/1827 1828/1828 2047/2047
f 2221/2221 2276/2276 2089/2089
f 2090/2090 2221/2221 2089/2089
f 2046/2046 2019/2019 2267/2267
f 2078/2078 2046/2046 2267/2267
f 2219/2219 2220/2220 2202/2202
f 1903/1903 2219/2219 2202/2202
f 1959/1959 2257/2257 2214/2214
f 2071/2071 1959/1959 2214/2214
f 1960/1960 2261/2261 2258/2258
f 1959/1959 1960/1960 2258/2258
f 2273/2273 2005/2005 2270/2270
f 2029/2029 2273/2273 2270/2270
f 2033/2033 1931/1931 1933/1933
f 1884/1884 2033/2033 1933/1933
f 1898/1898 2034/2034 2219/2219
f 2200/2200 1898/1898 2219/2219
f 2211/2211 2173/2173 2151/2151
f 1839/1839 2211/2211 2151/2151
f 1919/1919 1917/1917 1938/1938
f 2139/2139 1919/1919 1938/1938
f 1859/1859 2259/2259 2264/2264
f 1860/1860 1859/1859 2264/2264
f 2058/2058 1923/1923 1927/1927
f 2043/2043 2058/2058 1927/1927
f 1933/1933 1932/1932 1961/1961
f 1836/1836 1933/1933 1961/1961
f 1836/1836 1961/1961 1935/1935
f 1835/1835 1836/1836 1935/1935
f 2041/2041 1877/1877 1866/1866
f 2040/2040 2041/2041 1866/1866
f 2078/2078 2269/2269 2006/2006
f 2007/2007 2078/2078 2006/2006
f 1905/1905 2044/2044 2045/2045
f 1828/1828 1905/1905 2045/2045
f 2042/2042 2014/2014 2018/2018
f 2046/2046 2042/2042 2018/2018
f 2134/2134 2117/2117 2118/2118
f 2229/2229 2134/2134 2118/2118
f 2087/2087 2084/2084 2077/2077
f 2239/2239 2087/2087 2077/2077
f 2101/2101 2098/2098 2274/2274
f 2131/2131 2101/2101 2274/2274
f 2241/2241 2266/2266 2249/2249
f 2240/2240 2241/2241 2249/2249
f 2113/2113 2248/2248 2147/2147
f 2111/2111 2113/2113 2147/2147
f 2243/2243 2125/2125 2126/2126
f 2242/2242 2243/2243 2126/2126
f 2104/2104 2089/2089 2276/2276
f 2103/2103 2104/2104 2276/2276
f 2036/2036 2057/2057 2058/2058
f 2265/2265 2036/2036 2058/2058
f 2240/2240 2113/2113 2114/2114
f 2120/2120 2240/2240 2114/2114
f 2265/2265 2058/2058 2043/2043
f 2044/2044 2265/2265 2043/2043
f 2124/2124 2271/2271 2133/2133
f 2123/2123 2124/2124 2133/2133
f 2201/2201 2056/2056 2041/2041
f 2039/2039 2201/2201 2041/2041
f 2251/2251 2253/2253 2255/2255
f 2275/2275 2251/2251 2255/2255
f 1928/1928 1980/1980 1981/1981
f 1932/1932 1928/1928 1981/1981
f 2074/2074 2072/2072 2277/2277
f 2250/2250 2074/2074 2277/2277
f 2106/2106 2227/2227 2228/2228
f 2105/2105 2106/2106 2228/2228
f 1855/1855 2182/2182 2181/2181
f 1854/1854 1855/1855 2181/2181
f 2250/2250 2277/2277 2144/2144
f 2145/2145 2250/2250 2144/2144
f 2122/2122 2134/2134 2229/2229
f 2121/2121 2122/2122 2229/2229
f 2114/2114 2112/2112 2136/2136
f 2224/2224 2114/2114 2136/2136
f 2059/2059 2246/2246 2073/2073
f 2062/2062 2059/2059 2073/2073
f 2218/2218 2176/2176 2171/2171
f 2172/2172 2218/2218 2171/2171
f 2179/2179 2180/2180 2170/2170
f 2216/2216 2179/2179 2170/2170
f 2216/2216 2217/2217 2218/2218
f 2179/2179 2216/2216 2218/2218
f 2280/2280 2279/2279 2278/2278
f 2281/2281 2279/2279 2280/2280
f 2284/2284 2283/2283 2282/2282
f 2285/2285 2283/2283 2284/2284
f 2288/2288 2287/2287 2286/2286
f 2290/2290 2287/2287 2288/2288
f 2294/2294 2293/2293 2292/2292
f 2295/2295 2293/2293 2294/2294
f 2298/2298 2297/2297 2296/2296
f 2299/2299 2297/2297 2298/2298
f 2302/2302 2301/2301 2300/2300
f 2303/2303 2301/2301 2302/2302
f 2306/2306 2305/2305 2304/2304
f 2307/2307 2305/2305 2306/2306
f 2313/2313 2311/2311 1851/1851
f 2314/2314 2311/2311 2313/2313
f 2317/2317 2316/2316 2315/2315
f 2318/2318 2316/2316 2317/2317
f 2319/2319 2318/2318 2317/2317
f 2320/2320 2318/2318 2319/2319
f 2323/2323 2322/2322 2321/2321
f 2324/2324 2322/2322 2323/2323
f 2283/2283 2330/2330 2325/2325
f 2285/2285 2330/2330 2283/2283
f 2333/2333 2285/2285 2284/2284
f 2334/2334 2285/2285 2333/2333
f 2285/2285 2338/2338 2332/2332
f 2334/2334 2338/2338 2285/2285
f 2334/2334 2340/2340 2337/2337
f 2279/2279 2340/2340 2334/2334
f 2302/2302 2344/2344 2343/2343
f 2345/2345 2344/2344 2302/2302
f 2348/2348 2347/2347 2346/2346
f 2349/2349 2347/2347 2348/2348
f 2352/2352 2351/2351 2350/2350
f 2353/2353 2351/2351 2352/2352
f 2350/2350 2349/2349 2352/2352
f 2347/2347 2349/2349 2350/2350
f 2356/2356 2355/2355 2354/2354
f 2303/2303 2355/2355 2356/2356
f 2303/2303 2343/2343 2355/2355
f 2302/2302 2343/2343 2303/2303
f 2359/2359 2358/2358 2357/2357
f 2295/2295 2358/2358 2359/2359
f 2362/2362 2361/2361 2360/2360
f 2363/2363 2361/2361 2362/2362
f 2365/2365 2360/2360 2364/2364
f 2362/2362 2360/2360 2365/2365
f 2348/2348 2367/2367 2366/2366
f 2368/2368 2367/2367 2348/2348
f 2377/2377 2375/2375 2369/2369
f 2287/2287 2375/2375 2377/2377
f 2356/2356 2379/2379 2378/2378
f 2380/2380 2379/2379 2356/2356
f 2297/2297 2388/2388 2381/2381
f 2299/2299 2388/2388 2297/2297
f 2391/2391 2390/2390 2389/2389
f 2392/2392 2390/2390 2391/2391
f 2392/2392 2393/2393 2390/2390
f 2394/2394 2393/2393 2392/2392
f 2301/2301 2396/2396 2395/2395
f 2378/2378 2396/2396 2301/2301
f 2378/2378 2397/2397 2396/2396
f 2379/2379 2397/2397 2378/2378
f 2379/2379 2398/2398 2397/2397
f 2399/2399 2398/2398 2379/2379
f 1847/1847 1849/1849 2209/2209
f 1954/1954 2403/2403 2402/2402
f 1953/1953 2404/2404 2403/2403
f 2405/2405 2404/2404 1953/1953
f 2405/2405 2408/2408 2404/2404
f 2411/2411 2410/2410 2409/2409
f 2395/2395 2410/2410 2411/2411
f 2204/2204 2309/2309 2412/2412
f 2415/2415 2414/2414 2413/2413
f 2416/2416 2414/2414 2415/2415
f 2397/2397 2418/2418 2417/2417
f 2398/2398 2418/2418 2397/2397
f 2403/2403 2419/2419 2402/2402
f 2427/2427 2423/2423 2326/2326
f 2428/2428 2423/2423 2427/2427
f 2404/2404 2435/2435 2429/2429
f 2408/2408 2435/2435 2404/2404
f 2408/2408 2440/2440 2434/2434
f 2441/2441 2440/2440 2408/2408
f 2441/2441 2445/2445 2439/2439
f 2412/2412 2445/2445 2441/2441
f 2454/2454 2450/2450 2446/2446
f 2455/2455 2450/2450 2454/2454
f 2458/2458 2457/2457 2456/2456
f 2459/2459 2457/2457 2458/2458
f 2468/2468 2465/2465 2461/2461
f 2469/2469 2465/2465 2468/2468
f 2470/2470 2287/2287 2290/2290
f 2376/2376 2287/2287 2470/2470
f 2363/2363 2475/2475 2474/2474
f 2362/2362 2475/2475 2363/2363
f 2478/2478 2477/2477 2476/2476
f 2468/2468 2477/2477 2478/2478
f 2345/2345 2479/2479 2344/2344
f 2480/2480 2479/2479 2345/2345
f 2295/2295 2481/2481 2293/2293
f 2359/2359 2481/2481 2295/2295
f 2363/2363 2391/2391 2361/2361
f 2482/2482 2391/2391 2363/2363
f 2484/2484 2483/2483 2416/2416
f 2485/2485 2483/2483 2484/2484
f 2361/2361 2389/2389 2486/2486
f 2391/2391 2389/2389 2361/2361
f 2486/2486 2488/2488 2487/2487
f 2389/2389 2488/2488 2486/2486
f 2491/2491 2490/2490 2489/2489
f 2492/2492 2490/2490 2491/2491
f 2492/2492 2493/2493 2490/2490
f 2494/2494 2493/2493 2492/2492
f 2417/2417 2501/2501 2498/2498
f 2418/2418 2501/2501 2417/2417
f 2503/2503 2336/2336 2342/2342
f 2487/2487 2336/2336 2503/2503
f 2412/2412 2310/2310 2444/2444
f 2504/2504 2387/2387 2370/2370
f 2505/2505 2387/2387 2504/2504
f 2508/2508 2507/2507 2506/2506
f 2509/2509 2507/2507 2508/2508
f 2512/2512 2511/2511 2510/2510
f 2513/2513 2511/2511 2512/2512
f 2407/2407 1956/1956 2207/2207
f 2516/2516 2515/2515 2514/2514
f 2517/2517 2515/2515 2516/2516
f 2395/2395 2518/2518 2410/2410
f 2396/2396 2518/2518 2395/2395
f 2509/2509 2520/2520 2519/2519
f 2521/2521 2520/2520 2509/2509
f 2523/2523 2506/2506 2522/2522
f 2508/2508 2506/2506 2523/2523
f 2524/2524 2509/2509 2508/2508
f 2521/2521 2509/2509 2524/2524
f 2494/2494 2525/2525 2493/2493
f 2526/2526 2525/2525 2494/2494
f 2529/2529 2528/2528 2527/2527
f 2530/2530 2528/2528 2529/2529
f 2396/2396 2417/2417 2518/2518
f 2397/2397 2417/2417 2396/2396
f 2533/2533 2532/2532 2531/2531
f 2534/2534 2532/2532 2533/2533
f 2537/2537 2536/2536 2535/2535
f 2538/2538 2536/2536 2537/2537
f 2510/2510 2540/2540 2539/2539
f 2511/2511 2540/2540 2510/2510
f 2538/2538 2527/2527 2536/2536
f 2529/2529 2527/2527 2538/2538
f 2543/2543 2542/2542 2541/2541
f 2544/2544 2542/2542 2543/2543
f 2547/2547 2546/2546 2545/2545
f 2548/2548 2546/2546 2547/2547
f 2511/2511 2549/2549 2540/2540
f 2541/2541 2549/2549 2511/2511
f 2552/2552 2551/2551 2550/2550
f 2553/2553 2551/2551 2552/2552
f 2514/2514 2513/2513 2512/2512
f 2515/2515 2513/2513 2514/2514
f 2554/2554 2544/2544 2543/2543
f 2555/2555 2544/2544 2554/2554
f 2558/2558 2557/2557 2556/2556
f 2559/2559 2557/2557 2558/2558
f 2560/2560 2559/2559 2558/2558
f 2561/2561 2559/2559 2560/2560
f 2564/2564 2563/2563 2562/2562
f 2565/2565 2563/2563 2564/2564
f 2568/2568 2567/2567 2566/2566
f 2569/2569 2567/2567 2568/2568
f 2389/2389 2427/2427 2488/2488
f 2390/2390 2427/2427 2389/2389
f 2572/2572 2571/2571 2570/2570
f 2573/2573 2571/2571 2572/2572
f 2573/2573 2569/2569 2571/2571
f 2567/2567 2569/2569 2573/2573
f 2506/2506 2530/2530 2529/2529
f 2507/2507 2530/2530 2506/2506
f 2576/2576 2575/2575 2574/2574
f 2577/2577 2575/2575 2576/2576
f 2565/2565 2578/2578 2563/2563
f 2576/2576 2578/2578 2565/2565
f 2580/2580 2564/2564 2579/2579
f 2581/2581 2564/2564 2580/2580
f 2547/2547 2555/2555 2548/2548
f 2544/2544 2555/2555 2547/2547
f 2559/2559 2582/2582 2557/2557
f 2583/2583 2582/2582 2559/2559
f 2579/2579 2562/2562 2517/2517
f 2564/2564 2562/2562 2579/2579
f 2517/2517 2554/2554 2515/2515
f 2562/2562 2554/2554 2517/2517
f 2544/2544 2584/2584 2542/2542
f 2547/2547 2584/2584 2544/2544
f 2353/2353 2585/2585 2351/2351
f 2586/2586 2585/2585 2353/2353
f 2589/2589 2588/2588 2587/2587
f 2531/2531 2588/2588 2589/2589
f 2592/2592 2591/2591 2590/2590
f 2584/2584 2591/2591 2592/2592
f 2558/2558 2594/2594 2593/2593
f 2556/2556 2594/2594 2558/2558
f 2532/2532 2508/2508 2523/2523
f 2524/2524 2508/2508 2532/2532
f 2523/2523 2531/2531 2532/2532
f 2588/2588 2531/2531 2523/2523
f 2205/2205 1955/1955 1963/1963
f 2597/2597 2596/2596 2595/2595
f 2599/2599 2596/2596 2597/2597
f 2602/2602 2601/2601 2600/2600
f 2603/2603 2601/2601 2602/2602
f 2304/2304 2606/2606 2605/2605
f 2608/2608 2606/2606 2304/2304
f 2305/2305 2596/2596 2598/2598
f 2307/2307 2596/2596 2305/2305
f 2613/2613 2612/2612 2610/2610
f 2614/2614 2612/2612 2613/2613
f 2603/2603 2609/2609 2611/2611
f 2602/2602 2609/2609 2603/2603
f 2616/2616 2615/2615 2604/2604
f 2617/2617 2615/2615 2616/2616
f 2615/2615 2304/2304 2605/2605
f 2306/2306 2304/2304 2615/2615
f 2603/2603 2619/2619 2618/2618
f 2611/2611 2619/2619 2603/2603
f 2597/2597 2620/2620 2599/2599
f 2622/2622 2620/2620 2597/2597
f 2614/2614 2595/2595 2623/2623
f 2597/2597 2595/2595 2614/2614
f 2626/2626 2625/2625 2624/2624
f 2627/2627 2625/2625 2626/2626
f 2291/2291 2502/2502 2473/2473
f 2628/2628 2502/2502 2291/2291
f 2629/2629 2291/2291 2289/2289
f 2628/2628 2291/2291 2629/2629
f 2630/2630 2314/2314 2313/2313
f 2631/2631 2314/2314 2630/2630
f 2634/2634 2633/2633 2632/2632
f 2635/2635 2633/2633 2634/2634
f 2635/2635 2430/2430 2436/2436
f 2457/2457 2430/2430 2635/2635
f 2636/2636 2459/2459 2458/2458
f 2637/2637 2459/2459 2636/2636
f 2638/2638 2637/2637 2636/2636
f 1945/1945 2637/2637 2638/2638
f 2586/2586 2639/2639 2399/2399
f 2353/2353 2639/2639 2586/2586
f 2279/2279 2451/2451 2341/2341
f 2281/2281 2451/2451 2279/2279
f 2456/2456 2635/2635 2634/2634
f 2457/2457 2635/2635 2456/2456
f 2296/2296 2469/2469 2640/2640
f 2297/2297 2469/2469 2296/2296
f 2368/2368 2292/2292 2367/2367
f 2294/2294 2292/2292 2368/2368
f 2282/2282 2324/2324 2323/2323
f 2283/2283 2324/2324 2282/2282
f 2294/2294 2642/2642 2641/2641
f 2368/2368 2642/2642 2294/2294
f 2286/2286 2377/2377 2643/2643
f 2287/2287 2377/2377 2286/2286
f 2586/2586 2644/2644 2585/2585
f 2380/2380 2644/2644 2586/2586
f 2480/2480 2645/2645 2479/2479
f 2482/2482 2645/2645 2480/2480
f 2362/2362 2646/2646 2475/2475
f 2365/2365 2646/2646 2362/2362
f 2648/2648 2357/2357 2647/2647
f 2359/2359 2357/2357 2648/2648
f 2295/2295 2641/2641 2358/2358
f 2294/2294 2641/2641 2295/2295
f 2353/2353 2484/2484 2639/2639
f 2352/2352 2484/2484 2353/2353
f 2628/2628 2495/2495 2500/2500
f 2316/2316 2495/2495 2628/2628
f 2469/2469 2383/2383 2466/2466
f 2297/2297 2383/2383 2469/2469
f 2352/2352 2485/2485 2484/2484
f 2349/2349 2485/2485 2352/2352
f 2399/2399 2415/2415 2398/2398
f 2639/2639 2415/2415 2399/2399
f 2418/2418 2472/2472 2499/2499
f 2413/2413 2472/2472 2418/2418
f 2364/2364 2650/2650 2649/2649
f 2360/2360 2650/2650 2364/2364
f 2414/2414 2372/2372 2373/2373
f 2504/2504 2372/2372 2414/2414
f 2406/2406 2441/2441 2408/2408
f 2206/2206 2441/2441 2406/2406
f 2539/2539 2533/2533 2651/2651
f 2540/2540 2533/2533 2539/2539
f 2489/2489 2467/2467 2384/2384
f 2490/2490 2467/2467 2489/2489
f 2639/2639 2416/2416 2415/2415
f 2484/2484 2416/2416 2639/2639
f 2299/2299 2371/2371 2385/2385
f 2377/2377 2371/2371 2299/2299
f 2608/2608 2305/2305 2652/2652
f 2304/2304 2305/2305 2608/2608
f 2633/2633 2433/2433 2438/2438
f 2635/2635 2433/2433 2633/2633
f 2278/2278 2334/2334 2333/2333
f 2279/2279 2334/2334 2278/2278
f 2316/2316 2656/2656 2496/2496
f 2318/2318 2656/2656 2316/2316
f 2657/2657 2307/2307 2306/2306
f 2658/2658 2307/2307 2657/2657
f 2365/2365 2647/2647 2646/2646
f 2648/2648 2647/2647 2365/2365
f 2482/2482 2474/2474 2645/2645
f 2363/2363 2474/2474 2482/2482
f 2659/2659 2624/2624 2618/2618
f 2626/2626 2624/2624 2659/2659
f 2541/2541 2513/2513 2543/2543
f 2511/2511 2513/2513 2541/2541
f 2380/2380 2354/2354 2644/2644
f 2356/2356 2354/2354 2380/2380
f 2648/2648 2364/2364 2660/2660
f 2365/2365 2364/2364 2648/2648
f 2413/2413 2374/2374 2471/2471
f 2414/2414 2374/2374 2413/2413
f 2393/2393 2409/2409 2428/2428
f 2411/2411 2409/2409 2393/2393
f 2649/2649 2503/2503 2455/2455
f 2650/2650 2503/2503 2649/2649
f 2661/2661 2455/2455 2454/2454
f 2649/2649 2455/2455 2661/2661
f 2663/2663 2537/2537 2662/2662
f 2664/2664 2537/2537 2663/2663
f 2566/2566 2665/2665 2561/2561
f 2567/2567 2665/2665 2566/2566
f 2668/2668 2667/2667 2666/2666
f 2669/2669 2667/2667 2668/2668
f 2670/2670 2576/2576 2565/2565
f 2577/2577 2576/2576 2670/2670
f 2515/2515 2543/2543 2513/2513
f 2554/2554 2543/2543 2515/2515
f 2527/2527 2672/2672 2671/2671
f 2528/2528 2672/2672 2527/2527
f 2542/2542 2592/2592 2673/2673
f 2584/2584 2592/2592 2542/2542
f 2538/2538 2664/2664 2522/2522
f 2537/2537 2664/2664 2538/2538
f 2671/2671 2675/2675 2674/2674
f 2672/2672 2675/2675 2671/2671
f 2669/2669 2583/2583 2667/2667
f 2582/2582 2583/2583 2669/2669
f 2675/2675 2677/2677 2676/2676
f 2672/2672 2677/2677 2675/2675
f 2679/2679 2550/2550 2678/2678
f 2552/2552 2550/2550 2679/2679
f 2678/2678 2535/2535 2536/2536
f 2550/2550 2535/2535 2678/2678
f 2522/2522 2529/2529 2538/2538
f 2506/2506 2529/2529 2522/2522
f 1951/1951 2402/2402 1941/1941
f 2588/2588 2522/2522 2664/2664
f 2523/2523 2522/2522 2588/2588
f 2557/2557 2679/2679 2674/2674
f 2582/2582 2679/2679 2557/2557
f 2549/2549 2680/2680 2534/2534
f 2673/2673 2680/2680 2549/2549
f 2540/2540 2534/2534 2533/2533
f 2549/2549 2534/2534 2540/2540
f 2682/2682 2566/2566 2681/2681
f 2568/2568 2566/2566 2682/2682
f 2582/2582 2552/2552 2679/2679
f 2669/2669 2552/2552 2582/2582
f 2666/2666 2684/2684 2683/2683
f 2667/2667 2684/2684 2666/2666
f 2568/2568 2577/2577 2670/2670
f 2682/2682 2577/2577 2568/2568
f 2672/2672 2685/2685 2677/2677
f 2528/2528 2685/2685 2672/2672
f 2556/2556 2676/2676 2594/2594
f 2675/2675 2676/2676 2556/2556
f 2526/2526 2454/2454 2525/2525
f 2661/2661 2454/2454 2526/2526
f 2562/2562 2555/2555 2554/2554
f 2563/2563 2555/2555 2562/2562
f 2686/2686 2517/2517 2516/2516
f 2579/2579 2517/2517 2686/2686
f 2530/2530 2688/2688 2687/2687
f 2507/2507 2688/2688 2530/2530
f 2541/2541 2673/2673 2549/2549
f 2542/2542 2673/2673 2541/2541
f 2651/2651 2531/2531 2589/2589
f 2533/2533 2531/2531 2651/2651
f 2681/2681 2690/2690 2689/2689
f 2560/2560 2690/2690 2681/2681
f 2640/2640 2468/2468 2478/2478
f 2469/2469 2468/2468 2640/2640
f 2680/2680 2521/2521 2524/2524
f 2691/2691 2521/2521 2680/2680
f 2587/2587 2664/2664 2663/2663
f 2588/2588 2664/2664 2587/2587
f 2665/2665 2667/2667 2583/2583
f 2684/2684 2667/2667 2665/2665
f 2536/2536 2671/2671 2678/2678
f 2527/2527 2671/2671 2536/2536
f 2627/2627 2616/2616 2692/2692
f 2617/2617 2616/2616 2627/2627
f 2623/2623 2658/2658 2659/2659
f 2595/2595 2658/2658 2623/2623
f 2615/2615 2657/2657 2306/2306
f 2617/2617 2657/2657 2615/2615
f 2658/2658 2596/2596 2307/2307
f 2595/2595 2596/2596 2658/2658
f 2597/2597 2613/2613 2622/2622
f 2614/2614 2613/2613 2597/2597
f 2618/2618 2601/2601 2603/2603
f 2624/2624 2601/2601 2618/2618
f 2601/2601 2625/2625 2694/2694
f 2624/2624 2625/2625 2601/2601
f 2600/2600 2694/2694 2695/2695
f 2601/2601 2694/2694 2600/2600
f 2697/2697 2604/2604 2607/2607
f 2616/2616 2604/2604 2697/2697
f 2625/2625 2692/2692 2693/2693
f 2627/2627 2692/2692 2625/2625
f 2314/2314 2442/2442 2308/2308
f 2631/2631 2442/2442 2314/2314
f 2318/2318 2698/2698 2655/2655
f 2320/2320 2698/2698 2318/2318
f 2632/2632 2631/2631 2630/2630
f 2633/2633 2631/2631 2632/2632
f 2321/2321 2320/2320 2319/2319
f 2322/2322 2320/2320 2321/2321
f 2324/2324 2328/2328 2425/2425
f 2283/2283 2328/2328 2324/2324
f 2459/2459 2401/2401 2420/2420
f 2637/2637 2401/2401 2459/2459
f 2349/2349 2366/2366 2485/2485
f 2348/2348 2366/2366 2349/2349
f 2322/2322 2424/2424 2702/2702
f 2324/2324 2424/2424 2322/2322
f 2366/2366 2491/2491 2706/2706
f 2367/2367 2491/2491 2366/2366
f 2488/2488 2327/2327 2329/2329
f 2427/2427 2327/2327 2488/2488
f 2577/2577 2707/2707 2575/2575
f 2682/2682 2707/2707 2577/2577
f 2518/2518 2497/2497 2654/2654
f 2417/2417 2497/2497 2518/2518
f 2637/2637 1944/1944 2400/2400
f 2368/2368 2346/2346 2642/2642
f 2348/2348 2346/2346 2368/2368
f 2643/2643 2299/2299 2298/2298
f 2377/2377 2299/2299 2643/2643
f 2303/2303 2378/2378 2301/2301
f 2356/2356 2378/2378 2303/2303
f 2457/2457 2422/2422 2431/2431
f 2459/2459 2422/2422 2457/2457
f 2684/2684 2567/2567 2573/2573
f 2665/2665 2567/2567 2684/2684
f 2578/2578 2555/2555 2563/2563
f 2548/2548 2555/2555 2578/2578
f 2477/2477 2462/2462 2710/2710
f 2468/2468 2462/2462 2477/2477
f 2482/2482 2392/2392 2391/2391
f 2480/2480 2392/2392 2482/2482
f 2403/2403 2432/2432 2421/2421
f 2404/2404 2432/2432 2403/2403
f 2293/2293 2526/2526 2494/2494
f 2481/2481 2526/2526 2293/2293
f 2398/2398 2413/2413 2418/2418
f 2415/2415 2413/2413 2398/2398
f 2584/2584 2545/2545 2591/2591
f 2547/2547 2545/2545 2584/2584
f 2455/2455 2339/2339 2453/2453
f 2503/2503 2339/2339 2455/2455
f 2360/2360 2486/2486 2650/2650
f 2361/2361 2486/2486 2360/2360
f 2481/2481 2661/2661 2526/2526
f 2660/2660 2661/2661 2481/2481
f 2712/2712 2579/2579 2686/2686
f 2580/2580 2579/2579 2712/2712
f 2713/2713 2281/2281 2280/2280
f 2714/2714 2281/2281 2713/2713
f 2674/2674 2678/2678 2671/2671
f 2679/2679 2678/2678 2674/2674
f 2578/2578 2574/2574 2715/2715
f 2576/2576 2574/2574 2578/2578
f 2673/2673 2691/2691 2680/2680
f 2592/2592 2691/2691 2673/2673
f 2556/2556 2674/2674 2675/2675
f 2557/2557 2674/2674 2556/2556
f 2476/2476 2714/2714 2713/2713
f 2477/2477 2714/2714 2476/2476
f 2528/2528 2687/2687 2685/2685
f 2530/2530 2687/2687 2528/2528
f 2571/2571 2581/2581 2580/2580
f 2569/2569 2581/2581 2571/2571
f 2206/2206 2412/2412 2441/2441
f 2416/2416 2504/2504 2414/2414
f 2483/2483 2504/2504 2416/2416
f 2614/2614 2619/2619 2612/2612
f 2623/2623 2619/2619 2614/2614
f 2692/2692 2697/2697 2716/2716
f 2616/2616 2697/2697 2692/2692
f 2631/2631 2437/2437 2443/2443
f 2633/2633 2437/2437 2631/2631
f 2345/2345 2300/2300 2394/2394
f 2302/2302 2300/2300 2345/2345
f 2281/2281 2449/2449 2452/2452
f 2714/2714 2449/2449 2281/2281
f 2428/2428 2705/2705 2426/2426
f 2409/2409 2705/2705 2428/2428
f 1947/1947 2206/2206 2406/2406
f 2485/2485 2706/2706 2483/2483
f 2366/2366 2706/2706 2485/2485
f 2292/2292 2494/2494 2492/2492
f 2293/2293 2494/2494 2292/2292
f 2662/2662 2535/2535 2717/2717
f 2537/2537 2535/2535 2662/2662
f 2493/2493 2708/2708 2463/2463
f 2525/2525 2708/2708 2493/2493
f 2660/2660 2649/2649 2661/2661
f 2364/2364 2649/2649 2660/2660
f 2410/2410 2653/2653 2700/2700
f 2518/2518 2653/2653 2410/2410
f 2409/2409 2699/2699 2703/2703
f 2410/2410 2699/2699 2409/2409
f 2714/2714 2711/2711 2447/2447
f 2477/2477 2711/2711 2714/2714
f 2480/2480 2394/2394 2392/2392
f 2345/2345 2394/2394 2480/2480
f 2359/2359 2660/2660 2481/2481
f 2648/2648 2660/2660 2359/2359
f 2652/2652 2598/2598 2621/2621
f 2305/2305 2598/2598 2652/2652
f 2380/2380 2399/2399 2379/2379
f 2586/2586 2399/2399 2380/2380
f 1965/1965 2203/2203 1948/1948
f 2320/2320 2704/2704 2701/2701
f 2322/2322 2704/2704 2320/2320
f 2505/2505 2382/2382 2386/2386
f 2489/2489 2382/2382 2505/2505
f 2394/2394 2411/2411 2393/2393
f 2300/2300 2411/2411 2394/2394
f 2300/2300 2395/2395 2411/2411
f 2301/2301 2395/2395 2300/2300
f 2487/2487 2331/2331 2335/2335
f 2488/2488 2331/2331 2487/2487
f 2525/2525 2448/2448 2709/2709
f 2454/2454 2448/2448 2525/2525
f 2367/2367 2492/2492 2491/2491
f 2292/2292 2492/2492 2367/2367
f 2490/2490 2460/2460 2464/2464
f 2493/2493 2460/2460 2490/2490
f 2581/2581 2565/2565 2564/2564
f 2670/2670 2565/2565 2581/2581
f 2534/2534 2524/2524 2532/2532
f 2680/2680 2524/2524 2534/2534
f 2548/2548 2715/2715 2546/2546
f 2578/2578 2715/2715 2548/2548
f 2682/2682 2689/2689 2707/2707
f 2681/2681 2689/2689 2682/2682
f 2560/2560 2593/2593 2690/2690
f 2558/2558 2593/2593 2560/2560
f 2683/2683 2573/2573 2572/2572
f 2684/2684 2573/2573 2683/2683
f 2550/2550 2717/2717 2535/2535
f 2551/2551 2717/2717 2550/2550
f 2483/2483 2505/2505 2504/2504
f 2706/2706 2505/2505 2483/2483
f 2681/2681 2561/2561 2560/2560
f 2566/2566 2561/2561 2681/2681
f 2706/2706 2489/2489 2505/2505
f 2491/2491 2489/2489 2706/2706
f 2570/2570 2580/2580 2712/2712
f 2571/2571 2580/2580 2570/2570
f 2650/2650 2487/2487 2503/2503
f 2486/2486 2487/2487 2650/2650
f 2692/2692 2696/2696 2693/2693
f 2716/2716 2696/2696 2692/2692
f 2390/2390 2428/2428 2427/2427
f 2393/2393 2428/2428 2390/2390
f 2521/2521 2718/2718 2520/2520
f 2691/2691 2718/2718 2521/2521
f 2553/2553 2669/2669 2668/2668
f 2552/2552 2669/2669 2553/2553
f 2315/2315 2628/2628 2629/2629
f 2316/2316 2628/2628 2315/2315
f 2691/2691 2590/2590 2718/2718
f 2592/2592 2590/2590 2691/2691
f 2569/2569 2670/2670 2581/2581
f 2568/2568 2670/2670 2569/2569
f 2561/2561 2583/2583 2559/2559
f 2665/2665 2583/2583 2561/2561
f 2507/2507 2519/2519 2688/2688
f 2509/2509 2519/2519 2507/2507
f 2659/2659 2619/2619 2623/2623
f 2618/2618 2619/2619 2659/2659
f 2626/2626 2617/2617 2627/2627
f 2657/2657 2617/2617 2626/2626
f 2657/2657 2659/2659 2658/2658
f 2626/2626 2659/2659 2657/2657
f 2209/2209 1850/1850 2312/2312
f 2721/2721 2720/2720 2719/2719
f 2722/2722 2721/2721 2719/2719
f 2725/2725 2724/2724 2723/2723
f 2726/2726 2725/2725 2723/2723
f 2730/2730 2728/2728 2727/2727
f 2732/2732 2730/2730 2727/2727
f 2735/2735 2734/2734 2733/2733
f 2736/2736 2735/2735 2733/2733
f 2739/2739 2738/2738 2737/2737
f 2740/2740 2739/2739 2737/2737
f 2743/2743 2742/2742 2741/2741
f 2744/2744 2743/2743 2741/2741
f 2747/2747 2746/2746 2745/2745
f 2748/2748 2747/2747 2745/2745
f 2758/2758 2755/2755 2754/2754
f 2759/2759 2758/2758 2754/2754
f 2762/2762 2761/2761 2760/2760
f 2763/2763 2762/2762 2760/2760
f 2764/2764 2762/2762 2763/2763
f 2765/2765 2764/2764 2763/2763
f 2768/2768 2767/2767 2766/2766
f 2769/2769 2768/2768 2766/2766
f 2723/2723 2775/2775 2771/2771
f 2726/2726 2723/2723 2771/2771
f 2778/2778 2725/2725 2726/2726
f 2779/2779 2778/2778 2726/2726
f 2726/2726 2770/2770 2782/2782
f 2779/2779 2726/2726 2782/2782
f 2779/2779 2783/2783 2786/2786
f 2719/2719 2779/2779 2786/2786
f 2743/2743 2789/2789 2788/2788
f 2790/2790 2743/2743 2788/2788
f 2793/2793 2792/2792 2791/2791
f 2794/2794 2793/2793 2791/2791
f 2797/2797 2796/2796 2795/2795
f 2798/2798 2797/2797 2795/2795
f 2796/2796 2797/2797 2794/2794
f 2791/2791 2796/2796 2794/2794
f 2801/2801 2800/2800 2799/2799
f 2744/2744 2801/2801 2799/2799
f 2744/2744 2799/2799 2789/2789
f 2743/2743 2744/2744 2789/2789
f 2804/2804 2803/2803 2802/2802
f 2736/2736 2804/2804 2802/2802
f 2807/2807 2806/2806 2805/2805
f 2808/2808 2807/2807 2805/2805
f 2810/2810 2809/2809 2806/2806
f 2807/2807 2810/2810 2806/2806
f 2793/2793 2812/2812 2811/2811
f 2813/2813 2793/2793 2811/2811
f 2822/2822 2819/2819 2815/2815
f 2727/2727 2822/2822 2815/2815
f 2801/2801 2824/2824 2823/2823
f 2825/2825 2801/2801 2823/2823
f 2737/2737 2830/2830 2829/2829
f 2740/2740 2737/2737 2829/2829
f 2836/2836 2835/2835 2834/2834
f 2837/2837 2836/2836 2834/2834
f 2837/2837 2834/2834 2838/2838
f 2839/2839 2837/2837 2838/2838
f 2741/2741 2841/2841 2840/2840
f 2824/2824 2741/2741 2840/2840
f 2824/2824 2840/2840 2842/2842
f 2823/2823 2824/2824 2842/2842
f 2823/2823 2842/2842 2843/2843
f 2844/2844 2823/2823 2843/2843
f 2862/2862 2851/2851 2845/2845
f 2853/2853 2845/2845 2863/2863
f 2852/2852 2863/2863 2864/2864
f 2867/2867 2866/2866 2865/2865
f 2841/2841 2867/2867 2865/2865
f 2857/2857 2868/2868 2750/2750
f 2869/2869 2857/2857 2750/2750
f 2874/2874 2873/2873 2872/2872
f 2875/2875 2874/2874 2872/2872
f 2842/2842 2877/2877 2876/2876
f 2843/2843 2842/2842 2876/2876
f 2845/2845 2851/2851 2880/2880
f 2886/2886 2776/2776 2882/2882
f 2887/2887 2886/2886 2882/2882
f 2863/2863 2895/2895 2891/2891
f 2864/2864 2863/2863 2891/2891
f 2864/2864 2890/2890 2897/2897
f 2900/2900 2864/2864 2897/2897
f 2900/2900 2899/2899 2901/2901
f 2868/2868 2900/2900 2901/2901
f 2913/2913 2911/2911 2905/2905
f 2914/2914 2913/2913 2905/2905
f 2917/2917 2916/2916 2915/2915
f 2918/2918 2917/2917 2915/2915
f 2927/2927 2926/2926 2922/2922
f 2928/2928 2927/2927 2922/2922
f 2930/2930 2732/2732 2727/2727
f 2814/2814 2930/2930 2727/2727
f 2808/2808 2934/2934 2933/2933
f 2807/2807 2808/2808 2933/2933
f 2937/2937 2936/2936 2935/2935
f 2927/2927 2937/2937 2935/2935
f 2790/2790 2788/2788 2938/2938
f 2939/2939 2790/2790 2938/2938
f 2736/2736 2733/2733 2940/2940
f 2804/2804 2736/2736 2940/2940
f 2808/2808 2805/2805 2836/2836
f 2941/2941 2808/2808 2836/2836
f 2943/2943 2875/2875 2942/2942
f 2944/2944 2943/2943 2942/2942
f 2805/2805 2945/2945 2835/2835
f 2836/2836 2805/2805 2835/2835
f 2945/2945 2947/2947 2946/2946
f 2835/2835 2945/2945 2946/2946
f 2950/2950 2949/2949 2948/2948
f 2951/2951 2950/2950 2948/2948
f 2951/2951 2948/2948 2952/2952
f 2953/2953 2951/2951 2952/2952
f 2877/2877 2961/2961 2957/2957
f 2876/2876 2877/2877 2957/2957
f 2962/2962 2784/2784 2781/2781
f 2947/2947 2962/2962 2781/2781
f 2868/2868 2904/2904 2753/2753
f 2963/2963 2820/2820 2826/2826
f 2964/2964 2963/2963 2826/2826
f 2967/2967 2966/2966 2965/2965
f 2968/2968 2967/2967 2965/2965
f 2971/2971 2970/2970 2969/2969
f 2972/2972 2971/2971 2969/2969
f 2975/2975 2974/2974 2973/2973
f 2976/2976 2975/2975 2973/2973
f 2841/2841 2865/2865 2977/2977
f 2840/2840 2841/2841 2977/2977
f 2968/2968 2979/2979 2978/2978
f 2980/2980 2968/2968 2978/2978
f 2982/2982 2981/2981 2966/2966
f 2967/2967 2982/2982 2966/2966
f 2983/2983 2967/2967 2968/2968
f 2980/2980 2983/2983 2968/2968
f 2953/2953 2952/2952 2984/2984
f 2985/2985 2953/2953 2984/2984
f 2988/2988 2987/2987 2986/2986
f 2989/2989 2988/2988 2986/2986
f 2840/2840 2977/2977 2877/2877
f 2842/2842 2840/2840 2877/2877
f 2992/2992 2991/2991 2990/2990
f 2993/2993 2992/2992 2990/2990
f 2996/2996 2995/2995 2994/2994
f 2997/2997 2996/2996 2994/2994
f 2970/2970 2999/2999 2998/2998
f 2969/2969 2970/2970 2998/2998
f 2997/2997 2994/2994 2987/2987
f 2988/2988 2997/2997 2987/2987
f 3002/3002 3001/3001 3000/3000
f 3003/3003 3002/3002 3000/3000
f 3006/3006 3005/3005 3004/3004
f 3007/3007 3006/3006 3004/3004
f 2969/2969 2998/2998 3008/3008
f 3001/3001 2969/2969 3008/3008
f 3011/3011 3010/3010 3009/3009
f 3012/3012 3011/3011 3009/3009
f 2974/2974 2971/2971 2972/2972
f 2973/2973 2974/2974 2972/2972
f 3013/3013 3002/3002 3003/3003
f 3014/3014 3013/3013 3003/3003
f 3017/3017 3016/3016 3015/3015
f 3018/3018 3017/3017 3015/3015
f 3019/3019 3017/3017 3018/3018
f 3020/3020 3019/3019 3018/3018
f 3023/3023 3022/3022 3021/3021
f 3024/3024 3023/3023 3021/3021
f 3027/3027 3026/3026 3025/3025
f 3028/3028 3027/3027 3025/3025
f 2835/2835 2946/2946 2886/2886
f 2834/2834 2835/2835 2886/2886
f 3031/3031 3030/3030 3029/3029
f 3032/3032 3031/3031 3029/3029
f 3032/3032 3029/3029 3028/3028
f 3025/3025 3032/3032 3028/3028
f 2966/2966 2988/2988 2989/2989
f 2965/2965 2966/2966 2989/2989
f 3035/3035 3034/3034 3033/3033
f 3036/3036 3035/3035 3033/3033
f 3024/3024 3021/3021 3037/3037
f 3035/3035 3024/3024 3037/3037
f 3039/3039 3038/3038 3023/3023
f 3040/3040 3039/3039 3023/3023
f 3006/3006 3007/3007 3014/3014
f 3003/3003 3006/3006 3014/3014
f 3018/3018 3015/3015 3041/3041
f 3042/3042 3018/3018 3041/3041
f 3038/3038 2976/2976 3022/3022
f 3023/3023 3038/3038 3022/3022
f 2976/2976 2973/2973 3013/3013
f 3022/3022 2976/2976 3013/3013
f 3003/3003 3000/3000 3043/3043
f 3006/3006 3003/3003 3043/3043
f 2798/2798 2795/2795 3044/3044
f 3045/3045 2798/2798 3044/3044
f 3048/3048 3047/3047 3046/3046
f 2991/2991 3048/3048 3046/3046
f 3051/3051 3050/3050 3049/3049
f 3043/3043 3051/3051 3049/3049
f 3017/3017 3053/3053 3052/3052
f 3016/3016 3017/3017 3052/3052
f 2990/2990 2982/2982 2967/2967
f 2983/2983 2990/2990 2967/2967
f 2982/2982 2990/2990 2991/2991
f 3046/3046 2982/2982 2991/2991
f 3056/3056 3055/3055 3054/3054
f 3057/3057 3056/3056 3054/3054
f 3061/3061 3060/3060 3059/3059
f 3062/3062 3061/3061 3059/3059
f 2746/2746 3065/3065 3064/3064
f 3067/3067 2746/2746 3064/3064
f 2745/2745 3058/3058 3054/3054
f 2748/2748 2745/2745 3054/3054
f 3072/3072 3071/3071 3069/3069
f 3073/3073 3072/3072 3069/3069
f 3062/3062 3068/3068 3070/3070
f 3061/3061 3062/3062 3070/3070
f 3075/3075 3066/3066 3074/3074
f 3076/3076 3075/3075 3074/3074
f 3074/3074 3065/3065 2746/2746
f 2747/2747 3074/3074 2746/2746
f 3062/3062 3078/3078 3077/3077
f 3068/3068 3062/3062 3077/3077
f 3056/3056 3057/3057 3080/3080
f 3081/3081 3056/3056 3080/3080
f 3073/3073 3082/3082 3055/3055
f 3056/3056 3073/3073 3055/3055
f 3085/3085 3084/3084 3083/3083
f 3086/3086 3085/3085 3083/3083
f 2731/2731 2931/2931 2954/2954
f 3087/3087 2731/2731 2954/2954
f 3088/3088 2729/2729 2731/2731
f 3087/3087 3088/3088 2731/2731
f 3089/3089 2758/2758 2759/2759
f 3090/3090 3089/3089 2759/2759
f 3093/3093 3092/3092 3091/3091
f 3094/3094 3093/3093 3091/3091
f 3094/3094 2888/2888 2892/2892
f 2915/2915 3094/3094 2892/2892
f 3095/3095 2917/2917 2918/2918
f 3096/3096 3095/3095 2918/2918
f 2847/2847 3095/3095 3096/3096
f 3045/3045 2844/2844 3097/3097
f 2798/2798 3045/3045 3097/3097
f 2719/2719 2787/2787 2906/2906
f 2722/2722 2719/2719 2906/2906
f 2916/2916 3093/3093 3094/3094
f 2915/2915 2916/2916 3094/3094
f 2738/2738 3098/3098 2928/2928
f 2737/2737 2738/2738 2928/2928
f 2813/2813 2811/2811 2734/2734
f 2735/2735 2813/2813 2734/2734
f 2724/2724 2768/2768 2769/2769
f 2723/2723 2724/2724 2769/2769
f 2735/2735 3100/3100 3099/3099
f 2813/2813 2735/2735 3099/3099
f 2728/2728 3101/3101 2822/2822
f 2727/2727 2728/2728 2822/2822
f 3045/3045 3044/3044 3102/3102
f 2825/2825 3045/3045 3102/3102
f 2939/2939 2938/2938 3103/3103
f 2941/2941 2939/2939 3103/3103
f 2807/2807 2933/2933 3104/3104
f 2810/2810 2807/2807 3104/3104
f 3106/3106 3105/3105 2803/2803
f 2804/2804 3106/3106 2803/2803
f 2736/2736 2802/2802 3100/3100
f 2735/2735 2736/2736 3100/3100
f 2798/2798 3097/3097 2943/2943
f 2797/2797 2798/2798 2943/2943
f 3087/3087 2956/2956 2958/2958
f 2760/2760 3087/3087 2958/2958
f 2928/2928 2919/2919 2831/2831
f 2737/2737 2928/2928 2831/2831
f 2797/2797 2943/2943 2944/2944
f 2794/2794 2797/2797 2944/2944
f 2844/2844 2843/2843 2874/2874
f 3097/3097 2844/2844 2874/2874
f 2876/2876 2955/2955 2929/2929
f 2873/2873 2876/2876 2929/2929
f 2809/2809 3108/3108 3107/3107
f 2806/2806 2809/2809 3107/3107
f 2872/2872 2816/2816 2818/2818
f 2963/2963 2872/2872 2818/2818
f 3115/3115 2869/2869 2752/2752
f 2859/2859 2864/2864 2900/2900
f 2999/2999 3116/3116 2992/2992
f 2998/2998 2999/2999 2992/2992
f 2949/2949 2832/2832 2920/2920
f 2948/2948 2949/2949 2920/2920
f 3097/3097 2874/2874 2875/2875
f 2943/2943 3097/3097 2875/2875
f 2740/2740 2828/2828 2821/2821
f 2822/2822 2740/2740 2821/2821
f 3067/3067 3117/3117 2745/2745
f 2746/2746 3067/3067 2745/2745
f 3091/3091 2898/2898 2889/2889
f 3094/3094 3091/3091 2889/2889
f 2720/2720 2778/2778 2779/2779
f 2719/2719 2720/2720 2779/2779
f 2760/2760 2960/2960 3121/3121
f 2763/2763 2760/2760 3121/3121
f 3122/3122 2747/2747 2748/2748
f 3123/3123 3122/3122 2748/2748
f 2810/2810 3104/3104 3105/3105
f 3106/3106 2810/2810 3105/3105
f 2941/2941 3103/3103 2934/2934
f 2808/2808 2941/2941 2934/2934
f 3124/3124 3078/3078 3084/3084
f 3085/3085 3124/3124 3084/3084
f 3001/3001 3002/3002 2972/2972
f 2969/2969 3001/3001 2972/2972
f 2825/2825 3102/3102 2800/2800
f 2801/2801 2825/2825 2800/2800
f 3106/3106 3125/3125 2809/2809
f 2810/2810 3106/3106 2809/2809
f 2873/2873 2932/2932 2817/2817
f 2872/2872 2873/2873 2817/2817
f 2838/2838 2887/2887 2866/2866
f 2867/2867 2838/2838 2866/2866
f 3108/3108 2914/2914 2962/2962
f 3107/3107 3108/3108 2962/2962
f 3126/3126 2913/2913 2914/2914
f 3108/3108 3126/3126 2914/2914
f 3128/3128 3127/3127 2996/2996
f 3129/3129 3128/3128 2996/2996
f 3026/3026 3020/3020 3130/3130
f 3025/3025 3026/3026 3130/3130
f 3133/3133 3132/3132 3131/3131
f 3134/3134 3133/3133 3131/3131
f 3135/3135 3024/3024 3035/3035
f 3036/3036 3135/3135 3035/3035
f 2973/2973 2972/2972 3002/3002
f 3013/3013 2973/2973 3002/3002
f 2987/2987 3137/3137 3136/3136
f 2986/2986 2987/2987 3136/3136
f 3000/3000 3138/3138 3051/3051
f 3043/3043 3000/3000 3051/3051
f 2997/2997 2981/2981 3129/3129
f 2996/2996 2997/2997 3129/3129
f 3137/3137 3140/3140 3139/3139
f 3136/3136 3137/3137 3139/3139
f 3134/3134 3131/3131 3042/3042
f 3041/3041 3134/3134 3042/3042
f 3139/3139 3142/3142 3141/3141
f 3136/3136 3139/3139 3141/3141
f 3144/3144 3143/3143 3010/3010
f 3011/3011 3144/3144 3010/3010
f 3143/3143 2994/2994 2995/2995
f 3010/3010 3143/3143 2995/2995
f 2981/2981 2997/2997 2988/2988
f 2966/2966 2981/2981 2988/2988
f 3046/3046 3129/3129 2981/2981
f 2982/2982 3046/3046 2981/2981
f 3015/3015 3140/3140 3144/3144
f 3041/3041 3015/3015 3144/3144
f 3008/3008 2993/2993 3145/3145
f 3138/3138 3008/3008 3145/3145
f 2998/2998 2992/2992 2993/2993
f 3008/3008 2998/2998 2993/2993
f 3147/3147 3146/3146 3026/3026
f 3027/3027 3147/3147 3026/3026
f 3041/3041 3144/3144 3011/3011
f 3134/3134 3041/3041 3011/3011
f 3132/3132 3149/3149 3148/3148
f 3131/3131 3132/3132 3148/3148
f 3027/3027 3135/3135 3036/3036
f 3147/3147 3027/3027 3036/3036
f 3136/3136 3141/3141 3150/3150
f 2986/2986 3136/3136 3150/3150
f 3016/3016 3052/3052 3142/3142
f 3139/3139 3016/3016 3142/3142
f 2985/2985 2984/2984 2913/2913
f 3126/3126 2985/2985 2913/2913
f 3022/3022 3013/3013 3014/3014
f 3021/3021 3022/3022 3014/3014
f 3151/3151 2975/2975 2976/2976
f 3038/3038 3151/3151 2976/2976
f 2989/2989 3153/3153 3152/3152
f 2965/2965 2989/2989 3152/3152
f 3001/3001 3008/3008 3138/3138
f 3000/3000 3001/3001 3138/3138
f 3116/3116 3048/3048 2991/2991
f 2992/2992 3116/3116 2991/2991
f 3146/3146 3155/3155 3154/3154
f 3019/3019 3146/3146 3154/3154
f 3098/3098 2937/2937 2927/2927
f 2928/2928 3098/3098 2927/2927
f 3145/3145 2983/2983 2980/2980
f 3156/3156 3145/3145 2980/2980
f 3047/3047 3128/3128 3129/3129
f 3046/3046 3047/3047 3129/3129
f 3130/3130 3042/3042 3131/3131
f 3148/3148 3130/3130 3131/3131
f 2994/2994 3143/3143 3137/3137
f 2987/2987 2994/2994 3137/3137
f 3086/3086 3157/3157 3075/3075
f 3076/3076 3086/3086 3075/3075
f 3082/3082 3124/3124 3123/3123
f 3055/3055 3082/3082 3123/3123
f 3074/3074 2747/2747 3122/3122
f 3076/3076 3074/3074 3122/3122
f 3123/3123 2748/2748 3054/3054
f 3055/3055 3123/3123 3054/3054
f 3056/3056 3081/3081 3072/3072
f 3073/3073 3056/3056 3072/3072
f 3078/3078 3062/3062 3059/3059
f 3084/3084 3078/3078 3059/3059
f 3059/3059 3158/3158 3083/3083
f 3084/3084 3059/3059 3083/3083
f 3060/3060 3161/3161 3158/3158
f 3059/3059 3060/3060 3158/3158
f 3162/3162 3063/3063 3066/3066
f 3075/3075 3162/3162 3066/3066
f 3083/3083 3159/3159 3157/3157
f 3086/3086 3083/3083 3157/3157
f 2759/2759 2749/2749 2902/2902
f 3090/3090 2759/2759 2902/2902
f 2763/2763 3120/3120 3163/3163
f 2765/2765 2763/2763 3163/3163
f 3092/3092 3089/3089 3090/3090
f 3091/3091 3092/3092 3090/3090
f 2767/2767 2764/2764 2765/2765
f 2766/2766 2767/2767 2765/2765
f 2769/2769 2885/2885 2774/2774
f 2723/2723 2769/2769 2774/2774
f 2918/2918 2878/2878 2849/2849
f 3096/3096 2918/2918 2849/2849
f 2794/2794 2944/2944 2812/2812
f 2793/2793 2794/2794 2812/2812
f 2766/2766 3170/3170 2884/2884
f 2769/2769 2766/2766 2884/2884
f 2812/2812 3171/3171 2950/2950
f 2811/2811 2812/2812 2950/2950
f 2946/2946 2773/2773 2777/2777
f 2886/2886 2946/2946 2777/2777
f 3036/3036 3033/3033 3172/3172
f 3147/3147 3036/3036 3172/3172
f 2977/2977 3119/3119 2959/2959
f 2877/2877 2977/2977 2959/2959
f 2813/2813 3099/3099 2792/2792
f 2793/2793 2813/2813 2792/2792
f 3101/3101 2739/2739 2740/2740
f 2822/2822 3101/3101 2740/2740
f 2744/2744 2741/2741 2824/2824
f 2801/2801 2744/2744 2824/2824
f 2915/2915 2893/2893 2879/2879
f 2918/2918 2915/2915 2879/2879
f 3148/3148 3032/3032 3025/3025
f 3130/3130 3148/3148 3025/3025
f 3037/3037 3021/3021 3014/3014
f 3007/3007 3037/3037 3014/3014
f 2935/2935 3174/3174 2924/2924
f 2927/2927 2935/2935 2924/2924
f 2941/2941 2836/2836 2837/2837
f 2939/2939 2941/2941 2837/2837
f 2845/2845 2881/2881 2894/2894
f 2863/2863 2845/2845 2894/2894
f 2733/2733 2953/2953 2985/2985
f 2940/2940 2733/2733 2985/2985
f 2843/2843 2876/2876 2873/2873
f 2874/2874 2843/2843 2873/2873
f 3043/3043 3049/3049 3005/3005
f 3006/3006 3043/3043 3005/3005
f 2914/2914 2908/2908 2785/2785
f 2962/2962 2914/2914 2785/2785
f 2806/2806 3107/3107 2945/2945
f 2805/2805 2806/2806 2945/2945
f 2940/2940 2985/2985 3126/3126
f 3125/3125 2940/2940 3126/3126
f 3177/3177 3151/3151 3038/3038
f 3039/3039 3177/3177 3038/3038
f 3178/3178 2721/2721 2722/2722
f 3179/3179 3178/3178 2722/2722
f 3140/3140 3137/3137 3143/3143
f 3144/3144 3140/3140 3143/3143
f 3037/3037 3180/3180 3034/3034
f 3035/3035 3037/3037 3034/3034
f 3138/3138 3145/3145 3156/3156
f 3051/3051 3138/3138 3156/3156
f 3016/3016 3139/3139 3140/3140
f 3015/3015 3016/3016 3140/3140
f 2936/2936 3178/3178 3179/3179
f 2935/2935 2936/2936 3179/3179
f 2986/2986 3150/3150 3153/3153
f 2989/2989 2986/2986 3153/3153
f 3029/3029 3039/3039 3040/3040
f 3028/3028 3029/3029 3040/3040
f 2861/2861 2900/2900 2868/2868
f 2875/2875 2872/2872 2963/2963
f 2942/2942 2875/2875 2963/2963
f 3073/3073 3069/3069 3077/3077
f 3082/3082 3073/3073 3077/3077
f 3157/3157 3181/3181 3162/3162
f 3075/3075 3157/3157 3162/3162
f 3090/3090 2903/2903 2896/2896
f 3091/3091 3090/3090 2896/2896
f 2790/2790 2839/2839 2742/2742
f 2743/2743 2790/2790 2742/2742
f 2722/2722 2907/2907 2909/2909
f 3179/3179 2722/2722 2909/2909
f 2887/2887 2883/2883 3167/3167
f 2866/2866 2887/2887 3167/3167
f 2944/2944 2942/2942 3171/3171
f 2812/2812 2944/2944 3171/3171
f 2734/2734 2951/2951 2953/2953
f 2733/2733 2734/2734 2953/2953
f 3127/3127 3182/3182 2995/2995
f 2996/2996 3127/3127 2995/2995
f 2952/2952 2925/2925 3173/3173
f 2984/2984 2952/2952 3173/3173
f 3125/3125 3126/3126 3108/3108
f 2809/2809 3125/3125 3108/3108
f 2865/2865 3166/3166 3118/3118
f 2977/2977 2865/2865 3118/3118
f 2866/2866 3168/3168 3164/3164
f 2865/2865 2866/2866 3164/3164
f 3179/3179 2912/2912 3175/3175
f 2935/2935 3179/3179 3175/3175
f 2939/2939 2837/2837 2839/2839
f 2790/2790 2939/2939 2839/2839
f 2804/2804 2940/2940 3125/3125
f 3106/3106 2804/2804 3125/3125
f 3117/3117 3079/3079 3058/3058
f 2745/2745 3117/3117 3058/3058
f 2825/2825 2823/2823 2844/2844
f 3045/3045 2825/2825 2844/2844
f 2765/2765 3165/3165 3169/3169
f 2766/2766 2765/2765 3169/3169
f 2964/2964 2827/2827 2833/2833
f 2949/2949 2964/2964 2833/2833
f 2839/2839 2838/2838 2867/2867
f 2742/2742 2839/2839 2867/2867
f 2742/2742 2867/2867 2841/2841
f 2741/2741 2742/2742 2841/2841
f 2947/2947 2780/2780 2772/2772
f 2946/2946 2947/2947 2772/2772
f 2984/2984 3176/3176 2910/2910
f 2913/2913 2984/2984 2910/2910
f 2811/2811 2950/2950 2951/2951
f 2734/2734 2811/2811 2951/2951
f 2948/2948 2921/2921 2923/2923
f 2952/2952 2948/2948 2923/2923
f 3040/3040 3023/3023 3024/3024
f 3135/3135 3040/3040 3024/3024
f 2993/2993 2990/2990 2983/2983
f 3145/3145 2993/2993 2983/2983
f 3007/3007 3004/3004 3180/3180
f 3037/3037 3007/3007 3180/3180
f 3147/3147 3172/3172 3155/3155
f 3146/3146 3147/3147 3155/3155
f 3019/3019 3154/3154 3053/3053
f 3017/3017 3019/3019 3053/3053
f 3149/3149 3031/3031 3032/3032
f 3148/3148 3149/3149 3032/3032
f 3010/3010 2995/2995 3182/3182
f 3009/3009 3010/3010 3182/3182
f 2942/2942 2963/2963 2964/2964
f 3171/3171 2942/2942 2964/2964
f 3146/3146 3019/3019 3020/3020
f 3026/3026 3146/3146 3020/3020
f 3171/3171 2964/2964 2949/2949
f 2950/2950 3171/3171 2949/2949
f 3030/3030 3177/3177 3039/3039
f 3029/3029 3030/3030 3039/3039
f 3107/3107 2962/2962 2947/2947
f 2945/2945 3107/3107 2947/2947
f 3157/3157 3159/3159 3160/3160
f 3181/3181 3157/3157 3160/3160
f 2834/2834 2886/2886 2887/2887
f 2838/2838 2834/2834 2887/2887
f 2980/2980 2978/2978 3183/3183
f 3156/3156 2980/2980 3183/3183
f 3012/3012 3133/3133 3134/3134
f 3011/3011 3012/3012 3134/3134
f 2761/2761 3088/3088 3087/3087
f 2760/2760 2761/2761 3087/3087
f 3156/3156 3183/3183 3050/3050
f 3051/3051 3156/3156 3050/3050
f 3028/3028 3040/3040 3135/3135
f 3027/3027 3028/3028 3135/3135
f 3020/3020 3018/3018 3042/3042
f 3130/3130 3020/3020 3042/3042
f 2965/2965 3152/3152 2979/2979
f 2968/2968 2965/2965 2979/2979
f 3124/3124 3082/3082 3077/3077
f 3078/3078 3124/3124 3077/3077
f 3085/3085 3086/3086 3076/3076
f 3122/3122 3085/3085 3076/3076
f 3122/3122 3123/3123 3124/3124
f 3085/3085 3122/3122 3124/3124
f 3186/3186 3185/3185 3184/3184
f 3187/3187 3185/3185 3186/3186
f 3190/3190 3189/3189 3188/3188
f 3191/3191 3189/3189 3190/3190
f 3194/3194 3193/3193 3192/3192
f 3197/3197 3193/3193 3194/3194
f 3200/3200 3199/3199 3198/3198
f 3201/3201 3199/3199 3200/3200
f 3204/3204 3203/3203 3202/3202
f 3205/3205 3203/3203 3204/3204
f 3208/3208 3207/3207 3206/3206
f 3209/3209 3207/3207 3208/3208
f 3212/3212 3211/3211 3210/3210
f 3213/3213 3211/3211 3212/3212
f 3219/3219 3216/3216 2755/2755
f 3220/3220 3216/3216 3219/3219
f 3223/3223 3222/3222 3221/3221
f 3224/3224 3222/3222 3223/3223
f 3225/3225 3224/3224 3223/3223
f 3226/3226 3224/3224 3225/3225
f 3229/3229 3228/3228 3227/3227
f 3230/3230 3228/3228 3229/3229
f 3189/3189 3237/3237 3232/3232
f 3191/3191 3237/3237 3189/3189
f 3239/3239 3191/3191 3190/3190
f 3240/3240 3191/3191 3239/3239
f 3191/3191 3241/3241 3235/3235
f 3240/3240 3241/3241 3191/3191
f 3240/3240 3248/3248 3243/3243
f 3185/3185 3248/3248 3240/3240
f 3208/3208 3250/3250 3249/3249
f 3251/3251 3250/3250 3208/3208
f 3254/3254 3253/3253 3252/3252
f 3255/3255 3253/3253 3254/3254
f 3258/3258 3257/3257 3256/3256
f 3259/3259 3257/3257 3258/3258
f 3256/3256 3255/3255 3258/3258
f 3253/3253 3255/3255 3256/3256
f 3262/3262 3261/3261 3260/3260
f 3209/3209 3261/3261 3262/3262
f 3209/3209 3249/3249 3261/3261
f 3208/3208 3249/3249 3209/3209
f 3265/3265 3264/3264 3263/3263
f 3201/3201 3264/3264 3265/3265
f 3268/3268 3267/3267 3266/3266
f 3269/3269 3267/3267 3268/3268
f 3271/3271 3266/3266 3270/3270
f 3268/3268 3266/3266 3271/3271
f 3254/3254 3273/3273 3272/3272
f 3274/3274 3273/3273 3254/3254
f 3283/3283 3281/3281 3275/3275
f 3193/3193 3281/3281 3283/3283
f 3262/3262 3285/3285 3284/3284
f 3286/3286 3285/3285 3262/3262
f 3203/3203 3292/3292 3287/3287
f 3205/3205 3292/3292 3203/3203
f 3297/3297 3296/3296 3295/3295
f 3298/3298 3296/3296 3297/3297
f 3298/3298 3299/3299 3296/3296
f 3300/3300 3299/3299 3298/3298
f 3207/3207 3302/3302 3301/3301
f 3284/3284 3302/3302 3207/3207
f 3284/3284 3303/3303 3302/3302
f 3285/3285 3303/3303 3284/3284
f 3285/3285 3304/3304 3303/3303
f 3305/3305 3304/3304 3285/3285
f 2751/2751 2756/2756 3111/3111
f 2862/2862 3309/3309 3308/3308
f 2853/2853 3310/3310 3309/3309
f 3313/3313 3310/3310 2853/2853
f 3313/3313 3314/3314 3310/3310
f 3317/3317 3316/3316 3315/3315
f 3301/3301 3316/3316 3317/3317
f 3113/3113 3215/3215 3318/3318
f 3321/3321 3320/3320 3319/3319
f 3322/3322 3320/3320 3321/3321
f 3303/3303 3324/3324 3323/3323
f 3304/3304 3324/3324 3303/3303
f 3309/3309 3328/3328 3308/3308
f 3333/3333 3330/3330 3233/3233
f 3334/3334 3330/3330 3333/3333
f 3310/3310 3339/3339 3336/3336
f 3314/3314 3339/3339 3310/3310
f 3314/3314 3345/3345 3342/3342
f 3347/3347 3345/3345 3314/3314
f 3347/3347 3350/3350 3344/3344
f 3318/3318 3350/3350 3347/3347
f 3360/3360 3356/3356 3352/3352
f 3361/3361 3356/3356 3360/3360
f 3364/3364 3363/3363 3362/3362
f 3365/3365 3363/3363 3364/3364
f 3374/3374 3373/3373 3366/3366
f 3375/3375 3373/3373 3374/3374
f 3376/3376 3193/3193 3197/3197
f 3280/3280 3193/3193 3376/3376
f 3269/3269 3381/3381 3380/3380
f 3268/3268 3381/3381 3269/3269
f 3384/3384 3383/3383 3382/3382
f 3374/3374 3383/3383 3384/3384
f 3251/3251 3385/3385 3250/3250
f 3386/3386 3385/3385 3251/3251
f 3201/3201 3387/3387 3199/3199
f 3265/3265 3387/3387 3201/3201
f 3269/3269 3297/3297 3267/3267
f 3388/3388 3297/3297 3269/3269
f 3390/3390 3389/3389 3322/3322
f 3391/3391 3389/3389 3390/3390
f 3267/3267 3295/3295 3392/3392
f 3297/3297 3295/3295 3267/3267
f 3392/3392 3394/3394 3393/3393
f 3295/3295 3394/3394 3392/3392
f 3397/3397 3396/3396 3395/3395
f 3398/3398 3396/3396 3397/3397
f 3398/3398 3399/3399 3396/3396
f 3400/3400 3399/3399 3398/3398
f 3323/3323 3408/3408 3402/3402
f 3324/3324 3408/3408 3323/3323
f 3409/3409 3242/3242 3247/3247
f 3393/3393 3242/3242 3409/3409
f 3318/3318 3218/3218 3351/3351
f 3410/3410 3293/3293 3277/3277
f 3411/3411 3293/3293 3410/3410
f 3414/3414 3413/3413 3412/3412
f 3415/3415 3413/3413 3414/3414
f 3418/3418 3417/3417 3416/3416
f 3419/3419 3417/3417 3418/3418
f 3312/3312 2854/2854 3114/3114
f 3422/3422 3421/3421 3420/3420
f 3423/3423 3421/3421 3422/3422
f 3301/3301 3424/3424 3316/3316
f 3302/3302 3424/3424 3301/3301
f 3415/3415 3426/3426 3425/3425
f 3427/3427 3426/3426 3415/3415
f 3429/3429 3412/3412 3428/3428
f 3414/3414 3412/3412 3429/3429
f 3430/3430 3415/3415 3414/3414
f 3427/3427 3415/3415 3430/3430
f 3400/3400 3431/3431 3399/3399
f 3432/3432 3431/3431 3400/3400
f 3435/3435 3434/3434 3433/3433
f 3436/3436 3434/3434 3435/3435
f 3302/3302 3323/3323 3424/3424
f 3303/3303 3323/3323 3302/3302
f 3439/3439 3438/3438 3437/3437
f 3440/3440 3438/3438 3439/3439
f 3443/3443 3442/3442 3441/3441
f 3444/3444 3442/3442 3443/3443
f 3416/3416 3446/3446 3445/3445
f 3417/3417 3446/3446 3416/3416
f 3444/3444 3433/3433 3442/3442
f 3435/3435 3433/3433 3444/3444
f 3449/3449 3448/3448 3447/3447
f 3450/3450 3448/3448 3449/3449
f 3453/3453 3452/3452 3451/3451
f 3454/3454 3452/3452 3453/3453
f 3417/3417 3455/3455 3446/3446
f 3447/3447 3455/3455 3417/3417
f 3458/3458 3457/3457 3456/3456
f 3459/3459 3457/3457 3458/3458
f 3420/3420 3419/3419 3418/3418
f 3421/3421 3419/3419 3420/3420
f 3460/3460 3450/3450 3449/3449
f 3461/3461 3450/3450 3460/3460
f 3464/3464 3463/3463 3462/3462
f 3465/3465 3463/3463 3464/3464
f 3466/3466 3465/3465 3464/3464
f 3467/3467 3465/3465 3466/3466
f 3470/3470 3469/3469 3468/3468
f 3471/3471 3469/3469 3470/3470
f 3474/3474 3473/3473 3472/3472
f 3475/3475 3473/3473 3474/3474
f 3295/3295 3333/3333 3394/3394
f 3296/3296 3333/3333 3295/3295
f 3478/3478 3477/3477 3476/3476
f 3479/3479 3477/3477 3478/3478
f 3479/3479 3475/3475 3477/3477
f 3473/3473 3475/3475 3479/3479
f 3412/3412 3436/3436 3435/3435
f 3413/3413 3436/3436 3412/3412
f 3482/3482 3481/3481 3480/3480
f 3483/3483 3481/3481 3482/3482
f 3471/3471 3484/3484 3469/3469
f 3482/3482 3484/3484 3471/3471
f 3486/3486 3470/3470 3485/3485
f 3487/3487 3470/3470 3486/3486
f 3453/3453 3461/3461 3454/3454
f 3450/3450 3461/3461 3453/3453
f 3465/3465 3488/3488 3463/3463
f 3489/3489 3488/3488 3465/3465
f 3485/3485 3468/3468 3423/3423
f 3470/3470 3468/3468 3485/3485
f 3423/3423 3460/3460 3421/3421
f 3468/3468 3460/3460 3423/3423
f 3450/3450 3490/3490 3448/3448
f 3453/3453 3490/3490 3450/3450
f 3259/3259 3491/3491 3257/3257
f 3492/3492 3491/3491 3259/3259
f 3495/3495 3494/3494 3493/3493
f 3437/3437 3494/3494 3495/3495
f 3498/3498 3497/3497 3496/3496
f 3490/3490 3497/3497 3498/3498
f 3464/3464 3500/3500 3499/3499
f 3462/3462 3500/3500 3464/3464
f 3438/3438 3414/3414 3429/3429
f 3430/3430 3414/3414 3438/3438
f 3429/3429 3437/3437 3438/3438
f 3494/3494 3437/3437 3429/3429
f 3109/3109 2858/2858 2870/2870
f 3503/3503 3502/3502 3501/3501
f 3504/3504 3502/3502 3503/3503
f 3508/3508 3507/3507 3506/3506
f 3509/3509 3507/3507 3508/3508
f 3210/3210 3512/3512 3510/3510
f 3514/3514 3512/3512 3210/3210
f 3211/3211 3502/3502 3505/3505
f 3213/3213 3502/3502 3211/3211
f 3519/3519 3517/3517 3515/3515
f 3520/3520 3517/3517 3519/3519
f 3509/3509 3516/3516 3518/3518
f 3508/3508 3516/3516 3509/3509
f 3522/3522 3521/3521 3511/3511
f 3523/3523 3521/3521 3522/3522
f 3521/3521 3210/3210 3510/3510
f 3212/3212 3210/3210 3521/3521
f 3509/3509 3525/3525 3524/3524
f 3518/3518 3525/3525 3509/3509
f 3503/3503 3527/3527 3504/3504
f 3528/3528 3527/3527 3503/3503
f 3520/3520 3501/3501 3529/3529
f 3503/3503 3501/3501 3520/3520
f 3532/3532 3531/3531 3530/3530
f 3533/3533 3531/3531 3532/3532
f 3196/3196 3406/3406 3378/3378
f 3534/3534 3406/3406 3196/3196
f 3535/3535 3196/3196 3195/3195
f 3534/3534 3196/3196 3535/3535
f 3536/3536 3220/3220 3219/3219
f 3537/3537 3220/3220 3536/3536
f 3540/3540 3539/3539 3538/3538
f 3541/3541 3539/3539 3540/3540
f 3541/3541 3338/3338 3341/3341
f 3363/3363 3338/3338 3541/3541
f 3542/3542 3365/3365 3364/3364
f 3543/3543 3365/3365 3542/3542
f 3544/3544 3543/3543 3542/3542
f 2846/2846 3543/3543 3544/3544
f 3492/3492 3545/3545 3305/3305
f 3259/3259 3545/3545 3492/3492
f 3185/3185 3359/3359 3246/3246
f 3187/3187 3359/3359 3185/3185
f 3362/3362 3541/3541 3540/3540
f 3363/3363 3541/3541 3362/3362
f 3202/3202 3375/3375 3546/3546
f 3203/3203 3375/3375 3202/3202
f 3274/3274 3198/3198 3273/3273
f 3200/3200 3198/3198 3274/3274
f 3188/3188 3230/3230 3229/3229
f 3189/3189 3230/3230 3188/3188
f 3200/3200 3548/3548 3547/3547
f 3274/3274 3548/3548 3200/3200
f 3192/3192 3283/3283 3549/3549
f 3193/3193 3283/3283 3192/3192
f 3492/3492 3550/3550 3491/3491
f 3286/3286 3550/3550 3492/3492
f 3386/3386 3551/3551 3385/3385
f 3388/3388 3551/3551 3386/3386
f 3268/3268 3552/3552 3381/3381
f 3271/3271 3552/3552 3268/3268
f 3554/3554 3263/3263 3553/3553
f 3265/3265 3263/3263 3554/3554
f 3201/3201 3547/3547 3264/3264
f 3200/3200 3547/3547 3201/3201
f 3259/3259 3390/3390 3545/3545
f 3258/3258 3390/3390 3259/3259
f 3534/3534 3401/3401 3405/3405
f 3222/3222 3401/3401 3534/3534
f 3375/3375 3288/3288 3371/3371
f 3203/3203 3288/3288 3375/3375
f 3258/3258 3391/3391 3390/3390
f 3255/3255 3391/3391 3258/3258
f 3305/3305 3321/3321 3304/3304
f 3545/3545 3321/3321 3305/3305
f 3324/3324 3379/3379 3407/3407
f 3319/3319 3379/3379 3324/3324
f 3270/3270 3556/3556 3555/3555
f 3266/3266 3556/3556 3270/3270
f 3320/3320 3276/3276 3282/3282
f 3410/3410 3276/3276 3320/3320
f 3311/3311 3347/3347 3314/3314
f 3110/3110 3347/3347 3311/3311
f 3445/3445 3439/3439 3557/3557
f 3446/3446 3439/3439 3445/3445
f 3395/3395 3372/3372 3290/3290
f 3396/3396 3372/3372 3395/3395
f 3545/3545 3322/3322 3321/3321
f 3390/3390 3322/3322 3545/3545
f 3205/3205 3278/3278 3291/3291
f 3283/3283 3278/3278 3205/3205
f 3514/3514 3211/3211 3558/3558
f 3210/3210 3211/3211 3514/3514
f 3539/3539 3340/3340 3343/3343
f 3541/3541 3340/3340 3539/3539
f 3184/3184 3240/3240 3239/3239
f 3185/3185 3240/3240 3184/3184
f 3222/3222 3560/3560 3404/3404
f 3224/3224 3560/3560 3222/3222
f 3563/3563 3213/3213 3212/3212
f 3564/3564 3213/3213 3563/3563
f 3271/3271 3553/3553 3552/3552
f 3554/3554 3553/3553 3271/3271
f 3388/3388 3380/3380 3551/3551
f 3269/3269 3380/3380 3388/3388
f 3565/3565 3530/3530 3524/3524
f 3532/3532 3530/3530 3565/3565
f 3447/3447 3419/3419 3449/3449
f 3417/3417 3419/3419 3447/3447
f 3286/3286 3260/3260 3550/3550
f 3262/3262 3260/3260 3286/3286
f 3554/3554 3270/3270 3566/3566
f 3271/3271 3270/3270 3554/3554
f 3319/3319 3279/3279 3377/3377
f 3320/3320 3279/3279 3319/3319
f 3299/3299 3315/3315 3334/3334
f 3317/3317 3315/3315 3299/3299
f 3555/3555 3409/3409 3361/3361
f 3556/3556 3409/3409 3555/3555
f 3567/3567 3361/3361 3360/3360
f 3555/3555 3361/3361 3567/3567
f 3569/3569 3443/3443 3568/3568
f 3570/3570 3443/3443 3569/3569
f 3472/3472 3571/3571 3467/3467
f 3473/3473 3571/3571 3472/3472
f 3574/3574 3573/3573 3572/3572
f 3575/3575 3573/3573 3574/3574
f 3576/3576 3482/3482 3471/3471
f 3483/3483 3482/3482 3576/3576
f 3421/3421 3449/3449 3419/3419
f 3460/3460 3449/3449 3421/3421
f 3433/3433 3578/3578 3577/3577
f 3434/3434 3578/3578 3433/3433
f 3448/3448 3498/3498 3579/3579
f 3490/3490 3498/3498 3448/3448
f 3444/3444 3570/3570 3428/3428
f 3443/3443 3570/3570 3444/3444
f 3577/3577 3581/3581 3580/3580
f 3578/3578 3581/3581 3577/3577
f 3575/3575 3489/3489 3573/3573
f 3488/3488 3489/3489 3575/3575
f 3581/3581 3583/3583 3582/3582
f 3578/3578 3583/3583 3581/3581
f 3585/3585 3456/3456 3584/3584
f 3458/3458 3456/3456 3585/3585
f 3584/3584 3441/3441 3442/3442
f 3456/3456 3441/3441 3584/3584
f 3428/3428 3435/3435 3444/3444
f 3412/3412 3435/3435 3428/3428
f 2860/2860 3308/3308 2848/2848
f 3494/3494 3428/3428 3570/3570
f 3429/3429 3428/3428 3494/3494
f 3463/3463 3585/3585 3580/3580
f 3488/3488 3585/3585 3463/3463
f 3455/3455 3586/3586 3440/3440
f 3579/3579 3586/3586 3455/3455
f 3446/3446 3440/3440 3439/3439
f 3455/3455 3440/3440 3446/3446
f 3588/3588 3472/3472 3587/3587
f 3474/3474 3472/3472 3588/3588
f 3488/3488 3458/3458 3585/3585
f 3575/3575 3458/3458 3488/3488
f 3572/3572 3590/3590 3589/3589
f 3573/3573 3590/3590 3572/3572
f 3474/3474 3483/3483 3576/3576
f 3588/3588 3483/3483 3474/3474
f 3578/3578 3591/3591 3583/3583
f 3434/3434 3591/3591 3578/3578
f 3462/3462 3582/3582 3500/3500
f 3581/3581 3582/3582 3462/3462
f 3432/3432 3360/3360 3431/3431
f 3567/3567 3360/3360 3432/3432
f 3468/3468 3461/3461 3460/3460
f 3469/3469 3461/3461 3468/3468
f 3592/3592 3423/3423 3422/3422
f 3485/3485 3423/3423 3592/3592
f 3436/3436 3594/3594 3593/3593
f 3413/3413 3594/3594 3436/3436
f 3447/3447 3579/3579 3455/3455
f 3448/3448 3579/3579 3447/3447
f 3557/3557 3437/3437 3495/3495
f 3439/3439 3437/3437 3557/3557
f 3587/3587 3596/3596 3595/3595
f 3466/3466 3596/3596 3587/3587
f 3546/3546 3374/3374 3384/3384
f 3375/3375 3374/3374 3546/3546
f 3586/3586 3427/3427 3430/3430
f 3597/3597 3427/3427 3586/3586
f 3493/3493 3570/3570 3569/3569
f 3494/3494 3570/3570 3493/3493
f 3571/3571 3573/3573 3489/3489
f 3590/3590 3573/3573 3571/3571
f 3442/3442 3577/3577 3584/3584
f 3433/3433 3577/3577 3442/3442
f 3533/3533 3522/3522 3598/3598
f 3523/3523 3522/3522 3533/3533
f 3529/3529 3564/3564 3565/3565
f 3501/3501 3564/3564 3529/3529
f 3521/3521 3563/3563 3212/3212
f 3523/3523 3563/3563 3521/3521
f 3564/3564 3502/3502 3213/3213
f 3501/3501 3502/3502 3564/3564
f 3503/3503 3519/3519 3528/3528
f 3520/3520 3519/3519 3503/3503
f 3524/3524 3507/3507 3509/3509
f 3530/3530 3507/3507 3524/3524
f 3507/3507 3531/3531 3599/3599
f 3530/3530 3531/3531 3507/3507
f 3506/3506 3599/3599 3601/3601
f 3507/3507 3599/3599 3506/3506
f 3603/3603 3511/3511 3513/3513
f 3522/3522 3511/3511 3603/3603
f 3531/3531 3598/3598 3600/3600
f 3533/3533 3598/3598 3531/3531
f 3220/3220 3348/3348 3217/3217
f 3537/3537 3348/3348 3220/3220
f 3224/3224 3605/3605 3559/3559
f 3226/3226 3605/3605 3224/3224
f 3538/3538 3537/3537 3536/3536
f 3539/3539 3537/3537 3538/3538
f 3227/3227 3226/3226 3225/3225
f 3228/3228 3226/3226 3227/3227
f 3230/3230 3234/3234 3332/3332
f 3189/3189 3234/3234 3230/3230
f 3365/3365 3306/3306 3327/3327
f 3543/3543 3306/3306 3365/3365
f 3255/3255 3272/3272 3391/3391
f 3254/3254 3272/3272 3255/3255
f 3228/3228 3329/3329 3608/3608
f 3230/3230 3329/3329 3228/3228
f 3272/3272 3397/3397 3612/3612
f 3273/3273 3397/3397 3272/3272
f 3394/3394 3231/3231 3238/3238
f 3333/3333 3231/3231 3394/3394
f 3483/3483 3613/3613 3481/3481
f 3588/3588 3613/3613 3483/3483
f 3424/3424 3403/3403 3561/3561
f 3323/3323 3403/3403 3424/3424
f 3543/3543 2850/2850 3307/3307
f 3274/3274 3252/3252 3548/3548
f 3254/3254 3252/3252 3274/3274
f 3549/3549 3205/3205 3204/3204
f 3283/3283 3205/3205 3549/3549
f 3209/3209 3284/3284 3207/3207
f 3262/3262 3284/3284 3209/3209
f 3363/3363 3326/3326 3335/3335
f 3365/3365 3326/3326 3363/3363
f 3590/3590 3473/3473 3479/3479
f 3571/3571 3473/3473 3590/3590
f 3484/3484 3461/3461 3469/3469
f 3454/3454 3461/3461 3484/3484
f 3383/3383 3367/3367 3616/3616
f 3374/3374 3367/3367 3383/3383
f 3388/3388 3298/3298 3297/3297
f 3386/3386 3298/3298 3388/3388
f 3309/3309 3337/3337 3325/3325
f 3310/3310 3337/3337 3309/3309
f 3199/3199 3432/3432 3400/3400
f 3387/3387 3432/3432 3199/3199
f 3304/3304 3319/3319 3324/3324
f 3321/3321 3319/3319 3304/3304
f 3490/3490 3451/3451 3497/3497
f 3453/3453 3451/3451 3490/3490
f 3361/3361 3245/3245 3357/3357
f 3409/3409 3245/3245 3361/3361
f 3266/3266 3392/3392 3556/3556
f 3267/3267 3392/3392 3266/3266
f 3387/3387 3567/3567 3432/3432
f 3566/3566 3567/3567 3387/3387
f 3618/3618 3485/3485 3592/3592
f 3486/3486 3485/3485 3618/3618
f 3619/3619 3187/3187 3186/3186
f 3620/3620 3187/3187 3619/3619
f 3580/3580 3584/3584 3577/3577
f 3585/3585 3584/3584 3580/3580
f 3484/3484 3480/3480 3621/3621
f 3482/3482 3480/3480 3484/3484
f 3579/3579 3597/3597 3586/3586
f 3498/3498 3597/3597 3579/3579
f 3462/3462 3580/3580 3581/3581
f 3463/3463 3580/3580 3462/3462
f 3382/3382 3620/3620 3619/3619
f 3383/3383 3620/3620 3382/3382
f 3434/3434 3593/3593 3591/3591
f 3436/3436 3593/3593 3434/3434
f 3477/3477 3487/3487 3486/3486
f 3475/3475 3487/3487 3477/3477
f 3110/3110 3318/3318 3347/3347
f 3322/3322 3410/3410 3320/3320
f 3389/3389 3410/3410 3322/3322
f 3520/3520 3525/3525 3517/3517
f 3529/3529 3525/3525 3520/3520
f 3598/3598 3603/3603 3622/3622
f 3522/3522 3603/3603 3598/3598
f 3537/3537 3346/3346 3349/3349
f 3539/3539 3346/3346 3537/3537
f 3251/3251 3206/3206 3300/3300
f 3208/3208 3206/3206 3251/3251
f 3187/3187 3353/3353 3358/3358
f 3620/3620 3353/3353 3187/3187
f 3334/3334 3610/3610 3331/3331
f 3315/3315 3610/3610 3334/3334
f 2855/2855 3110/3110 3311/3311
f 3391/3391 3612/3612 3389/3389
f 3272/3272 3612/3612 3391/3391
f 3198/3198 3400/3400 3398/3398
f 3199/3199 3400/3400 3198/3198
f 3568/3568 3441/3441 3623/3623
f 3443/3443 3441/3441 3568/3568
f 3399/3399 3615/3615 3369/3369
f 3431/3431 3615/3615 3399/3399
f 3566/3566 3555/3555 3567/3567
f 3270/3270 3555/3555 3566/3566
f 3316/3316 3562/3562 3607/3607
f 3424/3424 3562/3562 3316/3316
f 3315/3315 3604/3604 3609/3609
f 3316/3316 3604/3604 3315/3315
f 3620/3620 3614/3614 3354/3354
f 3383/3383 3614/3614 3620/3620
f 3386/3386 3300/3300 3298/3298
f 3251/3251 3300/3300 3386/3386
f 3265/3265 3566/3566 3387/3387
f 3554/3554 3566/3566 3265/3265
f 3558/3558 3505/3505 3526/3526
f 3211/3211 3505/3505 3558/3558
f 3286/3286 3305/3305 3285/3285
f 3492/3492 3305/3305 3286/3286
f 2871/2871 3112/3112 2856/2856
f 3226/3226 3611/3611 3606/3606
f 3228/3228 3611/3611 3226/3226
f 3411/3411 3289/3289 3294/3294
f 3395/3395 3289/3289 3411/3411
f 3300/3300 3317/3317 3299/3299
f 3206/3206 3317/3317 3300/3300
f 3206/3206 3301/3301 3317/3317
f 3207/3207 3301/3301 3206/3206
f 3393/3393 3236/3236 3244/3244
f 3394/3394 3236/3236 3393/3393
f 3431/3431 3355/3355 3617/3617
f 3360/3360 3355/3355 3431/3431
f 3273/3273 3398/3398 3397/3397
f 3198/3198 3398/3398 3273/3273
f 3396/3396 3368/3368 3370/3370
f 3399/3399 3368/3368 3396/3396
f 3487/3487 3471/3471 3470/3470
f 3576/3576 3471/3471 3487/3487
f 3440/3440 3430/3430 3438/3438
f 3586/3586 3430/3430 3440/3440
f 3454/3454 3621/3621 3452/3452
f 3484/3484 3621/3621 3454/3454
f 3588/3588 3595/3595 3613/3613
f 3587/3587 3595/3595 3588/3588
f 3466/3466 3499/3499 3596/3596
f 3464/3464 3499/3499 3466/3466
f 3589/3589 3479/3479 3478/3478
f 3590/3590 3479/3479 3589/3589
f 3456/3456 3623/3623 3441/3441
f 3457/3457 3623/3623 3456/3456
f 3389/3389 3411/3411 3410/3410
f 3612/3612 3411/3411 3389/3389
f 3587/3587 3467/3467 3466/3466
f 3472/3472 3467/3467 3587/3587
f 3612/3612 3395/3395 3411/3411
f 3397/3397 3395/3395 3612/3612
f 3476/3476 3486/3486 3618/3618
f 3477/3477 3486/3486 3476/3476
f 3556/3556 3393/3393 3409/3409
f 3392/3392 3393/3393 3556/3556
f 3598/3598 3602/3602 3600/3600
f 3622/3622 3602/3602 3598/3598
f 3296/3296 3334/3334 3333/3333
f 3299/3299 3334/3334 3296/3296
f 3427/3427 3624/3624 3426/3426
f 3597/3597 3624/3624 3427/3427
f 3459/3459 3575/3575 3574/3574
f 3458/3458 3575/3575 3459/3459
f 3221/3221 3534/3534 3535/3535
f 3222/3222 3534/3534 3221/3221
f 3597/3597 3496/3496 3624/3624
f 3498/3498 3496/3496 3597/3597
f 3475/3475 3576/3576 3487/3487
f 3474/3474 3576/3576 3475/3475
f 3467/3467 3489/3489 3465/3465
f 3571/3571 3489/3489 3467/3467
f 3413/3413 3425/3425 3594/3594
f 3415/3415 3425/3425 3413/3413
f 3565/3565 3525/3525 3529/3529
f 3524/3524 3525/3525 3565/3565
f 3532/3532 3523/3523 3533/3533
f 3563/3563 3523/3523 3532/3532
f 3563/3563 3565/3565 3564/3564
f 3532/3532 3565/3565 3563/3563
f 3111/3111 2757/2757 3214/3214
f 3627/3627 3626/3626 3625/3625
f 3628/3628 3627/3627 3625/3625
f 3631/3631 3630/3630 3629/3629
f 3632/3632 3631/3631 3629/3629
f 3635/3635 3634/3634 3633/3633
f 3638/3638 3635/3635 3633/3633
f 3641/3641 3640/3640 3639/3639
f 3642/3642 3641/3641 3639/3639
f 3645/3645 3644/3644 3643/3643
f 3646/3646 3645/3645 3643/3643
f 3649/3649 3648/3648 3647/3647
f 3650/3650 3649/3649 3647/3647
f 3653/3653 3652/3652 3651/3651
f 3654/3654 3653/3653 3651/3651
f 3664/3664 3662/3662 3657/3657
f 3665/3665 3664/3664 3657/3657
f 3668/3668 3667/3667 3666/3666
f 3669/3669 3668/3668 3666/3666
f 3670/3670 3668/3668 3669/3669
f 3671/3671 3670/3670 3669/3669
f 3674/3674 3673/3673 3672/3672
f 3675/3675 3674/3674 3672/3672
f 3629/3629 3681/3681 3679/3679
f 3632/3632 3629/3629 3679/3679
f 3684/3684 3631/3631 3632/3632
f 3685/3685 3684/3684 3632/3632
f 3632/3632 3678/3678 3688/3688
f 3685/3685 3632/3632 3688/3688
f 3685/3685 3687/3687 3692/3692
f 3625/3625 3685/3685 3692/3692
f 3649/3649 3695/3695 3694/3694
f 3696/3696 3649/3649 3694/3694
f 3699/3699 3698/3698 3697/3697
f 3700/3700 3699/3699 3697/3697
f 3703/3703 3702/3702 3701/3701
f 3704/3704 3703/3703 3701/3701
f 3702/3702 3703/3703 3700/3700
f 3697/3697 3702/3702 3700/3700
f 3707/3707 3706/3706 3705/3705
f 3650/3650 3707/3707 3705/3705
f 3650/3650 3705/3705 3695/3695
f 3649/3649 3650/3650 3695/3695
f 3710/3710 3709/3709 3708/3708
f 3642/3642 3710/3710 3708/3708
f 3713/3713 3712/3712 3711/3711
f 3714/3714 3713/3713 3711/3711
f 3716/3716 3715/3715 3712/3712
f 3713/3713 3716/3716 3712/3712
f 3699/3699 3718/3718 3717/3717
f 3719/3719 3699/3699 3717/3717
f 3728/3728 3727/3727 3720/3720
f 3633/3633 3728/3728 3720/3720
f 3707/3707 3730/3730 3729/3729
f 3731/3731 3707/3707 3729/3729
f 3643/3643 3736/3736 3735/3735
f 3646/3646 3643/3643 3735/3735
f 3742/3742 3741/3741 3740/3740
f 3743/3743 3742/3742 3740/3740
f 3743/3743 3740/3740 3744/3744
f 3745/3745 3743/3743 3744/3744
f 3647/3647 3747/3747 3746/3746
f 3730/3730 3647/3647 3746/3746
f 3730/3730 3746/3746 3748/3748
f 3729/3729 3730/3730 3748/3748
f 3729/3729 3748/3748 3749/3749
f 3750/3750 3729/3729 3749/3749
f 3761/3761 3753/3753 3751/3751
f 3764/3764 3751/3751 3769/3769
f 3763/3763 3769/3769 3770/3770
f 3773/3773 3772/3772 3771/3771
f 3747/3747 3773/3773 3771/3771
f 3760/3760 3774/3774 3655/3655
f 3776/3776 3760/3760 3655/3655
f 3780/3780 3779/3779 3778/3778
f 3781/3781 3780/3780 3778/3778
f 3748/3748 3783/3783 3782/3782
f 3749/3749 3748/3748 3782/3782
f 3751/3751 3753/3753 3787/3787
f 3792/3792 3683/3683 3789/3789
f 3793/3793 3792/3792 3789/3789
f 3769/3769 3798/3798 3796/3796
f 3770/3770 3769/3769 3796/3796
f 3770/3770 3797/3797 3803/3803
f 3806/3806 3770/3770 3803/3803
f 3806/3806 3805/3805 3808/3808
f 3774/3774 3806/3806 3808/3808
f 3819/3819 3816/3816 3814/3814
f 3820/3820 3819/3819 3814/3814
f 3823/3823 3822/3822 3821/3821
f 3824/3824 3823/3823 3821/3821
f 3833/3833 3831/3831 3826/3826
f 3834/3834 3833/3833 3826/3826
f 3837/3837 3638/3638 3633/3633
f 3721/3721 3837/3837 3633/3633
f 3714/3714 3840/3840 3839/3839
f 3713/3713 3714/3714 3839/3839
f 3843/3843 3842/3842 3841/3841
f 3833/3833 3843/3843 3841/3841
f 3696/3696 3694/3694 3844/3844
f 3845/3845 3696/3696 3844/3844
f 3642/3642 3639/3639 3846/3846
f 3710/3710 3642/3642 3846/3846
f 3714/3714 3711/3711 3742/3742
f 3847/3847 3714/3714 3742/3742
f 3849/3849 3781/3781 3848/3848
f 3850/3850 3849/3849 3848/3848
f 3711/3711 3851/3851 3741/3741
f 3742/3742 3711/3711 3741/3741
f 3851/3851 3853/3853 3852/3852
f 3741/3741 3851/3851 3852/3852
f 3856/3856 3855/3855 3854/3854
f 3857/3857 3856/3856 3854/3854
f 3857/3857 3854/3854 3858/3858
f 3859/3859 3857/3857 3858/3858
f 3783/3783 3865/3865 3862/3862
f 3782/3782 3783/3783 3862/3862
f 3868/3868 3691/3691 3689/3689
f 3853/3853 3868/3868 3689/3689
f 3774/3774 3809/3809 3659/3659
f 3869/3869 3725/3725 3732/3732
f 3870/3870 3869/3869 3732/3732
f 3873/3873 3872/3872 3871/3871
f 3874/3874 3873/3873 3871/3871
f 3877/3877 3876/3876 3875/3875
f 3878/3878 3877/3877 3875/3875
f 3881/3881 3880/3880 3879/3879
f 3882/3882 3881/3881 3879/3879
f 3747/3747 3771/3771 3883/3883
f 3746/3746 3747/3747 3883/3883
f 3874/3874 3885/3885 3884/3884
f 3886/3886 3874/3874 3884/3884
f 3888/3888 3887/3887 3872/3872
f 3873/3873 3888/3888 3872/3872
f 3889/3889 3873/3873 3874/3874
f 3886/3886 3889/3889 3874/3874
f 3859/3859 3858/3858 3890/3890
f 3891/3891 3859/3859 3890/3890
f 3894/3894 3893/3893 3892/3892
f 3895/3895 3894/3894 3892/3892
f 3746/3746 3883/3883 3783/3783
f 3748/3748 3746/3746 3783/3783
f 3898/3898 3897/3897 3896/3896
f 3899/3899 3898/3898 3896/3896
f 3902/3902 3901/3901 3900/3900
f 3903/3903 3902/3902 3900/3900
f 3876/3876 3905/3905 3904/3904
f 3875/3875 3876/3876 3904/3904
f 3903/3903 3900/3900 3893/3893
f 3894/3894 3903/3903 3893/3893
f 3908/3908 3907/3907 3906/3906
f 3909/3909 3908/3908 3906/3906
f 3912/3912 3911/3911 3910/3910
f 3913/3913 3912/3912 3910/3910
f 3875/3875 3904/3904 3914/3914
f 3907/3907 3875/3875 3914/3914
f 3917/3917 3916/3916 3915/3915
f 3918/3918 3917/3917 3915/3915
f 3880/3880 3877/3877 3878/3878
f 3879/3879 3880/3880 3878/3878
f 3919/3919 3908/3908 3909/3909
f 3920/3920 3919/3919 3909/3909
f 3923/3923 3922/3922 3921/3921
f 3924/3924 3923/3923 3921/3921
f 3925/3925 3923/3923 3924/3924
f 3926/3926 3925/3925 3924/3924
f 3929/3929 3928/3928 3927/3927
f 3930/3930 3929/3929 3927/3927
f 3933/3933 3932/3932 3931/3931
f 3934/3934 3933/3933 3931/3931
f 3741/3741 3852/3852 3792/3792
f 3740/3740 3741/3741 3792/3792
f 3937/3937 3936/3936 3935/3935
f 3938/3938 3937/3937 3935/3935
f 3938/3938 3935/3935 3934/3934
f 3931/3931 3938/3938 3934/3934
f 3872/3872 3894/3894 3895/3895
f 3871/3871 3872/3872 3895/3895
f 3941/3941 3940/3940 3939/3939
f 3942/3942 3941/3941 3939/3939
f 3930/3930 3927/3927 3943/3943
f 3941/3941 3930/3930 3943/3943
f 3945/3945 3944/3944 3929/3929
f 3946/3946 3945/3945 3929/3929
f 3912/3912 3913/3913 3920/3920
f 3909/3909 3912/3912 3920/3920
f 3924/3924 3921/3921 3947/3947
f 3948/3948 3924/3924 3947/3947
f 3944/3944 3882/3882 3928/3928
f 3929/3929 3944/3944 3928/3928
f 3882/3882 3879/3879 3919/3919
f 3928/3928 3882/3882 3919/3919
f 3909/3909 3906/3906 3949/3949
f 3912/3912 3909/3909 3949/3949
f 3704/3704 3701/3701 3950/3950
f 3951/3951 3704/3704 3950/3950
f 3954/3954 3953/3953 3952/3952
f 3897/3897 3954/3954 3952/3952
f 3957/3957 3956/3956 3955/3955
f 3949/3949 3957/3957 3955/3955
f 3923/3923 3959/3959 3958/3958
f 3922/3922 3923/3923 3958/3958
f 3896/3896 3888/3888 3873/3873
f 3889/3889 3896/3896 3873/3873
f 3888/3888 3896/3896 3897/3897
f 3952/3952 3888/3888 3897/3897
f 3962/3962 3961/3961 3960/3960
f 3963/3963 3962/3962 3960/3960
f 3967/3967 3966/3966 3965/3965
f 3968/3968 3967/3967 3965/3965
f 3652/3652 3972/3972 3970/3970
f 3973/3973 3652/3652 3970/3970
f 3651/3651 3964/3964 3960/3960
f 3654/3654 3651/3651 3960/3960
f 3978/3978 3977/3977 3975/3975
f 3979/3979 3978/3978 3975/3975
f 3968/3968 3974/3974 3976/3976
f 3967/3967 3968/3968 3976/3976
f 3981/3981 3971/3971 3980/3980
f 3982/3982 3981/3981 3980/3980
f 3980/3980 3972/3972 3652/3652
f 3653/3653 3980/3980 3652/3652
f 3968/3968 3984/3984 3983/3983
f 3974/3974 3968/3968 3983/3983
f 3962/3962 3963/3963 3985/3985
f 3987/3987 3962/3962 3985/3985
f 3979/3979 3988/3988 3961/3961
f 3962/3962 3979/3979 3961/3961
f 3991/3991 3990/3990 3989/3989
f 3992/3992 3991/3991 3989/3989
f 3637/3637 3836/3836 3860/3860
f 3993/3993 3637/3637 3860/3860
f 3994/3994 3636/3636 3637/3637
f 3993/3993 3994/3994 3637/3637
f 3995/3995 3664/3664 3665/3665
f 3996/3996 3995/3995 3665/3665
f 3999/3999 3998/3998 3997/3997
f 4000/4000 3999/3999 3997/3997
f 4000/4000 3795/3795 3800/3800
f 3821/3821 4000/4000 3800/3800
f 4001/4001 3823/3823 3824/3824
f 4002/4002 4001/4001 3824/3824
f 3754/3754 4001/4001 4002/4002
f 3951/3951 3750/3750 4003/4003
f 3704/3704 3951/3951 4003/4003
f 3625/3625 3690/3690 3811/3811
f 3628/3628 3625/3625 3811/3811
f 3822/3822 3999/3999 4000/4000
f 3821/3821 3822/3822 4000/4000
f 3644/3644 4004/4004 3834/3834
f 3643/3643 3644/3644 3834/3834
f 3719/3719 3717/3717 3640/3640
f 3641/3641 3719/3719 3640/3640
f 3630/3630 3674/3674 3675/3675
f 3629/3629 3630/3630 3675/3675
f 3641/3641 4006/4006 4005/4005
f 3719/3719 3641/3641 4005/4005
f 3634/3634 4007/4007 3728/3728
f 3633/3633 3634/3634 3728/3728
f 3951/3951 3950/3950 4008/4008
f 3731/3731 3951/3951 4008/4008
f 3845/3845 3844/3844 4009/4009
f 3847/3847 3845/3845 4009/4009
f 3713/3713 3839/3839 4010/4010
f 3716/3716 3713/3713 4010/4010
f 4012/4012 4011/4011 3709/3709
f 3710/3710 4012/4012 3709/3709
f 3642/3642 3708/3708 4006/4006
f 3641/3641 3642/3642 4006/4006
f 3704/3704 4003/4003 3849/3849
f 3703/3703 3704/3704 3849/3849
f 3993/3993 3863/3863 3867/3867
f 3666/3666 3993/3993 3867/3867
f 3834/3834 3827/3827 3739/3739
f 3643/3643 3834/3834 3739/3739
f 3703/3703 3849/3849 3850/3850
f 3700/3700 3703/3703 3850/3850
f 3750/3750 3749/3749 3780/3780
f 4003/4003 3750/3750 3780/3780
f 3782/3782 3861/3861 3835/3835
f 3779/3779 3782/3782 3835/3835
f 3715/3715 4014/4014 4013/4013
f 3712/3712 3715/3715 4013/4013
f 3778/3778 3722/3722 3726/3726
f 3869/3869 3778/3778 3726/3726
f 4021/4021 3776/3776 3656/3656
f 3768/3768 3770/3770 3806/3806
f 3905/3905 4022/4022 3898/3898
f 3904/3904 3905/3905 3898/3898
f 3855/3855 3737/3737 3825/3825
f 3854/3854 3855/3855 3825/3825
f 4003/4003 3780/3780 3781/3781
f 3849/3849 4003/4003 3781/3781
f 3646/3646 3734/3734 3724/3724
f 3728/3728 3646/3646 3724/3724
f 3973/3973 4023/4023 3651/3651
f 3652/3652 3973/3973 3651/3651
f 3997/3997 3802/3802 3794/3794
f 4000/4000 3997/3997 3794/3794
f 3626/3626 3684/3684 3685/3685
f 3625/3625 3626/3626 3685/3685
f 3666/3666 3866/3866 4024/4024
f 3669/3669 3666/3666 4024/4024
f 4028/4028 3653/3653 3654/3654
f 4029/4029 4028/4028 3654/3654
f 3716/3716 4010/4010 4011/4011
f 4012/4012 3716/3716 4011/4011
f 3847/3847 4009/4009 3840/3840
f 3714/3714 3847/3847 3840/3840
f 4030/4030 3984/3984 3990/3990
f 3991/3991 4030/4030 3990/3990
f 3907/3907 3908/3908 3878/3878
f 3875/3875 3907/3907 3878/3878
f 3731/3731 4008/4008 3706/3706
f 3707/3707 3731/3731 3706/3706
f 4012/4012 4031/4031 3715/3715
f 3716/3716 4012/4012 3715/3715
f 3779/3779 3838/3838 3723/3723
f 3778/3778 3779/3779 3723/3723
f 3744/3744 3793/3793 3772/3772
f 3773/3773 3744/3744 3772/3772
f 4014/4014 3820/3820 3868/3868
f 4013/4013 4014/4014 3868/3868
f 4032/4032 3819/3819 3820/3820
f 4014/4014 4032/4032 3820/3820
f 4034/4034 4033/4033 3902/3902
f 4035/4035 4034/4034 3902/3902
f 3932/3932 3926/3926 4036/4036
f 3931/3931 3932/3932 4036/4036
f 4039/4039 4038/4038 4037/4037
f 4040/4040 4039/4039 4037/4037
f 4041/4041 3930/3930 3941/3941
f 3942/3942 4041/4041 3941/3941
f 3879/3879 3878/3878 3908/3908
f 3919/3919 3879/3879 3908/3908
f 3893/3893 4043/4043 4042/4042
f 3892/3892 3893/3893 4042/4042
f 3906/3906 4044/4044 3957/3957
f 3949/3949 3906/3906 3957/3957
f 3903/3903 3887/3887 4035/4035
f 3902/3902 3903/3903 4035/4035
f 4043/4043 4046/4046 4045/4045
f 4042/4042 4043/4043 4045/4045
f 4040/4040 4037/4037 3948/3948
f 3947/3947 4040/4040 3948/3948
f 4045/4045 4048/4048 4047/4047
f 4042/4042 4045/4045 4047/4047
f 4050/4050 4049/4049 3916/3916
f 3917/3917 4050/4050 3916/3916
f 4049/4049 3900/3900 3901/3901
f 3916/3916 4049/4049 3901/3901
f 3887/3887 3903/3903 3894/3894
f 3872/3872 3887/3887 3894/3894
f 3952/3952 4035/4035 3887/3887
f 3888/3888 3952/3952 3887/3887
f 3921/3921 4046/4046 4050/4050
f 3947/3947 3921/3921 4050/4050
f 3914/3914 3899/3899 4051/4051
f 4044/4044 3914/3914 4051/4051
f 3904/3904 3898/3898 3899/3899
f 3914/3914 3904/3904 3899/3899
f 4053/4053 4052/4052 3932/3932
f 3933/3933 4053/4053 3932/3932
f 3947/3947 4050/4050 3917/3917
f 4040/4040 3947/3947 3917/3917
f 4038/4038 4055/4055 4054/4054
f 4037/4037 4038/4038 4054/4054
f 3933/3933 4041/4041 3942/3942
f 4053/4053 3933/3933 3942/3942
f 4042/4042 4047/4047 4056/4056
f 3892/3892 4042/4042 4056/4056
f 3922/3922 3958/3958 4048/4048
f 4045/4045 3922/3922 4048/4048
f 3891/3891 3890/3890 3819/3819
f 4032/4032 3891/3891 3819/3819
f 3928/3928 3919/3919 3920/3920
f 3927/3927 3928/3928 3920/3920
f 4057/4057 3881/3881 3882/3882
f 3944/3944 4057/4057 3882/3882
f 3895/3895 4059/4059 4058/4058
f 3871/3871 3895/3895 4058/4058
f 3907/3907 3914/3914 4044/4044
f 3906/3906 3907/3907 4044/4044
f 4022/4022 3954/3954 3897/3897
f 3898/3898 4022/4022 3897/3897
f 4052/4052 4061/4061 4060/4060
f 3925/3925 4052/4052 4060/4060
f 4004/4004 3843/3843 3833/3833
f 3834/3834 4004/4004 3833/3833
f 4051/4051 3889/3889 3886/3886
f 4062/4062 4051/4051 3886/3886
f 3953/3953 4034/4034 4035/4035
f 3952/3952 3953/3953 4035/4035
f 4036/4036 3948/3948 4037/4037
f 4054/4054 4036/4036 4037/4037
f 3900/3900 4049/4049 4043/4043
f 3893/3893 3900/3900 4043/4043
f 3992/3992 4063/4063 3981/3981
f 3982/3982 3992/3992 3981/3981
f 3988/3988 4030/4030 4029/4029
f 3961/3961 3988/3988 4029/4029
f 3980/3980 3653/3653 4028/4028
f 3982/3982 3980/3980 4028/4028
f 4029/4029 3654/3654 3960/3960
f 3961/3961 4029/4029 3960/3960
f 3962/3962 3987/3987 3978/3978
f 3979/3979 3962/3962 3978/3978
f 3984/3984 3968/3968 3965/3965
f 3990/3990 3984/3984 3965/3965
f 3965/3965 4065/4065 3989/3989
f 3990/3990 3965/3965 3989/3989
f 3966/3966 4066/4066 4065/4065
f 3965/3965 3966/3966 4065/4065
f 4068/4068 3969/3969 3971/3971
f 3981/3981 4068/4068 3971/3971
f 3989/3989 4064/4064 4063/4063
f 3992/3992 3989/3989 4063/4063
f 3665/3665 3658/3658 3810/3810
f 3996/3996 3665/3665 3810/3810
f 3669/3669 4027/4027 4070/4070
f 3671/3671 3669/3669 4070/4070
f 3998/3998 3995/3995 3996/3996
f 3997/3997 3998/3998 3996/3996
f 3673/3673 3670/3670 3671/3671
f 3672/3672 3673/3673 3671/3671
f 3675/3675 3788/3788 3682/3682
f 3629/3629 3675/3675 3682/3682
f 3824/3824 3786/3786 3755/3755
f 4002/4002 3824/3824 3755/3755
f 3700/3700 3850/3850 3718/3718
f 3699/3699 3700/3700 3718/3718
f 3672/3672 4075/4075 3790/3790
f 3675/3675 3672/3672 3790/3790
f 3718/3718 4077/4077 3856/3856
f 3717/3717 3718/3718 3856/3856
f 3852/3852 3676/3676 3680/3680
f 3792/3792 3852/3852 3680/3680
f 3942/3942 3939/3939 4078/4078
f 4053/4053 3942/3942 4078/4078
f 3883/3883 4026/4026 3864/3864
f 3783/3783 3883/3883 3864/3864
f 3719/3719 4005/4005 3698/3698
f 3699/3699 3719/3719 3698/3698
f 4007/4007 3645/3645 3646/3646
f 3728/3728 4007/4007 3646/3646
f 3650/3650 3647/3647 3730/3730
f 3707/3707 3650/3650 3730/3730
f 3821/3821 3801/3801 3784/3784
f 3824/3824 3821/3821 3784/3784
f 4054/4054 3938/3938 3931/3931
f 4036/4036 4054/4054 3931/3931
f 3943/3943 3927/3927 3920/3920
f 3913/3913 3943/3943 3920/3920
f 3841/3841 4079/4079 3832/3832
f 3833/3833 3841/3841 3832/3832
f 3847/3847 3742/3742 3743/3743
f 3845/3845 3847/3847 3743/3743
f 3751/3751 3785/3785 3799/3799
f 3769/3769 3751/3751 3799/3799
f 3639/3639 3859/3859 3891/3891
f 3846/3846 3639/3639 3891/3891
f 3749/3749 3782/3782 3779/3779
f 3780/3780 3749/3749 3779/3779
f 3949/3949 3955/3955 3911/3911
f 3912/3912 3949/3949 3911/3911
f 3820/3820 3813/3813 3693/3693
f 3868/3868 3820/3820 3693/3693
f 3712/3712 4013/4013 3851/3851
f 3711/3711 3712/3712 3851/3851
f 3846/3846 3891/3891 4032/4032
f 4031/4031 3846/3846 4032/4032
f 4083/4083 4057/4057 3944/3944
f 3945/3945 4083/4083 3944/3944
f 4084/4084 3627/3627 3628/3628
f 4085/4085 4084/4084 3628/3628
f 4046/4046 4043/4043 4049/4049
f 4050/4050 4046/4046 4049/4049
f 3943/3943 4086/4086 3940/3940
f 3941/3941 3943/3943 3940/3940
f 4044/4044 4051/4051 4062/4062
f 3957/3957 4044/4044 4062/4062
f 3922/3922 4045/4045 4046/4046
f 3921/3921 3922/3922 4046/4046
f 3842/3842 4084/4084 4085/4085
f 3841/3841 3842/3842 4085/4085
f 3892/3892 4056/4056 4059/4059
f 3895/3895 3892/3892 4059/4059
f 3935/3935 3945/3945 3946/3946
f 3934/3934 3935/3935 3946/3946
f 3759/3759 3806/3806 3774/3774
f 3781/3781 3778/3778 3869/3869
f 3848/3848 3781/3781 3869/3869
f 3979/3979 3975/3975 3983/3983
f 3988/3988 3979/3979 3983/3983
f 4063/4063 4087/4087 4068/4068
f 3981/3981 4063/4063 4068/4068
f 3996/3996 3807/3807 3804/3804
f 3997/3997 3996/3996 3804/3804
f 3696/3696 3745/3745 3648/3648
f 3649/3649 3696/3696 3648/3648
f 3628/3628 3812/3812 3818/3818
f 4085/4085 3628/3628 3818/3818
f 3793/3793 3791/3791 4073/4073
f 3772/3772 3793/3793 4073/4073
f 3850/3850 3848/3848 4077/4077
f 3718/3718 3850/3850 4077/4077
f 3640/3640 3857/3857 3859/3859
f 3639/3639 3640/3640 3859/3859
f 4033/4033 4088/4088 3901/3901
f 3902/3902 4033/4033 3901/3901
f 3858/3858 3829/3829 4081/4081
f 3890/3890 3858/3858 4081/4081
f 4031/4031 4032/4032 4014/4014
f 3715/3715 4031/4031 4014/4014
f 3771/3771 4071/4071 4025/4025
f 3883/3883 3771/3771 4025/4025
f 3772/3772 4074/4074 4069/4069
f 3771/3771 3772/3772 4069/4069
f 4085/4085 3817/3817 4080/4080
f 3841/3841 4085/4085 4080/4080
f 3845/3845 3743/3743 3745/3745
f 3696/3696 3845/3845 3745/3745
f 3710/3710 3846/3846 4031/4031
f 4012/4012 3710/3710 4031/4031
f 4023/4023 3986/3986 3964/3964
f 3651/3651 4023/4023 3964/3964
f 3731/3731 3729/3729 3750/3750
f 3951/3951 3731/3731 3750/3750
f 3671/3671 4072/4072 4076/4076
f 3672/3672 3671/3671 4076/4076
f 3870/3870 3733/3733 3738/3738
f 3855/3855 3870/3870 3738/3738
f 3745/3745 3744/3744 3773/3773
f 3648/3648 3745/3745 3773/3773
f 3648/3648 3773/3773 3747/3747
f 3647/3647 3648/3648 3747/3747
f 3853/3853 3686/3686 3677/3677
f 3852/3852 3853/3853 3677/3677
f 3890/3890 4082/4082 3815/3815
f 3819/3819 3890/3890 3815/3815
f 3717/3717 3856/3856 3857/3857
f 3640/3640 3717/3717 3857/3857
f 3854/3854 3828/3828 3830/3830
f 3858/3858 3854/3854 3830/3830
f 3946/3946 3929/3929 3930/3930
f 4041/4041 3946/3946 3930/3930
f 3899/3899 3896/3896 3889/3889
f 4051/4051 3899/3899 3889/3889
f 3913/3913 3910/3910 4086/4086
f 3943/3943 3913/3913 4086/4086
f 4053/4053 4078/4078 4061/4061
f 4052/4052 4053/4053 4061/4061
f 3925/3925 4060/4060 3959/3959
f 3923/3923 3925/3925 3959/3959
f 4055/4055 3937/3937 3938/3938
f 4054/4054 4055/4055 3938/3938
f 3916/3916 3901/3901 4088/4088
f 3915/3915 3916/3916 4088/4088
f 3848/3848 3869/3869 3870/3870
f 4077/4077 3848/3848 3870/3870
f 4052/4052 3925/3925 3926/3926
f 3932/3932 4052/4052 3926/3926
f 4077/4077 3870/3870 3855/3855
f 3856/3856 4077/4077 3855/3855
f 3936/3936 4083/4083 3945/3945
f 3935/3935 3936/3936 3945/3945
f 4013/4013 3868/3868 3853/3853
f 3851/3851 4013/4013 3853/3853
f 4063/4063 4064/4064 4067/4067
f 4087/4087 4063/4063 4067/4067
f 3740/3740 3792/3792 3793/3793
f 3744/3744 3740/3740 3793/3793
f 3886/3886 3884/3884 4089/4089
f 4062/4062 3886/3886 4089/4089
f 3918/3918 4039/4039 4040/4040
f 3917/3917 3918/3918 4040/4040
f 3667/3667 3994/3994 3993/3993
f 3666/3666 3667/3667 3993/3993
f 4062/4062 4089/4089 3956/3956
f 3957/3957 4062/4062 3956/3956
f 3934/3934 3946/3946 4041/4041
f 3933/3933 3934/3934 4041/4041
f 3926/3926 3924/3924 3948/3948
f 4036/4036 3926/3926 3948/3948
f 3871/3871 4058/4058 3885/3885
f 3874/3874 3871/3871 3885/3885
f 4030/4030 3988/3988 3983/3983
f 3984/3984 4030/4030 3983/3983
f 3991/3991 3992/3992 3982/3982
f 4028/4028 3991/3991 3982/3982
f 4028/4028 4029/4029 4030/4030
f 3991/3991 4028/4028 4030/4030
f 4092/4092 4091/4091 4090/4090
f 4093/4093 4091/4091 4092/4092
f 4096/4096 4095/4095 4094/4094
f 4097/4097 4095/4095 4096/4096
f 4100/4100 4099/4099 4098/4098
f 4103/4103 4099/4099 4100/4100
f 4106/4106 4105/4105 4104/4104
f 4107/4107 4105/4105 4106/4106
f 4110/4110 4109/4109 4108/4108
f 4111/4111 4109/4109 4110/4110
f 4114/4114 4113/4113 4112/4112
f 4115/4115 4113/4113 4114/4114
f 4118/4118 4117/4117 4116/4116
f 4119/4119 4117/4117 4118/4118
f 4125/4125 4121/4121 3662/3662
f 4126/4126 4121/4121 4125/4125
f 4129/4129 4128/4128 4127/4127
f 4130/4130 4128/4128 4129/4129
f 4131/4131 4130/4130 4129/4129
f 4132/4132 4130/4130 4131/4131
f 4135/4135 4134/4134 4133/4133
f 4136/4136 4134/4134 4135/4135
f 4095/4095 4142/4142 4137/4137
f 4097/4097 4142/4142 4095/4095
f 4145/4145 4097/4097 4096/4096
f 4146/4146 4097/4097 4145/4145
f 4097/4097 4148/4148 4143/4143
f 4146/4146 4148/4148 4097/4097
f 4146/4146 4152/4152 4149/4149
f 4091/4091 4152/4152 4146/4146
f 4114/4114 4156/4156 4155/4155
f 4157/4157 4156/4156 4114/4114
f 4160/4160 4159/4159 4158/4158
f 4161/4161 4159/4159 4160/4160
f 4164/4164 4163/4163 4162/4162
f 4165/4165 4163/4163 4164/4164
f 4162/4162 4161/4161 4164/4164
f 4159/4159 4161/4161 4162/4162
f 4168/4168 4167/4167 4166/4166
f 4115/4115 4167/4167 4168/4168
f 4115/4115 4155/4155 4167/4167
f 4114/4114 4155/4155 4115/4115
f 4171/4171 4170/4170 4169/4169
f 4107/4107 4170/4170 4171/4171
f 4174/4174 4173/4173 4172/4172
f 4175/4175 4173/4173 4174/4174
f 4177/4177 4172/4172 4176/4176
f 4174/4174 4172/4172 4177/4177
f 4160/4160 4179/4179 4178/4178
f 4180/4180 4179/4179 4160/4160
f 4189/4189 4187/4187 4184/4184
f 4099/4099 4187/4187 4189/4189
f 4168/4168 4191/4191 4190/4190
f 4192/4192 4191/4191 4168/4168
f 4109/4109 4197/4197 4195/4195
f 4111/4111 4197/4197 4109/4109
f 4203/4203 4202/4202 4201/4201
f 4204/4204 4202/4202 4203/4203
f 4204/4204 4205/4205 4202/4202
f 4206/4206 4205/4205 4204/4204
f 4113/4113 4208/4208 4207/4207
f 4190/4190 4208/4208 4113/4113
f 4190/4190 4209/4209 4208/4208
f 4191/4191 4209/4209 4190/4190
f 4191/4191 4210/4210 4209/4209
f 4211/4211 4210/4210 4191/4191
f 3660/3660 3661/3661 4016/4016
f 3761/3761 4215/4215 4214/4214
f 3764/3764 4216/4216 4215/4215
f 4218/4218 4216/4216 3764/3764
f 4218/4218 4220/4220 4216/4216
f 4223/4223 4222/4222 4221/4221
f 4207/4207 4222/4222 4223/4223
f 4015/4015 4122/4122 4224/4224
f 4227/4227 4226/4226 4225/4225
f 4228/4228 4226/4226 4227/4227
f 4209/4209 4230/4230 4229/4229
f 4210/4210 4230/4230 4209/4209
f 4215/4215 4231/4231 4214/4214
f 4239/4239 4235/4235 4140/4140
f 4240/4240 4235/4235 4239/4239
f 4216/4216 4245/4245 4242/4242
f 4220/4220 4245/4245 4216/4216
f 4220/4220 4251/4251 4246/4246
f 4253/4253 4251/4251 4220/4220
f 4253/4253 4254/4254 4252/4252
f 4224/4224 4254/4254 4253/4253
f 4266/4266 4263/4263 4258/4258
f 4267/4267 4263/4263 4266/4266
f 4270/4270 4269/4269 4268/4268
f 4271/4271 4269/4269 4270/4270
f 4280/4280 4278/4278 4273/4273
f 4281/4281 4278/4278 4280/4280
f 4285/4285 4099/4099 4103/4103
f 4186/4186 4099/4099 4285/4285
f 4175/4175 4287/4287 4286/4286
f 4174/4174 4287/4287 4175/4175
f 4290/4290 4289/4289 4288/4288
f 4280/4280 4289/4289 4290/4290
f 4157/4157 4291/4291 4156/4156
f 4292/4292 4291/4291 4157/4157
f 4107/4107 4293/4293 4105/4105
f 4171/4171 4293/4293 4107/4107
f 4175/4175 4203/4203 4173/4173
f 4294/4294 4203/4203 4175/4175
f 4296/4296 4295/4295 4228/4228
f 4297/4297 4295/4295 4296/4296
f 4173/4173 4201/4201 4298/4298
f 4203/4203 4201/4201 4173/4173
f 4298/4298 4300/4300 4299/4299
f 4201/4201 4300/4300 4298/4298
f 4303/4303 4302/4302 4301/4301
f 4304/4304 4302/4302 4303/4303
f 4304/4304 4305/4305 4302/4302
f 4306/4306 4305/4305 4304/4304
f 4229/4229 4313/4313 4310/4310
f 4230/4230 4313/4313 4229/4229
f 4315/4315 4147/4147 4151/4151
f 4299/4299 4147/4147 4315/4315
f 4224/4224 4123/4123 4257/4257
f 4316/4316 4198/4198 4181/4181
f 4317/4317 4198/4198 4316/4316
f 4320/4320 4319/4319 4318/4318
f 4321/4321 4319/4319 4320/4320
f 4324/4324 4323/4323 4322/4322
f 4325/4325 4323/4323 4324/4324
f 4219/4219 3766/3766 4017/4017
f 4328/4328 4327/4327 4326/4326
f 4329/4329 4327/4327 4328/4328
f 4207/4207 4330/4330 4222/4222
f 4208/4208 4330/4330 4207/4207
f 4321/4321 4332/4332 4331/4331
f 4333/4333 4332/4332 4321/4321
f 4335/4335 4318/4318 4334/4334
f 4320/4320 4318/4318 4335/4335
f 4336/4336 4321/4321 4320/4320
f 4333/4333 4321/4321 4336/4336
f 4306/4306 4337/4337 4305/4305
f 4338/4338 4337/4337 4306/4306
f 4341/4341 4340/4340 4339/4339
f 4342/4342 4340/4340 4341/4341
f 4208/4208 4229/4229 4330/4330
f 4209/4209 4229/4229 4208/4208
f 4345/4345 4344/4344 4343/4343
f 4346/4346 4344/4344 4345/4345
f 4349/4349 4348/4348 4347/4347
f 4350/4350 4348/4348 4349/4349
f 4322/4322 4352/4352 4351/4351
f 4323/4323 4352/4352 4322/4322
f 4350/4350 4339/4339 4348/4348
f 4341/4341 4339/4339 4350/4350
f 4355/4355 4354/4354 4353/4353
f 4356/4356 4354/4354 4355/4355
f 4359/4359 4358/4358 4357/4357
f 4360/4360 4358/4358 4359/4359
f 4323/4323 4361/4361 4352/4352
f 4353/4353 4361/4361 4323/4323
f 4364/4364 4363/4363 4362/4362
f 4365/4365 4363/4363 4364/4364
f 4326/4326 4325/4325 4324/4324
f 4327/4327 4325/4325 4326/4326
f 4366/4366 4356/4356 4355/4355
f 4367/4367 4356/4356 4366/4366
f 4370/4370 4369/4369 4368/4368
f 4371/4371 4369/4369 4370/4370
f 4372/4372 4371/4371 4370/4370
f 4373/4373 4371/4371 4372/4372
f 4376/4376 4375/4375 4374/4374
f 4377/4377 4375/4375 4376/4376
f 4380/4380 4379/4379 4378/4378
f 4381/4381 4379/4379 4380/4380
f 4201/4201 4239/4239 4300/4300
f 4202/4202 4239/4239 4201/4201
f 4384/4384 4383/4383 4382/4382
f 4385/4385 4383/4383 4384/4384
f 4385/4385 4381/4381 4383/4383
f 4379/4379 4381/4381 4385/4385
f 4318/4318 4342/4342 4341/4341
f 4319/4319 4342/4342 4318/4318
f 4388/4388 4387/4387 4386/4386
f 4389/4389 4387/4387 4388/4388
f 4377/4377 4390/4390 4375/4375
f 4388/4388 4390/4390 4377/4377
f 4392/4392 4376/4376 4391/4391
f 4393/4393 4376/4376 4392/4392
f 4359/4359 4367/4367 4360/4360
f 4356/4356 4367/4367 4359/4359
f 4371/4371 4394/4394 4369/4369
f 4395/4395 4394/4394 4371/4371
f 4391/4391 4374/4374 4329/4329
f 4376/4376 4374/4374 4391/4391
f 4329/4329 4366/4366 4327/4327
f 4374/4374 4366/4366 4329/4329
f 4356/4356 4396/4396 4354/4354
f 4359/4359 4396/4396 4356/4356
f 4165/4165 4397/4397 4163/4163
f 4398/4398 4397/4397 4165/4165
f 4401/4401 4400/4400 4399/4399
f 4343/4343 4400/4400 4401/4401
f 4404/4404 4403/4403 4402/4402
f 4396/4396 4403/4403 4404/4404
f 4370/4370 4406/4406 4405/4405
f 4368/4368 4406/4406 4370/4370
f 4344/4344 4320/4320 4335/4335
f 4336/4336 4320/4320 4344/4344
f 4335/4335 4343/4343 4344/4344
f 4400/4400 4343/4343 4335/4335
f 4020/4020 3765/3765 3775/3775
f 4409/4409 4408/4408 4407/4407
f 4410/4410 4408/4408 4409/4409
f 4414/4414 4413/4413 4412/4412
f 4415/4415 4413/4413 4414/4414
f 4116/4116 4418/4418 4417/4417
f 4420/4420 4418/4418 4116/4116
f 4117/4117 4408/4408 4411/4411
f 4119/4119 4408/4408 4117/4117
f 4425/4425 4424/4424 4421/4421
f 4426/4426 4424/4424 4425/4425
f 4415/4415 4422/4422 4423/4423
f 4414/4414 4422/4422 4415/4415
f 4428/4428 4427/4427 4416/4416
f 4429/4429 4427/4427 4428/4428
f 4427/4427 4116/4116 4417/4417
f 4118/4118 4116/4116 4427/4427
f 4415/4415 4431/4431 4430/4430
f 4423/4423 4431/4431 4415/4415
f 4409/4409 4433/4433 4410/4410
f 4434/4434 4433/4433 4409/4409
f 4426/4426 4407/4407 4435/4435
f 4409/4409 4407/4407 4426/4426
f 4438/4438 4437/4437 4436/4436
f 4439/4439 4437/4437 4438/4438
f 4102/4102 4314/4314 4283/4283
f 4440/4440 4314/4314 4102/4102
f 4441/4441 4102/4102 4101/4101
f 4440/4440 4102/4102 4441/4441
f 4442/4442 4126/4126 4125/4125
f 4443/4443 4126/4126 4442/4442
f 4446/4446 4445/4445 4444/4444
f 4447/4447 4445/4445 4446/4446
f 4447/4447 4243/4243 4248/4248
f 4269/4269 4243/4243 4447/4447
f 4448/4448 4271/4271 4270/4270
f 4449/4449 4271/4271 4448/4448
f 4450/4450 4449/4449 4448/4448
f 3757/3757 4449/4449 4450/4450
f 4398/4398 4451/4451 4211/4211
f 4165/4165 4451/4451 4398/4398
f 4091/4091 4262/4262 4154/4154
f 4093/4093 4262/4262 4091/4091
f 4268/4268 4447/4447 4446/4446
f 4269/4269 4447/4447 4268/4268
f 4108/4108 4281/4281 4452/4452
f 4109/4109 4281/4281 4108/4108
f 4180/4180 4104/4104 4179/4179
f 4106/4106 4104/4104 4180/4180
f 4094/4094 4136/4136 4135/4135
f 4095/4095 4136/4136 4094/4094
f 4106/4106 4454/4454 4453/4453
f 4180/4180 4454/4454 4106/4106
f 4098/4098 4189/4189 4455/4455
f 4099/4099 4189/4189 4098/4098
f 4398/4398 4456/4456 4397/4397
f 4192/4192 4456/4456 4398/4398
f 4292/4292 4457/4457 4291/4291
f 4294/4294 4457/4457 4292/4292
f 4174/4174 4458/4458 4287/4287
f 4177/4177 4458/4458 4174/4174
f 4460/4460 4169/4169 4459/4459
f 4171/4171 4169/4169 4460/4460
f 4107/4107 4453/4453 4170/4170
f 4106/4106 4453/4453 4107/4107
f 4165/4165 4296/4296 4451/4451
f 4164/4164 4296/4296 4165/4165
f 4440/4440 4309/4309 4311/4311
f 4128/4128 4309/4309 4440/4440
f 4281/4281 4193/4193 4277/4277
f 4109/4109 4193/4193 4281/4281
f 4164/4164 4297/4297 4296/4296
f 4161/4161 4297/4297 4164/4164
f 4211/4211 4227/4227 4210/4210
f 4451/4451 4227/4227 4211/4211
f 4230/4230 4282/4282 4312/4312
f 4225/4225 4282/4282 4230/4230
f 4176/4176 4462/4462 4461/4461
f 4172/4172 4462/4462 4176/4176
f 4226/4226 4182/4182 4185/4185
f 4316/4316 4182/4182 4226/4226
f 4217/4217 4253/4253 4220/4220
f 4019/4019 4253/4253 4217/4217
f 4351/4351 4345/4345 4463/4463
f 4352/4352 4345/4345 4351/4351
f 4301/4301 4279/4279 4194/4194
f 4302/4302 4279/4279 4301/4301
f 4451/4451 4228/4228 4227/4227
f 4296/4296 4228/4228 4451/4451
f 4111/4111 4183/4183 4199/4199
f 4189/4189 4183/4183 4111/4111
f 4420/4420 4117/4117 4464/4464
f 4116/4116 4117/4117 4420/4420
f 4445/4445 4247/4247 4249/4249
f 4447/4447 4247/4247 4445/4445
f 4090/4090 4146/4146 4145/4145
f 4091/4091 4146/4146 4090/4090
f 4128/4128 4465/4465 4308/4308
f 4130/4130 4465/4465 4128/4128
f 4469/4469 4119/4119 4118/4118
f 4470/4470 4119/4119 4469/4469
f 4177/4177 4459/4459 4458/4458
f 4460/4460 4459/4459 4177/4177
f 4294/4294 4286/4286 4457/4457
f 4175/4175 4286/4286 4294/4294
f 4471/4471 4436/4436 4430/4430
f 4438/4438 4436/4436 4471/4471
f 4353/4353 4325/4325 4355/4355
f 4323/4323 4325/4325 4353/4353
f 4192/4192 4166/4166 4456/4456
f 4168/4168 4166/4166 4192/4192
f 4460/4460 4176/4176 4472/4472
f 4177/4177 4176/4176 4460/4460
f 4225/4225 4188/4188 4284/4284
f 4226/4226 4188/4188 4225/4225
f 4205/4205 4221/4221 4240/4240
f 4223/4223 4221/4221 4205/4205
f 4461/4461 4315/4315 4267/4267
f 4462/4462 4315/4315 4461/4461
f 4473/4473 4267/4267 4266/4266
f 4461/4461 4267/4267 4473/4473
f 4475/4475 4349/4349 4474/4474
f 4476/4476 4349/4349 4475/4475
f 4378/4378 4477/4477 4373/4373
f 4379/4379 4477/4477 4378/4378
f 4480/4480 4479/4479 4478/4478
f 4481/4481 4479/4479 4480/4480
f 4482/4482 4388/4388 4377/4377
f 4389/4389 4388/4388 4482/4482
f 4327/4327 4355/4355 4325/4325
f 4366/4366 4355/4355 4327/4327
f 4339/4339 4484/4484 4483/4483
f 4340/4340 4484/4484 4339/4339
f 4354/4354 4404/4404 4485/4485
f 4396/4396 4404/4404 4354/4354
f 4350/4350 4476/4476 4334/4334
f 4349/4349 4476/4476 4350/4350
f 4483/4483 4487/4487 4486/4486
f 4484/4484 4487/4487 4483/4483
f 4481/4481 4395/4395 4479/4479
f 4394/4394 4395/4395 4481/4481
f 4487/4487 4489/4489 4488/4488
f 4484/4484 4489/4489 4487/4487
f 4491/4491 4362/4362 4490/4490
f 4364/4364 4362/4362 4491/4491
f 4490/4490 4347/4347 4348/4348
f 4362/4362 4347/4347 4490/4490
f 4334/4334 4341/4341 4350/4350
f 4318/4318 4341/4341 4334/4334
f 3767/3767 4214/4214 3756/3756
f 4400/4400 4334/4334 4476/4476
f 4335/4335 4334/4334 4400/4400
f 4369/4369 4491/4491 4486/4486
f 4394/4394 4491/4491 4369/4369
f 4361/4361 4492/4492 4346/4346
f 4485/4485 4492/4492 4361/4361
f 4352/4352 4346/4346 4345/4345
f 4361/4361 4346/4346 4352/4352
f 4494/4494 4378/4378 4493/4493
f 4380/4380 4378/4378 4494/4494
f 4394/4394 4364/4364 4491/4491
f 4481/4481 4364/4364 4394/4394
f 4478/4478 4496/4496 4495/4495
f 4479/4479 4496/4496 4478/4478
f 4380/4380 4389/4389 4482/4482
f 4494/4494 4389/4389 4380/4380
f 4484/4484 4497/4497 4489/4489
f 4340/4340 4497/4497 4484/4484
f 4368/4368 4488/4488 4406/4406
f 4487/4487 4488/4488 4368/4368
f 4338/4338 4266/4266 4337/4337
f 4473/4473 4266/4266 4338/4338
f 4374/4374 4367/4367 4366/4366
f 4375/4375 4367/4367 4374/4374
f 4498/4498 4329/4329 4328/4328
f 4391/4391 4329/4329 4498/4498
f 4342/4342 4500/4500 4499/4499
f 4319/4319 4500/4500 4342/4342
f 4353/4353 4485/4485 4361/4361
f 4354/4354 4485/4485 4353/4353
f 4463/4463 4343/4343 4401/4401
f 4345/4345 4343/4343 4463/4463
f 4493/4493 4502/4502 4501/4501
f 4372/4372 4502/4502 4493/4493
f 4452/4452 4280/4280 4290/4290
f 4281/4281 4280/4280 4452/4452
f 4492/4492 4333/4333 4336/4336
f 4503/4503 4333/4333 4492/4492
f 4399/4399 4476/4476 4475/4475
f 4400/4400 4476/4476 4399/4399
f 4477/4477 4479/4479 4395/4395
f 4496/4496 4479/4479 4477/4477
f 4348/4348 4483/4483 4490/4490
f 4339/4339 4483/4483 4348/4348
f 4439/4439 4428/4428 4504/4504
f 4429/4429 4428/4428 4439/4439
f 4435/4435 4470/4470 4471/4471
f 4407/4407 4470/4470 4435/4435
f 4427/4427 4469/4469 4118/4118
f 4429/4429 4469/4469 4427/4427
f 4470/4470 4408/4408 4119/4119
f 4407/4407 4408/4408 4470/4470
f 4409/4409 4425/4425 4434/4434
f 4426/4426 4425/4425 4409/4409
f 4430/4430 4413/4413 4415/4415
f 4436/4436 4413/4413 4430/4430
f 4413/4413 4437/4437 4506/4506
f 4436/4436 4437/4437 4413/4413
f 4412/4412 4506/4506 4507/4507
f 4413/4413 4506/4506 4412/4412
f 4509/4509 4416/4416 4419/4419
f 4428/4428 4416/4416 4509/4509
f 4437/4437 4504/4504 4505/4505
f 4439/4439 4504/4504 4437/4437
f 4126/4126 4256/4256 4120/4120
f 4443/4443 4256/4256 4126/4126
f 4130/4130 4513/4513 4466/4466
f 4132/4132 4513/4513 4130/4130
f 4444/4444 4443/4443 4442/4442
f 4445/4445 4443/4443 4444/4444
f 4133/4133 4132/4132 4131/4131
f 4134/4134 4132/4132 4133/4133
f 4136/4136 4139/4139 4237/4237
f 4095/4095 4139/4139 4136/4136
f 4271/4271 4212/4212 4232/4232
f 4449/4449 4212/4212 4271/4271
f 4161/4161 4178/4178 4297/4297
f 4160/4160 4178/4178 4161/4161
f 4134/4134 4238/4238 4514/4514
f 4136/4136 4238/4238 4134/4134
f 4178/4178 4303/4303 4518/4518
f 4179/4179 4303/4303 4178/4178
f 4300/4300 4138/4138 4144/4144
f 4239/4239 4138/4138 4300/4300
f 4389/4389 4519/4519 4387/4387
f 4494/4494 4519/4519 4389/4389
f 4330/4330 4307/4307 4467/4467
f 4229/4229 4307/4307 4330/4330
f 4449/4449 3752/3752 4213/4213
f 4180/4180 4158/4158 4454/4454
f 4160/4160 4158/4158 4180/4180
f 4455/4455 4111/4111 4110/4110
f 4189/4189 4111/4111 4455/4455
f 4115/4115 4190/4190 4113/4113
f 4168/4168 4190/4190 4115/4115
f 4269/4269 4233/4233 4244/4244
f 4271/4271 4233/4233 4269/4269
f 4496/4496 4379/4379 4385/4385
f 4477/4477 4379/4379 4496/4496
f 4390/4390 4367/4367 4375/4375
f 4360/4360 4367/4367 4390/4390
f 4289/4289 4272/4272 4523/4523
f 4280/4280 4272/4272 4289/4289
f 4294/4294 4204/4204 4203/4203
f 4292/4292 4204/4204 4294/4294
f 4215/4215 4241/4241 4234/4234
f 4216/4216 4241/4241 4215/4215
f 4105/4105 4338/4338 4306/4306
f 4293/4293 4338/4338 4105/4105
f 4210/4210 4225/4225 4230/4230
f 4227/4227 4225/4225 4210/4210
f 4396/4396 4357/4357 4403/4403
f 4359/4359 4357/4357 4396/4396
f 4267/4267 4153/4153 4265/4265
f 4315/4315 4153/4153 4267/4267
f 4172/4172 4298/4298 4462/4462
f 4173/4173 4298/4298 4172/4172
f 4293/4293 4473/4473 4338/4338
f 4472/4472 4473/4473 4293/4293
f 4524/4524 4391/4391 4498/4498
f 4392/4392 4391/4391 4524/4524
f 4525/4525 4093/4093 4092/4092
f 4526/4526 4093/4093 4525/4525
f 4486/4486 4490/4490 4483/4483
f 4491/4491 4490/4490 4486/4486
f 4390/4390 4386/4386 4527/4527
f 4388/4388 4386/4386 4390/4390
f 4485/4485 4503/4503 4492/4492
f 4404/4404 4503/4503 4485/4485
f 4368/4368 4486/4486 4487/4487
f 4369/4369 4486/4486 4368/4368
f 4288/4288 4526/4526 4525/4525
f 4289/4289 4526/4526 4288/4288
f 4340/4340 4499/4499 4497/4497
f 4342/4342 4499/4499 4340/4340
f 4383/4383 4393/4393 4392/4392
f 4381/4381 4393/4393 4383/4383
f 4019/4019 4224/4224 4253/4253
f 4228/4228 4316/4316 4226/4226
f 4295/4295 4316/4316 4228/4228
f 4426/4426 4431/4431 4424/4424
f 4435/4435 4431/4431 4426/4426
f 4504/4504 4509/4509 4528/4528
f 4428/4428 4509/4509 4504/4504
f 4443/4443 4250/4250 4255/4255
f 4445/4445 4250/4250 4443/4443
f 4157/4157 4112/4112 4206/4206
f 4114/4114 4112/4112 4157/4157
f 4093/4093 4260/4260 4264/4264
f 4526/4526 4260/4260 4093/4093
f 4240/4240 4516/4516 4236/4236
f 4221/4221 4516/4516 4240/4240
f 3758/3758 4019/4019 4217/4217
f 4297/4297 4518/4518 4295/4295
f 4178/4178 4518/4518 4297/4297
f 4104/4104 4306/4306 4304/4304
f 4105/4105 4306/4306 4104/4104
f 4474/4474 4347/4347 4529/4529
f 4349/4349 4347/4347 4474/4474
f 4305/4305 4522/4522 4275/4275
f 4337/4337 4522/4522 4305/4305
f 4472/4472 4461/4461 4473/4473
f 4176/4176 4461/4461 4472/4472
f 4222/4222 4468/4468 4510/4510
f 4330/4330 4468/4468 4222/4222
f 4221/4221 4512/4512 4517/4517
f 4222/4222 4512/4512 4221/4221
f 4526/4526 4521/4521 4259/4259
f 4289/4289 4521/4521 4526/4526
f 4292/4292 4206/4206 4204/4204
f 4157/4157 4206/4206 4292/4292
f 4171/4171 4472/4472 4293/4293
f 4460/4460 4472/4472 4171/4171
f 4464/4464 4411/4411 4432/4432
f 4117/4117 4411/4411 4464/4464
f 4192/4192 4211/4211 4191/4191
f 4398/4398 4211/4211 4192/4192
f 3777/3777 4018/4018 3762/3762
f 4132/4132 4515/4515 4511/4511
f 4134/4134 4515/4515 4132/4132
f 4317/4317 4196/4196 4200/4200
f 4301/4301 4196/4196 4317/4317
f 4206/4206 4223/4223 4205/4205
f 4112/4112 4223/4223 4206/4206
f 4112/4112 4207/4207 4223/4223
f 4113/4113 4207/4207 4112/4112
f 4299/4299 4141/4141 4150/4150
f 4300/4300 4141/4141 4299/4299
f 4337/4337 4261/4261 4520/4520
f 4266/4266 4261/4261 4337/4337
f 4179/4179 4304/4304 4303/4303
f 4104/4104 4304/4304 4179/4179
f 4302/4302 4274/4274 4276/4276
f 4305/4305 4274/4274 4302/4302
f 4393/4393 4377/4377 4376/4376
f 4482/4482 4377/4377 4393/4393
f 4346/4346 4336/4336 4344/4344
f 4492/4492 4336/4336 4346/4346
f 4360/4360 4527/4527 4358/4358
f 4390/4390 4527/4527 4360/4360
f 4494/4494 4501/4501 4519/4519
f 4493/4493 4501/4501 4494/4494
f 4372/4372 4405/4405 4502/4502
f 4370/4370 4405/4405 4372/4372
f 4495/4495 4385/4385 4384/4384
f 4496/4496 4385/4385 4495/4495
f 4362/4362 4529/4529 4347/4347
f 4363/4363 4529/4529 4362/4362
f 4295/4295 4317/4317 4316/4316
f 4518/4518 4317/4317 4295/4295
f 4493/4493 4373/4373 4372/4372
f 4378/4378 4373/4373 4493/4493
f 4518/4518 4301/4301 4317/4317
f 4303/4303 4301/4301 4518/4518
f 4382/4382 4392/4392 4524/4524
f 4383/4383 4392/4392 4382/4382
f 4462/4462 4299/4299 4315/4315
f 4298/4298 4299/4299 4462/4462
f 4504/4504 4508/4508 4505/4505
f 4528/4528 4508/4508 4504/4504
f 4202/4202 4240/4240 4239/4239
f 4205/4205 4240/4240 4202/4202
f 4333/4333 4530/4530 4332/4332
f 4503/4503 4530/4530 4333/4333
f 4365/4365 4481/4481 4480/4480
f 4364/4364 4481/4481 4365/4365
f 4127/4127 4440/4440 4441/4441
f 4128/4128 4440/4440 4127/4127
f 4503/4503 4402/4402 4530/4530
f 4404/4404 4402/4402 4503/4503
f 4381/4381 4482/4482 4393/4393
f 4380/4380 4482/4482 4381/4381
f 4373/4373 4395/4395 4371/4371
f 4477/4477 4395/4395 4373/4373
f 4319/4319 4331/4331 4500/4500
f 4321/4321 4331/4331 4319/4319
f 4471/4471 4431/4431 4435/4435
f 4430/4430 4431/4431 4471/4471
f 4438/4438 4429/4429 4439/4439
f 4469/4469 4429/4429 4438/4438
f 4469/4469 4471/4471 4470/4470
f 4438/4438 4471/4471 4469/4469
f 4016/4016 3663/3663 4124/4124
f 4531/4531 4532/4532 4533/4533
f 4531/4531 4533/4533 4534/4534
f 4535/4535 4536/4536 4537/4537
f 4535/4535 4537/4537 4538/4538
f 4539/4539 4540/4540 4541/4541
f 4539/4539 4541/4541 4544/4544
f 4545/4545 4546/4546 4547/4547
f 4545/4545 4547/4547 4548/4548
f 4549/4549 4550/4550 4551/4551
f 4549/4549 4551/4551 4552/4552
f 4553/4553 4554/4554 4555/4555
f 4553/4553 4555/4555 4556/4556
f 4557/4557 4558/4558 4559/4559
f 4557/4557 4559/4559 4560/4560
f 4564/4564 4568/4568 4570/4570
f 4564/4564 4570/4570 4571/4571
f 4572/4572 4573/4573 4574/4574
f 4572/4572 4574/4574 4575/4575
f 4575/4575 4574/4574 4576/4576
f 4575/4575 4576/4576 4577/4577
f 4578/4578 4579/4579 4580/4580
f 4578/4578 4580/4580 4581/4581
f 4583/4583 4586/4586 4535/4535
f 4583/4583 4535/4535 4538/4538
f 4538/4538 4537/4537 4590/4590
f 4538/4538 4590/4590 4591/4591
f 4592/4592 4585/4585 4538/4538
f 4592/4592 4538/4538 4591/4591
f 4599/4599 4595/4595 4591/4591
f 4599/4599 4591/4591 4531/4531
f 4600/4600 4601/4601 4555/4555
f 4600/4600 4555/4555 4602/4602
f 4603/4603 4604/4604 4605/4605
f 4603/4603 4605/4605 4606/4606
f 4607/4607 4608/4608 4609/4609
f 4607/4607 4609/4609 4610/4610
f 4606/4606 4609/4609 4608/4608
f 4606/4606 4608/4608 4603/4603
f 4611/4611 4612/4612 4613/4613
f 4611/4611 4613/4613 4556/4556
f 4601/4601 4611/4611 4556/4556
f 4601/4601 4556/4556 4555/4555
f 4614/4614 4615/4615 4616/4616
f 4614/4614 4616/4616 4548/4548
f 4617/4617 4618/4618 4619/4619
f 4617/4617 4619/4619 4620/4620
f 4618/4618 4621/4621 4622/4622
f 4618/4618 4622/4622 4619/4619
f 4623/4623 4624/4624 4605/4605
f 4623/4623 4605/4605 4625/4625
f 4629/4629 4630/4630 4634/4634
f 4629/4629 4634/4634 4539/4539
f 4635/4635 4636/4636 4613/4613
f 4635/4635 4613/4613 4637/4637
f 4640/4640 4645/4645 4549/4549
f 4640/4640 4549/4549 4552/4552
f 4646/4646 4647/4647 4648/4648
f 4646/4646 4648/4648 4649/4649
f 4650/4650 4646/4646 4649/4649
f 4650/4650 4649/4649 4651/4651
f 4652/4652 4653/4653 4553/4553
f 4652/4652 4553/4553 4636/4636
f 4654/4654 4652/4652 4636/4636
f 4654/4654 4636/4636 4635/4635
f 4655/4655 4654/4654 4635/4635
f 4655/4655 4635/4635 4656/4656
f 4657/4657 4658/4658 4668/4668
f 4675/4675 4657/4657 4669/4669
f 4676/4676 4675/4675 4667/4667
f 4677/4677 4678/4678 4679/4679
f 4677/4677 4679/4679 4653/4653
f 4565/4565 4680/4680 4674/4674
f 4565/4565 4674/4674 4681/4681
f 4684/4684 4685/4685 4686/4686
f 4684/4684 4686/4686 4687/4687
f 4688/4688 4689/4689 4654/4654
f 4688/4688 4654/4654 4655/4655
f 4690/4690 4658/4658 4657/4657
f 4696/4696 4587/4587 4698/4698
f 4696/4696 4698/4698 4699/4699
f 4700/4700 4705/4705 4675/4675
f 4700/4700 4675/4675 4676/4676
f 4710/4710 4703/4703 4676/4676
f 4710/4710 4676/4676 4712/4712
f 4715/4715 4708/4708 4712/4712
f 4715/4715 4712/4712 4680/4680
f 4718/4718 4724/4724 4725/4725
f 4718/4718 4725/4725 4726/4726
f 4727/4727 4728/4728 4729/4729
f 4727/4727 4729/4729 4730/4730
f 4731/4731 4735/4735 4739/4739
f 4731/4731 4739/4739 4740/4740
f 4539/4539 4544/4544 4742/4742
f 4539/4539 4742/4742 4628/4628
f 4745/4745 4746/4746 4620/4620
f 4745/4745 4620/4620 4619/4619
f 4747/4747 4748/4748 4749/4749
f 4747/4747 4749/4749 4739/4739
f 4750/4750 4600/4600 4602/4602
f 4750/4750 4602/4602 4751/4751
f 4752/4752 4545/4545 4548/4548
f 4752/4752 4548/4548 4616/4616
f 4648/4648 4617/4617 4620/4620
f 4648/4648 4620/4620 4753/4753
f 4754/4754 4687/4687 4755/4755
f 4754/4754 4755/4755 4756/4756
f 4647/4647 4757/4757 4617/4617
f 4647/4647 4617/4617 4648/4648
f 4758/4758 4759/4759 4757/4757
f 4758/4758 4757/4757 4647/4647
f 4760/4760 4761/4761 4762/4762
f 4760/4760 4762/4762 4763/4763
f 4764/4764 4760/4760 4763/4763
f 4764/4764 4763/4763 4765/4765
f 4766/4766 4772/4772 4689/4689
f 4766/4766 4689/4689 4688/4688
f 4594/4594 4597/4597 4774/4774
f 4594/4594 4774/4774 4759/4759
f 4566/4566 4714/4714 4680/4680
f 4639/4639 4631/4631 4775/4775
f 4639/4639 4775/4775 4776/4776
f 4777/4777 4778/4778 4779/4779
f 4777/4777 4779/4779 4780/4780
f 4781/4781 4782/4782 4783/4783
f 4781/4781 4783/4783 4784/4784
f 4785/4785 4786/4786 4787/4787
f 4785/4785 4787/4787 4788/4788
f 4789/4789 4677/4677 4653/4653
f 4789/4789 4653/4653 4652/4652
f 4790/4790 4791/4791 4780/4780
f 4790/4790 4780/4780 4792/4792
f 4778/4778 4793/4793 4794/4794
f 4778/4778 4794/4794 4779/4779
f 4780/4780 4779/4779 4795/4795
f 4780/4780 4795/4795 4792/4792
f 4796/4796 4764/4764 4765/4765
f 4796/4796 4765/4765 4797/4797
f 4798/4798 4799/4799 4800/4800
f 4798/4798 4800/4800 4801/4801
f 4689/4689 4789/4789 4652/4652
f 4689/4689 4652/4652 4654/4654
f 4802/4802 4803/4803 4804/4804
f 4802/4802 4804/4804 4805/4805
f 4806/4806 4807/4807 4808/4808
f 4806/4806 4808/4808 4809/4809
f 4810/4810 4811/4811 4782/4782
f 4810/4810 4782/4782 4781/4781
f 4799/4799 4806/4806 4809/4809
f 4799/4799 4809/4809 4800/4800
f 4812/4812 4813/4813 4814/4814
f 4812/4812 4814/4814 4815/4815
f 4816/4816 4817/4817 4818/4818
f 4816/4816 4818/4818 4819/4819
f 4820/4820 4810/4810 4781/4781
f 4820/4820 4781/4781 4813/4813
f 4821/4821 4822/4822 4823/4823
f 4821/4821 4823/4823 4824/4824
f 4784/4784 4783/4783 4786/4786
f 4784/4784 4786/4786 4785/4785
f 4815/4815 4814/4814 4825/4825
f 4815/4815 4825/4825 4826/4826
f 4827/4827 4828/4828 4829/4829
f 4827/4827 4829/4829 4830/4830
f 4830/4830 4829/4829 4831/4831
f 4830/4830 4831/4831 4832/4832
f 4833/4833 4834/4834 4835/4835
f 4833/4833 4835/4835 4836/4836
f 4837/4837 4838/4838 4839/4839
f 4837/4837 4839/4839 4840/4840
f 4698/4698 4758/4758 4647/4647
f 4698/4698 4647/4647 4646/4646
f 4841/4841 4842/4842 4843/4843
f 4841/4841 4843/4843 4844/4844
f 4840/4840 4841/4841 4844/4844
f 4840/4840 4844/4844 4837/4837
f 4801/4801 4800/4800 4778/4778
f 4801/4801 4778/4778 4777/4777
f 4845/4845 4846/4846 4847/4847
f 4845/4845 4847/4847 4848/4848
f 4849/4849 4833/4833 4836/4836
f 4849/4849 4836/4836 4847/4847
f 4835/4835 4850/4850 4851/4851
f 4835/4835 4851/4851 4852/4852
f 4826/4826 4819/4819 4818/4818
f 4826/4826 4818/4818 4815/4815
f 4853/4853 4827/4827 4830/4830
f 4853/4853 4830/4830 4854/4854
f 4834/4834 4788/4788 4850/4850
f 4834/4834 4850/4850 4835/4835
f 4825/4825 4785/4785 4788/4788
f 4825/4825 4788/4788 4834/4834
f 4855/4855 4812/4812 4815/4815
f 4855/4855 4815/4815 4818/4818
f 4856/4856 4607/4607 4610/4610
f 4856/4856 4610/4610 4857/4857
f 4858/4858 4859/4859 4860/4860
f 4858/4858 4860/4860 4803/4803
f 4861/4861 4862/4862 4863/4863
f 4861/4861 4863/4863 4855/4855
f 4864/4864 4865/4865 4829/4829
f 4864/4864 4829/4829 4828/4828
f 4779/4779 4794/4794 4802/4802
f 4779/4779 4802/4802 4795/4795
f 4803/4803 4802/4802 4794/4794
f 4803/4803 4794/4794 4858/4858
f 4866/4866 4867/4867 4868/4868
f 4866/4866 4868/4868 4870/4870
f 4871/4871 4872/4872 4873/4873
f 4871/4871 4873/4873 4874/4874
f 4876/4876 4877/4877 4558/4558
f 4876/4876 4558/4558 4879/4879
f 4866/4866 4869/4869 4557/4557
f 4866/4866 4557/4557 4560/4560
f 4880/4880 4882/4882 4884/4884
f 4880/4880 4884/4884 4885/4885
f 4883/4883 4881/4881 4874/4874
f 4883/4883 4874/4874 4873/4873
f 4886/4886 4878/4878 4887/4887
f 4886/4886 4887/4887 4888/4888
f 4558/4558 4877/4877 4886/4886
f 4558/4558 4886/4886 4559/4559
f 4889/4889 4890/4890 4874/4874
f 4889/4889 4874/4874 4881/4881
f 4892/4892 4870/4870 4868/4868
f 4892/4892 4868/4868 4893/4893
f 4867/4867 4894/4894 4885/4885
f 4867/4867 4885/4885 4868/4868
f 4895/4895 4896/4896 4897/4897
f 4895/4895 4897/4897 4898/4898
f 4769/4769 4743/4743 4543/4543
f 4769/4769 4543/4543 4899/4899
f 4543/4543 4542/4542 4900/4900
f 4543/4543 4900/4900 4899/4899
f 4571/4571 4570/4570 4901/4901
f 4571/4571 4901/4901 4902/4902
f 4903/4903 4904/4904 4905/4905
f 4903/4903 4905/4905 4906/4906
f 4704/4704 4702/4702 4906/4906
f 4704/4704 4906/4906 4727/4727
f 4730/4730 4729/4729 4907/4907
f 4730/4730 4907/4907 4908/4908
f 4908/4908 4907/4907 4662/4662
f 4909/4909 4656/4656 4857/4857
f 4909/4909 4857/4857 4610/4610
f 4717/4717 4598/4598 4531/4531
f 4717/4717 4531/4531 4534/4534
f 4906/4906 4905/4905 4728/4728
f 4906/4906 4728/4728 4727/4727
f 4740/4740 4910/4910 4550/4550
f 4740/4740 4550/4550 4549/4549
f 4546/4546 4623/4623 4625/4625
f 4546/4546 4625/4625 4547/4547
f 4581/4581 4580/4580 4536/4536
f 4581/4581 4536/4536 4535/4535
f 4911/4911 4912/4912 4547/4547
f 4911/4911 4547/4547 4625/4625
f 4634/4634 4913/4913 4540/4540
f 4634/4634 4540/4540 4539/4539
f 4914/4914 4856/4856 4857/4857
f 4914/4914 4857/4857 4637/4637
f 4915/4915 4750/4750 4751/4751
f 4915/4915 4751/4751 4753/4753
f 4916/4916 4745/4745 4619/4619
f 4916/4916 4619/4619 4622/4622
f 4615/4615 4917/4917 4918/4918
f 4615/4615 4918/4918 4616/4616
f 4912/4912 4614/4614 4548/4548
f 4912/4912 4548/4548 4547/4547
f 4755/4755 4909/4909 4610/4610
f 4755/4755 4610/4610 4609/4609
f 4770/4770 4767/4767 4899/4899
f 4770/4770 4899/4899 4572/4572
f 4644/4644 4732/4732 4740/4740
f 4644/4644 4740/4740 4549/4549
f 4756/4756 4755/4755 4609/4609
f 4756/4756 4609/4609 4606/4606
f 4686/4686 4655/4655 4656/4656
f 4686/4686 4656/4656 4909/4909
f 4744/4744 4768/4768 4688/4688
f 4744/4744 4688/4688 4685/4685
f 4919/4919 4920/4920 4621/4621
f 4919/4919 4621/4621 4618/4618
f 4632/4632 4626/4626 4684/4684
f 4632/4632 4684/4684 4775/4775
f 4562/4562 4681/4681 4922/4922
f 4712/4712 4676/4676 4665/4665
f 4804/4804 4928/4928 4811/4811
f 4804/4804 4811/4811 4810/4810
f 4733/4733 4643/4643 4761/4761
f 4733/4733 4761/4761 4760/4760
f 4687/4687 4686/4686 4909/4909
f 4687/4687 4909/4909 4755/4755
f 4633/4633 4641/4641 4552/4552
f 4633/4633 4552/4552 4634/4634
f 4557/4557 4929/4929 4879/4879
f 4557/4557 4879/4879 4558/4558
f 4701/4701 4709/4709 4903/4903
f 4701/4701 4903/4903 4906/4906
f 4591/4591 4590/4590 4532/4532
f 4591/4591 4532/4532 4531/4531
f 4932/4932 4773/4773 4572/4572
f 4932/4932 4572/4572 4575/4575
f 4560/4560 4559/4559 4934/4934
f 4560/4560 4934/4934 4935/4935
f 4917/4917 4916/4916 4622/4622
f 4917/4917 4622/4622 4918/4918
f 4746/4746 4915/4915 4753/4753
f 4746/4746 4753/4753 4620/4620
f 4896/4896 4890/4890 4936/4936
f 4896/4896 4936/4936 4897/4897
f 4784/4784 4814/4814 4813/4813
f 4784/4784 4813/4813 4781/4781
f 4612/4612 4914/4914 4637/4637
f 4612/4612 4637/4637 4613/4613
f 4621/4621 4937/4937 4918/4918
f 4621/4621 4918/4918 4622/4622
f 4627/4627 4741/4741 4685/4685
f 4627/4627 4685/4685 4684/4684
f 4678/4678 4699/4699 4650/4650
f 4678/4678 4650/4650 4679/4679
f 4774/4774 4726/4726 4920/4920
f 4774/4774 4920/4920 4919/4919
f 4726/4726 4725/4725 4938/4938
f 4726/4726 4938/4938 4920/4920
f 4808/4808 4939/4939 4940/4940
f 4808/4808 4940/4940 4941/4941
f 4942/4942 4832/4832 4838/4838
f 4942/4942 4838/4838 4837/4837
f 4943/4943 4944/4944 4945/4945
f 4943/4943 4945/4945 4946/4946
f 4847/4847 4836/4836 4947/4947
f 4847/4847 4947/4947 4848/4848
f 4814/4814 4784/4784 4785/4785
f 4814/4814 4785/4785 4825/4825
f 4948/4948 4949/4949 4799/4799
f 4948/4948 4799/4799 4798/4798
f 4863/4863 4950/4950 4812/4812
f 4863/4863 4812/4812 4855/4855
f 4941/4941 4793/4793 4809/4809
f 4941/4941 4809/4809 4808/4808
f 4951/4951 4952/4952 4949/4949
f 4951/4951 4949/4949 4948/4948
f 4854/4854 4943/4943 4946/4946
f 4854/4854 4946/4946 4853/4853
f 4953/4953 4954/4954 4951/4951
f 4953/4953 4951/4951 4948/4948
f 4822/4822 4955/4955 4956/4956
f 4822/4822 4956/4956 4823/4823
f 4807/4807 4806/4806 4955/4955
f 4807/4807 4955/4955 4822/4822
f 4800/4800 4809/4809 4793/4793
f 4800/4800 4793/4793 4778/4778
f 4793/4793 4941/4941 4858/4858
f 4793/4793 4858/4858 4794/4794
f 4956/4956 4952/4952 4827/4827
f 4956/4956 4827/4827 4853/4853
f 4957/4957 4805/4805 4820/4820
f 4957/4957 4820/4820 4950/4950
f 4805/4805 4804/4804 4810/4810
f 4805/4805 4810/4810 4820/4820
f 4838/4838 4958/4958 4959/4959
f 4838/4838 4959/4959 4839/4839
f 4823/4823 4956/4956 4853/4853
f 4823/4823 4853/4853 4946/4946
f 4960/4960 4961/4961 4944/4944
f 4960/4960 4944/4944 4943/4943
f 4848/4848 4947/4947 4839/4839
f 4848/4848 4839/4839 4959/4959
f 4962/4962 4953/4953 4948/4948
f 4962/4962 4948/4948 4798/4798
f 4954/4954 4864/4864 4828/4828
f 4954/4954 4828/4828 4951/4951
f 4725/4725 4796/4796 4797/4797
f 4725/4725 4797/4797 4938/4938
f 4826/4826 4825/4825 4834/4834
f 4826/4826 4834/4834 4833/4833
f 4788/4788 4787/4787 4963/4963
f 4788/4788 4963/4963 4850/4850
f 4964/4964 4965/4965 4801/4801
f 4964/4964 4801/4801 4777/4777
f 4950/4950 4820/4820 4813/4813
f 4950/4950 4813/4813 4812/4812
f 4803/4803 4860/4860 4928/4928
f 4803/4803 4928/4928 4804/4804
f 4966/4966 4967/4967 4958/4958
f 4966/4966 4958/4958 4831/4831
f 4739/4739 4749/4749 4910/4910
f 4739/4739 4910/4910 4740/4740
f 4792/4792 4795/4795 4957/4957
f 4792/4792 4957/4957 4968/4968
f 4941/4941 4940/4940 4859/4859
f 4941/4941 4859/4859 4858/4858
f 4943/4943 4854/4854 4942/4942
f 4943/4943 4942/4942 4960/4960
f 4949/4949 4955/4955 4806/4806
f 4949/4949 4806/4806 4799/4799
f 4887/4887 4969/4969 4898/4898
f 4887/4887 4898/4898 4888/4888
f 4935/4935 4936/4936 4894/4894
f 4935/4935 4894/4894 4867/4867
f 4934/4934 4559/4559 4886/4886
f 4934/4934 4886/4886 4888/4888
f 4866/4866 4560/4560 4935/4935
f 4866/4866 4935/4935 4867/4867
f 4884/4884 4893/4893 4868/4868
f 4884/4884 4868/4868 4885/4885
f 4871/4871 4874/4874 4890/4890
f 4871/4871 4890/4890 4896/4896
f 4895/4895 4970/4970 4871/4871
f 4895/4895 4871/4871 4896/4896
f 4970/4970 4972/4972 4872/4872
f 4970/4970 4872/4872 4871/4871
f 4878/4878 4875/4875 4974/4974
f 4878/4878 4974/4974 4887/4887
f 4969/4969 4971/4971 4895/4895
f 4969/4969 4895/4895 4898/4898
f 4716/4716 4561/4561 4571/4571
f 4716/4716 4571/4571 4902/4902
f 4978/4978 4930/4930 4575/4575
f 4978/4978 4575/4575 4577/4577
f 4902/4902 4901/4901 4904/4904
f 4902/4902 4904/4904 4903/4903
f 4577/4577 4576/4576 4579/4579
f 4577/4577 4579/4579 4578/4578
f 4588/4588 4694/4694 4581/4581
f 4588/4588 4581/4581 4535/4535
f 4659/4659 4691/4691 4730/4730
f 4659/4659 4730/4730 4908/4908
f 4624/4624 4756/4756 4606/4606
f 4624/4624 4606/4606 4605/4605
f 4695/4695 4981/4981 4578/4578
f 4695/4695 4578/4578 4581/4581
f 4762/4762 4983/4983 4624/4624
f 4762/4762 4624/4624 4623/4623
f 4589/4589 4584/4584 4758/4758
f 4589/4589 4758/4758 4698/4698
f 4984/4984 4845/4845 4848/4848
f 4984/4984 4848/4848 4959/4959
f 4771/4771 4931/4931 4789/4789
f 4771/4771 4789/4789 4689/4689
f 4604/4604 4911/4911 4625/4625
f 4604/4604 4625/4625 4605/4605
f 4552/4552 4551/4551 4913/4913
f 4552/4552 4913/4913 4634/4634
f 4636/4636 4553/4553 4556/4556
f 4636/4636 4556/4556 4613/4613
f 4692/4692 4707/4707 4727/4727
f 4692/4692 4727/4727 4730/4730
f 4837/4837 4844/4844 4960/4960
f 4837/4837 4960/4960 4942/4942
f 4826/4826 4833/4833 4849/4849
f 4826/4826 4849/4849 4819/4819
f 4736/4736 4986/4986 4747/4747
f 4736/4736 4747/4747 4739/4739
f 4649/4649 4648/4648 4753/4753
f 4649/4649 4753/4753 4751/4751
f 4706/4706 4693/4693 4657/4657
f 4706/4706 4657/4657 4675/4675
f 4797/4797 4765/4765 4545/4545
f 4797/4797 4545/4545 4752/4752
f 4685/4685 4688/4688 4655/4655
f 4685/4685 4655/4655 4686/4686
f 4817/4817 4861/4861 4855/4855
f 4817/4817 4855/4855 4818/4818
f 4596/4596 4720/4720 4726/4726
f 4596/4596 4726/4726 4774/4774
f 4757/4757 4919/4919 4618/4618
f 4757/4757 4618/4618 4617/4617
f 4938/4938 4797/4797 4752/4752
f 4938/4938 4752/4752 4937/4937
f 4850/4850 4963/4963 4989/4989
f 4850/4850 4989/4989 4851/4851
f 4534/4534 4533/4533 4990/4990
f 4534/4534 4990/4990 4991/4991
f 4955/4955 4949/4949 4952/4952
f 4955/4955 4952/4952 4956/4956
f 4846/4846 4992/4992 4849/4849
f 4846/4846 4849/4849 4847/4847
f 4968/4968 4957/4957 4950/4950
f 4968/4968 4950/4950 4863/4863
f 4952/4952 4951/4951 4828/4828
f 4952/4952 4828/4828 4827/4827
f 4991/4991 4990/4990 4748/4748
f 4991/4991 4748/4748 4747/4747
f 4965/4965 4962/4962 4798/4798
f 4965/4965 4798/4798 4801/4801
f 4852/4852 4851/4851 4841/4841
f 4852/4852 4841/4841 4840/4840
f 4680/4680 4712/4712 4664/4664
f 4775/4775 4684/4684 4687/4687
f 4775/4775 4687/4687 4754/4754
f 4889/4889 4880/4880 4885/4885
f 4889/4889 4885/4885 4894/4894
f 4974/4974 4993/4993 4969/4969
f 4974/4974 4969/4969 4887/4887
f 4711/4711 4713/4713 4902/4902
f 4711/4711 4902/4902 4903/4903
f 4554/4554 4651/4651 4602/4602
f 4554/4554 4602/4602 4555/4555
f 4721/4721 4719/4719 4534/4534
f 4721/4721 4534/4534 4991/4991
f 4982/4982 4697/4697 4699/4699
f 4982/4982 4699/4699 4678/4678
f 4983/4983 4754/4754 4756/4756
f 4983/4983 4756/4756 4624/4624
f 4765/4765 4763/4763 4546/4546
f 4765/4765 4546/4546 4545/4545
f 4807/4807 4994/4994 4939/4939
f 4807/4807 4939/4939 4808/4808
f 4985/4985 4738/4738 4764/4764
f 4985/4985 4764/4764 4796/4796
f 4920/4920 4938/4938 4937/4937
f 4920/4920 4937/4937 4621/4621
f 4933/4933 4976/4976 4677/4677
f 4933/4933 4677/4677 4789/4789
f 4977/4977 4979/4979 4678/4678
f 4977/4977 4678/4678 4677/4677
f 4988/4988 4723/4723 4991/4991
f 4988/4988 4991/4991 4747/4747
f 4651/4651 4649/4649 4751/4751
f 4651/4651 4751/4751 4602/4602
f 4937/4937 4752/4752 4616/4616
f 4937/4937 4616/4616 4918/4918
f 4869/4869 4891/4891 4929/4929
f 4869/4869 4929/4929 4557/4557
f 4656/4656 4635/4635 4637/4637
f 4656/4656 4637/4637 4857/4857
f 4980/4980 4975/4975 4577/4577
f 4980/4980 4577/4577 4578/4578
f 4642/4642 4638/4638 4776/4776
f 4642/4642 4776/4776 4761/4761
f 4679/4679 4650/4650 4651/4651
f 4679/4679 4651/4651 4554/4554
f 4653/4653 4679/4679 4554/4554
f 4653/4653 4554/4554 4553/4553
f 4582/4582 4593/4593 4759/4759
f 4582/4582 4759/4759 4758/4758
f 4722/4722 4987/4987 4796/4796
f 4722/4722 4796/4796 4725/4725
f 4763/4763 4762/4762 4623/4623
f 4763/4763 4623/4623 4546/4546
f 4737/4737 4734/4734 4760/4760
f 4737/4737 4760/4760 4764/4764
f 4836/4836 4835/4835 4852/4852
f 4836/4836 4852/4852 4947/4947
f 4795/4795 4802/4802 4805/4805
f 4795/4795 4805/4805 4957/4957
f 4992/4992 4816/4816 4819/4819
f 4992/4992 4819/4819 4849/4849
f 4967/4967 4984/4984 4959/4959
f 4967/4967 4959/4959 4958/4958
f 4865/4865 4966/4966 4831/4831
f 4865/4865 4831/4831 4829/4829
f 4844/4844 4843/4843 4961/4961
f 4844/4844 4961/4961 4960/4960
f 4994/4994 4807/4807 4822/4822
f 4994/4994 4822/4822 4821/4821
f 4776/4776 4775/4775 4754/4754
f 4776/4776 4754/4754 4983/4983
f 4832/4832 4831/4831 4958/4958
f 4832/4832 4958/4958 4838/4838
f 4761/4761 4776/4776 4983/4983
f 4761/4761 4983/4983 4762/4762
f 4851/4851 4989/4989 4842/4842
f 4851/4851 4842/4842 4841/4841
f 4759/4759 4774/4774 4919/4919
f 4759/4759 4919/4919 4757/4757
f 4973/4973 4971/4971 4969/4969
f 4973/4973 4969/4969 4993/4993
f 4699/4699 4698/4698 4646/4646
f 4699/4699 4646/4646 4650/4650
f 4995/4995 4790/4790 4792/4792
f 4995/4995 4792/4792 4968/4968
f 4946/4946 4945/4945 4824/4824
f 4946/4946 4824/4824 4823/4823
f 4899/4899 4900/4900 4573/4573
f 4899/4899 4573/4573 4572/4572
f 4862/4862 4995/4995 4968/4968
f 4862/4862 4968/4968 4863/4863
f 4947/4947 4852/4852 4840/4840
f 4947/4947 4840/4840 4839/4839
f 4854/4854 4830/4830 4832/4832
f 4854/4854 4832/4832 4942/4942
f 4791/4791 4964/4964 4777/4777
f 4791/4791 4777/4777 4780/4780
f 4889/4889 4894/4894 4936/4936
f 4889/4889 4936/4936 4890/4890
f 4888/4888 4898/4898 4897/4897
f 4888/4888 4897/4897 4934/4934
f 4936/4936 4935/4935 4934/4934
f 4936/4936 4934/4934 4897/4897
f 4996/4996 4997/4997 4998/4998
f 4998/4998 4997/4997 4999/4999
f 5000/5000 5001/5001 5002/5002
f 5002/5002 5001/5001 5003/5003
f 5004/5004 5005/5005 5006/5006
f 5006/5006 5005/5005 5009/5009
f 5010/5010 5011/5011 5012/5012
f 5012/5012 5011/5011 5013/5013
f 5014/5014 5015/5015 5016/5016
f 5016/5016 5015/5015 5017/5017
f 5018/5018 5019/5019 5020/5020
f 5020/5020 5019/5019 5021/5021
f 5022/5022 5023/5023 5024/5024
f 5024/5024 5023/5023 5025/5025
f 4568/4568 5027/5027 5031/5031
f 5031/5031 5027/5027 5032/5032
f 5033/5033 5034/5034 5035/5035
f 5035/5035 5034/5034 5036/5036
f 5035/5035 5036/5036 5037/5037
f 5037/5037 5036/5036 5038/5038
f 5039/5039 5040/5040 5041/5041
f 5041/5041 5040/5040 5042/5042
f 5044/5044 5047/5047 5001/5001
f 5001/5001 5047/5047 5003/5003
f 5002/5002 5003/5003 5051/5051
f 5051/5051 5003/5003 5052/5052
f 5050/5050 5054/5054 5003/5003
f 5003/5003 5054/5054 5052/5052
f 5056/5056 5058/5058 5052/5052
f 5052/5052 5058/5058 4997/4997
f 5061/5061 5062/5062 5020/5020
f 5020/5020 5062/5062 5063/5063
f 5064/5064 5065/5065 5066/5066
f 5066/5066 5065/5065 5067/5067
f 5068/5068 5069/5069 5070/5070
f 5070/5070 5069/5069 5071/5071
f 5070/5070 5067/5067 5068/5068
f 5068/5068 5067/5067 5065/5065
f 5072/5072 5073/5073 5074/5074
f 5074/5074 5073/5073 5021/5021
f 5073/5073 5061/5061 5021/5021
f 5021/5021 5061/5061 5020/5020
f 5075/5075 5076/5076 5077/5077
f 5077/5077 5076/5076 5013/5013
f 5078/5078 5079/5079 5080/5080
f 5080/5080 5079/5079 5081/5081
f 5082/5082 5078/5078 5083/5083
f 5083/5083 5078/5078 5080/5080
f 5084/5084 5085/5085 5066/5066
f 5066/5066 5085/5085 5086/5086
f 5090/5090 5092/5092 5095/5095
f 5095/5095 5092/5092 5005/5005
f 5096/5096 5097/5097 5074/5074
f 5074/5074 5097/5097 5098/5098
f 5101/5101 5106/5106 5015/5015
f 5015/5015 5106/5106 5017/5017
f 5107/5107 5108/5108 5109/5109
f 5109/5109 5108/5108 5110/5110
f 5108/5108 5111/5111 5110/5110
f 5110/5110 5111/5111 5112/5112
f 5113/5113 5114/5114 5019/5019
f 5019/5019 5114/5114 5096/5096
f 5114/5114 5115/5115 5096/5096
f 5096/5096 5115/5115 5097/5097
f 5115/5115 5116/5116 5097/5097
f 5097/5097 5116/5116 5117/5117
f 4927/4927 4569/4569 4563/4563
f 5119/5119 5121/5121 4668/4668
f 5121/5121 5122/5122 4669/4669
f 4669/4669 5122/5122 5123/5123
f 5122/5122 5126/5126 5123/5123
f 5127/5127 5128/5128 5129/5129
f 5129/5129 5128/5128 5113/5113
f 5130/5130 5030/5030 4925/4925
f 5131/5131 5132/5132 5133/5133
f 5133/5133 5132/5132 5134/5134
f 5135/5135 5136/5136 5115/5115
f 5115/5115 5136/5136 5116/5116
f 5119/5119 5139/5139 5121/5121
f 5045/5045 5141/5141 5145/5145
f 5145/5145 5141/5141 5146/5146
f 5150/5150 5151/5151 5122/5122
f 5122/5122 5151/5151 5126/5126
f 5154/5154 5157/5157 5126/5126
f 5126/5126 5157/5157 5159/5159
f 5158/5158 5160/5160 5159/5159
f 5159/5159 5160/5160 5130/5130
f 5167/5167 5169/5169 5172/5172
f 5172/5172 5169/5169 5173/5173
f 5174/5174 5175/5175 5176/5176
f 5176/5176 5175/5175 5177/5177
f 5180/5180 5185/5185 5186/5186
f 5186/5186 5185/5185 5187/5187
f 5009/5009 5005/5005 5188/5188
f 5188/5188 5005/5005 5093/5093
f 5192/5192 5193/5193 5081/5081
f 5081/5081 5193/5193 5080/5080
f 5194/5194 5195/5195 5196/5196
f 5196/5196 5195/5195 5186/5186
f 5062/5062 5197/5197 5063/5063
f 5063/5063 5197/5197 5198/5198
f 5011/5011 5199/5199 5013/5013
f 5013/5013 5199/5199 5077/5077
f 5079/5079 5109/5109 5081/5081
f 5081/5081 5109/5109 5200/5200
f 5134/5134 5201/5201 5202/5202
f 5202/5202 5201/5201 5203/5203
f 5204/5204 5107/5107 5079/5079
f 5079/5079 5107/5107 5109/5109
f 5205/5205 5206/5206 5204/5204
f 5204/5204 5206/5206 5107/5107
f 5207/5207 5208/5208 5209/5209
f 5209/5209 5208/5208 5210/5210
f 5208/5208 5211/5211 5210/5210
f 5210/5210 5211/5211 5212/5212
f 5213/5213 5218/5218 5135/5135
f 5135/5135 5218/5218 5136/5136
f 5057/5057 5053/5053 5221/5221
f 5221/5221 5053/5053 5205/5205
f 5161/5161 5026/5026 5130/5130
f 5089/5089 5103/5103 5222/5222
f 5222/5222 5103/5103 5223/5223
f 5224/5224 5225/5225 5226/5226
f 5226/5226 5225/5225 5227/5227
f 5228/5228 5229/5229 5230/5230
f 5230/5230 5229/5229 5231/5231
f 4923/4923 4673/4673 5124/5124
f 5232/5232 5233/5233 5234/5234
f 5234/5234 5233/5233 5235/5235
f 5128/5128 5236/5236 5113/5113
f 5113/5113 5236/5236 5114/5114
f 5237/5237 5238/5238 5227/5227
f 5227/5227 5238/5238 5239/5239
f 5240/5240 5224/5224 5241/5241
f 5241/5241 5224/5224 5226/5226
f 5226/5226 5227/5227 5242/5242
f 5242/5242 5227/5227 5239/5239
f 5211/5211 5243/5243 5212/5212
f 5212/5212 5243/5243 5244/5244
f 5245/5245 5246/5246 5247/5247
f 5247/5247 5246/5246 5248/5248
f 5236/5236 5135/5135 5114/5114
f 5114/5114 5135/5135 5115/5115
f 5249/5249 5250/5250 5251/5251
f 5251/5251 5250/5250 5252/5252
f 5253/5253 5254/5254 5255/5255
f 5255/5255 5254/5254 5256/5256
f 5257/5257 5258/5258 5228/5228
f 5228/5228 5258/5258 5229/5229
f 5254/5254 5245/5245 5256/5256
f 5256/5256 5245/5245 5247/5247
f 5259/5259 5260/5260 5261/5261
f 5261/5261 5260/5260 5262/5262
f 5263/5263 5264/5264 5265/5265
f 5265/5265 5264/5264 5266/5266
f 5258/5258 5267/5267 5229/5229
f 5229/5229 5267/5267 5259/5259
f 5268/5268 5269/5269 5270/5270
f 5270/5270 5269/5269 5271/5271
f 5230/5230 5231/5231 5232/5232
f 5232/5232 5231/5231 5233/5233
f 5261/5261 5262/5262 5272/5272
f 5272/5272 5262/5262 5273/5273
f 5274/5274 5275/5275 5276/5276
f 5276/5276 5275/5275 5277/5277
f 5276/5276 5277/5277 5278/5278
f 5278/5278 5277/5277 5279/5279
f 5280/5280 5281/5281 5282/5282
f 5282/5282 5281/5281 5283/5283
f 5284/5284 5285/5285 5286/5286
f 5286/5286 5285/5285 5287/5287
f 5206/5206 5145/5145 5107/5107
f 5107/5107 5145/5145 5108/5108
f 5288/5288 5289/5289 5290/5290
f 5290/5290 5289/5289 5291/5291
f 5289/5289 5287/5287 5291/5291
f 5291/5291 5287/5287 5285/5285
f 5247/5247 5248/5248 5224/5224
f 5224/5224 5248/5248 5225/5225
f 5292/5292 5293/5293 5294/5294
f 5294/5294 5293/5293 5295/5295
f 5281/5281 5296/5296 5283/5283
f 5283/5283 5296/5296 5294/5294
f 5297/5297 5282/5282 5298/5298
f 5298/5298 5282/5282 5299/5299
f 5266/5266 5273/5273 5265/5265
f 5265/5265 5273/5273 5262/5262
f 5275/5275 5300/5300 5277/5277
f 5277/5277 5300/5300 5301/5301
f 5235/5235 5280/5280 5297/5297
f 5297/5297 5280/5280 5282/5282
f 5233/5233 5272/5272 5235/5235
f 5235/5235 5272/5272 5280/5280
f 5260/5260 5302/5302 5262/5262
f 5262/5262 5302/5302 5265/5265
f 5069/5069 5303/5303 5071/5071
f 5071/5071 5303/5303 5304/5304
f 5305/5305 5306/5306 5307/5307
f 5307/5307 5306/5306 5249/5249
f 5308/5308 5309/5309 5310/5310
f 5310/5310 5309/5309 5302/5302
f 5311/5311 5312/5312 5276/5276
f 5276/5276 5312/5312 5274/5274
f 5241/5241 5226/5226 5250/5250
f 5250/5250 5226/5226 5242/5242
f 5250/5250 5249/5249 5241/5241
f 5241/5241 5249/5249 5306/5306
f 4682/4682 4666/4666 4926/4926
f 5313/5313 5314/5314 5315/5315
f 5315/5315 5314/5314 5317/5317
f 5318/5318 5319/5319 5320/5320
f 5320/5320 5319/5319 5321/5321
f 5322/5322 5324/5324 5022/5022
f 5022/5022 5324/5324 5326/5326
f 5316/5316 5314/5314 5023/5023
f 5023/5023 5314/5314 5025/5025
f 5327/5327 5329/5329 5331/5331
f 5331/5331 5329/5329 5332/5332
f 5330/5330 5328/5328 5321/5321
f 5321/5321 5328/5328 5320/5320
f 5323/5323 5333/5333 5334/5334
f 5334/5334 5333/5333 5335/5335
f 5322/5322 5022/5022 5333/5333
f 5333/5333 5022/5022 5024/5024
f 5336/5336 5337/5337 5321/5321
f 5321/5321 5337/5337 5330/5330
f 5317/5317 5338/5338 5315/5315
f 5315/5315 5338/5338 5340/5340
f 5341/5341 5313/5313 5332/5332
f 5332/5332 5313/5313 5315/5315
f 5342/5342 5343/5343 5344/5344
f 5344/5344 5343/5343 5345/5345
f 5189/5189 5219/5219 5008/5008
f 5008/5008 5219/5219 5346/5346
f 5007/5007 5008/5008 5347/5347
f 5347/5347 5008/5008 5346/5346
f 5031/5031 5032/5032 5348/5348
f 5348/5348 5032/5032 5349/5349
f 5350/5350 5351/5351 5352/5352
f 5352/5352 5351/5351 5353/5353
f 5152/5152 5147/5147 5353/5353
f 5353/5353 5147/5147 5175/5175
f 5176/5176 5177/5177 5354/5354
f 5354/5354 5177/5177 5355/5355
f 5354/5354 5355/5355 5356/5356
f 5356/5356 5355/5355 4663/4663
f 5117/5117 5357/5357 5304/5304
f 5304/5304 5357/5357 5071/5071
f 5060/5060 5171/5171 4997/4997
f 4997/4997 5171/5171 4999/4999
f 5352/5352 5353/5353 5174/5174
f 5174/5174 5353/5353 5175/5175
f 5358/5358 5187/5187 5014/5014
f 5014/5014 5187/5187 5015/5015
f 5085/5085 5010/5010 5086/5086
f 5086/5086 5010/5010 5012/5012
f 5041/5041 5042/5042 5000/5000
f 5000/5000 5042/5042 5001/5001
f 5359/5359 5360/5360 5012/5012
f 5012/5012 5360/5360 5086/5086
f 5361/5361 5095/5095 5004/5004
f 5004/5004 5095/5095 5005/5005
f 5303/5303 5362/5362 5304/5304
f 5304/5304 5362/5362 5098/5098
f 5197/5197 5363/5363 5198/5198
f 5198/5198 5363/5363 5200/5200
f 5193/5193 5364/5364 5080/5080
f 5080/5080 5364/5364 5083/5083
f 5365/5365 5075/5075 5366/5366
f 5366/5366 5075/5075 5077/5077
f 5076/5076 5359/5359 5013/5013
f 5013/5013 5359/5359 5012/5012
f 5357/5357 5202/5202 5071/5071
f 5071/5071 5202/5202 5070/5070
f 5217/5217 5214/5214 5346/5346
f 5346/5346 5214/5214 5034/5034
f 5184/5184 5099/5099 5187/5187
f 5187/5187 5099/5099 5015/5015
f 5202/5202 5203/5203 5070/5070
f 5070/5070 5203/5203 5067/5067
f 5116/5116 5133/5133 5117/5117
f 5117/5117 5133/5133 5357/5357
f 5220/5220 5191/5191 5136/5136
f 5136/5136 5191/5191 5131/5131
f 5367/5367 5368/5368 5082/5082
f 5082/5082 5368/5368 5078/5078
f 5094/5094 5088/5088 5132/5132
f 5132/5132 5088/5088 5222/5222
f 5126/5126 5159/5159 5125/5125
f 5125/5125 5159/5159 4924/4924
f 5369/5369 5251/5251 5257/5257
f 5257/5257 5251/5251 5258/5258
f 5102/5102 5182/5182 5207/5207
f 5207/5207 5182/5182 5208/5208
f 5133/5133 5134/5134 5357/5357
f 5357/5357 5134/5134 5202/5202
f 5105/5105 5087/5087 5017/5017
f 5017/5017 5087/5087 5095/5095
f 5370/5370 5023/5023 5326/5326
f 5326/5326 5023/5023 5022/5022
f 5156/5156 5153/5153 5351/5351
f 5351/5351 5153/5153 5353/5353
f 5051/5051 5052/5052 4996/4996
f 4996/4996 5052/5052 4997/4997
f 5216/5216 5373/5373 5034/5034
f 5034/5034 5373/5373 5036/5036
f 5024/5024 5025/5025 5375/5375
f 5375/5375 5025/5025 5376/5376
f 5364/5364 5365/5365 5083/5083
f 5083/5083 5365/5365 5366/5366
f 5363/5363 5192/5192 5200/5200
f 5200/5200 5192/5192 5081/5081
f 5336/5336 5342/5342 5377/5377
f 5377/5377 5342/5342 5344/5344
f 5261/5261 5231/5231 5259/5259
f 5259/5259 5231/5231 5229/5229
f 5362/5362 5072/5072 5098/5098
f 5098/5098 5072/5072 5074/5074
f 5378/5378 5082/5082 5366/5366
f 5366/5366 5082/5082 5083/5083
f 5190/5190 5091/5091 5131/5131
f 5131/5131 5091/5091 5132/5132
f 5146/5146 5127/5127 5111/5111
f 5111/5111 5127/5127 5129/5129
f 5173/5173 5221/5221 5367/5367
f 5367/5367 5221/5221 5368/5368
f 5172/5172 5173/5173 5379/5379
f 5379/5379 5173/5173 5367/5367
f 5380/5380 5255/5255 5381/5381
f 5381/5381 5255/5255 5382/5382
f 5279/5279 5383/5383 5284/5284
f 5284/5284 5383/5383 5285/5285
f 5384/5384 5385/5385 5386/5386
f 5386/5386 5385/5385 5387/5387
f 5283/5283 5294/5294 5388/5388
f 5388/5388 5294/5294 5295/5295
f 5231/5231 5261/5261 5233/5233
f 5233/5233 5261/5261 5272/5272
f 5389/5389 5390/5390 5245/5245
f 5245/5245 5390/5390 5246/5246
f 5391/5391 5310/5310 5260/5260
f 5260/5260 5310/5310 5302/5302
f 5240/5240 5382/5382 5256/5256
f 5256/5256 5382/5382 5255/5255
f 5392/5392 5393/5393 5389/5389
f 5389/5389 5393/5393 5390/5390
f 5385/5385 5301/5301 5387/5387
f 5387/5387 5301/5301 5300/5300
f 5394/5394 5395/5395 5393/5393
f 5393/5393 5395/5395 5390/5390
f 5396/5396 5268/5268 5397/5397
f 5397/5397 5268/5268 5270/5270
f 5254/5254 5253/5253 5396/5396
f 5396/5396 5253/5253 5268/5268
f 5256/5256 5247/5247 5240/5240
f 5240/5240 5247/5247 5224/5224
f 4660/4660 5119/5119 4672/4672
f 5382/5382 5240/5240 5306/5306
f 5306/5306 5240/5240 5241/5241
f 5392/5392 5397/5397 5275/5275
f 5275/5275 5397/5397 5300/5300
f 5252/5252 5398/5398 5267/5267
f 5267/5267 5398/5398 5391/5391
f 5251/5251 5252/5252 5258/5258
f 5258/5258 5252/5252 5267/5267
f 5399/5399 5284/5284 5400/5400
f 5400/5400 5284/5284 5286/5286
f 5397/5397 5270/5270 5300/5300
f 5300/5300 5270/5270 5387/5387
f 5401/5401 5402/5402 5384/5384
f 5384/5384 5402/5402 5385/5385
f 5388/5388 5295/5295 5286/5286
f 5286/5286 5295/5295 5400/5400
f 5395/5395 5403/5403 5390/5390
f 5390/5390 5403/5403 5246/5246
f 5312/5312 5394/5394 5274/5274
f 5274/5274 5394/5394 5393/5393
f 5243/5243 5172/5172 5244/5244
f 5244/5244 5172/5172 5379/5379
f 5272/5272 5273/5273 5280/5280
f 5280/5280 5273/5273 5281/5281
f 5234/5234 5235/5235 5404/5404
f 5404/5404 5235/5235 5297/5297
f 5405/5405 5406/5406 5248/5248
f 5248/5248 5406/5406 5225/5225
f 5267/5267 5391/5391 5259/5259
f 5259/5259 5391/5391 5260/5260
f 5307/5307 5249/5249 5369/5369
f 5369/5369 5249/5249 5251/5251
f 5407/5407 5408/5408 5399/5399
f 5399/5399 5408/5408 5278/5278
f 5196/5196 5186/5186 5358/5358
f 5358/5358 5186/5186 5187/5187
f 5242/5242 5239/5239 5398/5398
f 5398/5398 5239/5239 5409/5409
f 5381/5381 5382/5382 5305/5305
f 5305/5305 5382/5382 5306/5306
f 5301/5301 5385/5385 5383/5383
f 5383/5383 5385/5385 5402/5402
f 5396/5396 5389/5389 5254/5254
f 5254/5254 5389/5389 5245/5245
f 5410/5410 5334/5334 5345/5345
f 5345/5345 5334/5334 5335/5335
f 5377/5377 5376/5376 5341/5341
f 5341/5341 5376/5376 5313/5313
f 5024/5024 5375/5375 5333/5333
f 5333/5333 5375/5375 5335/5335
f 5025/5025 5314/5314 5376/5376
f 5376/5376 5314/5314 5313/5313
f 5340/5340 5331/5331 5315/5315
f 5315/5315 5331/5331 5332/5332
f 5321/5321 5319/5319 5336/5336
f 5336/5336 5319/5319 5342/5342
f 5411/5411 5343/5343 5319/5319
f 5319/5319 5343/5343 5342/5342
f 5414/5414 5411/5411 5318/5318
f 5318/5318 5411/5411 5319/5319
f 5325/5325 5323/5323 5415/5415
f 5415/5415 5323/5323 5334/5334
f 5412/5412 5410/5410 5343/5343
f 5343/5343 5410/5410 5345/5345
f 5028/5028 5163/5163 5032/5032
f 5032/5032 5163/5163 5349/5349
f 5372/5372 5416/5416 5036/5036
f 5036/5036 5416/5416 5038/5038
f 5348/5348 5349/5349 5350/5350
f 5350/5350 5349/5349 5351/5351
f 5037/5037 5038/5038 5039/5039
f 5039/5039 5038/5038 5040/5040
f 5142/5142 5043/5043 5042/5042
f 5042/5042 5043/5043 5001/5001
f 5138/5138 5120/5120 5177/5177
f 5177/5177 5120/5120 5355/5355
f 5203/5203 5084/5084 5067/5067
f 5067/5067 5084/5084 5066/5066
f 5420/5420 5143/5143 5040/5040
f 5040/5040 5143/5143 5042/5042
f 5424/5424 5209/5209 5084/5084
f 5084/5084 5209/5209 5085/5085
f 5049/5049 5046/5046 5206/5206
f 5206/5206 5046/5046 5145/5145
f 5293/5293 5425/5425 5295/5295
f 5295/5295 5425/5425 5400/5400
f 5371/5371 5215/5215 5236/5236
f 5236/5236 5215/5215 5135/5135
f 5118/5118 4661/4661 5355/5355
f 5360/5360 5064/5064 5086/5086
f 5086/5086 5064/5064 5066/5066
f 5016/5016 5017/5017 5361/5361
f 5361/5361 5017/5017 5095/5095
f 5019/5019 5096/5096 5021/5021
f 5021/5021 5096/5096 5074/5074
f 5149/5149 5137/5137 5175/5175
f 5175/5175 5137/5137 5177/5177
f 5291/5291 5285/5285 5402/5402
f 5402/5402 5285/5285 5383/5383
f 5281/5281 5273/5273 5296/5296
f 5296/5296 5273/5273 5266/5266
f 5426/5426 5179/5179 5195/5195
f 5195/5195 5179/5179 5186/5186
f 5109/5109 5110/5110 5200/5200
f 5200/5200 5110/5110 5198/5198
f 5140/5140 5148/5148 5121/5121
f 5121/5121 5148/5148 5122/5122
f 5212/5212 5244/5244 5011/5011
f 5011/5011 5244/5244 5199/5199
f 5136/5136 5131/5131 5116/5116
f 5116/5116 5131/5131 5133/5133
f 5309/5309 5263/5263 5302/5302
f 5302/5302 5263/5263 5265/5265
f 5168/5168 5059/5059 5173/5173
f 5173/5173 5059/5059 5221/5221
f 5368/5368 5204/5204 5078/5078
f 5078/5078 5204/5204 5079/5079
f 5244/5244 5379/5379 5199/5199
f 5199/5199 5379/5379 5378/5378
f 5404/5404 5297/5297 5430/5430
f 5430/5430 5297/5297 5298/5298
f 4998/4998 4999/4999 5431/5431
f 5431/5431 4999/4999 5432/5432
f 5389/5389 5396/5396 5392/5392
f 5392/5392 5396/5396 5397/5397
f 5433/5433 5292/5292 5296/5296
f 5296/5296 5292/5292 5294/5294
f 5398/5398 5409/5409 5391/5391
f 5391/5391 5409/5409 5310/5310
f 5393/5393 5392/5392 5274/5274
f 5274/5274 5392/5392 5275/5275
f 5431/5431 5432/5432 5194/5194
f 5194/5194 5432/5432 5195/5195
f 5403/5403 5405/5405 5246/5246
f 5246/5246 5405/5405 5248/5248
f 5298/5298 5299/5299 5289/5289
f 5289/5289 5299/5299 5287/5287
f 5159/5159 5130/5130 4924/4924
f 5132/5132 5222/5222 5134/5134
f 5134/5134 5222/5222 5201/5201
f 5329/5329 5337/5337 5332/5332
f 5332/5332 5337/5337 5341/5341
f 5434/5434 5415/5415 5410/5410
f 5410/5410 5415/5415 5334/5334
f 5162/5162 5155/5155 5349/5349
f 5349/5349 5155/5155 5351/5351
f 5112/5112 5018/5018 5063/5063
f 5063/5063 5018/5018 5020/5020
f 5170/5170 5164/5164 4999/4999
f 4999/4999 5164/5164 5432/5432
f 5144/5144 5422/5422 5146/5146
f 5146/5146 5422/5422 5127/5127
f 5125/5125 4924/4924 4671/4671
f 5201/5201 5424/5424 5203/5203
f 5203/5203 5424/5424 5084/5084
f 5210/5210 5212/5212 5010/5010
f 5010/5010 5212/5212 5011/5011
f 5435/5435 5253/5253 5380/5380
f 5380/5380 5253/5253 5255/5255
f 5181/5181 5429/5429 5211/5211
f 5211/5211 5429/5429 5243/5243
f 5379/5379 5367/5367 5378/5378
f 5378/5378 5367/5367 5082/5082
f 5419/5419 5374/5374 5128/5128
f 5128/5128 5374/5374 5236/5236
f 5421/5421 5418/5418 5127/5127
f 5127/5127 5418/5418 5128/5128
f 5166/5166 5428/5428 5432/5432
f 5432/5432 5428/5428 5195/5195
f 5110/5110 5112/5112 5198/5198
f 5198/5198 5112/5112 5063/5063
f 5199/5199 5378/5378 5077/5077
f 5077/5077 5378/5378 5366/5366
f 5339/5339 5316/5316 5370/5370
f 5370/5370 5316/5316 5023/5023
f 5097/5097 5117/5117 5098/5098
f 5098/5098 5117/5117 5304/5304
f 4670/4670 4921/4921 4683/4683
f 5417/5417 5423/5423 5038/5038
f 5038/5038 5423/5423 5040/5040
f 5104/5104 5100/5100 5223/5223
f 5223/5223 5100/5100 5207/5207
f 5111/5111 5129/5129 5112/5112
f 5112/5112 5129/5129 5018/5018
f 5129/5129 5113/5113 5018/5018
f 5018/5018 5113/5113 5019/5019
f 5055/5055 5048/5048 5205/5205
f 5205/5205 5048/5048 5206/5206
f 5427/5427 5165/5165 5243/5243
f 5243/5243 5165/5165 5172/5172
f 5209/5209 5210/5210 5085/5085
f 5085/5085 5210/5210 5010/5010
f 5183/5183 5178/5178 5208/5208
f 5208/5208 5178/5178 5211/5211
f 5282/5282 5283/5283 5299/5299
f 5299/5299 5283/5283 5388/5388
f 5250/5250 5242/5242 5252/5252
f 5252/5252 5242/5242 5398/5398
f 5264/5264 5433/5433 5266/5266
f 5266/5266 5433/5433 5296/5296
f 5425/5425 5407/5407 5400/5400
f 5400/5400 5407/5407 5399/5399
f 5408/5408 5311/5311 5278/5278
f 5278/5278 5311/5311 5276/5276
f 5290/5290 5291/5291 5401/5401
f 5401/5401 5291/5291 5402/5402
f 5253/5253 5435/5435 5268/5268
f 5268/5268 5435/5435 5269/5269
f 5222/5222 5223/5223 5201/5201
f 5201/5201 5223/5223 5424/5424
f 5278/5278 5279/5279 5399/5399
f 5399/5399 5279/5279 5284/5284
f 5223/5223 5207/5207 5424/5424
f 5424/5424 5207/5207 5209/5209
f 5430/5430 5298/5298 5288/5288
f 5288/5288 5298/5298 5289/5289
f 5221/5221 5205/5205 5368/5368
f 5368/5368 5205/5205 5204/5204
f 5412/5412 5413/5413 5410/5410
f 5410/5410 5413/5413 5434/5434
f 5145/5145 5146/5146 5108/5108
f 5108/5108 5146/5146 5111/5111
f 5238/5238 5436/5436 5239/5239
f 5239/5239 5436/5436 5409/5409
f 5386/5386 5387/5387 5271/5271
f 5271/5271 5387/5387 5270/5270
f 5347/5347 5346/5346 5033/5033
f 5033/5033 5346/5346 5034/5034
f 5436/5436 5308/5308 5409/5409
f 5409/5409 5308/5308 5310/5310
f 5299/5299 5388/5388 5287/5287
f 5287/5287 5388/5388 5286/5286
f 5277/5277 5301/5301 5279/5279
f 5279/5279 5301/5301 5383/5383
f 5406/5406 5237/5237 5225/5225
f 5225/5225 5237/5237 5227/5227
f 5341/5341 5337/5337 5377/5377
f 5377/5377 5337/5337 5336/5336
f 5345/5345 5335/5335 5344/5344
f 5344/5344 5335/5335 5375/5375
f 5376/5376 5377/5377 5375/5375
f 5375/5375 5377/5377 5344/5344
f 5029/5029 4567/4567 4927/4927

