# https://github.com/mikedh/trimesh
mtllib mat_015.mtl
usemtl wurenji_lhcg_mat_015
v 0.09445540 -0.06953860 -0.01275100
v 0.09448780 -0.06948070 -0.01275730
v 0.09448780 -0.06948070 -0.01252180
v 0.09445540 -0.06953860 -0.01251660
v 0.09445080 -0.06939970 -0.01307020
v 0.09440460 -0.06932630 -0.01310890
v 0.09445540 -0.06923760 -0.01295930
v 0.09449710 -0.06932250 -0.01293830
v 0.09366960 -0.07089710 -0.01295400
v 0.09366960 -0.07090480 -0.01301680
v 0.09435840 -0.06970840 -0.01301680
v 0.09435380 -0.06971610 -0.01295400
v 0.09364650 -0.07090090 -0.01311100
v 0.09359560 -0.07088170 -0.01319160
v 0.09430290 -0.06965820 -0.01319160
v 0.09434450 -0.06969300 -0.01311100
v 0.09360950 -0.07100130 -0.01299490
v 0.09362340 -0.07098200 -0.01293520
v 0.09359560 -0.07102830 -0.01289860
v 0.09357250 -0.07106690 -0.01294460
v 0.09340150 -0.07121740 -0.01293830
v 0.09330900 -0.07122130 -0.01295930
v 0.09335980 -0.07113250 -0.01310890
v 0.09344770 -0.07114020 -0.01307020
v 0.09351700 -0.07102440 -0.01315920
v 0.09343380 -0.07100130 -0.01320940
v 0.09352630 -0.07084690 -0.01324500
v 0.09321660 -0.07119040 -0.01296660
v 0.09327200 -0.07109780 -0.01312360
v 0.09344310 -0.07080060 -0.01326380
v 0.09415500 -0.06956560 -0.01326380
v 0.09423820 -0.06961190 -0.01324500
v 0.09451550 -0.06929550 -0.01277510
v 0.09446930 -0.06920670 -0.01278030
v 0.09446930 -0.06920670 -0.01254280
v 0.09451550 -0.06929550 -0.01253860
v 0.09444620 -0.06955400 -0.01284520
v 0.09447860 -0.06950000 -0.01286930
v 0.09366960 -0.07089710 -0.01251660
v 0.09411660 -0.07012560 -0.00919060
v 0.09347540 -0.07114480 -0.00919060
v 0.09347540 -0.07114480 -0.00919060
v 0.09347540 -0.07114480 -0.00919060
v 0.09347540 -0.07114480 -0.00919060
v 0.09347540 -0.07114480 -0.00919060
v 0.09347540 -0.07114480 -0.00919060
v 0.09347540 -0.07114480 -0.00919060
v 0.09348930 -0.07117880 -0.01290690
v 0.09352170 -0.07111710 -0.01301260
v 0.09452020 -0.06939190 -0.01276670
v 0.09452020 -0.06939190 -0.01253120
v 0.09353550 -0.07113250 -0.01252180
v 0.09347540 -0.07120200 -0.01253130
v 0.09347540 -0.07120200 -0.01276670
v 0.09353550 -0.07113250 -0.01275730
v 0.09356790 -0.07107460 -0.01251660
v 0.09356790 -0.07107460 -0.01275100
v 0.09443230 -0.06958490 -0.01289860
v 0.09445080 -0.06954630 -0.01294460
v 0.09338760 -0.07124440 -0.01277510
v 0.09329050 -0.07125210 -0.01278030
v 0.09338760 -0.07124440 -0.01253860
v 0.09329050 -0.07125210 -0.01254280
v 0.09354940 -0.07110940 -0.01286930
v 0.09357710 -0.07105920 -0.01284520
v 0.09357710 -0.07102440 -0.01308380
v 0.09335060 -0.07096270 -0.01322720
v 0.09308120 -0.07115390 -0.00919060
v 0.09319810 -0.07122130 -0.01254490
v 0.09319810 -0.07122130 -0.01278240
v 0.09441380 -0.06961190 -0.01299490
v 0.09440460 -0.06963120 -0.01293520
v 0.09441850 -0.06956950 -0.01308380
v 0.09446930 -0.06947690 -0.01301260
v 0.09435380 -0.06971610 -0.01275100
v 0.09450630 -0.06941510 -0.01290690
v 0.09274960 -0.07096270 -0.01254590
v 0.09274960 -0.07096270 -0.01278350
v 0.09277280 -0.07093180 -0.01296660
v 0.09283750 -0.07084690 -0.01312360
v 0.09293460 -0.07072340 -0.01322720
v 0.09305010 -0.07057680 -0.01326380
v 0.09376210 -0.06933790 -0.01326380
v 0.09383600 -0.06916420 -0.01322720
v 0.09424740 -0.06940350 -0.01322720
v 0.09438610 -0.06951540 -0.01315920
v 0.09394690 -0.06888250 -0.01254590
v 0.09440000 -0.06914500 -0.01254490
v 0.09440000 -0.06914500 -0.01278240
v 0.09394690 -0.06888250 -0.01278350
v 0.09438150 -0.06917580 -0.01296660
v 0.09393310 -0.06891720 -0.01296660
v 0.09432600 -0.06926840 -0.01312360
v 0.09389150 -0.06901760 -0.01312360
v 0.09432600 -0.06945760 -0.01320940
v 0.09366960 -0.07089710 -0.01275100
v 0.09444430 -0.06928030 -0.00919060
v 0.09444430 -0.06928030 -0.00919060
v 0.09444430 -0.06928030 -0.00919060
v 0.09444430 -0.06928030 -0.00919060
v 0.09444430 -0.06928030 -0.00919060
v 0.09439290 -0.06964780 -0.00919060
v 0.09439290 -0.06964780 -0.00919060
v 0.09435380 -0.06971610 -0.01251660
v 0.09274960 -0.07096270 -0.00919060
v 0.09394690 -0.06888250 -0.00919060
v 0.09448780 -0.06948070 -0.00562390
v 0.09445540 -0.06953860 -0.00563010
v 0.09448780 -0.06948070 -0.00585930
v 0.09445540 -0.06953860 -0.00586450
v 0.09440460 -0.06932630 -0.00527220
v 0.09445080 -0.06939970 -0.00531090
v 0.09445540 -0.06923760 -0.00542190
v 0.09449710 -0.06932250 -0.00544280
v 0.09366960 -0.07090480 -0.00536430
v 0.09366960 -0.07089710 -0.00542710
v 0.09435840 -0.06970840 -0.00536430
v 0.09435380 -0.06971610 -0.00542710
v 0.09359560 -0.07088170 -0.00518960
v 0.09364650 -0.07090100 -0.00527010
v 0.09430290 -0.06965820 -0.00518960
v 0.09434450 -0.06969300 -0.00527010
v 0.09362330 -0.07098200 -0.00544590
v 0.09360950 -0.07100130 -0.00538630
v 0.09359560 -0.07102830 -0.00548260
v 0.09357250 -0.07106690 -0.00543650
v 0.09330900 -0.07122130 -0.00542190
v 0.09340150 -0.07121740 -0.00544280
v 0.09335980 -0.07113250 -0.00527220
v 0.09344770 -0.07114020 -0.00531100
v 0.09343380 -0.07100130 -0.00517180
v 0.09351700 -0.07102450 -0.00522200
v 0.09352630 -0.07084690 -0.00513620
v 0.09321650 -0.07119040 -0.00541460
v 0.09327200 -0.07109780 -0.00525760
v 0.09344310 -0.07080060 -0.00511730
v 0.09415500 -0.06956560 -0.00511730
v 0.09423820 -0.06961190 -0.00513620
v 0.09446930 -0.06920670 -0.00560080
v 0.09451550 -0.06929550 -0.00560610
v 0.09446930 -0.06920670 -0.00583840
v 0.09451550 -0.06929550 -0.00584260
v 0.09447860 -0.06950000 -0.00551190
v 0.09444620 -0.06955400 -0.00553600
v 0.09366960 -0.07089710 -0.00586450
v 0.09348930 -0.07117880 -0.00547420
v 0.09352170 -0.07111710 -0.00536850
v 0.09452020 -0.06939200 -0.00561440
v 0.09452020 -0.06939200 -0.00584990
v 0.09347540 -0.07120200 -0.00584990
v 0.09353550 -0.07113250 -0.00585930
v 0.09347540 -0.07120200 -0.00561440
v 0.09353550 -0.07113250 -0.00562390
v 0.09356790 -0.07107460 -0.00586450
v 0.09356790 -0.07107460 -0.00563010
v 0.09445080 -0.06954630 -0.00543650
v 0.09443230 -0.06958490 -0.00548260
v 0.09329050 -0.07125220 -0.00560080
v 0.09338760 -0.07124440 -0.00560610
v 0.09329050 -0.07125220 -0.00583840
v 0.09338760 -0.07124440 -0.00584260
v 0.09357710 -0.07105920 -0.00553600
v 0.09354940 -0.07110940 -0.00551190
v 0.09357710 -0.07102450 -0.00529730
v 0.09335060 -0.07096270 -0.00515400
v 0.09319810 -0.07122130 -0.00583630
v 0.09319810 -0.07122130 -0.00559870
v 0.09441380 -0.06961190 -0.00538630
v 0.09440460 -0.06963120 -0.00544590
v 0.09441850 -0.06956950 -0.00529730
v 0.09446930 -0.06947690 -0.00536850
v 0.09435380 -0.06971610 -0.00563010
v 0.09450630 -0.06941510 -0.00547420
v 0.09274960 -0.07096270 -0.00559770
v 0.09274960 -0.07096270 -0.00583530
v 0.09277280 -0.07093180 -0.00541460
v 0.09283750 -0.07084690 -0.00525760
v 0.09293460 -0.07072340 -0.00515400
v 0.09305010 -0.07057680 -0.00511730
v 0.09376210 -0.06933790 -0.00511730
v 0.09383600 -0.06916430 -0.00515400
v 0.09424740 -0.06940350 -0.00515400
v 0.09438610 -0.06951550 -0.00522200
v 0.09440000 -0.06914500 -0.00583630
v 0.09394690 -0.06888250 -0.00583520
v 0.09440000 -0.06914500 -0.00559870
v 0.09394690 -0.06888250 -0.00559770
v 0.09438150 -0.06917580 -0.00541460
v 0.09393310 -0.06891730 -0.00541460
v 0.09432600 -0.06926850 -0.00525760
v 0.09389150 -0.06901760 -0.00525760
v 0.09432600 -0.06945760 -0.00517180
v 0.09366960 -0.07089710 -0.00563010
v 0.09435380 -0.06971610 -0.00586450
v -0.09449530 -0.06953860 -0.01275100
v -0.09452760 -0.06948070 -0.01275730
v -0.09452760 -0.06948070 -0.01252180
v -0.09449530 -0.06953860 -0.01251660
v -0.09449070 -0.06939970 -0.01307020
v -0.09444440 -0.06932630 -0.01310890
v -0.09449530 -0.06923760 -0.01295930
v -0.09453690 -0.06932250 -0.01293830
v -0.09370940 -0.07089710 -0.01295400
v -0.09370940 -0.07090480 -0.01301680
v -0.09439820 -0.06970840 -0.01301680
v -0.09439360 -0.06971610 -0.01295400
v -0.09368630 -0.07090090 -0.01311100
v -0.09363550 -0.07088170 -0.01319160
v -0.09434270 -0.06965820 -0.01319160
v -0.09438430 -0.06969300 -0.01311100
v -0.09364930 -0.07100130 -0.01299490
v -0.09366320 -0.07098200 -0.01293520
v -0.09363550 -0.07102830 -0.01289860
v -0.09361230 -0.07106690 -0.01294460
v -0.09344130 -0.07121740 -0.01293830
v -0.09334890 -0.07122130 -0.01295930
v -0.09339970 -0.07113250 -0.01310890
v -0.09348750 -0.07114020 -0.01307020
v -0.09355690 -0.07102440 -0.01315920
v -0.09347360 -0.07100130 -0.01320940
v -0.09356610 -0.07084690 -0.01324500
v -0.09325640 -0.07119040 -0.01296660
v -0.09331180 -0.07109780 -0.01312360
v -0.09348290 -0.07080060 -0.01326380
v -0.09419480 -0.06956560 -0.01326380
v -0.09427800 -0.06961190 -0.01324500
v -0.09455540 -0.06929550 -0.01277510
v -0.09450910 -0.06920670 -0.01278030
v -0.09450910 -0.06920670 -0.01254280
v -0.09455540 -0.06929550 -0.01253860
v -0.09448600 -0.06955400 -0.01284520
v -0.09451840 -0.06950000 -0.01286930
v -0.09370940 -0.07089710 -0.01251660
v -0.09415640 -0.07012560 -0.00919060
v -0.09351520 -0.07114480 -0.00919060
v -0.09351520 -0.07114480 -0.00919060
v -0.09351520 -0.07114480 -0.00919060
v -0.09351520 -0.07114480 -0.00919060
v -0.09351520 -0.07114480 -0.00919060
v -0.09351520 -0.07114480 -0.00919060
v -0.09351520 -0.07114480 -0.00919060
v -0.09352910 -0.07117880 -0.01290690
v -0.09356150 -0.07111710 -0.01301270
v -0.09456000 -0.06939190 -0.01276670
v -0.09456000 -0.06939190 -0.01253120
v -0.09357530 -0.07113250 -0.01252180
v -0.09351530 -0.07120200 -0.01253130
v -0.09351530 -0.07120200 -0.01276670
v -0.09357530 -0.07113250 -0.01275730
v -0.09360770 -0.07107460 -0.01251660
v -0.09360770 -0.07107460 -0.01275100
v -0.09447220 -0.06958490 -0.01289860
v -0.09449070 -0.06954630 -0.01294460
v -0.09342740 -0.07124440 -0.01277510
v -0.09333030 -0.07125210 -0.01278030
v -0.09342740 -0.07124440 -0.01253860
v -0.09333030 -0.07125210 -0.01254280
v -0.09358920 -0.07110930 -0.01286930
v -0.09361700 -0.07105920 -0.01284520
v -0.09361700 -0.07102440 -0.01308380
v -0.09339040 -0.07096270 -0.01322720
v -0.09312100 -0.07115390 -0.00919060
v -0.09323790 -0.07122130 -0.01254490
v -0.09323790 -0.07122130 -0.01278240
v -0.09445370 -0.06961190 -0.01299490
v -0.09444440 -0.06963120 -0.01293520
v -0.09445830 -0.06956950 -0.01308380
v -0.09450910 -0.06947690 -0.01301260
v -0.09439360 -0.06971610 -0.01275100
v -0.09454610 -0.06941510 -0.01290690
v -0.09278950 -0.07096270 -0.01254590
v -0.09278950 -0.07096270 -0.01278350
v -0.09281260 -0.07093180 -0.01296660
v -0.09287730 -0.07084690 -0.01312360
v -0.09297440 -0.07072340 -0.01322720
v -0.09309000 -0.07057680 -0.01326380
v -0.09380190 -0.06933790 -0.01326380
v -0.09387580 -0.06916420 -0.01322720
v -0.09428720 -0.06940350 -0.01322720
v -0.09442590 -0.06951540 -0.01315920
v -0.09398680 -0.06888250 -0.01254590
v -0.09443980 -0.06914490 -0.01254490
v -0.09443980 -0.06914490 -0.01278240
v -0.09398680 -0.06888250 -0.01278350
v -0.09442130 -0.06917580 -0.01296660
v -0.09397290 -0.06891720 -0.01296660
v -0.09436580 -0.06926840 -0.01312360
v -0.09393130 -0.06901760 -0.01312360
v -0.09436580 -0.06945760 -0.01320940
v -0.09370940 -0.07089710 -0.01275100
v -0.09448410 -0.06928030 -0.00919060
v -0.09448410 -0.06928030 -0.00919060
v -0.09448410 -0.06928030 -0.00919060
v -0.09448410 -0.06928030 -0.00919060
v -0.09448410 -0.06928030 -0.00919060
v -0.09443270 -0.06964780 -0.00919060
v -0.09443270 -0.06964780 -0.00919060
v -0.09439360 -0.06971610 -0.01251660
v -0.09278950 -0.07096270 -0.00919060
v -0.09398680 -0.06888250 -0.00919060
v -0.09452760 -0.06948070 -0.00562390
v -0.09449530 -0.06953860 -0.00563010
v -0.09452760 -0.06948070 -0.00585930
v -0.09449530 -0.06953860 -0.00586450
v -0.09444440 -0.06932630 -0.00527220
v -0.09449070 -0.06939970 -0.00531090
v -0.09449530 -0.06923760 -0.00542190
v -0.09453690 -0.06932250 -0.00544280
v -0.09370940 -0.07090480 -0.00536430
v -0.09370940 -0.07089710 -0.00542710
v -0.09439820 -0.06970840 -0.00536430
v -0.09439360 -0.06971620 -0.00542710
v -0.09363550 -0.07088170 -0.00518960
v -0.09368630 -0.07090100 -0.00527010
v -0.09434270 -0.06965820 -0.00518960
v -0.09438430 -0.06969300 -0.00527010
v -0.09366320 -0.07098200 -0.00544600
v -0.09364930 -0.07100130 -0.00538630
v -0.09363550 -0.07102830 -0.00548260
v -0.09361230 -0.07106690 -0.00543650
v -0.09334890 -0.07122130 -0.00542190
v -0.09344130 -0.07121740 -0.00544280
v -0.09339970 -0.07113250 -0.00527220
v -0.09348750 -0.07114020 -0.00531100
v -0.09347360 -0.07100130 -0.00517180
v -0.09355690 -0.07102450 -0.00522200
v -0.09356610 -0.07084690 -0.00513620
v -0.09325640 -0.07119040 -0.00541460
v -0.09331180 -0.07109780 -0.00525760
v -0.09348290 -0.07080060 -0.00511730
v -0.09419480 -0.06956560 -0.00511730
v -0.09427800 -0.06961190 -0.00513620
v -0.09450910 -0.06920670 -0.00560080
v -0.09455540 -0.06929550 -0.00560610
v -0.09450910 -0.06920670 -0.00583840
v -0.09455540 -0.06929550 -0.00584260
v -0.09451840 -0.06950000 -0.00551190
v -0.09448600 -0.06955400 -0.00553600
v -0.09370940 -0.07089710 -0.00586450
v -0.09352910 -0.07117880 -0.00547420
v -0.09356150 -0.07111710 -0.00536850
v -0.09456000 -0.06939200 -0.00561440
v -0.09456000 -0.06939200 -0.00584990
v -0.09351530 -0.07120200 -0.00584990
v -0.09357530 -0.07113250 -0.00585930
v -0.09351530 -0.07120200 -0.00561440
v -0.09357530 -0.07113250 -0.00562390
v -0.09360770 -0.07107460 -0.00586460
v -0.09360770 -0.07107460 -0.00563010
v -0.09449070 -0.06954630 -0.00543650
v -0.09447220 -0.06958490 -0.00548260
v -0.09333030 -0.07125220 -0.00560080
v -0.09342740 -0.07124440 -0.00560610
v -0.09333030 -0.07125220 -0.00583840
v -0.09342740 -0.07124440 -0.00584260
v -0.09361690 -0.07105920 -0.00553600
v -0.09358920 -0.07110940 -0.00551190
v -0.09361690 -0.07102450 -0.00529730
v -0.09339040 -0.07096270 -0.00515400
v -0.09323790 -0.07122130 -0.00583630
v -0.09323790 -0.07122130 -0.00559870
v -0.09445370 -0.06961190 -0.00538630
v -0.09444440 -0.06963120 -0.00544590
v -0.09445830 -0.06956950 -0.00529730
v -0.09450910 -0.06947690 -0.00536850
v -0.09439360 -0.06971620 -0.00563010
v -0.09454610 -0.06941510 -0.00547420
v -0.09278950 -0.07096270 -0.00559770
v -0.09278950 -0.07096270 -0.00583530
v -0.09281260 -0.07093180 -0.00541460
v -0.09287730 -0.07084690 -0.00525760
v -0.09297440 -0.07072340 -0.00515400
v -0.09309000 -0.07057680 -0.00511730
v -0.09380190 -0.06933790 -0.00511730
v -0.09387580 -0.06916430 -0.00515400
v -0.09428720 -0.06940350 -0.00515400
v -0.09442590 -0.06951550 -0.00522200
v -0.09443980 -0.06914500 -0.00583630
v -0.09398680 -0.06888250 -0.00583520
v -0.09443980 -0.06914500 -0.00559870
v -0.09398680 -0.06888250 -0.00559770
v -0.09442130 -0.06917580 -0.00541460
v -0.09397290 -0.06891730 -0.00541460
v -0.09436580 -0.06926850 -0.00525760
v -0.09393130 -0.06901760 -0.00525760
v -0.09436580 -0.06945760 -0.00517180
v -0.09370940 -0.07089710 -0.00563010
v -0.09439360 -0.06971620 -0.00586450
v -0.09449530 -0.06953860 -0.01239960
v -0.09452770 -0.06948070 -0.01240590
v -0.09452770 -0.06948070 -0.01217040
v -0.09449530 -0.06953860 -0.01216520
v -0.09449070 -0.06939970 -0.01271880
v -0.09444450 -0.06932630 -0.01275750
v -0.09449530 -0.06923760 -0.01260780
v -0.09453690 -0.06932250 -0.01258690
v -0.09370950 -0.07089710 -0.01260260
v -0.09370950 -0.07090480 -0.01266540
v -0.09439830 -0.06970840 -0.01266540
v -0.09439370 -0.06971610 -0.01260260
v -0.09368630 -0.07090090 -0.01275960
v -0.09363550 -0.07088170 -0.01284020
v -0.09434280 -0.06965820 -0.01284020
v -0.09438440 -0.06969300 -0.01275960
v -0.09364940 -0.07100130 -0.01264340
v -0.09366320 -0.07098200 -0.01258380
v -0.09363550 -0.07102830 -0.01254710
v -0.09361240 -0.07106690 -0.01259320
v -0.09344130 -0.07121740 -0.01258690
v -0.09334890 -0.07122130 -0.01260780
v -0.09339970 -0.07113250 -0.01275750
v -0.09348760 -0.07114020 -0.01271880
v -0.09355690 -0.07102440 -0.01280770
v -0.09347370 -0.07100130 -0.01285790
v -0.09356620 -0.07084690 -0.01289350
v -0.09325640 -0.07119040 -0.01261520
v -0.09331190 -0.07109780 -0.01277210
v -0.09348300 -0.07080060 -0.01291240
v -0.09419490 -0.06956560 -0.01291240
v -0.09427810 -0.06961190 -0.01289350
v -0.09455540 -0.06929550 -0.01242370
v -0.09450920 -0.06920670 -0.01242890
v -0.09450920 -0.06920670 -0.01219130
v -0.09455540 -0.06929550 -0.01218710
v -0.09448610 -0.06955400 -0.01249380
v -0.09451850 -0.06950000 -0.01251780
v -0.09370950 -0.07089710 -0.01216520
v -0.09415640 -0.07012560 -0.00883910
v -0.09351520 -0.07114480 -0.00883910
v -0.09351520 -0.07114480 -0.00883910
v -0.09351520 -0.07114480 -0.00883910
v -0.09351520 -0.07114480 -0.00883910
v -0.09351520 -0.07114480 -0.00883910
v -0.09351520 -0.07114480 -0.00883910
v -0.09351520 -0.07114480 -0.00883910
v -0.09352920 -0.07117880 -0.01255550
v -0.09356150 -0.07111710 -0.01266120
v -0.09456010 -0.06939190 -0.01241530
v -0.09456010 -0.06939190 -0.01217980
v -0.09357540 -0.07113250 -0.01217040
v -0.09351530 -0.07120200 -0.01217980
v -0.09351530 -0.07120200 -0.01241530
v -0.09357540 -0.07113250 -0.01240590
v -0.09360780 -0.07107460 -0.01216520
v -0.09360780 -0.07107460 -0.01239960
v -0.09447220 -0.06958490 -0.01254710
v -0.09449070 -0.06954630 -0.01259320
v -0.09342750 -0.07124440 -0.01242370
v -0.09333040 -0.07125210 -0.01242890
v -0.09342750 -0.07124440 -0.01218710
v -0.09333040 -0.07125210 -0.01219130
v -0.09358930 -0.07110940 -0.01251780
v -0.09361700 -0.07105920 -0.01249380
v -0.09361700 -0.07102440 -0.01273240
v -0.09339050 -0.07096270 -0.01287570
v -0.09312110 -0.07115390 -0.00883910
v -0.09323790 -0.07122130 -0.01219340
v -0.09323790 -0.07122130 -0.01243100
v -0.09445370 -0.06961190 -0.01264340
v -0.09444450 -0.06963120 -0.01258380
v -0.09445840 -0.06956950 -0.01273240
v -0.09450920 -0.06947690 -0.01266120
v -0.09439370 -0.06971610 -0.01239960
v -0.09454620 -0.06941510 -0.01255550
v -0.09278950 -0.07096270 -0.01219450
v -0.09278950 -0.07096270 -0.01243200
v -0.09281260 -0.07093180 -0.01261520
v -0.09287740 -0.07084690 -0.01277210
v -0.09297440 -0.07072340 -0.01287570
v -0.09309000 -0.07057680 -0.01291240
v -0.09380190 -0.06933790 -0.01291240
v -0.09387590 -0.06916420 -0.01287570
v -0.09428730 -0.06940350 -0.01287570
v -0.09442600 -0.06951540 -0.01280770
v -0.09398680 -0.06888250 -0.01219450
v -0.09443990 -0.06914500 -0.01219340
v -0.09443990 -0.06914500 -0.01243100
v -0.09398680 -0.06888250 -0.01243200
v -0.09442140 -0.06917580 -0.01261520
v -0.09397300 -0.06891720 -0.01261520
v -0.09436590 -0.06926840 -0.01277210
v -0.09393140 -0.06901760 -0.01277210
v -0.09436590 -0.06945760 -0.01285790
v -0.09370950 -0.07089710 -0.01239960
v -0.09448420 -0.06928030 -0.00883910
v -0.09448420 -0.06928030 -0.00883910
v -0.09448420 -0.06928030 -0.00883910
v -0.09448420 -0.06928030 -0.00883910
v -0.09448420 -0.06928030 -0.00883910
v -0.09443280 -0.06964780 -0.00883910
v -0.09443280 -0.06964780 -0.00883910
v -0.09439370 -0.06971610 -0.01216520
v -0.09278950 -0.07096270 -0.00883910
v -0.09398680 -0.06888250 -0.00883910
v -0.09452770 -0.06948070 -0.00527240
v -0.09449530 -0.06953860 -0.00527870
v -0.09452770 -0.06948070 -0.00550790
v -0.09449530 -0.06953860 -0.00551310
v -0.09444450 -0.06932630 -0.00492080
v -0.09449070 -0.06939970 -0.00495950
v -0.09449530 -0.06923760 -0.00507040
v -0.09453690 -0.06932250 -0.00509140
v -0.09370950 -0.07090480 -0.00501290
v -0.09370950 -0.07089710 -0.00507570
v -0.09439820 -0.06970840 -0.00501290
v -0.09439370 -0.06971610 -0.00507570
v -0.09363550 -0.07088170 -0.00483810
v -0.09368630 -0.07090100 -0.00491870
v -0.09434280 -0.06965820 -0.00483810
v -0.09438440 -0.06969300 -0.00491870
v -0.09366320 -0.07098200 -0.00509450
v -0.09364940 -0.07100130 -0.00503490
v -0.09363550 -0.07102830 -0.00513110
v -0.09361240 -0.07106690 -0.00508510
v -0.09334890 -0.07122130 -0.00507040
v -0.09344130 -0.07121740 -0.00509140
v -0.09339970 -0.07113250 -0.00492080
v -0.09348760 -0.07114020 -0.00495950
v -0.09347370 -0.07100130 -0.00482030
v -0.09355690 -0.07102450 -0.00487060
v -0.09356610 -0.07084690 -0.00478480
v -0.09325640 -0.07119040 -0.00506310
v -0.09331190 -0.07109780 -0.00490620
v -0.09348300 -0.07080060 -0.00476590
v -0.09419490 -0.06956560 -0.00476590
v -0.09427810 -0.06961190 -0.00478470
v -0.09450920 -0.06920670 -0.00524940
v -0.09455540 -0.06929550 -0.00525460
v -0.09450920 -0.06920670 -0.00548690
v -0.09455540 -0.06929550 -0.00549110
v -0.09451840 -0.06950000 -0.00516040
v -0.09448610 -0.06955400 -0.00518450
v -0.09370950 -0.07089710 -0.00551310
v -0.09352920 -0.07117880 -0.00512280
v -0.09356150 -0.07111710 -0.00501710
v -0.09456010 -0.06939200 -0.00526300
v -0.09456010 -0.06939200 -0.00549850
v -0.09351530 -0.07120200 -0.00549850
v -0.09357540 -0.07113250 -0.00550790
v -0.09351530 -0.07120200 -0.00526300
v -0.09357540 -0.07113250 -0.00527240
v -0.09360780 -0.07107460 -0.00551310
v -0.09360780 -0.07107460 -0.00527870
v -0.09449070 -0.06954630 -0.00508510
v -0.09447220 -0.06958490 -0.00513110
v -0.09333040 -0.07125220 -0.00524940
v -0.09342750 -0.07124440 -0.00525460
v -0.09333040 -0.07125220 -0.00548700
v -0.09342750 -0.07124440 -0.00549110
v -0.09361700 -0.07105920 -0.00518450
v -0.09358930 -0.07110940 -0.00516040
v -0.09361700 -0.07102450 -0.00494590
v -0.09339050 -0.07096270 -0.00480250
v -0.09323790 -0.07122130 -0.00548490
v -0.09323790 -0.07122130 -0.00524730
v -0.09445370 -0.06961190 -0.00503490
v -0.09444450 -0.06963120 -0.00509450
v -0.09445840 -0.06956950 -0.00494590
v -0.09450920 -0.06947690 -0.00501710
v -0.09439370 -0.06971610 -0.00527870
v -0.09454620 -0.06941510 -0.00512280
v -0.09278950 -0.07096270 -0.00524630
v -0.09278950 -0.07096270 -0.00548380
v -0.09281260 -0.07093180 -0.00506310
v -0.09287740 -0.07084690 -0.00490620
v -0.09297440 -0.07072340 -0.00480250
v -0.09309000 -0.07057680 -0.00476590
v -0.09380190 -0.06933790 -0.00476590
v -0.09387590 -0.06916430 -0.00480250
v -0.09428730 -0.06940350 -0.00480250
v -0.09442600 -0.06951550 -0.00487060
v -0.09443990 -0.06914500 -0.00548490
v -0.09398680 -0.06888250 -0.00548380
v -0.09443990 -0.06914500 -0.00524730
v -0.09398680 -0.06888250 -0.00524620
v -0.09442140 -0.06917580 -0.00506310
v -0.09397300 -0.06891730 -0.00506310
v -0.09436590 -0.06926850 -0.00490610
v -0.09393140 -0.06901760 -0.00490610
v -0.09436590 -0.06945760 -0.00482030
v -0.09370950 -0.07089710 -0.00527870
v -0.09439370 -0.06971610 -0.00551310
v 0.09437570 0.06945560 0.00614790
v 0.09440800 0.06939770 0.00614160
v 0.09440800 0.06939770 0.00637700
v 0.09437570 0.06945560 0.00638230
v 0.09437110 0.06931670 0.00582870
v 0.09432480 0.06924330 0.00579000
v 0.09437570 0.06915460 0.00593960
v 0.09441730 0.06923950 0.00596050
v 0.09358980 0.07081410 0.00594490
v 0.09358980 0.07082180 0.00588210
v 0.09427860 0.06962540 0.00588210
v 0.09427400 0.06963310 0.00594490
v 0.09356670 0.07081800 0.00578790
v 0.09351580 0.07079870 0.00570730
v 0.09422310 0.06957530 0.00570730
v 0.09426470 0.06961000 0.00578790
v 0.09352970 0.07091830 0.00590400
v 0.09354360 0.07089900 0.00596370
v 0.09351580 0.07094530 0.00600030
v 0.09349270 0.07098390 0.00595430
v 0.09332170 0.07113440 0.00596050
v 0.09322920 0.07113830 0.00593960
v 0.09328010 0.07104950 0.00579000
v 0.09336790 0.07105720 0.00582870
v 0.09343720 0.07094150 0.00573970
v 0.09335400 0.07091830 0.00568950
v 0.09344650 0.07076390 0.00565390
v 0.09313680 0.07110740 0.00593230
v 0.09319220 0.07101480 0.00577530
v 0.09336330 0.07071760 0.00563510
v 0.09407520 0.06948260 0.00563510
v 0.09415840 0.06952890 0.00565390
v 0.09443580 0.06921250 0.00612380
v 0.09438950 0.06912370 0.00611860
v 0.09438950 0.06912370 0.00635610
v 0.09443580 0.06921250 0.00636030
v 0.09436640 0.06947110 0.00605370
v 0.09439880 0.06941700 0.00602960
v 0.09358980 0.07081410 0.00638230
v 0.09403680 0.07004260 0.00970830
v 0.09339560 0.07106180 0.00970830
v 0.09339560 0.07106180 0.00970830
v 0.09339560 0.07106180 0.00970830
v 0.09339560 0.07106180 0.00970830
v 0.09339560 0.07106180 0.00970830
v 0.09339560 0.07106180 0.00970830
v 0.09339560 0.07106180 0.00970830
v 0.09340950 0.07109580 0.00599190
v 0.09344190 0.07103410 0.00588620
v 0.09444040 0.06930900 0.00613220
v 0.09444040 0.06930900 0.00636760
v 0.09345570 0.07104950 0.00637700
v 0.09339570 0.07111900 0.00636760
v 0.09339570 0.07111900 0.00613220
v 0.09345570 0.07104950 0.00614160
v 0.09348810 0.07099160 0.00638230
v 0.09348810 0.07099160 0.00614790
v 0.09435260 0.06950190 0.00600030
v 0.09437110 0.06946330 0.00595430
v 0.09330780 0.07116140 0.00612380
v 0.09321070 0.07116920 0.00611860
v 0.09330780 0.07116140 0.00636030
v 0.09321070 0.07116920 0.00635610
v 0.09346960 0.07102640 0.00602960
v 0.09349730 0.07097620 0.00605370
v 0.09349730 0.07094150 0.00581510
v 0.09327080 0.07087970 0.00567170
v 0.09300140 0.07107090 0.00970830
v 0.09311830 0.07113830 0.00635400
v 0.09311830 0.07113830 0.00611650
v 0.09433410 0.06952890 0.00590400
v 0.09432480 0.06954820 0.00596370
v 0.09433870 0.06948650 0.00581510
v 0.09438950 0.06939390 0.00588620
v 0.09427400 0.06963310 0.00614790
v 0.09442650 0.06933210 0.00599190
v 0.09266990 0.07087970 0.00635300
v 0.09266990 0.07087970 0.00611540
v 0.09269300 0.07084880 0.00593230
v 0.09275770 0.07076390 0.00577530
v 0.09285480 0.07064040 0.00567170
v 0.09297030 0.07049380 0.00563510
v 0.09368230 0.06925490 0.00563510
v 0.09375620 0.06908130 0.00567170
v 0.09416760 0.06932050 0.00567170
v 0.09430630 0.06943240 0.00573970
v 0.09386710 0.06879950 0.00635300
v 0.09432020 0.06906200 0.00635400
v 0.09432020 0.06906200 0.00611650
v 0.09386710 0.06879950 0.00611540
v 0.09430170 0.06909280 0.00593230
v 0.09385330 0.06883430 0.00593230
v 0.09424620 0.06918550 0.00577530
v 0.09381170 0.06893460 0.00577530
v 0.09424620 0.06937460 0.00568950
v 0.09358980 0.07081410 0.00614790
v 0.09436450 0.06919730 0.00970830
v 0.09436450 0.06919730 0.00970830
v 0.09436450 0.06919730 0.00970830
v 0.09436450 0.06919730 0.00970830
v 0.09436450 0.06919730 0.00970830
v 0.09431310 0.06956480 0.00970830
v 0.09431310 0.06956480 0.00970830
v 0.09427400 0.06963310 0.00638230
v 0.09266990 0.07087970 0.00970830
v 0.09386710 0.06879950 0.00970830
v 0.09440800 0.06939770 0.01327500
v 0.09437560 0.06945560 0.01326880
v 0.09440800 0.06939770 0.01303960
v 0.09437560 0.06945560 0.01303430
v 0.09432480 0.06924330 0.01362670
v 0.09437110 0.06931670 0.01358790
v 0.09437560 0.06915460 0.01347700
v 0.09441730 0.06923950 0.01345610
v 0.09358980 0.07082180 0.01353460
v 0.09358980 0.07081410 0.01347180
v 0.09427860 0.06962540 0.01353460
v 0.09427400 0.06963310 0.01347180
v 0.09351580 0.07079870 0.01370930
v 0.09356670 0.07081790 0.01362870
v 0.09422310 0.06957520 0.01370930
v 0.09426470 0.06961000 0.01362870
v 0.09354360 0.07089900 0.01345290
v 0.09352970 0.07091830 0.01351260
v 0.09351580 0.07094530 0.01341630
v 0.09349270 0.07098390 0.01346240
v 0.09322920 0.07113830 0.01347700
v 0.09332170 0.07113440 0.01345610
v 0.09328010 0.07104950 0.01362670
v 0.09336790 0.07105720 0.01358790
v 0.09335400 0.07091830 0.01372710
v 0.09343720 0.07094140 0.01367690
v 0.09344650 0.07076390 0.01376270
v 0.09313670 0.07110740 0.01348430
v 0.09319220 0.07101480 0.01364130
v 0.09336330 0.07071760 0.01378150
v 0.09407520 0.06948260 0.01378150
v 0.09415840 0.06952890 0.01376270
v 0.09438950 0.06912370 0.01329810
v 0.09443580 0.06921250 0.01329280
v 0.09438950 0.06912370 0.01306050
v 0.09443580 0.06921250 0.01305630
v 0.09439880 0.06941700 0.01338700
v 0.09436640 0.06947100 0.01336290
v 0.09358980 0.07081410 0.01303430
v 0.09340950 0.07109580 0.01342470
v 0.09344190 0.07103410 0.01353040
v 0.09444040 0.06930890 0.01328440
v 0.09444040 0.06930890 0.01304900
v 0.09339570 0.07111900 0.01304900
v 0.09345570 0.07104950 0.01303960
v 0.09339570 0.07111900 0.01328440
v 0.09345570 0.07104950 0.01327500
v 0.09348810 0.07099160 0.01303430
v 0.09348810 0.07099160 0.01326880
v 0.09437110 0.06946330 0.01346240
v 0.09435250 0.06950190 0.01341630
v 0.09321070 0.07116910 0.01329810
v 0.09330780 0.07116140 0.01329280
v 0.09321070 0.07116910 0.01306050
v 0.09330780 0.07116140 0.01305630
v 0.09349730 0.07097620 0.01336290
v 0.09346960 0.07102640 0.01338700
v 0.09349730 0.07094140 0.01360150
v 0.09327080 0.07087970 0.01374490
v 0.09311830 0.07113830 0.01306260
v 0.09311830 0.07113830 0.01330020
v 0.09433410 0.06952890 0.01351260
v 0.09432480 0.06954820 0.01345290
v 0.09433870 0.06948650 0.01360150
v 0.09438950 0.06939390 0.01353040
v 0.09427400 0.06963310 0.01326880
v 0.09442650 0.06933210 0.01342470
v 0.09266990 0.07087970 0.01330120
v 0.09266990 0.07087970 0.01306360
v 0.09269300 0.07084880 0.01348430
v 0.09275770 0.07076390 0.01364130
v 0.09285480 0.07064040 0.01374490
v 0.09297030 0.07049380 0.01378150
v 0.09368230 0.06925490 0.01378150
v 0.09375620 0.06908130 0.01374490
v 0.09416760 0.06932050 0.01374490
v 0.09430630 0.06943240 0.01367690
v 0.09432020 0.06906200 0.01306260
v 0.09386710 0.06879950 0.01306360
v 0.09432020 0.06906200 0.01330020
v 0.09386710 0.06879950 0.01330120
v 0.09430170 0.06909280 0.01348430
v 0.09385330 0.06883420 0.01348430
v 0.09424620 0.06918550 0.01364130
v 0.09381170 0.06893460 0.01364130
v 0.09424620 0.06937460 0.01372710
v 0.09358980 0.07081410 0.01326880
v 0.09427400 0.06963310 0.01303430
v 0.09358980 0.07081410 0.00594480
v 0.09358980 0.07082180 0.00588200
v 0.09427860 0.06962540 0.00588200
v 0.09427400 0.06963310 0.00594480
v 0.09422310 0.06957520 0.00570730
v 0.09436640 0.06947100 0.00605370
v 0.09437560 0.06945560 0.01326870
v 0.09356670 0.07081800 0.01362870
v 0.09349270 0.07098390 0.01346230
v 0.09438950 0.06912370 0.01329800
v 0.09444040 0.06930900 0.01328440
v 0.09444040 0.06930900 0.01304900
v 0.09348810 0.07099160 0.01326870
v 0.09437110 0.06946330 0.01346230
v 0.09321070 0.07116920 0.01329800
v 0.09321070 0.07116920 0.01306050
v 0.09311830 0.07113830 0.01330010
v 0.09427400 0.06963310 0.01326870
v 0.09432020 0.06906200 0.01330010
v 0.09358980 0.07081410 0.01326870
v 0.09445550 -0.06953850 -0.01275100
v 0.09448790 -0.06948070 -0.01275730
v 0.09448790 -0.06948070 -0.01252180
v 0.09445550 -0.06953850 -0.01251660
v 0.09445090 -0.06939960 -0.01307020
v 0.09440470 -0.06932630 -0.01310890
v 0.09445550 -0.06923750 -0.01295930
v 0.09449710 -0.06932240 -0.01293830
v 0.09366960 -0.07089700 -0.01295400
v 0.09366960 -0.07090470 -0.01301680
v 0.09435840 -0.06970830 -0.01301680
v 0.09359570 -0.07088160 -0.01319160
v 0.09430300 -0.06965820 -0.01319160
v 0.09434460 -0.06969290 -0.01311100
v 0.09360960 -0.07100120 -0.01299490
v 0.09362340 -0.07098190 -0.01293520
v 0.09359570 -0.07102820 -0.01289860
v 0.09357260 -0.07106680 -0.01294460
v 0.09340150 -0.07121730 -0.01293840
v 0.09330910 -0.07122120 -0.01295930
v 0.09335990 -0.07113240 -0.01310890
v 0.09344780 -0.07114020 -0.01307020
v 0.09351710 -0.07102440 -0.01315920
v 0.09343390 -0.07100120 -0.01320940
v 0.09352630 -0.07084680 -0.01324500
v 0.09321660 -0.07119030 -0.01296660
v 0.09327210 -0.07109770 -0.01312360
v 0.09344310 -0.07080050 -0.01326380
v 0.09423830 -0.06961190 -0.01324500
v 0.09451560 -0.06929540 -0.01277510
v 0.09446940 -0.06920660 -0.01278030
v 0.09446940 -0.06920660 -0.01254280
v 0.09451560 -0.06929540 -0.01253860
v 0.09444630 -0.06955400 -0.01284520
v 0.09447860 -0.06949990 -0.01286930
v 0.09366960 -0.07089700 -0.01251660
v 0.09411660 -0.07012550 -0.00919060
v 0.09347540 -0.07114470 -0.00919060
v 0.09347540 -0.07114470 -0.00919060
v 0.09347540 -0.07114470 -0.00919060
v 0.09347540 -0.07114470 -0.00919060
v 0.09347540 -0.07114470 -0.00919060
v 0.09347540 -0.07114470 -0.00919060
v 0.09347540 -0.07114470 -0.00919060
v 0.09348940 -0.07117880 -0.01290690
v 0.09352170 -0.07111700 -0.01301270
v 0.09452020 -0.06939190 -0.01253130
v 0.09353560 -0.07113240 -0.01252180
v 0.09347550 -0.07120190 -0.01253130
v 0.09347550 -0.07120190 -0.01276670
v 0.09353560 -0.07113240 -0.01275730
v 0.09443240 -0.06958480 -0.01289860
v 0.09445090 -0.06954620 -0.01294460
v 0.09329060 -0.07125210 -0.01278030
v 0.09329060 -0.07125210 -0.01254280
v 0.09354950 -0.07110930 -0.01286930
v 0.09357720 -0.07105910 -0.01284520
v 0.09357720 -0.07102440 -0.01308380
v 0.09335070 -0.07096260 -0.01322720
v 0.09308120 -0.07115380 -0.00919060
v 0.09319810 -0.07122120 -0.01254490
v 0.09319810 -0.07122120 -0.01278240
v 0.09441390 -0.06961190 -0.01299490
v 0.09440470 -0.06963120 -0.01293520
v 0.09441850 -0.06956940 -0.01308380
v 0.09446940 -0.06947680 -0.01301270
v 0.09450640 -0.06941500 -0.01290690
v 0.09274970 -0.07096260 -0.01254590
v 0.09274970 -0.07096260 -0.01278350
v 0.09283750 -0.07084680 -0.01312360
v 0.09305020 -0.07057670 -0.01326380
v 0.09376210 -0.06933780 -0.01326380
v 0.09383610 -0.06916420 -0.01322720
v 0.09424750 -0.06940350 -0.01322720
v 0.09438620 -0.06951540 -0.01315920
v 0.09394700 -0.06888240 -0.01254590
v 0.09440000 -0.06914490 -0.01254490
v 0.09440000 -0.06914490 -0.01278240
v 0.09394700 -0.06888240 -0.01278350
v 0.09432610 -0.06926840 -0.01312360
v 0.09389150 -0.06901750 -0.01312360
v 0.09432610 -0.06945750 -0.01320940
v 0.09366960 -0.07089700 -0.01275100
v 0.09444440 -0.06928020 -0.00919060
v 0.09444440 -0.06928020 -0.00919060
v 0.09444440 -0.06928020 -0.00919060
v 0.09444440 -0.06928020 -0.00919060
v 0.09444440 -0.06928020 -0.00919060
v 0.09274970 -0.07096260 -0.00919060
v 0.09394700 -0.06888250 -0.00919060
v 0.09448790 -0.06948070 -0.00562390
v 0.09445550 -0.06953850 -0.00563010
v 0.09448790 -0.06948070 -0.00585930
v 0.09445550 -0.06953850 -0.00586460
v 0.09440470 -0.06932630 -0.00527220
v 0.09445090 -0.06939960 -0.00531100
v 0.09445550 -0.06923750 -0.00542190
v 0.09449710 -0.06932240 -0.00544280
v 0.09366960 -0.07089700 -0.00542710
v 0.09359570 -0.07088160 -0.00518960
v 0.09364650 -0.07090090 -0.00527010
v 0.09430300 -0.06965820 -0.00518960
v 0.09434460 -0.06969290 -0.00527010
v 0.09362340 -0.07098190 -0.00544600
v 0.09360960 -0.07100130 -0.00538630
v 0.09359570 -0.07102820 -0.00548260
v 0.09357260 -0.07106680 -0.00543650
v 0.09330910 -0.07122120 -0.00542190
v 0.09335990 -0.07113250 -0.00527220
v 0.09344780 -0.07114020 -0.00531100
v 0.09343390 -0.07100130 -0.00517180
v 0.09351710 -0.07102440 -0.00522200
v 0.09321660 -0.07119040 -0.00541460
v 0.09327210 -0.07109770 -0.00525760
v 0.09344310 -0.07080060 -0.00511740
v 0.09415500 -0.06956560 -0.00511740
v 0.09423830 -0.06961190 -0.00513620
v 0.09446940 -0.06920660 -0.00560080
v 0.09451560 -0.06929540 -0.00560610
v 0.09446940 -0.06920660 -0.00583840
v 0.09451560 -0.06929540 -0.00584260
v 0.09444630 -0.06955400 -0.00553600
v 0.09366960 -0.07089700 -0.00586460
v 0.09348940 -0.07117880 -0.00547420
v 0.09352170 -0.07111700 -0.00536850
v 0.09452020 -0.06939190 -0.00561440
v 0.09452020 -0.06939190 -0.00584990
v 0.09347550 -0.07120190 -0.00584990
v 0.09353560 -0.07113250 -0.00585930
v 0.09347550 -0.07120190 -0.00561450
v 0.09353560 -0.07113250 -0.00562390
v 0.09356790 -0.07107460 -0.00586460
v 0.09445090 -0.06954630 -0.00543650
v 0.09443240 -0.06958490 -0.00548260
v 0.09329060 -0.07125210 -0.00560080
v 0.09329060 -0.07125210 -0.00583840
v 0.09357720 -0.07105910 -0.00553600
v 0.09354940 -0.07110930 -0.00551190
v 0.09357720 -0.07102440 -0.00529740
v 0.09335070 -0.07096270 -0.00515400
v 0.09319810 -0.07122120 -0.00583630
v 0.09319810 -0.07122120 -0.00559870
v 0.09441390 -0.06961190 -0.00538630
v 0.09440470 -0.06963120 -0.00544600
v 0.09441850 -0.06956940 -0.00529730
v 0.09446940 -0.06947680 -0.00536850
v 0.09450640 -0.06941510 -0.00547420
v 0.09274970 -0.07096260 -0.00559770
v 0.09274970 -0.07096260 -0.00583530
v 0.09305020 -0.07057670 -0.00511740
v 0.09376210 -0.06933790 -0.00511740
v 0.09383600 -0.06916420 -0.00515400
v 0.09424750 -0.06940350 -0.00515400
v 0.09438620 -0.06951540 -0.00522200
v 0.09440000 -0.06914490 -0.00583630
v 0.09394700 -0.06888250 -0.00583530
v 0.09440000 -0.06914490 -0.00559870
v 0.09394700 -0.06888250 -0.00559770
v 0.09393310 -0.06891720 -0.00541460
v 0.09432610 -0.06926840 -0.00525760
v 0.09389150 -0.06901750 -0.00525760
v 0.09432610 -0.06945750 -0.00517180
v 0.09366960 -0.07089700 -0.00563010
v 0.09435380 -0.06971610 -0.00586460
vt 0.59940000 0.44340000
vt 0.59820000 0.44800000
vt 0.59820000 0.44800000
vt 0.59940000 0.44340000
vt 0.60850000 0.46420000
vt 0.60880000 0.46490000
vt 0.59860000 0.46510000
vt 0.59870000 0.46510000
vt 0.60470000 0.32230000
vt 0.60550000 0.32200000
vt 0.60550000 0.42800000
vt 0.60470000 0.42770000
vt 0.60700000 0.32170000
vt 0.60890000 0.32130000
vt 0.60890000 0.42860000
vt 0.60700000 0.42830000
vt 0.60480000 0.31250000
vt 0.60400000 0.31450000
vt 0.60280000 0.31010000
vt 0.60330000 0.30610000
vt 0.59870000 0.28490000
vt 0.59860000 0.28490000
vt 0.60880000 0.28520000
vt 0.60850000 0.28580000
vt 0.60890000 0.30710000
vt 0.60890000 0.30730000
vt 0.60890000 0.32130000
vt 0.59860000 0.28490000
vt 0.60890000 0.28490000
vt 0.60890000 0.32130000
vt 0.60890000 0.42870000
vt 0.60890000 0.42870000
vt 0.59230000 0.46510000
vt 0.59220000 0.46510000
vt 0.59220000 0.46510000
vt 0.59230000 0.46510000
vt 0.60130000 0.44260000
vt 0.60090000 0.44730000
vt 0.60280000 0.32230000
vt 0.60070000 0.39110000
vt 0.59940000 0.30660000
vt 0.60170000 0.32230000
vt 0.59220000 0.28490000
vt 0.59490000 0.29160000
vt 0.59230000 0.28490000
vt 0.59750000 0.29960000
vt 0.59900000 0.30500000
vt 0.60030000 0.29540000
vt 0.60470000 0.29940000
vt 0.59630000 0.45490000
vt 0.59630000 0.45490000
vt 0.59820000 0.30200000
vt 0.59630000 0.29520000
vt 0.59630000 0.29520000
vt 0.59820000 0.30200000
vt 0.59940000 0.30660000
vt 0.59940000 0.30660000
vt 0.60280000 0.44000000
vt 0.60330000 0.44390000
vt 0.59230000 0.28490000
vt 0.59220000 0.28490000
vt 0.59230000 0.28490000
vt 0.59220000 0.28490000
vt 0.60090000 0.30270000
vt 0.60130000 0.30750000
vt 0.60660000 0.30960000
vt 0.60890000 0.30740000
vt 0.59220000 0.28490000
vt 0.59220000 0.28490000
vt 0.59220000 0.28490000
vt 0.60480000 0.43750000
vt 0.60400000 0.43550000
vt 0.60660000 0.44040000
vt 0.60470000 0.45060000
vt 0.60010000 0.42760000
vt 0.60030000 0.45460000
vt 0.59220000 0.28490000
vt 0.59220000 0.28490000
vt 0.59860000 0.28490000
vt 0.60890000 0.28490000
vt 0.60890000 0.30740000
vt 0.60890000 0.32130000
vt 0.60890000 0.42870000
vt 0.60890000 0.44270000
vt 0.60890000 0.44260000
vt 0.60890000 0.44290000
vt 0.59220000 0.46510000
vt 0.59220000 0.46510000
vt 0.59220000 0.46510000
vt 0.59220000 0.46510000
vt 0.59860000 0.46510000
vt 0.59860000 0.46510000
vt 0.60890000 0.46510000
vt 0.60890000 0.46510000
vt 0.60890000 0.44270000
vt 0.60450000 0.32230000
vt 0.59700000 0.45250000
vt 0.59230000 0.46510000
vt 0.59220000 0.46510000
vt 0.59860000 0.44640000
vt 0.59370000 0.46150000
vt 0.59940000 0.44340000
vt 0.59970000 0.42760000
vt 0.59990000 0.42760000
vt 0.59220000 0.28490000
vt 0.59220000 0.46510000
vt 0.59820000 0.44800000
vt 0.59940000 0.44340000
vt 0.59820000 0.44800000
vt 0.59940000 0.44340000
vt 0.60880000 0.46490000
vt 0.60850000 0.46420000
vt 0.59860000 0.46510000
vt 0.59870000 0.46510000
vt 0.60550000 0.32200000
vt 0.60470000 0.32230000
vt 0.60550000 0.42800000
vt 0.60470000 0.42770000
vt 0.60890000 0.32130000
vt 0.60700000 0.32170000
vt 0.60890000 0.42860000
vt 0.60700000 0.42830000
vt 0.60400000 0.31450000
vt 0.60480000 0.31250000
vt 0.60280000 0.31010000
vt 0.60330000 0.30610000
vt 0.59860000 0.28490000
vt 0.59870000 0.28490000
vt 0.60880000 0.28520000
vt 0.60850000 0.28580000
vt 0.60890000 0.30730000
vt 0.60890000 0.30710000
vt 0.60890000 0.32130000
vt 0.59860000 0.28490000
vt 0.60890000 0.28490000
vt 0.60890000 0.32130000
vt 0.60890000 0.42870000
vt 0.60890000 0.42870000
vt 0.59220000 0.46510000
vt 0.59230000 0.46510000
vt 0.59220000 0.46510000
vt 0.59230000 0.46510000
vt 0.60090000 0.44730000
vt 0.60130000 0.44260000
vt 0.60280000 0.32230000
vt 0.60030000 0.29540000
vt 0.60470000 0.29940000
vt 0.59630000 0.45490000
vt 0.59630000 0.45490000
vt 0.59630000 0.29520000
vt 0.59820000 0.30200000
vt 0.59630000 0.29520000
vt 0.59820000 0.30200000
vt 0.59940000 0.30660000
vt 0.59940000 0.30660000
vt 0.60330000 0.44390000
vt 0.60280000 0.44000000
vt 0.59220000 0.28490000
vt 0.59230000 0.28490000
vt 0.59220000 0.28490000
vt 0.59230000 0.28490000
vt 0.60130000 0.30750000
vt 0.60090000 0.30270000
vt 0.60660000 0.30960000
vt 0.60890000 0.30740000
vt 0.59220000 0.28490000
vt 0.59220000 0.28490000
vt 0.60480000 0.43750000
vt 0.60400000 0.43550000
vt 0.60660000 0.44040000
vt 0.60470000 0.45060000
vt 0.60010000 0.42760000
vt 0.60030000 0.45460000
vt 0.59220000 0.28490000
vt 0.59220000 0.28490000
vt 0.59860000 0.28490000
vt 0.60890000 0.28490000
vt 0.60890000 0.30740000
vt 0.60890000 0.32130000
vt 0.60890000 0.42870000
vt 0.60890000 0.44270000
vt 0.60890000 0.44260000
vt 0.60890000 0.44290000
vt 0.59220000 0.46510000
vt 0.59220000 0.46510000
vt 0.59220000 0.46510000
vt 0.59220000 0.46510000
vt 0.59860000 0.46510000
vt 0.59860000 0.46510000
vt 0.60890000 0.46510000
vt 0.60890000 0.46510000
vt 0.60890000 0.44270000
vt 0.60450000 0.32230000
vt 0.59990000 0.42760000
vt 0.59940000 0.44340000
vt 0.59820000 0.44800000
vt 0.59820000 0.44800000
vt 0.59940000 0.44340000
vt 0.60850000 0.46420000
vt 0.60880000 0.46490000
vt 0.59860000 0.46510000
vt 0.59870000 0.46510000
vt 0.60470000 0.32230000
vt 0.60550000 0.32200000
vt 0.60550000 0.42800000
vt 0.60470000 0.42770000
vt 0.60700000 0.32170000
vt 0.60890000 0.32130000
vt 0.60890000 0.42860000
vt 0.60700000 0.42830000
vt 0.60480000 0.31250000
vt 0.60400000 0.31450000
vt 0.60280000 0.31010000
vt 0.60330000 0.30610000
vt 0.59870000 0.28490000
vt 0.59860000 0.28490000
vt 0.60880000 0.28520000
vt 0.60850000 0.28580000
vt 0.60890000 0.30710000
vt 0.60890000 0.30730000
vt 0.60890000 0.32130000
vt 0.59860000 0.28490000
vt 0.60890000 0.28490000
vt 0.60890000 0.32130000
vt 0.60890000 0.42870000
vt 0.60890000 0.42870000
vt 0.59230000 0.46510000
vt 0.59220000 0.46510000
vt 0.59220000 0.46510000
vt 0.59230000 0.46510000
vt 0.60130000 0.44260000
vt 0.60090000 0.44730000
vt 0.60280000 0.32230000
vt 0.60070000 0.39110000
vt 0.59490000 0.29160000
vt 0.59750000 0.29960000
vt 0.59940000 0.30660000
vt 0.60170000 0.32230000
vt 0.59220000 0.28490000
vt 0.59230000 0.28490000
vt 0.59900000 0.30500000
vt 0.60030000 0.29540000
vt 0.60470000 0.29940000
vt 0.59630000 0.45490000
vt 0.59630000 0.45490000
vt 0.59820000 0.30200000
vt 0.59630000 0.29520000
vt 0.59630000 0.29520000
vt 0.59820000 0.30200000
vt 0.59940000 0.30660000
vt 0.59940000 0.30660000
vt 0.60280000 0.44000000
vt 0.60330000 0.44390000
vt 0.59230000 0.28490000
vt 0.59220000 0.28490000
vt 0.59230000 0.28490000
vt 0.59220000 0.28490000
vt 0.60090000 0.30270000
vt 0.60130000 0.30750000
vt 0.60660000 0.30960000
vt 0.60890000 0.30740000
vt 0.59220000 0.28490000
vt 0.59220000 0.28490000
vt 0.59220000 0.28490000
vt 0.60480000 0.43750000
vt 0.60400000 0.43550000
vt 0.60660000 0.44040000
vt 0.60470000 0.45060000
vt 0.60010000 0.42760000
vt 0.60030000 0.45460000
vt 0.59220000 0.28490000
vt 0.59220000 0.28490000
vt 0.59860000 0.28490000
vt 0.60890000 0.28490000
vt 0.60890000 0.30740000
vt 0.60890000 0.32130000
vt 0.60890000 0.42870000
vt 0.60890000 0.44270000
vt 0.60890000 0.44260000
vt 0.60890000 0.44290000
vt 0.59220000 0.46510000
vt 0.59220000 0.46510000
vt 0.59220000 0.46510000
vt 0.59220000 0.46510000
vt 0.59860000 0.46510000
vt 0.59860000 0.46510000
vt 0.60890000 0.46510000
vt 0.60890000 0.46510000
vt 0.60890000 0.44270000
vt 0.60450000 0.32230000
vt 0.59230000 0.46510000
vt 0.59370000 0.46150000
vt 0.59700000 0.45250000
vt 0.59220000 0.46510000
vt 0.59860000 0.44640000
vt 0.59940000 0.44340000
vt 0.59970000 0.42760000
vt 0.59990000 0.42760000
vt 0.59220000 0.28490000
vt 0.59220000 0.46510000
vt 0.59820000 0.44800000
vt 0.59940000 0.44340000
vt 0.59820000 0.44800000
vt 0.59940000 0.44340000
vt 0.60880000 0.46490000
vt 0.60850000 0.46420000
vt 0.59860000 0.46510000
vt 0.59870000 0.46510000
vt 0.60550000 0.32200000
vt 0.60470000 0.32230000
vt 0.60550000 0.42800000
vt 0.60470000 0.42770000
vt 0.60890000 0.32130000
vt 0.60700000 0.32170000
vt 0.60890000 0.42860000
vt 0.60700000 0.42830000
vt 0.60400000 0.31450000
vt 0.60480000 0.31250000
vt 0.60280000 0.31010000
vt 0.60330000 0.30610000
vt 0.59860000 0.28490000
vt 0.59870000 0.28490000
vt 0.60880000 0.28520000
vt 0.60850000 0.28580000
vt 0.60890000 0.30730000
vt 0.60890000 0.30710000
vt 0.60890000 0.32130000
vt 0.59860000 0.28490000
vt 0.60890000 0.28490000
vt 0.60890000 0.32130000
vt 0.60890000 0.42870000
vt 0.60890000 0.42870000
vt 0.59220000 0.46510000
vt 0.59230000 0.46510000
vt 0.59220000 0.46510000
vt 0.59230000 0.46510000
vt 0.60090000 0.44730000
vt 0.60130000 0.44260000
vt 0.60280000 0.32230000
vt 0.60030000 0.29540000
vt 0.60470000 0.29940000
vt 0.59630000 0.45490000
vt 0.59630000 0.45490000
vt 0.59630000 0.29520000
vt 0.59820000 0.30200000
vt 0.59630000 0.29520000
vt 0.59820000 0.30200000
vt 0.59940000 0.30660000
vt 0.59940000 0.30660000
vt 0.60330000 0.44390000
vt 0.60280000 0.44000000
vt 0.59220000 0.28490000
vt 0.59230000 0.28490000
vt 0.59220000 0.28490000
vt 0.59230000 0.28490000
vt 0.60130000 0.30750000
vt 0.60090000 0.30270000
vt 0.60660000 0.30960000
vt 0.60890000 0.30740000
vt 0.59220000 0.28490000
vt 0.59220000 0.28490000
vt 0.60480000 0.43750000
vt 0.60400000 0.43550000
vt 0.60660000 0.44040000
vt 0.60470000 0.45060000
vt 0.60010000 0.42760000
vt 0.60030000 0.45460000
vt 0.59220000 0.28490000
vt 0.59220000 0.28490000
vt 0.59860000 0.28490000
vt 0.60890000 0.28490000
vt 0.60890000 0.30740000
vt 0.60890000 0.32130000
vt 0.60890000 0.42870000
vt 0.60890000 0.44270000
vt 0.60890000 0.44260000
vt 0.60890000 0.44290000
vt 0.59220000 0.46510000
vt 0.59220000 0.46510000
vt 0.59220000 0.46510000
vt 0.59220000 0.46510000
vt 0.59860000 0.46510000
vt 0.59860000 0.46510000
vt 0.60890000 0.46510000
vt 0.60890000 0.46510000
vt 0.60890000 0.44270000
vt 0.60450000 0.32230000
vt 0.59990000 0.42760000
vt 0.59940000 0.44340000
vt 0.59820000 0.44800000
vt 0.59820000 0.44800000
vt 0.59940000 0.44340000
vt 0.60850000 0.46420000
vt 0.60880000 0.46490000
vt 0.59860000 0.46510000
vt 0.59870000 0.46510000
vt 0.60470000 0.32230000
vt 0.60550000 0.32200000
vt 0.60550000 0.42800000
vt 0.60470000 0.42770000
vt 0.60700000 0.32170000
vt 0.60890000 0.32130000
vt 0.60890000 0.42860000
vt 0.60700000 0.42830000
vt 0.60480000 0.31250000
vt 0.60400000 0.31450000
vt 0.60280000 0.31010000
vt 0.60330000 0.30610000
vt 0.59870000 0.28490000
vt 0.59860000 0.28490000
vt 0.60880000 0.28520000
vt 0.60850000 0.28580000
vt 0.60890000 0.30710000
vt 0.60890000 0.30730000
vt 0.60890000 0.32130000
vt 0.59860000 0.28490000
vt 0.60890000 0.28490000
vt 0.60890000 0.32130000
vt 0.60890000 0.42870000
vt 0.60890000 0.42870000
vt 0.59230000 0.46510000
vt 0.59220000 0.46510000
vt 0.59220000 0.46510000
vt 0.59230000 0.46510000
vt 0.60130000 0.44260000
vt 0.60090000 0.44730000
vt 0.60280000 0.32230000
vt 0.60070000 0.39110000
vt 0.60170000 0.32230000
vt 0.59940000 0.30660000
vt 0.59230000 0.28490000
vt 0.59220000 0.28490000
vt 0.59900000 0.30500000
vt 0.59750000 0.29960000
vt 0.59490000 0.29160000
vt 0.60030000 0.29540000
vt 0.60470000 0.29940000
vt 0.59630000 0.45490000
vt 0.59630000 0.45490000
vt 0.59820000 0.30200000
vt 0.59630000 0.29520000
vt 0.59630000 0.29520000
vt 0.59820000 0.30200000
vt 0.59940000 0.30660000
vt 0.59940000 0.30660000
vt 0.60280000 0.44000000
vt 0.60330000 0.44390000
vt 0.59230000 0.28490000
vt 0.59220000 0.28490000
vt 0.59230000 0.28490000
vt 0.59220000 0.28490000
vt 0.60090000 0.30270000
vt 0.60130000 0.30750000
vt 0.60660000 0.30960000
vt 0.60890000 0.30740000
vt 0.59220000 0.28490000
vt 0.59220000 0.28490000
vt 0.59220000 0.28490000
vt 0.60480000 0.43750000
vt 0.60400000 0.43550000
vt 0.60660000 0.44040000
vt 0.60470000 0.45060000
vt 0.60010000 0.42760000
vt 0.60030000 0.45460000
vt 0.59220000 0.28490000
vt 0.59220000 0.28490000
vt 0.59860000 0.28490000
vt 0.60890000 0.28490000
vt 0.60890000 0.30740000
vt 0.60890000 0.32130000
vt 0.60890000 0.42870000
vt 0.60890000 0.44270000
vt 0.60890000 0.44260000
vt 0.60890000 0.44290000
vt 0.59220000 0.46510000
vt 0.59220000 0.46510000
vt 0.59220000 0.46510000
vt 0.59220000 0.46510000
vt 0.59860000 0.46510000
vt 0.59860000 0.46510000
vt 0.60890000 0.46510000
vt 0.60890000 0.46510000
vt 0.60890000 0.44270000
vt 0.60450000 0.32230000
vt 0.59370000 0.46150000
vt 0.59700000 0.45250000
vt 0.59860000 0.44640000
vt 0.59230000 0.46510000
vt 0.59220000 0.46510000
vt 0.59940000 0.44340000
vt 0.59970000 0.42760000
vt 0.59990000 0.42760000
vt 0.59220000 0.28490000
vt 0.59220000 0.46510000
vt 0.59820000 0.44800000
vt 0.59940000 0.44340000
vt 0.59820000 0.44800000
vt 0.59940000 0.44340000
vt 0.60880000 0.46490000
vt 0.60850000 0.46420000
vt 0.59860000 0.46510000
vt 0.59870000 0.46510000
vt 0.60550000 0.32200000
vt 0.60470000 0.32230000
vt 0.60550000 0.42800000
vt 0.60470000 0.42770000
vt 0.60890000 0.32130000
vt 0.60700000 0.32170000
vt 0.60890000 0.42860000
vt 0.60700000 0.42830000
vt 0.60400000 0.31450000
vt 0.60480000 0.31250000
vt 0.60280000 0.31010000
vt 0.60330000 0.30610000
vt 0.59860000 0.28490000
vt 0.59870000 0.28490000
vt 0.60880000 0.28520000
vt 0.60850000 0.28580000
vt 0.60890000 0.30730000
vt 0.60890000 0.30710000
vt 0.60890000 0.32130000
vt 0.59860000 0.28490000
vt 0.60890000 0.28490000
vt 0.60890000 0.32130000
vt 0.60890000 0.42870000
vt 0.60890000 0.42870000
vt 0.59220000 0.46510000
vt 0.59230000 0.46510000
vt 0.59220000 0.46510000
vt 0.59230000 0.46510000
vt 0.60090000 0.44730000
vt 0.60130000 0.44260000
vt 0.60280000 0.32230000
vt 0.60030000 0.29540000
vt 0.60470000 0.29940000
vt 0.59630000 0.45490000
vt 0.59630000 0.45490000
vt 0.59630000 0.29520000
vt 0.59820000 0.30200000
vt 0.59630000 0.29520000
vt 0.59820000 0.30200000
vt 0.59940000 0.30660000
vt 0.59940000 0.30660000
vt 0.60330000 0.44390000
vt 0.60280000 0.44000000
vt 0.59220000 0.28490000
vt 0.59230000 0.28490000
vt 0.59220000 0.28490000
vt 0.59230000 0.28490000
vt 0.60130000 0.30750000
vt 0.60090000 0.30270000
vt 0.60660000 0.30960000
vt 0.60890000 0.30740000
vt 0.59220000 0.28490000
vt 0.59220000 0.28490000
vt 0.60480000 0.43750000
vt 0.60400000 0.43550000
vt 0.60660000 0.44040000
vt 0.60470000 0.45060000
vt 0.60010000 0.42760000
vt 0.60030000 0.45460000
vt 0.59220000 0.28490000
vt 0.59220000 0.28490000
vt 0.59860000 0.28490000
vt 0.60890000 0.28490000
vt 0.60890000 0.30740000
vt 0.60890000 0.32130000
vt 0.60890000 0.42870000
vt 0.60890000 0.44270000
vt 0.60890000 0.44260000
vt 0.60890000 0.44290000
vt 0.59220000 0.46510000
vt 0.59220000 0.46510000
vt 0.59220000 0.46510000
vt 0.59220000 0.46510000
vt 0.59860000 0.46510000
vt 0.59860000 0.46510000
vt 0.60890000 0.46510000
vt 0.60890000 0.46510000
vt 0.60890000 0.44270000
vt 0.60450000 0.32230000
vt 0.59990000 0.42760000
vt 0.59940000 0.44340000
vt 0.59820000 0.44800000
vt 0.59820000 0.44800000
vt 0.59940000 0.44340000
vt 0.60850000 0.46420000
vt 0.60880000 0.46490000
vt 0.59860000 0.46510000
vt 0.59870000 0.46510000
vt 0.60470000 0.32230000
vt 0.60550000 0.32200000
vt 0.60550000 0.42800000
vt 0.60470000 0.42770000
vt 0.60700000 0.32170000
vt 0.60890000 0.32130000
vt 0.60890000 0.42860000
vt 0.60700000 0.42830000
vt 0.60480000 0.31250000
vt 0.60400000 0.31450000
vt 0.60280000 0.31010000
vt 0.60330000 0.30610000
vt 0.59870000 0.28490000
vt 0.59860000 0.28490000
vt 0.60880000 0.28520000
vt 0.60850000 0.28580000
vt 0.60890000 0.30710000
vt 0.60890000 0.30730000
vt 0.60890000 0.32130000
vt 0.59860000 0.28490000
vt 0.60890000 0.28490000
vt 0.60890000 0.32130000
vt 0.60890000 0.42870000
vt 0.60890000 0.42870000
vt 0.59230000 0.46510000
vt 0.59220000 0.46510000
vt 0.59220000 0.46510000
vt 0.59230000 0.46510000
vt 0.60130000 0.44260000
vt 0.60090000 0.44730000
vt 0.60280000 0.32230000
vt 0.60070000 0.39110000
vt 0.59220000 0.28490000
vt 0.60170000 0.32230000
vt 0.59230000 0.28490000
vt 0.59940000 0.30660000
vt 0.59490000 0.29160000
vt 0.59750000 0.29960000
vt 0.59900000 0.30500000
vt 0.60030000 0.29540000
vt 0.60470000 0.29940000
vt 0.59630000 0.45490000
vt 0.59630000 0.45490000
vt 0.59820000 0.30200000
vt 0.59630000 0.29520000
vt 0.59630000 0.29520000
vt 0.59820000 0.30200000
vt 0.59940000 0.30660000
vt 0.59940000 0.30660000
vt 0.60280000 0.44000000
vt 0.60330000 0.44390000
vt 0.59230000 0.28490000
vt 0.59220000 0.28490000
vt 0.59230000 0.28490000
vt 0.59220000 0.28490000
vt 0.60090000 0.30270000
vt 0.60130000 0.30750000
vt 0.60660000 0.30960000
vt 0.60890000 0.30740000
vt 0.59220000 0.28490000
vt 0.59220000 0.28490000
vt 0.59220000 0.28490000
vt 0.60480000 0.43750000
vt 0.60400000 0.43550000
vt 0.60660000 0.44040000
vt 0.60470000 0.45060000
vt 0.60010000 0.42760000
vt 0.60030000 0.45460000
vt 0.59220000 0.28490000
vt 0.59220000 0.28490000
vt 0.59860000 0.28490000
vt 0.60890000 0.28490000
vt 0.60890000 0.30740000
vt 0.60890000 0.32130000
vt 0.60890000 0.42870000
vt 0.60890000 0.44270000
vt 0.60890000 0.44260000
vt 0.60890000 0.44290000
vt 0.59220000 0.46510000
vt 0.59220000 0.46510000
vt 0.59220000 0.46510000
vt 0.59220000 0.46510000
vt 0.59860000 0.46510000
vt 0.59860000 0.46510000
vt 0.60890000 0.46510000
vt 0.60890000 0.46510000
vt 0.60890000 0.44270000
vt 0.60450000 0.32230000
vt 0.59230000 0.46510000
vt 0.59860000 0.44640000
vt 0.59220000 0.46510000
vt 0.59700000 0.45250000
vt 0.59370000 0.46150000
vt 0.59970000 0.42760000
vt 0.59940000 0.44340000
vt 0.59990000 0.42760000
vt 0.59220000 0.28490000
vt 0.59220000 0.46510000
vt 0.59820000 0.44800000
vt 0.59940000 0.44340000
vt 0.59820000 0.44800000
vt 0.59940000 0.44340000
vt 0.60880000 0.46490000
vt 0.60850000 0.46420000
vt 0.59860000 0.46510000
vt 0.59870000 0.46510000
vt 0.60550000 0.32200000
vt 0.60470000 0.32230000
vt 0.60550000 0.42800000
vt 0.60470000 0.42770000
vt 0.60890000 0.32130000
vt 0.60700000 0.32170000
vt 0.60890000 0.42860000
vt 0.60700000 0.42830000
vt 0.60400000 0.31450000
vt 0.60480000 0.31250000
vt 0.60280000 0.31010000
vt 0.60330000 0.30610000
vt 0.59860000 0.28490000
vt 0.59870000 0.28490000
vt 0.60880000 0.28520000
vt 0.60850000 0.28580000
vt 0.60890000 0.30730000
vt 0.60890000 0.30710000
vt 0.60890000 0.32130000
vt 0.59860000 0.28490000
vt 0.60890000 0.28490000
vt 0.60890000 0.32130000
vt 0.60890000 0.42870000
vt 0.60890000 0.42870000
vt 0.59220000 0.46510000
vt 0.59230000 0.46510000
vt 0.59220000 0.46510000
vt 0.59230000 0.46510000
vt 0.60090000 0.44730000
vt 0.60130000 0.44260000
vt 0.60280000 0.32230000
vt 0.60030000 0.29540000
vt 0.60470000 0.29940000
vt 0.59630000 0.45490000
vt 0.59630000 0.45490000
vt 0.59630000 0.29520000
vt 0.59820000 0.30200000
vt 0.59630000 0.29520000
vt 0.59820000 0.30200000
vt 0.59940000 0.30660000
vt 0.59940000 0.30660000
vt 0.60330000 0.44390000
vt 0.60280000 0.44000000
vt 0.59220000 0.28490000
vt 0.59230000 0.28490000
vt 0.59220000 0.28490000
vt 0.59230000 0.28490000
vt 0.60130000 0.30750000
vt 0.60090000 0.30270000
vt 0.60660000 0.30960000
vt 0.60890000 0.30740000
vt 0.59220000 0.28490000
vt 0.59220000 0.28490000
vt 0.60480000 0.43750000
vt 0.60400000 0.43550000
vt 0.60660000 0.44040000
vt 0.60470000 0.45060000
vt 0.60010000 0.42760000
vt 0.60030000 0.45460000
vt 0.59220000 0.28490000
vt 0.59220000 0.28490000
vt 0.59860000 0.28490000
vt 0.60890000 0.28490000
vt 0.60890000 0.30740000
vt 0.60890000 0.32130000
vt 0.60890000 0.42870000
vt 0.60890000 0.44270000
vt 0.60890000 0.44260000
vt 0.60890000 0.44290000
vt 0.59220000 0.46510000
vt 0.59220000 0.46510000
vt 0.59220000 0.46510000
vt 0.59220000 0.46510000
vt 0.59860000 0.46510000
vt 0.59860000 0.46510000
vt 0.60890000 0.46510000
vt 0.60890000 0.46510000
vt 0.60890000 0.44270000
vt 0.60450000 0.32230000
vt 0.59990000 0.42760000
vt 0.60470000 0.32230000
vt 0.60550000 0.32200000
vt 0.60550000 0.42800000
vt 0.60470000 0.42770000
vt 0.60890000 0.42860000
vt 0.60130000 0.44260000
vt 0.59940000 0.44340000
vt 0.60700000 0.32170000
vt 0.60330000 0.30610000
vt 0.59220000 0.46510000
vt 0.59630000 0.45490000
vt 0.59630000 0.45490000
vt 0.59940000 0.30660000
vt 0.60330000 0.44390000
vt 0.59220000 0.28490000
vt 0.59220000 0.28490000
vt 0.59220000 0.28490000
vt 0.60010000 0.42760000
vt 0.59220000 0.46510000
vt 0.60450000 0.32230000
vt 0.59940000 0.44340000
vt 0.59820000 0.44800000
vt 0.59820000 0.44800000
vt 0.59940000 0.44340000
vt 0.60850000 0.46420000
vt 0.60880000 0.46490000
vt 0.59860000 0.46510000
vt 0.59870000 0.46510000
vt 0.60470000 0.32230000
vt 0.60550000 0.32200000
vt 0.60550000 0.42800000
vt 0.60890000 0.32130000
vt 0.60890000 0.42860000
vt 0.60700000 0.42830000
vt 0.60480000 0.31250000
vt 0.60400000 0.31450000
vt 0.60280000 0.31010000
vt 0.60330000 0.30610000
vt 0.59870000 0.28490000
vt 0.59860000 0.28490000
vt 0.60880000 0.28520000
vt 0.60850000 0.28580000
vt 0.60890000 0.30710000
vt 0.60890000 0.30730000
vt 0.60890000 0.32130000
vt 0.59860000 0.28490000
vt 0.60890000 0.28490000
vt 0.60890000 0.32130000
vt 0.60890000 0.42870000
vt 0.59230000 0.46510000
vt 0.59220000 0.46510000
vt 0.59220000 0.46510000
vt 0.59230000 0.46510000
vt 0.60130000 0.44260000
vt 0.60090000 0.44730000
vt 0.60280000 0.32230000
vt 0.60070000 0.39110000
vt 0.59490000 0.29160000
vt 0.60170000 0.32230000
vt 0.59230000 0.28490000
vt 0.59940000 0.30660000
vt 0.59220000 0.28490000
vt 0.59900000 0.30500000
vt 0.59750000 0.29960000
vt 0.60030000 0.29540000
vt 0.60470000 0.29940000
vt 0.59630000 0.45490000
vt 0.59820000 0.30200000
vt 0.59630000 0.29520000
vt 0.59630000 0.29520000
vt 0.59820000 0.30200000
vt 0.60280000 0.44000000
vt 0.60330000 0.44390000
vt 0.59220000 0.28490000
vt 0.59220000 0.28490000
vt 0.60090000 0.30270000
vt 0.60130000 0.30750000
vt 0.60660000 0.30960000
vt 0.60890000 0.30740000
vt 0.59220000 0.28490000
vt 0.59220000 0.28490000
vt 0.59220000 0.28490000
vt 0.60480000 0.43750000
vt 0.60400000 0.43550000
vt 0.60660000 0.44040000
vt 0.60470000 0.45060000
vt 0.60030000 0.45460000
vt 0.59220000 0.28490000
vt 0.59220000 0.28490000
vt 0.60890000 0.28490000
vt 0.60890000 0.32130000
vt 0.60890000 0.42870000
vt 0.60890000 0.44270000
vt 0.60890000 0.44260000
vt 0.60890000 0.44290000
vt 0.59220000 0.46510000
vt 0.59220000 0.46510000
vt 0.59220000 0.46510000
vt 0.59220000 0.46510000
vt 0.60890000 0.46510000
vt 0.60890000 0.46510000
vt 0.60890000 0.44270000
vt 0.60450000 0.32230000
vt 0.59220000 0.46510000
vt 0.59370000 0.46150000
vt 0.59230000 0.46510000
vt 0.59700000 0.45250000
vt 0.59860000 0.44640000
vt 0.59220000 0.28490000
vt 0.59220000 0.46510000
vt 0.59820000 0.44800000
vt 0.59940000 0.44340000
vt 0.59820000 0.44800000
vt 0.59940000 0.44340000
vt 0.60880000 0.46490000
vt 0.60850000 0.46420000
vt 0.59860000 0.46510000
vt 0.59870000 0.46510000
vt 0.60470000 0.32230000
vt 0.60890000 0.32130000
vt 0.60700000 0.32170000
vt 0.60890000 0.42860000
vt 0.60700000 0.42830000
vt 0.60400000 0.31450000
vt 0.60480000 0.31250000
vt 0.60280000 0.31010000
vt 0.60330000 0.30610000
vt 0.59860000 0.28490000
vt 0.60880000 0.28520000
vt 0.60850000 0.28580000
vt 0.60890000 0.30730000
vt 0.60890000 0.30710000
vt 0.59860000 0.28490000
vt 0.60890000 0.28490000
vt 0.60890000 0.32130000
vt 0.60890000 0.42870000
vt 0.60890000 0.42870000
vt 0.59220000 0.46510000
vt 0.59230000 0.46510000
vt 0.59220000 0.46510000
vt 0.59230000 0.46510000
vt 0.60130000 0.44260000
vt 0.60280000 0.32230000
vt 0.60030000 0.29540000
vt 0.60470000 0.29940000
vt 0.59630000 0.45490000
vt 0.59630000 0.45490000
vt 0.59630000 0.29520000
vt 0.59820000 0.30200000
vt 0.59630000 0.29520000
vt 0.59820000 0.30200000
vt 0.59940000 0.30660000
vt 0.60330000 0.44390000
vt 0.60280000 0.44000000
vt 0.59220000 0.28490000
vt 0.59220000 0.28490000
vt 0.60130000 0.30750000
vt 0.60090000 0.30270000
vt 0.60660000 0.30960000
vt 0.60890000 0.30740000
vt 0.59220000 0.28490000
vt 0.59220000 0.28490000
vt 0.60480000 0.43750000
vt 0.60400000 0.43550000
vt 0.60660000 0.44040000
vt 0.60470000 0.45060000
vt 0.60030000 0.45460000
vt 0.59220000 0.28490000
vt 0.59220000 0.28490000
vt 0.60890000 0.32130000
vt 0.60890000 0.42870000
vt 0.60890000 0.44270000
vt 0.60890000 0.44260000
vt 0.60890000 0.44290000
vt 0.59220000 0.46510000
vt 0.59220000 0.46510000
vt 0.59220000 0.46510000
vt 0.59220000 0.46510000
vt 0.59860000 0.46510000
vt 0.60890000 0.46510000
vt 0.60890000 0.46510000
vt 0.60890000 0.44270000
vt 0.60450000 0.32230000
vt 0.59990000 0.42760000
f 1/1 2/2 3/3
f 1/1 3/3 4/4
f 5/5 6/6 7/7
f 5/5 7/7 8/8
f 9/9 10/10 11/11
f 9/9 11/11 12/12
f 13/13 14/14 15/15
f 13/13 15/15 16/16
f 17/17 18/18 19/19
f 17/17 19/19 20/20
f 21/21 22/22 23/23
f 21/21 23/23 24/24
f 25/25 26/26 27/27
f 25/25 27/27 14/14
f 22/22 28/28 29/29
f 22/22 29/29 23/23
f 27/27 30/30 31/31
f 27/27 31/31 32/32
f 33/33 34/34 35/35
f 33/33 35/35 36/36
f 37/37 38/38 2/2
f 37/37 2/2 1/1
f 39/39 40/40 42/42
f 48/48 21/21 24/24
f 48/48 24/24 49/49
f 50/50 33/33 36/36
f 50/50 36/36 51/51
f 52/52 53/53 54/54
f 52/52 54/54 55/55
f 56/56 52/52 55/55
f 56/56 55/55 57/57
f 58/58 59/59 38/38
f 58/58 38/38 37/37
f 14/14 27/27 32/32
f 14/14 32/32 15/15
f 60/60 61/61 22/22
f 60/60 22/22 21/21
f 62/62 63/63 61/61
f 62/62 61/61 60/60
f 64/64 65/65 57/57
f 64/64 57/57 55/55
f 65/65 64/64 20/20
f 65/65 20/20 19/19
f 24/24 23/23 26/26
f 24/24 26/26 25/25
f 20/20 49/49 66/66
f 20/20 66/66 17/17
f 26/26 67/67 30/30
f 26/26 30/30 27/27
f 43/43 68/68 69/69
f 63/63 69/69 70/70
f 63/63 70/70 61/61
f 17/17 66/66 13/13
f 17/17 13/13 10/10
f 17/17 10/10 9/9
f 17/17 9/9 18/18
f 12/12 11/11 71/71
f 12/12 71/71 72/72
f 10/10 13/13 16/16
f 10/10 16/16 11/11
f 11/11 16/16 73/73
f 11/11 73/73 71/71
f 71/71 73/73 74/74
f 71/71 74/74 59/59
f 72/72 71/71 59/59
f 72/72 59/59 58/58
f 37/37 1/1 75/75
f 37/37 75/75 58/58
f 59/59 74/74 76/76
f 59/59 76/76 38/38
f 38/38 76/76 50/50
f 38/38 50/50 2/2
f 77/77 78/78 70/70
f 77/77 70/70 69/69
f 79/79 28/28 70/70
f 79/79 70/70 78/78
f 80/80 29/29 28/28
f 80/80 28/28 79/79
f 81/81 67/67 29/29
f 81/81 29/29 80/80
f 82/82 30/30 67/67
f 82/82 67/67 81/81
f 83/83 31/31 30/30
f 83/83 30/30 82/82
f 83/83 84/84 85/85
f 83/83 85/85 31/31
f 16/16 15/15 86/86
f 16/16 86/86 73/73
f 73/73 86/86 5/5
f 73/73 5/5 74/74
f 74/74 5/5 8/8
f 74/74 8/8 76/76
f 87/87 88/88 89/89
f 87/87 89/89 90/90
f 90/90 89/89 91/91
f 90/90 91/91 92/92
f 92/92 91/91 93/93
f 92/92 93/93 94/94
f 94/94 93/93 85/85
f 94/94 85/85 84/84
f 32/32 31/31 85/85
f 32/32 85/85 95/95
f 15/15 32/32 95/95
f 15/15 95/95 86/86
f 95/95 85/85 93/93
f 95/95 93/93 6/6
f 7/7 91/91 89/89
f 7/7 89/89 34/34
f 34/34 89/89 88/88
f 34/34 88/88 35/35
f 8/8 7/7 34/34
f 8/8 34/34 33/33
f 56/56 57/57 96/96
f 56/56 96/96 39/39
f 53/53 62/62 60/60
f 53/53 60/60 54/54
f 64/64 48/48 49/49
f 64/64 49/49 20/20
f 75/75 12/12 72/72
f 75/75 72/72 58/58
f 75/75 96/96 9/9
f 75/75 9/9 12/12
f 54/54 60/60 21/21
f 54/54 21/21 48/48
f 86/86 95/95 6/6
f 86/86 6/6 5/5
f 4/4 100/100 102/102
f 66/66 25/25 14/14
f 66/66 14/14 13/13
f 23/23 29/29 67/67
f 23/23 67/67 26/26
f 6/6 93/93 91/91
f 6/6 91/91 7/7
f 76/76 8/8 33/33
f 76/76 33/33 50/50
f 1/1 4/4 104/104
f 1/1 104/104 75/75
f 96/96 75/75 104/104
f 96/96 104/104 39/39
f 61/61 70/70 28/28
f 61/61 28/28 22/22
f 55/55 54/54 48/48
f 55/55 48/48 64/64
f 49/49 24/24 25/25
f 49/49 25/25 66/66
f 2/2 50/50 51/51
f 2/2 51/51 3/3
f 96/96 19/19 18/18
f 96/96 18/18 9/9
f 96/96 57/57 65/65
f 96/96 65/65 19/19
f 41/41 56/56 39/39
f 35/35 88/88 99/99
f 46/46 53/53 52/52
f 40/40 104/104 103/103
f 39/39 104/104 40/40
f 44/44 62/62 53/53
f 103/103 104/104 4/4
f 47/47 52/52 56/56
f 45/45 63/63 62/62
f 3/3 51/51 97/97
f 43/43 69/69 63/63
f 51/51 36/36 101/101
f 68/68 105/105 69/69
f 105/105 77/77 69/69
f 36/36 35/35 98/98
f 4/4 3/3 100/100
f 106/106 99/99 87/87
f 99/99 88/88 87/87
f 107/107 108/108 109/109
f 109/109 108/108 110/110
f 111/111 112/112 113/113
f 113/113 112/112 114/114
f 115/115 116/116 117/117
f 117/117 116/116 118/118
f 119/119 120/120 121/121
f 121/121 120/120 122/122
f 123/123 124/124 125/125
f 125/125 124/124 126/126
f 127/127 128/128 129/129
f 129/129 128/128 130/130
f 131/131 132/132 133/133
f 133/133 132/132 119/119
f 134/134 127/127 135/135
f 135/135 127/127 129/129
f 136/136 133/133 137/137
f 137/137 133/133 138/138
f 139/139 140/140 141/141
f 141/141 140/140 142/142
f 143/143 144/144 107/107
f 107/107 144/144 108/108
f 40/40 145/145 42/42
f 128/128 146/146 130/130
f 130/130 146/146 147/147
f 140/140 148/148 142/142
f 142/142 148/148 149/149
f 150/150 151/151 152/152
f 152/152 151/151 153/153
f 151/151 154/154 153/153
f 153/153 154/154 155/155
f 156/156 157/157 143/143
f 143/143 157/157 144/144
f 133/133 119/119 138/138
f 138/138 119/119 121/121
f 158/158 159/159 127/127
f 127/127 159/159 128/128
f 160/160 161/161 158/158
f 158/158 161/161 159/159
f 162/162 163/163 155/155
f 155/155 163/163 153/153
f 163/163 162/162 126/126
f 126/126 162/162 125/125
f 129/129 130/130 131/131
f 131/131 130/130 132/132
f 147/147 126/126 164/164
f 164/164 126/126 124/124
f 165/165 131/131 136/136
f 136/136 131/131 133/133
f 68/68 43/43 166/166
f 166/166 160/160 167/167
f 167/167 160/160 158/158
f 164/164 124/124 120/120
f 120/120 124/124 115/115
f 115/115 124/124 116/116
f 116/116 124/124 123/123
f 117/117 118/118 168/168
f 168/168 118/118 169/169
f 120/120 115/115 122/122
f 122/122 115/115 117/117
f 122/122 117/117 170/170
f 170/170 117/117 168/168
f 170/170 168/168 171/171
f 171/171 168/168 156/156
f 168/168 169/169 156/156
f 156/156 169/169 157/157
f 108/108 144/144 172/172
f 172/172 144/144 157/157
f 171/171 156/156 173/173
f 173/173 156/156 143/143
f 173/173 143/143 148/148
f 148/148 143/143 107/107
f 174/174 175/175 167/167
f 167/167 175/175 166/166
f 134/134 176/176 167/167
f 167/167 176/176 174/174
f 135/135 177/177 134/134
f 134/134 177/177 176/176
f 165/165 178/178 135/135
f 135/135 178/178 177/177
f 136/136 179/179 165/165
f 165/165 179/179 178/178
f 137/137 180/180 136/136
f 136/136 180/180 179/179
f 181/181 180/180 182/182
f 182/182 180/180 137/137
f 121/121 122/122 183/183
f 183/183 122/122 170/170
f 183/183 170/170 112/112
f 112/112 170/170 171/171
f 112/112 171/171 114/114
f 114/114 171/171 173/173
f 184/184 185/185 186/186
f 186/186 185/185 187/187
f 186/186 187/187 188/188
f 188/188 187/187 189/189
f 188/188 189/189 190/190
f 190/190 189/189 191/191
f 190/190 191/191 182/182
f 182/182 191/191 181/181
f 137/137 138/138 182/182
f 182/182 138/138 192/192
f 138/138 121/121 192/192
f 192/192 121/121 183/183
f 182/182 192/192 190/190
f 190/190 192/192 111/111
f 188/188 113/113 186/186
f 186/186 113/113 139/139
f 186/186 139/139 184/184
f 184/184 139/139 141/141
f 113/113 114/114 139/139
f 139/139 114/114 140/140
f 155/155 154/154 193/193
f 193/193 154/154 145/145
f 161/161 150/150 159/159
f 159/159 150/150 152/152
f 146/146 163/163 147/147
f 147/147 163/163 126/126
f 118/118 172/172 169/169
f 169/169 172/172 157/157
f 193/193 172/172 116/116
f 116/116 172/172 118/118
f 159/159 152/152 128/128
f 128/128 152/152 146/146
f 192/192 183/183 111/111
f 111/111 183/183 112/112
f 100/100 110/110 102/102
f 132/132 164/164 119/119
f 119/119 164/164 120/120
f 135/135 129/129 165/165
f 165/165 129/129 131/131
f 190/190 111/111 188/188
f 188/188 111/111 113/113
f 114/114 173/173 140/140
f 140/140 173/173 148/148
f 110/110 108/108 194/194
f 194/194 108/108 172/172
f 172/172 193/193 194/194
f 194/194 193/193 145/145
f 167/167 158/158 134/134
f 134/134 158/158 127/127
f 152/152 153/153 146/146
f 146/146 153/153 163/163
f 130/130 147/147 132/132
f 132/132 147/147 164/164
f 148/148 107/107 149/149
f 149/149 107/107 109/109
f 125/125 193/193 123/123
f 123/123 193/193 116/116
f 155/155 193/193 162/162
f 162/162 193/193 125/125
f 154/154 41/41 145/145
f 184/184 141/141 99/99
f 150/150 46/46 151/151
f 194/194 40/40 103/103
f 194/194 145/145 40/40
f 161/161 44/44 150/150
f 194/194 103/103 110/110
f 151/151 47/47 154/154
f 160/160 45/45 161/161
f 149/149 109/109 97/97
f 166/166 43/43 160/160
f 142/142 149/149 101/101
f 105/105 68/68 166/166
f 175/175 105/105 166/166
f 141/141 142/142 98/98
f 109/109 110/110 100/100
f 99/99 106/106 185/185
f 184/184 99/99 185/185
f 197/197 196/196 195/195
f 198/198 197/197 195/195
f 201/201 200/200 199/199
f 202/202 201/201 199/199
f 205/205 204/204 203/203
f 206/206 205/205 203/203
f 209/209 208/208 207/207
f 210/210 209/209 207/207
f 213/213 212/212 211/211
f 214/214 213/213 211/211
f 217/217 216/216 215/215
f 218/218 217/217 215/215
f 221/221 220/220 219/219
f 208/208 221/221 219/219
f 223/223 222/222 216/216
f 217/217 223/223 216/216
f 225/225 224/224 221/221
f 226/226 225/225 221/221
f 229/229 228/228 227/227
f 230/230 229/229 227/227
f 196/196 232/232 231/231
f 195/195 196/196 231/231
f 238/238 234/234 233/233
f 218/218 215/215 242/242
f 243/243 218/218 242/242
f 230/230 227/227 244/244
f 245/245 230/230 244/244
f 248/248 247/247 246/246
f 249/249 248/248 246/246
f 249/249 246/246 250/250
f 251/251 249/249 250/250
f 232/232 253/253 252/252
f 231/231 232/232 252/252
f 226/226 221/221 208/208
f 209/209 226/226 208/208
f 216/216 255/255 254/254
f 215/215 216/216 254/254
f 255/255 257/257 256/256
f 254/254 255/255 256/256
f 251/251 259/259 258/258
f 249/249 251/251 258/258
f 214/214 258/258 259/259
f 213/213 214/214 259/259
f 220/220 217/217 218/218
f 219/219 220/220 218/218
f 260/260 243/243 214/214
f 211/211 260/260 214/214
f 224/224 261/261 220/220
f 221/221 224/224 220/220
f 263/263 262/262 239/239
f 264/264 263/263 257/257
f 255/255 264/264 257/257
f 207/207 260/260 211/211
f 204/204 207/207 211/211
f 203/203 204/204 211/211
f 212/212 203/203 211/211
f 265/265 205/205 206/206
f 266/266 265/265 206/206
f 210/210 207/207 204/204
f 205/205 210/210 204/204
f 267/267 210/210 205/205
f 265/265 267/267 205/205
f 268/268 267/267 265/265
f 253/253 268/268 265/265
f 253/253 265/265 266/266
f 252/252 253/253 266/266
f 269/269 195/195 231/231
f 252/252 269/269 231/231
f 270/270 268/268 253/253
f 232/232 270/270 253/253
f 244/244 270/270 232/232
f 196/196 244/244 232/232
f 264/264 272/272 271/271
f 263/263 264/264 271/271
f 264/264 222/222 273/273
f 272/272 264/264 273/273
f 222/222 223/223 274/274
f 273/273 222/222 274/274
f 223/223 261/261 275/275
f 274/274 223/223 275/275
f 261/261 224/224 276/276
f 275/275 261/261 276/276
f 224/224 225/225 277/277
f 276/276 224/224 277/277
f 279/279 278/278 277/277
f 225/225 279/279 277/277
f 280/280 209/209 210/210
f 267/267 280/280 210/210
f 199/199 280/280 267/267
f 268/268 199/199 267/267
f 202/202 199/199 268/268
f 270/270 202/202 268/268
f 283/283 282/282 281/281
f 284/284 283/283 281/281
f 285/285 283/283 284/284
f 286/286 285/285 284/284
f 287/287 285/285 286/286
f 288/288 287/287 286/286
f 279/279 287/287 288/288
f 278/278 279/279 288/288
f 279/279 225/225 226/226
f 289/289 279/279 226/226
f 289/289 226/226 209/209
f 280/280 289/289 209/209
f 287/287 279/279 289/289
f 200/200 287/287 289/289
f 283/283 285/285 201/201
f 228/228 283/283 201/201
f 282/282 283/283 228/228
f 229/229 282/282 228/228
f 228/228 201/201 202/202
f 227/227 228/228 202/202
f 290/290 251/251 250/250
f 233/233 290/290 250/250
f 254/254 256/256 247/247
f 248/248 254/254 247/247
f 243/243 242/242 258/258
f 214/214 243/243 258/258
f 266/266 206/206 269/269
f 252/252 266/266 269/269
f 203/203 290/290 269/269
f 206/206 203/203 269/269
f 215/215 254/254 248/248
f 242/242 215/215 248/248
f 200/200 289/289 280/280
f 199/199 200/200 280/280
f 296/296 295/295 198/198
f 208/208 219/219 260/260
f 207/207 208/208 260/260
f 261/261 223/223 217/217
f 220/220 261/261 217/217
f 285/285 287/287 200/200
f 201/201 285/285 200/200
f 227/227 202/202 270/270
f 244/244 227/227 270/270
f 298/298 198/198 195/195
f 269/269 298/298 195/195
f 298/298 269/269 290/290
f 233/233 298/298 290/290
f 222/222 264/264 255/255
f 216/216 222/222 255/255
f 242/242 248/248 249/249
f 258/258 242/242 249/249
f 219/219 218/218 243/243
f 260/260 219/219 243/243
f 245/245 244/244 196/196
f 197/197 245/245 196/196
f 212/212 213/213 290/290
f 203/203 212/212 290/290
f 259/259 251/251 290/290
f 213/213 259/259 290/290
f 233/233 250/250 237/237
f 294/294 282/282 229/229
f 246/246 247/247 236/236
f 297/297 298/298 234/234
f 234/234 298/298 233/233
f 247/247 256/256 235/235
f 198/198 298/298 297/297
f 250/250 246/246 241/241
f 256/256 257/257 240/240
f 293/293 245/245 197/197
f 257/257 263/263 239/239
f 292/292 230/230 245/245
f 263/263 299/299 262/262
f 263/263 271/271 299/299
f 291/291 229/229 230/230
f 295/295 197/197 198/198
f 281/281 294/294 300/300
f 281/281 282/282 294/294
f 303/303 302/302 301/301
f 304/304 302/302 303/303
f 307/307 306/306 305/305
f 308/308 306/306 307/307
f 311/311 310/310 309/309
f 312/312 310/310 311/311
f 315/315 314/314 313/313
f 316/316 314/314 315/315
f 319/319 318/318 317/317
f 320/320 318/318 319/319
f 323/323 322/322 321/321
f 324/324 322/322 323/323
f 327/327 326/326 325/325
f 313/313 326/326 327/327
f 329/329 321/321 328/328
f 323/323 321/321 329/329
f 331/331 327/327 330/330
f 332/332 327/327 331/331
f 335/335 334/334 333/333
f 336/336 334/334 335/335
f 301/301 338/338 337/337
f 302/302 338/338 301/301
f 238/238 339/339 234/234
f 324/324 340/340 322/322
f 341/341 340/340 324/324
f 336/336 342/342 334/334
f 343/343 342/342 336/336
f 346/346 345/345 344/344
f 347/347 345/345 346/346
f 347/347 348/348 345/345
f 349/349 348/348 347/347
f 337/337 351/351 350/350
f 338/338 351/351 337/337
f 332/332 313/313 327/327
f 315/315 313/313 332/332
f 321/321 353/353 352/352
f 322/322 353/353 321/321
f 352/352 355/355 354/354
f 353/353 355/355 352/352
f 349/349 357/357 356/356
f 347/347 357/357 349/349
f 320/320 356/356 357/357
f 319/319 356/356 320/320
f 325/325 324/324 323/323
f 326/326 324/324 325/325
f 358/358 320/320 341/341
f 318/318 320/320 358/358
f 330/330 325/325 359/359
f 327/327 325/325 330/330
f 360/360 239/239 262/262
f 361/361 354/354 360/360
f 352/352 354/354 361/361
f 314/314 318/318 358/358
f 309/309 318/318 314/314
f 310/310 318/318 309/309
f 317/317 318/318 310/310
f 362/362 312/312 311/311
f 363/363 312/312 362/362
f 316/316 309/309 314/314
f 311/311 309/309 316/316
f 364/364 311/311 316/316
f 362/362 311/311 364/364
f 365/365 362/362 364/364
f 350/350 362/362 365/365
f 350/350 363/363 362/362
f 351/351 363/363 350/350
f 366/366 338/338 302/302
f 351/351 338/338 366/366
f 367/367 350/350 365/365
f 337/337 350/350 367/367
f 342/342 337/337 367/367
f 301/301 337/337 342/342
f 361/361 369/369 368/368
f 360/360 369/369 361/361
f 361/361 370/370 328/328
f 368/368 370/370 361/361
f 328/328 371/371 329/329
f 370/370 371/371 328/328
f 329/329 372/372 359/359
f 371/371 372/372 329/329
f 359/359 373/373 330/330
f 372/372 373/373 359/359
f 330/330 374/374 331/331
f 373/373 374/374 330/330
f 376/376 374/374 375/375
f 331/331 374/374 376/376
f 377/377 316/316 315/315
f 364/364 316/316 377/377
f 306/306 364/364 377/377
f 365/365 364/364 306/306
f 308/308 365/365 306/306
f 367/367 365/365 308/308
f 380/380 379/379 378/378
f 381/381 379/379 380/380
f 382/382 381/381 380/380
f 383/383 381/381 382/382
f 384/384 383/383 382/382
f 385/385 383/383 384/384
f 376/376 385/385 384/384
f 375/375 385/385 376/376
f 376/376 332/332 331/331
f 386/386 332/332 376/376
f 386/386 315/315 332/332
f 377/377 315/315 386/386
f 384/384 386/386 376/376
f 305/305 386/386 384/384
f 380/380 307/307 382/382
f 333/333 307/307 380/380
f 378/378 333/333 380/380
f 335/335 333/333 378/378
f 333/333 308/308 307/307
f 334/334 308/308 333/333
f 387/387 348/348 349/349
f 339/339 348/348 387/387
f 353/353 344/344 355/355
f 346/346 344/344 353/353
f 341/341 357/357 340/340
f 320/320 357/357 341/341
f 363/363 366/366 312/312
f 351/351 366/366 363/363
f 310/310 366/366 387/387
f 312/312 366/366 310/310
f 322/322 346/346 353/353
f 340/340 346/346 322/322
f 305/305 377/377 386/386
f 306/306 377/377 305/305
f 296/296 304/304 295/295
f 313/313 358/358 326/326
f 314/314 358/358 313/313
f 359/359 323/323 329/329
f 325/325 323/323 359/359
f 382/382 305/305 384/384
f 307/307 305/305 382/382
f 334/334 367/367 308/308
f 342/342 367/367 334/334
f 388/388 302/302 304/304
f 366/366 302/302 388/388
f 388/388 387/387 366/366
f 339/339 387/387 388/388
f 328/328 352/352 361/361
f 321/321 352/352 328/328
f 340/340 347/347 346/346
f 357/357 347/347 340/340
f 326/326 341/341 324/324
f 358/358 341/341 326/326
f 343/343 301/301 342/342
f 303/303 301/301 343/343
f 317/317 387/387 319/319
f 310/310 387/387 317/317
f 356/356 387/387 349/349
f 319/319 387/387 356/356
f 339/339 237/237 348/348
f 294/294 335/335 378/378
f 345/345 236/236 344/344
f 297/297 234/234 388/388
f 234/234 339/339 388/388
f 344/344 235/235 355/355
f 304/304 297/297 388/388
f 348/348 241/241 345/345
f 355/355 240/240 354/354
f 293/293 303/303 343/343
f 354/354 239/239 360/360
f 292/292 343/343 336/336
f 360/360 262/262 299/299
f 360/360 299/299 369/369
f 291/291 336/336 335/335
f 295/295 304/304 303/303
f 379/379 300/300 294/294
f 379/379 294/294 378/378
f 391/391 390/390 389/389
f 392/392 391/391 389/389
f 395/395 394/394 393/393
f 396/396 395/395 393/393
f 399/399 398/398 397/397
f 400/400 399/399 397/397
f 403/403 402/402 401/401
f 404/404 403/403 401/401
f 407/407 406/406 405/405
f 408/408 407/407 405/405
f 411/411 410/410 409/409
f 412/412 411/411 409/409
f 415/415 414/414 413/413
f 402/402 415/415 413/413
f 417/417 416/416 410/410
f 411/411 417/417 410/410
f 419/419 418/418 415/415
f 420/420 419/419 415/415
f 423/423 422/422 421/421
f 424/424 423/423 421/421
f 390/390 426/426 425/425
f 389/389 390/390 425/425
f 429/429 428/428 427/427
f 412/412 409/409 436/436
f 437/437 412/412 436/436
f 424/424 421/421 438/438
f 439/439 424/424 438/438
f 442/442 441/441 440/440
f 443/443 442/442 440/440
f 443/443 440/440 444/444
f 445/445 443/443 444/444
f 426/426 447/447 446/446
f 425/425 426/426 446/446
f 420/420 415/415 402/402
f 403/403 420/420 402/402
f 410/410 449/449 448/448
f 409/409 410/410 448/448
f 449/449 451/451 450/450
f 448/448 449/449 450/450
f 445/445 453/453 452/452
f 443/443 445/445 452/452
f 408/408 452/452 453/453
f 407/407 408/408 453/453
f 414/414 411/411 412/412
f 413/413 414/414 412/412
f 454/454 437/437 408/408
f 405/405 454/454 408/408
f 418/418 455/455 414/414
f 415/415 418/418 414/414
f 457/457 456/456 432/432
f 458/458 457/457 451/451
f 449/449 458/458 451/451
f 401/401 454/454 405/405
f 398/398 401/401 405/405
f 397/397 398/398 405/405
f 406/406 397/397 405/405
f 459/459 399/399 400/400
f 460/460 459/459 400/400
f 404/404 401/401 398/398
f 399/399 404/404 398/398
f 461/461 404/404 399/399
f 459/459 461/461 399/399
f 462/462 461/461 459/459
f 447/447 462/462 459/459
f 447/447 459/459 460/460
f 446/446 447/447 460/460
f 463/463 389/389 425/425
f 446/446 463/463 425/425
f 464/464 462/462 447/447
f 426/426 464/464 447/447
f 438/438 464/464 426/426
f 390/390 438/438 426/426
f 458/458 466/466 465/465
f 457/457 458/458 465/465
f 458/458 416/416 467/467
f 466/466 458/458 467/467
f 416/416 417/417 468/468
f 467/467 416/416 468/468
f 417/417 455/455 469/469
f 468/468 417/417 469/469
f 455/455 418/418 470/470
f 469/469 455/455 470/470
f 418/418 419/419 471/471
f 470/470 418/418 471/471
f 473/473 472/472 471/471
f 419/419 473/473 471/471
f 474/474 403/403 404/404
f 461/461 474/474 404/404
f 393/393 474/474 461/461
f 462/462 393/393 461/461
f 396/396 393/393 462/462
f 464/464 396/396 462/462
f 477/477 476/476 475/475
f 478/478 477/477 475/475
f 479/479 477/477 478/478
f 480/480 479/479 478/478
f 481/481 479/479 480/480
f 482/482 481/481 480/480
f 473/473 481/481 482/482
f 472/472 473/473 482/482
f 473/473 419/419 420/420
f 483/483 473/473 420/420
f 483/483 420/420 403/403
f 474/474 483/483 403/403
f 481/481 473/473 483/483
f 394/394 481/481 483/483
f 477/477 479/479 395/395
f 422/422 477/477 395/395
f 476/476 477/477 422/422
f 423/423 476/476 422/422
f 422/422 395/395 396/396
f 421/421 422/422 396/396
f 484/484 445/445 444/444
f 427/427 484/484 444/444
f 448/448 450/450 441/441
f 442/442 448/448 441/441
f 437/437 436/436 452/452
f 408/408 437/437 452/452
f 460/460 400/400 463/463
f 446/446 460/460 463/463
f 397/397 484/484 463/463
f 400/400 397/397 463/463
f 409/409 448/448 442/442
f 436/436 409/409 442/442
f 394/394 483/483 474/474
f 393/393 394/394 474/474
f 490/490 487/487 392/392
f 402/402 413/413 454/454
f 401/401 402/402 454/454
f 455/455 417/417 411/411
f 414/414 455/455 411/411
f 479/479 481/481 394/394
f 395/395 479/479 394/394
f 421/421 396/396 464/464
f 438/438 421/421 464/464
f 492/492 392/392 389/389
f 463/463 492/492 389/389
f 492/492 463/463 484/484
f 427/427 492/492 484/484
f 416/416 458/458 449/449
f 410/410 416/416 449/449
f 436/436 442/442 443/443
f 452/452 436/436 443/443
f 413/413 412/412 437/437
f 454/454 413/413 437/437
f 439/439 438/438 390/390
f 391/391 439/439 390/390
f 406/406 407/407 484/484
f 397/397 406/406 484/484
f 453/453 445/445 484/484
f 407/407 453/453 484/484
f 427/427 444/444 430/430
f 489/489 476/476 423/423
f 440/440 441/441 434/434
f 491/491 492/492 428/428
f 428/428 492/492 427/427
f 441/441 450/450 435/435
f 392/392 492/492 491/491
f 444/444 440/440 433/433
f 450/450 451/451 431/431
f 486/486 439/439 391/391
f 451/451 457/457 432/432
f 485/485 424/424 439/439
f 457/457 493/493 456/456
f 457/457 465/465 493/493
f 488/488 423/423 424/424
f 487/487 391/391 392/392
f 475/475 489/489 494/494
f 475/475 476/476 489/489
f 497/497 496/496 495/495
f 498/498 496/496 497/497
f 501/501 500/500 499/499
f 502/502 500/500 501/501
f 505/505 504/504 503/503
f 506/506 504/504 505/505
f 509/509 508/508 507/507
f 510/510 508/508 509/509
f 513/513 512/512 511/511
f 514/514 512/512 513/513
f 517/517 516/516 515/515
f 518/518 516/516 517/517
f 521/521 520/520 519/519
f 507/507 520/520 521/521
f 523/523 515/515 522/522
f 517/517 515/515 523/523
f 525/525 521/521 524/524
f 526/526 521/521 525/525
f 529/529 528/528 527/527
f 530/530 528/528 529/529
f 495/495 532/532 531/531
f 496/496 532/532 495/495
f 429/429 533/533 428/428
f 518/518 534/534 516/516
f 535/535 534/534 518/518
f 530/530 536/536 528/528
f 537/537 536/536 530/530
f 540/540 539/539 538/538
f 541/541 539/539 540/540
f 541/541 542/542 539/539
f 543/543 542/542 541/541
f 531/531 545/545 544/544
f 532/532 545/545 531/531
f 526/526 507/507 521/521
f 509/509 507/507 526/526
f 515/515 547/547 546/546
f 516/516 547/547 515/515
f 546/546 549/549 548/548
f 547/547 549/549 546/546
f 543/543 551/551 550/550
f 541/541 551/551 543/543
f 514/514 550/550 551/551
f 513/513 550/550 514/514
f 519/519 518/518 517/517
f 520/520 518/518 519/519
f 552/552 514/514 535/535
f 512/512 514/514 552/552
f 524/524 519/519 553/553
f 521/521 519/519 524/524
f 554/554 432/432 456/456
f 555/555 548/548 554/554
f 546/546 548/548 555/555
f 508/508 512/512 552/552
f 503/503 512/512 508/508
f 504/504 512/512 503/503
f 511/511 512/512 504/504
f 556/556 506/506 505/505
f 557/557 506/506 556/556
f 510/510 503/503 508/508
f 505/505 503/503 510/510
f 558/558 505/505 510/510
f 556/556 505/505 558/558
f 559/559 556/556 558/558
f 544/544 556/556 559/559
f 544/544 557/557 556/556
f 545/545 557/557 544/544
f 560/560 532/532 496/496
f 545/545 532/532 560/560
f 561/561 544/544 559/559
f 531/531 544/544 561/561
f 536/536 531/531 561/561
f 495/495 531/531 536/536
f 555/555 563/563 562/562
f 554/554 563/563 555/555
f 555/555 564/564 522/522
f 562/562 564/564 555/555
f 522/522 565/565 523/523
f 564/564 565/565 522/522
f 523/523 566/566 553/553
f 565/565 566/566 523/523
f 553/553 567/567 524/524
f 566/566 567/567 553/553
f 524/524 568/568 525/525
f 567/567 568/568 524/524
f 570/570 568/568 569/569
f 525/525 568/568 570/570
f 571/571 510/510 509/509
f 558/558 510/510 571/571
f 500/500 558/558 571/571
f 559/559 558/558 500/500
f 502/502 559/559 500/500
f 561/561 559/559 502/502
f 574/574 573/573 572/572
f 575/575 573/573 574/574
f 576/576 575/575 574/574
f 577/577 575/575 576/576
f 578/578 577/577 576/576
f 579/579 577/577 578/578
f 570/570 579/579 578/578
f 569/569 579/579 570/570
f 570/570 526/526 525/525
f 580/580 526/526 570/570
f 580/580 509/509 526/526
f 571/571 509/509 580/580
f 578/578 580/580 570/570
f 499/499 580/580 578/578
f 574/574 501/501 576/576
f 527/527 501/501 574/574
f 572/572 527/527 574/574
f 529/529 527/527 572/572
f 527/527 502/502 501/501
f 528/528 502/502 527/527
f 581/581 542/542 543/543
f 533/533 542/542 581/581
f 547/547 538/538 549/549
f 540/540 538/538 547/547
f 535/535 551/551 534/534
f 514/514 551/551 535/535
f 557/557 560/560 506/506
f 545/545 560/560 557/557
f 504/504 560/560 581/581
f 506/506 560/560 504/504
f 516/516 540/540 547/547
f 534/534 540/540 516/516
f 499/499 571/571 580/580
f 500/500 571/571 499/499
f 490/490 498/498 487/487
f 507/507 552/552 520/520
f 508/508 552/552 507/507
f 553/553 517/517 523/523
f 519/519 517/517 553/553
f 576/576 499/499 578/578
f 501/501 499/499 576/576
f 528/528 561/561 502/502
f 536/536 561/561 528/528
f 582/582 496/496 498/498
f 560/560 496/496 582/582
f 582/582 581/581 560/560
f 533/533 581/581 582/582
f 522/522 546/546 555/555
f 515/515 546/546 522/522
f 534/534 541/541 540/540
f 551/551 541/541 534/534
f 520/520 535/535 518/518
f 552/552 535/535 520/520
f 537/537 495/495 536/536
f 497/497 495/495 537/537
f 511/511 581/581 513/513
f 504/504 581/581 511/511
f 550/550 581/581 543/543
f 513/513 581/581 550/550
f 533/533 430/430 542/542
f 489/489 529/529 572/572
f 539/539 434/434 538/538
f 491/491 428/428 582/582
f 428/428 533/533 582/582
f 538/538 435/435 549/549
f 498/498 491/491 582/582
f 542/542 433/433 539/539
f 549/549 431/431 548/548
f 486/486 497/497 537/537
f 548/548 432/432 554/554
f 485/485 537/537 530/530
f 554/554 456/456 493/493
f 554/554 493/493 563/563
f 488/488 530/530 529/529
f 487/487 498/498 497/497
f 573/573 494/494 489/489
f 573/573 489/489 572/572
f 585/585 584/584 583/583
f 586/586 585/585 583/583
f 589/589 588/588 587/587
f 590/590 589/589 587/587
f 593/593 592/592 591/591
f 594/594 593/593 591/591
f 597/597 596/596 595/595
f 598/598 597/597 595/595
f 601/601 600/600 599/599
f 602/602 601/601 599/599
f 605/605 604/604 603/603
f 606/606 605/605 603/603
f 609/609 608/608 607/607
f 596/596 609/609 607/607
f 611/611 610/610 604/604
f 605/605 611/611 604/604
f 613/613 612/612 609/609
f 614/614 613/613 609/609
f 617/617 616/616 615/615
f 618/618 617/617 615/615
f 584/584 620/620 619/619
f 583/583 584/584 619/619
f 624/624 622/622 621/621
f 606/606 603/603 630/630
f 631/631 606/606 630/630
f 618/618 615/615 632/632
f 633/633 618/618 632/632
f 636/636 635/635 634/634
f 637/637 636/636 634/634
f 637/637 634/634 638/638
f 639/639 637/637 638/638
f 620/620 641/641 640/640
f 619/619 620/620 640/640
f 614/614 609/609 596/596
f 597/597 614/614 596/596
f 604/604 643/643 642/642
f 603/603 604/604 642/642
f 643/643 645/645 644/644
f 642/642 643/643 644/644
f 639/639 647/647 646/646
f 637/637 639/639 646/646
f 602/602 646/646 647/647
f 601/601 602/602 647/647
f 608/608 605/605 606/606
f 607/607 608/608 606/606
f 648/648 631/631 602/602
f 599/599 648/648 602/602
f 612/612 649/649 608/608
f 609/609 612/612 608/608
f 651/651 650/650 623/623
f 652/652 651/651 645/645
f 643/643 652/652 645/645
f 595/595 648/648 599/599
f 592/592 595/595 599/599
f 591/591 592/592 599/599
f 600/600 591/591 599/599
f 653/653 593/593 594/594
f 654/654 653/653 594/594
f 598/598 595/595 592/592
f 593/593 598/598 592/592
f 655/655 598/598 593/593
f 653/653 655/655 593/593
f 656/656 655/655 653/653
f 641/641 656/656 653/653
f 641/641 653/653 654/654
f 640/640 641/641 654/654
f 657/657 583/583 619/619
f 640/640 657/657 619/619
f 658/658 656/656 641/641
f 620/620 658/658 641/641
f 632/632 658/658 620/620
f 584/584 632/632 620/620
f 652/652 660/660 659/659
f 651/651 652/652 659/659
f 652/652 610/610 661/661
f 660/660 652/652 661/661
f 610/610 611/611 662/662
f 661/661 610/610 662/662
f 611/611 649/649 663/663
f 662/662 611/611 663/663
f 649/649 612/612 664/664
f 663/663 649/649 664/664
f 612/612 613/613 665/665
f 664/664 612/612 665/665
f 667/667 666/666 665/665
f 613/613 667/667 665/665
f 668/668 597/597 598/598
f 655/655 668/668 598/598
f 587/587 668/668 655/655
f 656/656 587/587 655/655
f 590/590 587/587 656/656
f 658/658 590/590 656/656
f 671/671 670/670 669/669
f 672/672 671/671 669/669
f 673/673 671/671 672/672
f 674/674 673/673 672/672
f 675/675 673/673 674/674
f 676/676 675/675 674/674
f 667/667 675/675 676/676
f 666/666 667/667 676/676
f 667/667 613/613 614/614
f 677/677 667/667 614/614
f 677/677 614/614 597/597
f 668/668 677/677 597/597
f 675/675 667/667 677/677
f 588/588 675/675 677/677
f 671/671 673/673 589/589
f 616/616 671/671 589/589
f 670/670 671/671 616/616
f 617/617 670/670 616/616
f 616/616 589/589 590/590
f 615/615 616/616 590/590
f 678/678 639/639 638/638
f 621/621 678/678 638/638
f 642/642 644/644 635/635
f 636/636 642/642 635/635
f 631/631 630/630 646/646
f 602/602 631/631 646/646
f 654/654 594/594 657/657
f 640/640 654/654 657/657
f 591/591 678/678 657/657
f 594/594 591/591 657/657
f 603/603 642/642 636/636
f 630/630 603/603 636/636
f 588/588 677/677 668/668
f 587/587 588/588 668/668
f 685/685 680/680 586/586
f 596/596 607/607 648/648
f 595/595 596/596 648/648
f 649/649 611/611 605/605
f 608/608 649/649 605/605
f 673/673 675/675 588/588
f 589/589 673/673 588/588
f 615/615 590/590 658/658
f 632/632 615/615 658/658
f 686/686 586/586 583/583
f 657/657 686/686 583/583
f 686/686 657/657 678/678
f 621/621 686/686 678/678
f 610/610 652/652 643/643
f 604/604 610/610 643/643
f 630/630 636/636 637/637
f 646/646 630/630 637/637
f 607/607 606/606 631/631
f 648/648 607/607 631/631
f 633/633 632/632 584/584
f 585/585 633/633 584/584
f 600/600 601/601 678/678
f 591/591 600/600 678/678
f 647/647 639/639 678/678
f 601/601 647/647 678/678
f 621/621 638/638 626/626
f 681/681 670/670 617/617
f 634/634 635/635 628/628
f 684/684 686/686 622/622
f 622/622 686/686 621/621
f 635/635 644/644 627/627
f 586/586 686/686 684/684
f 638/638 634/634 629/629
f 644/644 645/645 625/625
f 682/682 633/633 585/585
f 645/645 651/651 623/623
f 683/683 618/618 633/633
f 651/651 687/687 650/650
f 651/651 659/659 687/687
f 679/679 617/617 618/618
f 680/680 585/585 586/586
f 669/669 681/681 688/688
f 669/669 670/670 681/681
f 691/691 690/690 689/689
f 692/692 690/690 691/691
f 695/695 694/694 693/693
f 696/696 694/694 695/695
f 699/699 698/698 697/697
f 700/700 698/698 699/699
f 703/703 702/702 701/701
f 704/704 702/702 703/703
f 707/707 706/706 705/705
f 708/708 706/706 707/707
f 711/711 710/710 709/709
f 712/712 710/710 711/711
f 715/715 714/714 713/713
f 701/701 714/714 715/715
f 717/717 709/709 716/716
f 711/711 709/709 717/717
f 719/719 715/715 718/718
f 720/720 715/715 719/719
f 723/723 722/722 721/721
f 724/724 722/722 723/723
f 689/689 726/726 725/725
f 690/690 726/726 689/689
f 624/624 727/727 622/622
f 712/712 728/728 710/710
f 729/729 728/728 712/712
f 724/724 730/730 722/722
f 731/731 730/730 724/724
f 734/734 733/733 732/732
f 735/735 733/733 734/734
f 735/735 736/736 733/733
f 737/737 736/736 735/735
f 725/725 739/739 738/738
f 726/726 739/739 725/725
f 720/720 701/701 715/715
f 703/703 701/701 720/720
f 709/709 741/741 740/740
f 710/710 741/741 709/709
f 740/740 743/743 742/742
f 741/741 743/743 740/740
f 737/737 745/745 744/744
f 735/735 745/745 737/737
f 708/708 744/744 745/745
f 707/707 744/744 708/708
f 713/713 712/712 711/711
f 714/714 712/712 713/713
f 746/746 708/708 729/729
f 706/706 708/708 746/746
f 718/718 713/713 747/747
f 715/715 713/713 718/718
f 748/748 623/623 650/650
f 749/749 742/742 748/748
f 740/740 742/742 749/749
f 702/702 706/706 746/746
f 697/697 706/706 702/702
f 698/698 706/706 697/697
f 705/705 706/706 698/698
f 750/750 700/700 699/699
f 751/751 700/700 750/750
f 704/704 697/697 702/702
f 699/699 697/697 704/704
f 752/752 699/699 704/704
f 750/750 699/699 752/752
f 753/753 750/750 752/752
f 738/738 750/750 753/753
f 738/738 751/751 750/750
f 739/739 751/751 738/738
f 754/754 726/726 690/690
f 739/739 726/726 754/754
f 755/755 738/738 753/753
f 725/725 738/738 755/755
f 730/730 725/725 755/755
f 689/689 725/725 730/730
f 749/749 757/757 756/756
f 748/748 757/757 749/749
f 749/749 758/758 716/716
f 756/756 758/758 749/749
f 716/716 759/759 717/717
f 758/758 759/759 716/716
f 717/717 760/760 747/747
f 759/759 760/760 717/717
f 747/747 761/761 718/718
f 760/760 761/761 747/747
f 718/718 762/762 719/719
f 761/761 762/762 718/718
f 764/764 762/762 763/763
f 719/719 762/762 764/764
f 765/765 704/704 703/703
f 752/752 704/704 765/765
f 694/694 752/752 765/765
f 753/753 752/752 694/694
f 696/696 753/753 694/694
f 755/755 753/753 696/696
f 768/768 767/767 766/766
f 769/769 767/767 768/768
f 770/770 769/769 768/768
f 771/771 769/769 770/770
f 772/772 771/771 770/770
f 773/773 771/771 772/772
f 764/764 773/773 772/772
f 763/763 773/773 764/764
f 764/764 720/720 719/719
f 774/774 720/720 764/764
f 774/774 703/703 720/720
f 765/765 703/703 774/774
f 772/772 774/774 764/764
f 693/693 774/774 772/772
f 768/768 695/695 770/770
f 721/721 695/695 768/768
f 766/766 721/721 768/768
f 723/723 721/721 766/766
f 721/721 696/696 695/695
f 722/722 696/696 721/721
f 775/775 736/736 737/737
f 727/727 736/736 775/775
f 741/741 732/732 743/743
f 734/734 732/732 741/741
f 729/729 745/745 728/728
f 708/708 745/745 729/729
f 751/751 754/754 700/700
f 739/739 754/754 751/751
f 698/698 754/754 775/775
f 700/700 754/754 698/698
f 710/710 734/734 741/741
f 728/728 734/734 710/710
f 693/693 765/765 774/774
f 694/694 765/765 693/693
f 685/685 692/692 680/680
f 701/701 746/746 714/714
f 702/702 746/746 701/701
f 747/747 711/711 717/717
f 713/713 711/711 747/747
f 770/770 693/693 772/772
f 695/695 693/693 770/770
f 722/722 755/755 696/696
f 730/730 755/755 722/722
f 776/776 690/690 692/692
f 754/754 690/690 776/776
f 776/776 775/775 754/754
f 727/727 775/775 776/776
f 716/716 740/740 749/749
f 709/709 740/740 716/716
f 728/728 735/735 734/734
f 745/745 735/735 728/728
f 714/714 729/729 712/712
f 746/746 729/729 714/714
f 731/731 689/689 730/730
f 691/691 689/689 731/731
f 705/705 775/775 707/707
f 698/698 775/775 705/705
f 744/744 775/775 737/737
f 707/707 775/775 744/744
f 727/727 626/626 736/736
f 681/681 723/723 766/766
f 733/733 628/628 732/732
f 684/684 622/622 776/776
f 622/622 727/727 776/776
f 732/732 627/627 743/743
f 692/692 684/684 776/776
f 736/736 629/629 733/733
f 743/743 625/625 742/742
f 682/682 691/691 731/731
f 742/742 623/623 748/748
f 683/683 731/731 724/724
f 748/748 650/650 687/687
f 748/748 687/687 757/757
f 679/679 724/724 723/723
f 680/680 692/692 691/691
f 767/767 688/688 681/681
f 767/767 681/681 766/766
f 585/585 584/584 583/583
f 586/586 585/585 583/583
f 589/589 588/588 587/587
f 590/590 589/589 587/587
f 779/779 778/778 777/777
f 780/780 779/779 777/777
f 781/781 596/596 595/595
f 598/598 781/781 595/595
f 601/601 600/600 599/599
f 602/602 601/601 599/599
f 605/605 604/604 603/603
f 606/606 605/605 603/603
f 609/609 608/608 607/607
f 596/596 609/609 607/607
f 611/611 610/610 604/604
f 605/605 611/611 604/604
f 613/613 612/612 609/609
f 614/614 613/613 609/609
f 617/617 616/616 615/615
f 618/618 617/617 615/615
f 584/584 620/620 782/782
f 583/583 584/584 782/782
f 624/624 622/622 621/621
f 606/606 603/603 630/630
f 631/631 606/606 630/630
f 618/618 615/615 632/632
f 633/633 618/618 632/632
f 636/636 635/635 634/634
f 637/637 636/636 634/634
f 637/637 634/634 638/638
f 639/639 637/637 638/638
f 620/620 641/641 640/640
f 782/782 620/620 640/640
f 614/614 609/609 596/596
f 781/781 614/614 596/596
f 604/604 643/643 642/642
f 603/603 604/604 642/642
f 643/643 645/645 644/644
f 642/642 643/643 644/644
f 639/639 647/647 646/646
f 637/637 639/639 646/646
f 602/602 646/646 647/647
f 601/601 602/602 647/647
f 608/608 605/605 606/606
f 607/607 608/608 606/606
f 648/648 631/631 602/602
f 599/599 648/648 602/602
f 612/612 649/649 608/608
f 609/609 612/612 608/608
f 651/651 650/650 623/623
f 652/652 651/651 645/645
f 643/643 652/652 645/645
f 595/595 648/648 599/599
f 778/778 595/595 599/599
f 777/777 778/778 599/599
f 600/600 777/777 599/599
f 653/653 779/779 780/780
f 654/654 653/653 780/780
f 598/598 595/595 778/778
f 779/779 598/598 778/778
f 655/655 598/598 779/779
f 653/653 655/655 779/779
f 656/656 655/655 653/653
f 641/641 656/656 653/653
f 641/641 653/653 654/654
f 640/640 641/641 654/654
f 657/657 583/583 782/782
f 640/640 657/657 782/782
f 658/658 656/656 641/641
f 620/620 658/658 641/641
f 632/632 658/658 620/620
f 584/584 632/632 620/620
f 652/652 660/660 659/659
f 651/651 652/652 659/659
f 652/652 610/610 661/661
f 660/660 652/652 661/661
f 610/610 611/611 662/662
f 661/661 610/610 662/662
f 611/611 649/649 663/663
f 662/662 611/611 663/663
f 649/649 612/612 664/664
f 663/663 649/649 664/664
f 612/612 613/613 665/665
f 664/664 612/612 665/665
f 667/667 666/666 665/665
f 613/613 667/667 665/665
f 668/668 781/781 598/598
f 655/655 668/668 598/598
f 587/587 668/668 655/655
f 656/656 587/587 655/655
f 590/590 587/587 656/656
f 658/658 590/590 656/656
f 671/671 670/670 669/669
f 672/672 671/671 669/669
f 673/673 671/671 672/672
f 674/674 673/673 672/672
f 675/675 673/673 674/674
f 676/676 675/675 674/674
f 667/667 675/675 676/676
f 666/666 667/667 676/676
f 667/667 613/613 614/614
f 677/677 667/667 614/614
f 677/677 614/614 781/781
f 668/668 677/677 781/781
f 675/675 667/667 677/677
f 588/588 675/675 677/677
f 671/671 673/673 589/589
f 616/616 671/671 589/589
f 670/670 671/671 616/616
f 617/617 670/670 616/616
f 616/616 589/589 590/590
f 615/615 616/616 590/590
f 678/678 639/639 638/638
f 621/621 678/678 638/638
f 642/642 644/644 635/635
f 636/636 642/642 635/635
f 631/631 630/630 646/646
f 602/602 631/631 646/646
f 654/654 780/780 657/657
f 640/640 654/654 657/657
f 777/777 678/678 657/657
f 780/780 777/777 657/657
f 603/603 642/642 636/636
f 630/630 603/603 636/636
f 588/588 677/677 668/668
f 587/587 588/588 668/668
f 685/685 680/680 586/586
f 596/596 607/607 648/648
f 595/595 596/596 648/648
f 649/649 611/611 605/605
f 608/608 649/649 605/605
f 673/673 675/675 588/588
f 589/589 673/673 588/588
f 615/615 590/590 658/658
f 632/632 615/615 658/658
f 686/686 586/586 583/583
f 657/657 686/686 583/583
f 686/686 657/657 678/678
f 621/621 686/686 678/678
f 610/610 652/652 643/643
f 604/604 610/610 643/643
f 630/630 636/636 637/637
f 646/646 630/630 637/637
f 607/607 606/606 631/631
f 648/648 607/607 631/631
f 633/633 632/632 584/584
f 585/585 633/633 584/584
f 600/600 601/601 678/678
f 777/777 600/600 678/678
f 647/647 639/639 678/678
f 601/601 647/647 678/678
f 621/621 638/638 626/626
f 681/681 670/670 617/617
f 634/634 635/635 628/628
f 684/684 686/686 622/622
f 622/622 686/686 621/621
f 635/635 644/644 627/627
f 586/586 686/686 684/684
f 638/638 634/634 629/629
f 644/644 645/645 625/625
f 682/682 633/633 585/585
f 645/645 651/651 623/623
f 683/683 618/618 633/633
f 651/651 687/687 650/650
f 651/651 659/659 687/687
f 679/679 617/617 618/618
f 680/680 585/585 586/586
f 669/669 681/681 688/688
f 669/669 670/670 681/681
f 691/691 783/783 689/689
f 692/692 783/783 691/691
f 695/695 694/694 693/693
f 696/696 694/694 695/695
f 699/699 698/698 697/697
f 700/700 698/698 699/699
f 703/703 784/784 701/701
f 704/704 784/784 703/703
f 707/707 706/706 705/705
f 785/785 706/706 707/707
f 711/711 710/710 709/709
f 712/712 710/710 711/711
f 715/715 714/714 713/713
f 701/701 714/714 715/715
f 717/717 709/709 716/716
f 711/711 709/709 717/717
f 719/719 715/715 718/718
f 720/720 715/715 719/719
f 723/723 722/722 786/786
f 724/724 722/722 723/723
f 689/689 726/726 725/725
f 783/783 726/726 689/689
f 624/624 727/727 622/622
f 712/712 728/728 710/710
f 729/729 728/728 712/712
f 724/724 787/787 722/722
f 788/788 787/787 724/724
f 734/734 733/733 732/732
f 735/735 733/733 734/734
f 735/735 736/736 733/733
f 789/789 736/736 735/735
f 725/725 739/739 790/790
f 726/726 739/739 725/725
f 720/720 701/701 715/715
f 703/703 701/701 720/720
f 709/709 741/741 791/791
f 710/710 741/741 709/709
f 791/791 743/743 792/792
f 741/741 743/743 791/791
f 789/789 745/745 744/744
f 735/735 745/745 789/789
f 785/785 744/744 745/745
f 707/707 744/744 785/785
f 713/713 712/712 711/711
f 714/714 712/712 713/713
f 746/746 785/785 729/729
f 706/706 785/785 746/746
f 718/718 713/713 747/747
f 715/715 713/713 718/718
f 748/748 623/623 650/650
f 793/793 792/792 748/748
f 791/791 792/792 793/793
f 784/784 706/706 746/746
f 697/697 706/706 784/784
f 698/698 706/706 697/697
f 705/705 706/706 698/698
f 750/750 700/700 699/699
f 751/751 700/700 750/750
f 704/704 697/697 784/784
f 699/699 697/697 704/704
f 752/752 699/699 704/704
f 750/750 699/699 752/752
f 753/753 750/750 752/752
f 790/790 750/750 753/753
f 790/790 751/751 750/750
f 739/739 751/751 790/790
f 794/794 726/726 783/783
f 739/739 726/726 794/794
f 755/755 790/790 753/753
f 725/725 790/790 755/755
f 787/787 725/725 755/755
f 689/689 725/725 787/787
f 793/793 757/757 756/756
f 748/748 757/757 793/793
f 793/793 758/758 716/716
f 756/756 758/758 793/793
f 716/716 759/759 717/717
f 758/758 759/759 716/716
f 717/717 760/760 747/747
f 759/759 760/760 717/717
f 747/747 761/761 718/718
f 760/760 761/761 747/747
f 718/718 762/762 719/719
f 761/761 762/762 718/718
f 764/764 762/762 763/763
f 719/719 762/762 764/764
f 765/765 704/704 703/703
f 752/752 704/704 765/765
f 694/694 752/752 765/765
f 753/753 752/752 694/694
f 696/696 753/753 694/694
f 755/755 753/753 696/696
f 795/795 767/767 766/766
f 769/769 767/767 795/795
f 770/770 769/769 795/795
f 771/771 769/769 770/770
f 772/772 771/771 770/770
f 773/773 771/771 772/772
f 764/764 773/773 772/772
f 763/763 773/773 764/764
f 764/764 720/720 719/719
f 774/774 720/720 764/764
f 774/774 703/703 720/720
f 765/765 703/703 774/774
f 772/772 774/774 764/764
f 693/693 774/774 772/772
f 795/795 695/695 770/770
f 786/786 695/695 795/795
f 766/766 786/786 795/795
f 723/723 786/786 766/766
f 786/786 696/696 695/695
f 722/722 696/696 786/786
f 796/796 736/736 789/789
f 727/727 736/736 796/796
f 741/741 732/732 743/743
f 734/734 732/732 741/741
f 729/729 745/745 728/728
f 785/785 745/745 729/729
f 751/751 794/794 700/700
f 739/739 794/794 751/751
f 698/698 794/794 796/796
f 700/700 794/794 698/698
f 710/710 734/734 741/741
f 728/728 734/734 710/710
f 693/693 765/765 774/774
f 694/694 765/765 693/693
f 685/685 692/692 680/680
f 701/701 746/746 714/714
f 784/784 746/746 701/701
f 747/747 711/711 717/717
f 713/713 711/711 747/747
f 770/770 693/693 772/772
f 695/695 693/693 770/770
f 722/722 755/755 696/696
f 787/787 755/755 722/722
f 776/776 783/783 692/692
f 794/794 783/783 776/776
f 776/776 796/796 794/794
f 727/727 796/796 776/776
f 716/716 791/791 793/793
f 709/709 791/791 716/716
f 728/728 735/735 734/734
f 745/745 735/735 728/728
f 714/714 729/729 712/712
f 746/746 729/729 714/714
f 788/788 689/689 787/787
f 691/691 689/689 788/788
f 705/705 796/796 707/707
f 698/698 796/796 705/705
f 744/744 796/796 789/789
f 707/707 796/796 744/744
f 727/727 626/626 736/736
f 681/681 723/723 766/766
f 733/733 628/628 732/732
f 684/684 622/622 776/776
f 622/622 727/727 776/776
f 732/732 627/627 743/743
f 692/692 684/684 776/776
f 736/736 629/629 733/733
f 743/743 625/625 792/792
f 682/682 691/691 788/788
f 792/792 623/623 748/748
f 683/683 788/788 724/724
f 748/748 650/650 687/687
f 748/748 687/687 757/757
f 679/679 724/724 723/723
f 680/680 692/692 691/691
f 767/767 688/688 681/681
f 767/767 681/681 766/766
f 797/797 798/798 799/799
f 797/797 799/799 800/800
f 801/801 802/802 803/803
f 801/801 803/803 804/804
f 805/805 806/806 807/807
f 805/805 807/807 12/12
f 13/13 808/808 809/809
f 13/13 809/809 810/810
f 811/811 812/812 813/813
f 811/811 813/813 814/814
f 815/815 816/816 817/817
f 815/815 817/817 818/818
f 819/819 820/820 821/821
f 819/819 821/821 808/808
f 816/816 822/822 823/823
f 816/816 823/823 817/817
f 821/821 824/824 31/31
f 821/821 31/31 825/825
f 826/826 827/827 828/828
f 826/826 828/828 829/829
f 830/830 831/831 798/798
f 830/830 798/798 797/797
f 832/832 833/833 835/835
f 841/841 815/815 818/818
f 841/841 818/818 842/842
f 50/50 826/826 829/829
f 50/50 829/829 843/843
f 844/844 845/845 846/846
f 844/844 846/846 847/847
f 56/56 844/844 847/847
f 56/56 847/847 57/57
f 848/848 849/849 831/831
f 848/848 831/831 830/830
f 808/808 821/821 825/825
f 808/808 825/825 809/809
f 60/60 850/850 816/816
f 60/60 816/816 815/815
f 62/62 851/851 850/850
f 62/62 850/850 60/60
f 852/852 853/853 57/57
f 852/852 57/57 847/847
f 853/853 852/852 814/814
f 853/853 814/814 813/813
f 818/818 817/817 820/820
f 818/818 820/820 819/819
f 814/814 842/842 854/854
f 814/814 854/854 811/811
f 820/820 855/855 824/824
f 820/820 824/824 821/821
f 838/838 856/856 857/857
f 851/851 857/857 858/858
f 851/851 858/858 850/850
f 811/811 854/854 13/13
f 811/811 13/13 806/806
f 811/811 806/806 805/805
f 811/811 805/805 812/812
f 12/12 807/807 859/859
f 12/12 859/859 860/860
f 806/806 13/13 810/810
f 806/806 810/810 807/807
f 807/807 810/810 861/861
f 807/807 861/861 859/859
f 859/859 861/861 862/862
f 859/859 862/862 849/849
f 860/860 859/859 849/849
f 860/860 849/849 848/848
f 830/830 797/797 75/75
f 830/830 75/75 848/848
f 849/849 862/862 863/863
f 849/849 863/863 831/831
f 831/831 863/863 50/50
f 831/831 50/50 798/798
f 864/864 865/865 858/858
f 864/864 858/858 857/857
f 79/79 822/822 858/858
f 79/79 858/858 865/865
f 866/866 823/823 822/822
f 866/866 822/822 79/79
f 81/81 855/855 823/823
f 81/81 823/823 866/866
f 867/867 824/824 855/855
f 867/867 855/855 81/81
f 868/868 31/31 824/824
f 868/868 824/824 867/867
f 868/868 869/869 870/870
f 868/868 870/870 31/31
f 810/810 809/809 871/871
f 810/810 871/871 861/861
f 861/861 871/871 801/801
f 861/861 801/801 862/862
f 862/862 801/801 804/804
f 862/862 804/804 863/863
f 872/872 873/873 874/874
f 872/872 874/874 875/875
f 875/875 874/874 91/91
f 875/875 91/91 92/92
f 92/92 91/91 876/876
f 92/92 876/876 877/877
f 877/877 876/876 870/870
f 877/877 870/870 869/869
f 825/825 31/31 870/870
f 825/825 870/870 878/878
f 809/809 825/825 878/878
f 809/809 878/878 871/871
f 878/878 870/870 876/876
f 878/878 876/876 802/802
f 803/803 91/91 874/874
f 803/803 874/874 827/827
f 827/827 874/874 873/873
f 827/827 873/873 828/828
f 804/804 803/803 827/827
f 804/804 827/827 826/826
f 56/56 57/57 879/879
f 56/56 879/879 832/832
f 845/845 62/62 60/60
f 845/845 60/60 846/846
f 852/852 841/841 842/842
f 852/852 842/842 814/814
f 75/75 12/12 860/860
f 75/75 860/860 848/848
f 75/75 879/879 805/805
f 75/75 805/805 12/12
f 846/846 60/60 815/815
f 846/846 815/815 841/841
f 871/871 878/878 802/802
f 871/871 802/802 801/801
f 800/800 884/884 102/102
f 854/854 819/819 808/808
f 854/854 808/808 13/13
f 817/817 823/823 855/855
f 817/817 855/855 820/820
f 802/802 876/876 91/91
f 802/802 91/91 803/803
f 863/863 804/804 826/826
f 863/863 826/826 50/50
f 797/797 800/800 104/104
f 797/797 104/104 75/75
f 879/879 75/75 104/104
f 879/879 104/104 832/832
f 850/850 858/858 822/822
f 850/850 822/822 816/816
f 847/847 846/846 841/841
f 847/847 841/841 852/852
f 842/842 818/818 819/819
f 842/842 819/819 854/854
f 798/798 50/50 843/843
f 798/798 843/843 799/799
f 879/879 813/813 812/812
f 879/879 812/812 805/805
f 879/879 57/57 853/853
f 879/879 853/853 813/813
f 837/837 56/56 832/832
f 828/828 873/873 880/880
f 840/840 845/845 844/844
f 833/833 104/104 103/103
f 832/832 104/104 833/833
f 834/834 62/62 845/845
f 103/103 104/104 800/800
f 839/839 844/844 56/56
f 836/836 851/851 62/62
f 799/799 843/843 883/883
f 838/838 857/857 851/851
f 843/843 829/829 881/881
f 856/856 885/885 857/857
f 885/885 864/864 857/857
f 829/829 828/828 882/882
f 800/800 799/799 884/884
f 886/886 880/880 872/872
f 880/880 873/873 872/872
f 887/887 888/888 889/889
f 889/889 888/888 890/890
f 891/891 892/892 893/893
f 893/893 892/892 894/894
f 115/115 895/895 117/117
f 117/117 895/895 118/118
f 896/896 897/897 898/898
f 898/898 897/897 899/899
f 900/900 901/901 902/902
f 902/902 901/901 903/903
f 904/904 128/128 905/905
f 905/905 128/128 906/906
f 907/907 908/908 133/133
f 133/133 908/908 896/896
f 909/909 904/904 910/910
f 910/910 904/904 905/905
f 911/911 133/133 912/912
f 912/912 133/133 913/913
f 914/914 915/915 916/916
f 916/916 915/915 917/917
f 143/143 918/918 887/887
f 887/887 918/918 888/888
f 833/833 919/919 835/835
f 128/128 920/920 906/906
f 906/906 920/920 921/921
f 915/915 922/922 917/917
f 917/917 922/922 923/923
f 924/924 925/925 926/926
f 926/926 925/925 927/927
f 925/925 928/928 927/927
f 927/927 928/928 155/155
f 929/929 930/930 143/143
f 143/143 930/930 918/918
f 133/133 896/896 913/913
f 913/913 896/896 898/898
f 931/931 159/159 904/904
f 904/904 159/159 128/128
f 932/932 161/161 931/931
f 931/931 161/161 159/159
f 933/933 934/934 155/155
f 155/155 934/934 927/927
f 934/934 933/933 903/903
f 903/903 933/933 902/902
f 905/905 906/906 907/907
f 907/907 906/906 908/908
f 921/921 903/903 935/935
f 935/935 903/903 901/901
f 936/936 907/907 911/911
f 911/911 907/907 133/133
f 856/856 838/838 937/937
f 937/937 932/932 938/938
f 938/938 932/932 931/931
f 935/935 901/901 897/897
f 897/897 901/901 115/115
f 115/115 901/901 895/895
f 895/895 901/901 900/900
f 117/117 118/118 939/939
f 939/939 118/118 940/940
f 897/897 115/115 899/899
f 899/899 115/115 117/117
f 899/899 117/117 941/941
f 941/941 117/117 939/939
f 941/941 939/939 942/942
f 942/942 939/939 929/929
f 939/939 940/940 929/929
f 929/929 940/940 930/930
f 888/888 918/918 172/172
f 172/172 918/918 930/930
f 942/942 929/929 943/943
f 943/943 929/929 143/143
f 943/943 143/143 922/922
f 922/922 143/143 887/887
f 944/944 945/945 938/938
f 938/938 945/945 937/937
f 909/909 176/176 938/938
f 938/938 176/176 944/944
f 910/910 177/177 909/909
f 909/909 177/177 176/176
f 936/936 178/178 910/910
f 910/910 178/178 177/177
f 911/911 946/946 936/936
f 936/936 946/946 178/178
f 912/912 947/947 911/911
f 911/911 947/947 946/946
f 948/948 947/947 949/949
f 949/949 947/947 912/912
f 898/898 899/899 950/950
f 950/950 899/899 941/941
f 950/950 941/941 892/892
f 892/892 941/941 942/942
f 892/892 942/942 894/894
f 894/894 942/942 943/943
f 951/951 952/952 953/953
f 953/953 952/952 954/954
f 953/953 954/954 188/188
f 188/188 954/954 955/955
f 188/188 955/955 956/956
f 956/956 955/955 957/957
f 956/956 957/957 949/949
f 949/949 957/957 948/948
f 912/912 913/913 949/949
f 949/949 913/913 958/958
f 913/913 898/898 958/958
f 958/958 898/898 950/950
f 949/949 958/958 956/956
f 956/956 958/958 891/891
f 188/188 893/893 953/953
f 953/953 893/893 914/914
f 953/953 914/914 951/951
f 951/951 914/914 916/916
f 893/893 894/894 914/914
f 914/914 894/894 915/915
f 155/155 928/928 959/959
f 959/959 928/928 919/919
f 161/161 924/924 159/159
f 159/159 924/924 926/926
f 920/920 934/934 921/921
f 921/921 934/934 903/903
f 118/118 172/172 940/940
f 940/940 172/172 930/930
f 959/959 172/172 895/895
f 895/895 172/172 118/118
f 159/159 926/926 128/128
f 128/128 926/926 920/920
f 958/958 950/950 891/891
f 891/891 950/950 892/892
f 884/884 890/890 102/102
f 908/908 935/935 896/896
f 896/896 935/935 897/897
f 910/910 905/905 936/936
f 936/936 905/905 907/907
f 956/956 891/891 188/188
f 188/188 891/891 893/893
f 894/894 943/943 915/915
f 915/915 943/943 922/922
f 890/890 888/888 960/960
f 960/960 888/888 172/172
f 172/172 959/959 960/960
f 960/960 959/959 919/919
f 938/938 931/931 909/909
f 909/909 931/931 904/904
f 926/926 927/927 920/920
f 920/920 927/927 934/934
f 906/906 921/921 908/908
f 908/908 921/921 935/935
f 922/922 887/887 923/923
f 923/923 887/887 889/889
f 902/902 959/959 900/900
f 900/900 959/959 895/895
f 155/155 959/959 933/933
f 933/933 959/959 902/902
f 928/928 837/837 919/919
f 951/951 916/916 880/880
f 924/924 840/840 925/925
f 960/960 833/833 103/103
f 960/960 919/919 833/833
f 161/161 834/834 924/924
f 960/960 103/103 890/890
f 925/925 839/839 928/928
f 932/932 836/836 161/161
f 923/923 889/889 883/883
f 937/937 838/838 932/932
f 917/917 923/923 881/881
f 885/885 856/856 937/937
f 945/945 885/885 937/937
f 916/916 917/917 882/882
f 889/889 890/890 884/884
f 880/880 886/886 952/952
f 951/951 880/880 952/952

