# https://github.com/mikedh/trimesh
mtllib mat_032.mtl
usemtl wurenji_lhcg_mat_032
v 0.13198760 0.00193750 0.02217400
v 0.13145700 0.00161940 0.02230060
v 0.13124640 0.00212530 0.02225720
v 0.13190510 0.00234930 0.02211530
v 0.12617250 0.00178300 0.02284570
v 0.12815230 0.00026070 0.02272790
v 0.12809790 0.00017340 0.02276850
v 0.12809790 0.00017340 0.02276850
v 0.12809790 0.00017340 0.02276850
v 0.12809790 0.00017340 0.02276850
v 0.12611940 0.00171440 0.02285490
v 0.12611940 0.00171440 0.02285490
v 0.12926970 0.00376770 0.02235230
v 0.13050430 0.00186930 0.02241760
v 0.12993630 0.00152480 0.02250530
v 0.12850630 0.00330450 0.02249060
v 0.12948370 0.00001580 0.02265000
v 0.12948370 0.00001580 0.02265000
v 0.12994670 0.00027510 0.02258970
v 0.12994670 0.00027510 0.02258970
v 0.12996540 0.00027710 0.02271600
v 0.12948390 0.00001020 0.02275920
v 0.13151040 0.00125610 0.02243560
v 0.13120770 0.00105150 0.02262900
v 0.13120770 0.00105150 0.02262900
v 0.13114880 0.00102180 0.02253280
v 0.13147780 0.00124000 0.02235880
v 0.13147780 0.00124000 0.02235880
v 0.13071900 0.00437460 0.02203460
v 0.13072630 0.00438360 0.02208810
v 0.13072630 0.00438360 0.02208810
v 0.13201310 0.00238840 0.02220240
v 0.13200010 0.00238570 0.02214880
v 0.12273630 0.00437660 0.02312840
v 0.12273630 0.00437660 0.02312840
v 0.12105480 0.00600560 0.02320720
v 0.12103970 0.00599040 0.02316370
v 0.12103970 0.00599040 0.02316370
v 0.12275930 0.00439410 0.02307740
v 0.12275930 0.00439410 0.02307740
v 0.13179740 0.00154900 0.02227560
v 0.13143020 0.00131330 0.02235330
v 0.13104240 0.00106610 0.02243660
v 0.13083440 0.00131580 0.02243710
v 0.13054570 0.00063260 0.02278850
v 0.13054570 0.00063260 0.02278850
v 0.12998420 0.00027950 0.02284530
v 0.12998420 0.00027950 0.02284530
v 0.13053270 0.00063510 0.02264990
v 0.13208830 0.00193030 0.02221960
v 0.13207960 0.00192310 0.02216410
v 0.13207960 0.00192310 0.02216410
v 0.13198690 0.00238150 0.02209680
v 0.13198690 0.00238150 0.02209680
v 0.12754670 0.00858400 0.02185220
v 0.12730080 0.00908660 0.02181390
v 0.12796160 0.00914250 0.02163610
v 0.12815920 0.00873370 0.02167040
v 0.13108960 0.00099080 0.02243960
v 0.13108960 0.00099080 0.02243960
v 0.12653520 0.00615970 0.02241380
v 0.12734380 0.00257980 0.02269410
v 0.12491810 0.00537550 0.02273510
v 0.13186570 0.00148750 0.02227790
v 0.13186570 0.00148750 0.02227790
v 0.13187200 0.00149040 0.02233810
v 0.13154300 0.00127250 0.02251410
v 0.13154300 0.00127250 0.02251410
v 0.12910610 0.00095710 0.02262800
v 0.12956560 0.00057610 0.02260740
v 0.12874150 0.00000730 0.02268790
v 0.13047450 0.00071310 0.02251320
v 0.13052150 0.00063760 0.02251450
v 0.13052150 0.00063760 0.02251450
v 0.13063960 0.00432160 0.02200380
v 0.13071340 0.00436540 0.02198220
v 0.13071340 0.00436540 0.02198220
v 0.12281560 0.00446190 0.02306560
v 0.12945540 0.00010170 0.02264670
v 0.12873000 -0.00008350 0.02269370
v 0.12873000 -0.00008350 0.02269370
v 0.12685860 0.00839830 0.02206030
v 0.12654980 0.00902300 0.02201790
v 0.12871640 -0.00007840 0.02275580
v 0.12364730 0.00709980 0.02273440
v 0.12242220 0.00867400 0.02275780
v 0.12481490 0.00887640 0.02232890
v 0.12546550 0.00784960 0.02236110
v 0.12870290 -0.00007320 0.02281950
v 0.11991590 0.00779310 0.02322560
v 0.12110580 0.00604730 0.02314990
v 0.11984620 0.00774410 0.02324120
v 0.11984620 0.00774410 0.02324120
v 0.12609740 0.00169280 0.02290360
v 0.12609740 0.00169280 0.02290360
v 0.12106960 0.00601920 0.02325240
v 0.12106960 0.00601920 0.02325240
v 0.11977580 0.00772460 0.02332020
v 0.11977580 0.00772460 0.02332020
v 0.11981100 0.00773430 0.02328030
v 0.11930260 0.00841020 0.02334190
v 0.11930260 0.00841020 0.02334190
v 0.11931040 0.00841090 0.02333500
v 0.12990120 0.00035030 0.02258840
v 0.12770870 0.00667870 0.02217660
v 0.12840000 0.00689010 0.02198170
v 0.12999070 0.00406670 0.02216730
v 0.12911020 0.00710960 0.02183580
v 0.12912920 0.00711780 0.02188580
v 0.12912920 0.00711780 0.02188580
v 0.13030200 0.00100000 0.02251030
v 0.13209870 0.00193740 0.02227660
v 0.13209870 0.00193740 0.02227660
v 0.12908930 0.00710010 0.02178700
v 0.12908930 0.00710010 0.02178700
v 0.12823480 0.00876960 0.02164440
v 0.12823480 0.00876960 0.02164440
v 0.12824790 0.00878250 0.02169560
v 0.12948410 0.00000480 0.02287090
v 0.12826270 0.00879530 0.02174770
v 0.12901490 0.00706200 0.02181070
v 0.11935090 0.00841430 0.02329510
v 0.11938370 0.00841710 0.02326260
v 0.11938370 0.00841710 0.02326260
v 0.11948150 0.00842540 0.02324540
v 0.13187830 0.00149360 0.02239940
v 0.13187830 0.00149360 0.02239940
v 0.12808670 0.00915300 0.02171810
v 0.12808670 0.00915300 0.02171810
v 0.12806810 0.00915150 0.02166460
v 0.12805070 0.00915000 0.02161200
v 0.12805070 0.00915000 0.02161200
v 0.12197820 0.00863650 0.02282860
v 0.04331910 0.13037470 0.02217400
v 0.04384970 0.13069280 0.02230060
v 0.04406030 0.13018700 0.02225720
v 0.04340160 0.12996290 0.02211530
v 0.04913420 0.13052930 0.02284570
v 0.04715440 0.13205160 0.02272790
v 0.04720880 0.13213890 0.02276850
v 0.04720880 0.13213890 0.02276850
v 0.04720880 0.13213890 0.02276850
v 0.04918730 0.13059790 0.02285490
v 0.04918730 0.13059790 0.02285490
v 0.04603700 0.12854460 0.02235230
v 0.04480240 0.13044300 0.02241760
v 0.04537040 0.13078740 0.02250530
v 0.04680040 0.12900780 0.02249060
v 0.04582310 0.13229650 0.02265000
v 0.04582310 0.13229650 0.02265000
v 0.04536000 0.13203710 0.02258970
v 0.04536000 0.13203710 0.02258970
v 0.04534130 0.13203510 0.02271600
v 0.04582290 0.13230220 0.02275930
v 0.04379640 0.13105610 0.02243560
v 0.04409900 0.13126080 0.02262900
v 0.04409900 0.13126080 0.02262900
v 0.04415800 0.13129040 0.02253280
v 0.04382890 0.13107230 0.02235880
v 0.04382890 0.13107230 0.02235880
v 0.04458770 0.12793770 0.02203460
v 0.04458040 0.12792870 0.02208810
v 0.04458040 0.12792870 0.02208810
v 0.04329370 0.12992390 0.02220240
v 0.04329370 0.12992390 0.02220240
v 0.04330660 0.12992650 0.02214880
v 0.05257040 0.12793580 0.02312840
v 0.05257040 0.12793580 0.02312840
v 0.05425200 0.12630670 0.02320720
v 0.05426710 0.12632180 0.02316370
v 0.05426710 0.12632180 0.02316370
v 0.05254740 0.12791810 0.02307740
v 0.05254740 0.12791810 0.02307740
v 0.04350930 0.13076320 0.02227560
v 0.04387650 0.13099910 0.02235330
v 0.04426430 0.13124620 0.02243660
v 0.04447230 0.13099660 0.02243710
v 0.04476100 0.13167970 0.02278850
v 0.04476100 0.13167970 0.02278850
v 0.04532250 0.13203280 0.02284530
v 0.04532250 0.13203280 0.02284530
v 0.04477400 0.13167720 0.02264990
v 0.04321840 0.13038200 0.02221960
v 0.04322710 0.13038920 0.02216410
v 0.04322710 0.13038920 0.02216410
v 0.04331980 0.12993080 0.02209680
v 0.04331980 0.12993080 0.02209680
v 0.04776000 0.12372840 0.02185220
v 0.04800590 0.12322570 0.02181390
v 0.04734510 0.12316980 0.02163610
v 0.04714750 0.12357860 0.02167040
v 0.04421710 0.13132150 0.02243950
v 0.04421710 0.13132150 0.02243950
v 0.04877150 0.12615260 0.02241380
v 0.04796300 0.12973250 0.02269410
v 0.05038860 0.12693680 0.02273510
v 0.04344100 0.13082470 0.02227790
v 0.04344100 0.13082470 0.02227790
v 0.04343470 0.13082180 0.02233810
v 0.04376370 0.13103980 0.02251410
v 0.04376370 0.13103980 0.02251410
v 0.04620060 0.13135520 0.02262800
v 0.04574110 0.13173610 0.02260740
v 0.04656520 0.13230500 0.02268790
v 0.04483230 0.13159920 0.02251320
v 0.04478520 0.13167470 0.02251450
v 0.04478520 0.13167470 0.02251450
v 0.04466710 0.12799070 0.02200380
v 0.04459340 0.12794680 0.02198220
v 0.04459340 0.12794680 0.02198220
v 0.05249120 0.12785040 0.02306560
v 0.04585130 0.13221060 0.02264670
v 0.04657670 0.13239570 0.02269370
v 0.04657670 0.13239570 0.02269370
v 0.04844810 0.12391400 0.02206030
v 0.04875700 0.12328920 0.02201790
v 0.04659030 0.13239070 0.02275580
v 0.05165950 0.12521250 0.02273440
v 0.05288460 0.12363820 0.02275780
v 0.05049180 0.12343590 0.02232890
v 0.04984120 0.12446270 0.02236110
v 0.04660380 0.13238550 0.02281950
v 0.05539080 0.12451930 0.02322560
v 0.05420100 0.12626500 0.02314990
v 0.05546050 0.12456810 0.02324120
v 0.05546050 0.12456810 0.02324120
v 0.04920930 0.13061950 0.02290360
v 0.04920930 0.13061950 0.02290360
v 0.05423710 0.12629310 0.02325240
v 0.05423710 0.12629310 0.02325240
v 0.05553090 0.12458770 0.02332020
v 0.05553090 0.12458770 0.02332020
v 0.05549570 0.12457800 0.02328030
v 0.05600420 0.12390200 0.02334190
v 0.05599630 0.12390140 0.02333500
v 0.04540550 0.13196190 0.02258840
v 0.04759800 0.12563360 0.02217660
v 0.04690680 0.12542210 0.02198170
v 0.04531600 0.12824550 0.02216730
v 0.04619650 0.12520270 0.02183580
v 0.04617760 0.12519450 0.02188580
v 0.04617760 0.12519450 0.02188580
v 0.04500470 0.13131230 0.02251030
v 0.04320800 0.13037480 0.02227660
v 0.04621740 0.12521210 0.02178700
v 0.04621740 0.12521210 0.02178700
v 0.04707190 0.12354270 0.02164440
v 0.04707190 0.12354270 0.02164440
v 0.04705880 0.12352980 0.02169560
v 0.04582260 0.13230750 0.02287100
v 0.04582260 0.13230750 0.02287100
v 0.04704400 0.12351710 0.02174770
v 0.04704400 0.12351710 0.02174770
v 0.04629180 0.12525030 0.02181070
v 0.05595580 0.12389800 0.02329510
v 0.05592300 0.12389520 0.02326260
v 0.05592300 0.12389520 0.02326260
v 0.05582520 0.12388690 0.02324540
v 0.04342840 0.13081880 0.02239940
v 0.04342840 0.13081880 0.02239940
v 0.04722000 0.12315930 0.02171810
v 0.04722000 0.12315930 0.02171810
v 0.04723870 0.12316090 0.02166460
v 0.04725600 0.12316230 0.02161200
v 0.04725600 0.12316230 0.02161200
v 0.05332850 0.12367580 0.02282860
v 0.12399860 0.00819120 0.02309070
v 0.12525530 0.00643860 0.02305710
v 0.12725890 0.00675230 0.02250260
v 0.12611020 0.00860120 0.02244840
v 0.13116030 0.00112530 0.02262800
v 0.13049830 0.00070650 0.02278850
v 0.12983600 0.00158720 0.02279860
v 0.12819380 0.00316150 0.02290560
v 0.12717940 0.00250960 0.02306060
v 0.12900550 0.00089700 0.02292870
v 0.13137780 0.00229950 0.02237190
v 0.13065470 0.00434190 0.02211600
v 0.13008970 0.00420210 0.02229070
v 0.13074060 0.00220920 0.02254180
v 0.12219720 0.00693610 0.02342910
v 0.12385480 0.00535400 0.02331040
v 0.13200900 0.00195430 0.02229490
v 0.13181000 0.00155430 0.02240500
v 0.12814110 0.00025160 0.02277880
v 0.12615220 0.00176020 0.02291560
v 0.13159540 0.00173900 0.02242590
v 0.13193180 0.00235870 0.02222810
v 0.12871420 0.00001570 0.02282680
v 0.12952940 0.00048120 0.02289260
v 0.13149400 0.00134660 0.02251340
v 0.13109240 0.00154220 0.02257470
v 0.12905630 0.00707830 0.02191570
v 0.12279570 0.00444130 0.02313950
v 0.12945440 0.00401850 0.02249370
v 0.12819400 0.00693510 0.02219420
v 0.12718640 0.00869830 0.02209810
v 0.12818720 0.00875990 0.02177870
v 0.12799780 0.00914550 0.02174720
v 0.12721460 0.00907930 0.02200130
v 0.12611770 0.00898650 0.02236160
v 0.12588520 0.00896680 0.02244150
v 0.13033240 0.00101990 0.02278020
v 0.12113620 0.00607720 0.02326210
v 0.11984790 0.00777600 0.02332790
v 0.12994050 0.00035470 0.02284700
v 0.12826270 0.00879520 0.02174770
v 0.12945740 0.00008960 0.02287500
v 0.12948410 0.00000480 0.02287100
v 0.12121120 0.00857160 0.02346650
v 0.12091680 0.00854670 0.02344580
v 0.12870290 -0.00007320 0.02281960
v 0.13201300 0.00238830 0.02220240
v 0.12364680 0.00877760 0.02308840
v 0.11940390 0.00841880 0.02334800
v 0.05130820 0.12412110 0.02309070
v 0.05005140 0.12587360 0.02305710
v 0.04804780 0.12555990 0.02250260
v 0.04919660 0.12371100 0.02244840
v 0.04414640 0.13118700 0.02262800
v 0.04480840 0.13160570 0.02278850
v 0.04547070 0.13072500 0.02279860
v 0.04711290 0.12915080 0.02290560
v 0.04812730 0.12980260 0.02306060
v 0.04630130 0.13141530 0.02292870
v 0.04392900 0.13001280 0.02237190
v 0.04465200 0.12797040 0.02211600
v 0.04521700 0.12811030 0.02229070
v 0.04456610 0.13010310 0.02254180
v 0.05310950 0.12537620 0.02342910
v 0.05145190 0.12695830 0.02331040
v 0.04329780 0.13035800 0.02229490
v 0.04349670 0.13075800 0.02240500
v 0.04320800 0.13037490 0.02227660
v 0.04716560 0.13206080 0.02277880
v 0.04915450 0.13055200 0.02291560
v 0.04720890 0.13213890 0.02276850
v 0.04371130 0.13057330 0.02242590
v 0.04337490 0.12995350 0.02222810
v 0.04659250 0.13229660 0.02282680
v 0.04577730 0.13183110 0.02289260
v 0.04381270 0.13096570 0.02251330
v 0.04421440 0.13077010 0.02257470
v 0.04625050 0.12523400 0.02191570
v 0.05251100 0.12787100 0.02313950
v 0.04585240 0.12829370 0.02249370
v 0.04711270 0.12537720 0.02219420
v 0.04812030 0.12361400 0.02209810
v 0.04711950 0.12355230 0.02177870
v 0.04730890 0.12316680 0.02174720
v 0.04809220 0.12323300 0.02200130
v 0.04918910 0.12332580 0.02236160
v 0.04942150 0.12334540 0.02244150
v 0.04497440 0.13129240 0.02278020
v 0.05417050 0.12623510 0.02326210
v 0.05545880 0.12453630 0.02332790
v 0.04536620 0.13195760 0.02284700
v 0.04584930 0.13222270 0.02287500
v 0.05409550 0.12374060 0.02346650
v 0.05438990 0.12376550 0.02344580
v 0.04660380 0.13238550 0.02281960
v 0.05165990 0.12353470 0.02308840
v 0.05590280 0.12389350 0.02334800
v 0.05600420 0.12390210 0.02334190
v 0.15178590 0.11101030 -0.00276860
v 0.15210400 0.11047970 -0.00289520
v 0.15159810 0.11026910 -0.00285180
v 0.15137410 0.11092780 -0.00270990
v 0.15194040 0.10519520 -0.00344030
v 0.15346270 0.10717500 -0.00332250
v 0.15355000 0.10712060 -0.00336310
v 0.15355000 0.10712060 -0.00336310
v 0.15355000 0.10712060 -0.00336310
v 0.15355000 0.10712060 -0.00336310
v 0.15200900 0.10514210 -0.00344960
v 0.15200900 0.10514210 -0.00344960
v 0.14995570 0.10829240 -0.00294700
v 0.15185410 0.10952700 -0.00301230
v 0.15219860 0.10895900 -0.00310000
v 0.15041890 0.10752900 -0.00308520
v 0.15370760 0.10850640 -0.00324470
v 0.15370760 0.10850640 -0.00324470
v 0.15344830 0.10896940 -0.00318430
v 0.15344830 0.10896940 -0.00318430
v 0.15344630 0.10898810 -0.00331060
v 0.15371320 0.10850660 -0.00335390
v 0.15246730 0.11053310 -0.00303020
v 0.15267180 0.11023040 -0.00322360
v 0.15267180 0.11023040 -0.00322360
v 0.15270160 0.11017150 -0.00312740
v 0.15248340 0.11050050 -0.00295340
v 0.15248340 0.11050050 -0.00295340
v 0.14934880 0.10974170 -0.00262920
v 0.14933980 0.10974900 -0.00268280
v 0.14933980 0.10974900 -0.00268280
v 0.15133500 0.11103580 -0.00279700
v 0.15133770 0.11102280 -0.00274340
v 0.14934680 0.10175900 -0.00372300
v 0.14771780 0.10007750 -0.00380180
v 0.14773290 0.10006240 -0.00375830
v 0.14773290 0.10006240 -0.00375830
v 0.14932930 0.10178200 -0.00367200
v 0.14932930 0.10178200 -0.00367200
v 0.15217430 0.11082010 -0.00287020
v 0.15241010 0.11045290 -0.00294790
v 0.15265730 0.11006520 -0.00303120
v 0.15240760 0.10985710 -0.00303170
v 0.15309080 0.10956840 -0.00338310
v 0.15309080 0.10956840 -0.00338310
v 0.15344390 0.10900690 -0.00343990
v 0.15344390 0.10900690 -0.00343990
v 0.15308830 0.10955550 -0.00324450
v 0.15179310 0.11111100 -0.00281430
v 0.15180030 0.11110230 -0.00275870
v 0.15180030 0.11110230 -0.00275870
v 0.15134190 0.11100960 -0.00269150
v 0.15134190 0.11100960 -0.00269150
v 0.14513940 0.10656940 -0.00244690
v 0.14463680 0.10632350 -0.00240850
v 0.14458090 0.10698430 -0.00223070
v 0.14498970 0.10718190 -0.00226510
v 0.15273260 0.11011230 -0.00303420
v 0.15273260 0.11011230 -0.00303420
v 0.14756370 0.10555790 -0.00300850
v 0.15114360 0.10636650 -0.00328870
v 0.14834790 0.10394080 -0.00332980
v 0.15223590 0.11088840 -0.00287260
v 0.15223590 0.11088840 -0.00287260
v 0.15223290 0.11089470 -0.00293270
v 0.15245090 0.11056570 -0.00310870
v 0.15245090 0.11056570 -0.00310870
v 0.15276630 0.10812880 -0.00322260
v 0.15314720 0.10858830 -0.00320200
v 0.15371610 0.10776420 -0.00328250
v 0.15301030 0.10949720 -0.00310780
v 0.15308580 0.10954420 -0.00310910
v 0.15308580 0.10954420 -0.00310910
v 0.14940180 0.10966230 -0.00259840
v 0.14935790 0.10973610 -0.00257680
v 0.14935790 0.10973610 -0.00257680
v 0.14926150 0.10183830 -0.00366020
v 0.15362170 0.10847810 -0.00324130
v 0.15380690 0.10775270 -0.00328830
v 0.15380690 0.10775270 -0.00328830
v 0.14532500 0.10588130 -0.00265490
v 0.14470030 0.10557250 -0.00261260
v 0.15380180 0.10773910 -0.00335040
v 0.14662360 0.10267000 -0.00332900
v 0.14504930 0.10144490 -0.00335240
v 0.14484700 0.10383760 -0.00292350
v 0.14587370 0.10448830 -0.00295570
v 0.15379650 0.10772560 -0.00341420
v 0.14593030 0.09893860 -0.00382030
v 0.14767610 0.10012850 -0.00374450
v 0.14597930 0.09886890 -0.00383580
v 0.14597930 0.09886890 -0.00383580
v 0.15203060 0.10512010 -0.00349820
v 0.14770420 0.10009230 -0.00384710
v 0.14770420 0.10009230 -0.00384710
v 0.14599880 0.09879850 -0.00391480
v 0.14599880 0.09879850 -0.00391480
v 0.14598910 0.09883370 -0.00387490
v 0.14531310 0.09832530 -0.00393650
v 0.14531310 0.09832530 -0.00393650
v 0.14531250 0.09833310 -0.00392960
v 0.15337310 0.10892400 -0.00318310
v 0.14704460 0.10673140 -0.00277120
v 0.14683330 0.10742270 -0.00257630
v 0.14965660 0.10901340 -0.00276190
v 0.14661380 0.10813290 -0.00243040
v 0.14660560 0.10815190 -0.00248040
v 0.14660560 0.10815190 -0.00248040
v 0.15272340 0.10932470 -0.00310490
v 0.15178600 0.11112140 -0.00287120
v 0.15178600 0.11112140 -0.00287120
v 0.14662330 0.10811200 -0.00238160
v 0.14662330 0.10811200 -0.00238160
v 0.14495380 0.10725750 -0.00223910
v 0.14495380 0.10725750 -0.00223910
v 0.14494090 0.10727060 -0.00229020
v 0.15371860 0.10850680 -0.00346560
v 0.15371860 0.10850680 -0.00346560
v 0.14492810 0.10728540 -0.00234230
v 0.14666140 0.10803760 -0.00240530
v 0.14530910 0.09837360 -0.00388980
v 0.14530620 0.09840640 -0.00385720
v 0.14530620 0.09840640 -0.00385720
v 0.14529800 0.09850420 -0.00384000
v 0.15222980 0.11090100 -0.00299410
v 0.15222980 0.11090100 -0.00299410
v 0.14457030 0.10710940 -0.00231270
v 0.14457190 0.10709080 -0.00225920
v 0.14457340 0.10707340 -0.00220660
v 0.14457340 0.10707340 -0.00220660
v 0.14508690 0.10100090 -0.00342320
v 0.02334870 0.02234180 -0.00276860
v 0.02303050 0.02287240 -0.00289520
v 0.02353630 0.02308300 -0.00285180
v 0.02376050 0.02242430 -0.00270990
v 0.02319410 0.02815690 -0.00344030
v 0.02167180 0.02617710 -0.00332250
v 0.02158440 0.02623150 -0.00336310
v 0.02158440 0.02623150 -0.00336310
v 0.02158440 0.02623150 -0.00336310
v 0.02312550 0.02821000 -0.00344960
v 0.02312550 0.02821000 -0.00344960
v 0.02517880 0.02505970 -0.00294700
v 0.02328040 0.02382510 -0.00301230
v 0.02293590 0.02439310 -0.00309990
v 0.02471560 0.02582310 -0.00308520
v 0.02142680 0.02484580 -0.00324470
v 0.02142680 0.02484580 -0.00324470
v 0.02168620 0.02438270 -0.00318430
v 0.02168620 0.02438270 -0.00318430
v 0.02168830 0.02436400 -0.00331060
v 0.02142120 0.02484560 -0.00335390
v 0.02266730 0.02281910 -0.00303020
v 0.02246260 0.02312170 -0.00322360
v 0.02246260 0.02312170 -0.00322360
v 0.02243300 0.02318070 -0.00312740
v 0.02265110 0.02285160 -0.00295340
v 0.02265110 0.02285160 -0.00295340
v 0.02578570 0.02361040 -0.00262920
v 0.02579470 0.02360310 -0.00268280
v 0.02579470 0.02360310 -0.00268280
v 0.02379950 0.02231640 -0.00279700
v 0.02379950 0.02231640 -0.00279700
v 0.02379680 0.02232930 -0.00274340
v 0.02578760 0.03159310 -0.00372300
v 0.02741670 0.03327470 -0.00380180
v 0.02740160 0.03328980 -0.00375830
v 0.02740160 0.03328980 -0.00375830
v 0.02580530 0.03157010 -0.00367200
v 0.02580530 0.03157010 -0.00367200
v 0.02296020 0.02253200 -0.00287020
v 0.02272430 0.02289920 -0.00294790
v 0.02247710 0.02328700 -0.00303120
v 0.02272680 0.02349500 -0.00303170
v 0.02204370 0.02378370 -0.00338310
v 0.02204370 0.02378370 -0.00338310
v 0.02169060 0.02434520 -0.00343990
v 0.02169060 0.02434520 -0.00343990
v 0.02204620 0.02379670 -0.00324450
v 0.02334140 0.02224110 -0.00281430
v 0.02333420 0.02224980 -0.00275870
v 0.02333420 0.02224980 -0.00275870
v 0.02379260 0.02234250 -0.00269140
v 0.02379260 0.02234250 -0.00269140
v 0.02999500 0.02678270 -0.00244690
v 0.03049770 0.02702860 -0.00240850
v 0.03055360 0.02636780 -0.00223070
v 0.03014480 0.02617020 -0.00226510
v 0.02240190 0.02323980 -0.00303420
v 0.02240190 0.02323980 -0.00303420
v 0.02757080 0.02779420 -0.00300850
v 0.02399090 0.02698570 -0.00328870
v 0.02678660 0.02941130 -0.00332980
v 0.02289870 0.02246370 -0.00287260
v 0.02289870 0.02246370 -0.00287260
v 0.02290160 0.02245740 -0.00293270
v 0.02268360 0.02278640 -0.00310870
v 0.02268360 0.02278640 -0.00310870
v 0.02236820 0.02522330 -0.00322260
v 0.02198730 0.02476380 -0.00320210
v 0.02141840 0.02558790 -0.00328260
v 0.02212420 0.02385500 -0.00310780
v 0.02204870 0.02380790 -0.00310910
v 0.02204870 0.02380790 -0.00310910
v 0.02573270 0.02368980 -0.00259840
v 0.02577660 0.02361610 -0.00257680
v 0.02577660 0.02361610 -0.00257680
v 0.02587300 0.03151390 -0.00366020
v 0.02151280 0.02487410 -0.00324130
v 0.02132770 0.02559940 -0.00328830
v 0.02132770 0.02559940 -0.00328830
v 0.02980940 0.02747080 -0.00265490
v 0.03043420 0.02777970 -0.00261260
v 0.02133270 0.02561300 -0.00335040
v 0.02851090 0.03068220 -0.00332900
v 0.03008520 0.03190730 -0.00335240
v 0.03028740 0.02951450 -0.00292350
v 0.02926070 0.02886390 -0.00295570
v 0.02133790 0.02562650 -0.00341420
v 0.02133790 0.02562650 -0.00341420
v 0.02920410 0.03441350 -0.00382030
v 0.02745840 0.03322370 -0.00374450
v 0.02915520 0.03448320 -0.00383580
v 0.02915520 0.03448320 -0.00383580
v 0.02310390 0.02823200 -0.00349820
v 0.02743030 0.03325980 -0.00384710
v 0.02743030 0.03325980 -0.00384710
v 0.02913570 0.03455360 -0.00391480
v 0.02913570 0.03455360 -0.00391480
v 0.02914540 0.03451840 -0.00387490
v 0.02982140 0.03502690 -0.00393650
v 0.02982200 0.03501900 -0.00392960
v 0.02176140 0.02442820 -0.00318310
v 0.02808980 0.02662070 -0.00277120
v 0.02830120 0.02592950 -0.00257630
v 0.02547790 0.02433870 -0.00276190
v 0.02852070 0.02521920 -0.00243040
v 0.02852890 0.02520030 -0.00248040
v 0.02852890 0.02520030 -0.00248040
v 0.02241110 0.02402740 -0.00310490
v 0.02334850 0.02223070 -0.00287120
v 0.02334850 0.02223070 -0.00287120
v 0.02851130 0.02524010 -0.00238160
v 0.02851130 0.02524010 -0.00238160
v 0.03018070 0.02609460 -0.00223910
v 0.03018070 0.02609460 -0.00223910
v 0.03019360 0.02608150 -0.00229020
v 0.02141590 0.02484530 -0.00346560
v 0.02141590 0.02484530 -0.00346560
v 0.03020630 0.02606670 -0.00234230
v 0.03020630 0.02606670 -0.00234230
v 0.02847310 0.02531450 -0.00240530
v 0.02982540 0.03497850 -0.00388980
v 0.02982820 0.03494570 -0.00385720
v 0.02982820 0.03494570 -0.00385720
v 0.02983650 0.03484790 -0.00384000
v 0.02290460 0.02245110 -0.00299410
v 0.02290460 0.02245110 -0.00299410
v 0.03056410 0.02624270 -0.00231270
v 0.03056410 0.02624270 -0.00231270
v 0.03056250 0.02626140 -0.00225920
v 0.03056110 0.02627870 -0.00220660
v 0.03056110 0.02627870 -0.00220660
v 0.03004760 0.03235120 -0.00342320
v 0.14553220 0.10302130 -0.00368530
v 0.14728480 0.10427800 -0.00365170
v 0.14697100 0.10628160 -0.00309720
v 0.14512220 0.10513290 -0.00304300
v 0.15259810 0.11018300 -0.00322260
v 0.15301690 0.10952100 -0.00338310
v 0.15213610 0.10885870 -0.00339320
v 0.15056190 0.10721650 -0.00350020
v 0.15121380 0.10620210 -0.00365530
v 0.15282640 0.10802820 -0.00352330
v 0.15142390 0.11040050 -0.00296650
v 0.14938150 0.10967740 -0.00271060
v 0.14952130 0.10911240 -0.00288530
v 0.15151420 0.10976330 -0.00313640
v 0.14678730 0.10121990 -0.00402370
v 0.14836940 0.10287750 -0.00390510
v 0.15176910 0.11103170 -0.00288960
v 0.15216910 0.11083270 -0.00299960
v 0.15347180 0.10716380 -0.00337340
v 0.15196320 0.10517490 -0.00351020
v 0.15203060 0.10512010 -0.00349830
v 0.15198440 0.11061810 -0.00302050
v 0.15136470 0.11095450 -0.00282270
v 0.15370770 0.10773690 -0.00342150
v 0.15324220 0.10855210 -0.00348720
v 0.15237670 0.11051670 -0.00310800
v 0.15218120 0.11011510 -0.00316930
v 0.14664510 0.10807900 -0.00251030
v 0.14928210 0.10181840 -0.00373420
v 0.14934680 0.10175900 -0.00372310
v 0.14970490 0.10847710 -0.00308840
v 0.14678830 0.10721670 -0.00278880
v 0.14502510 0.10620910 -0.00269270
v 0.14496350 0.10720990 -0.00237330
v 0.14457790 0.10702050 -0.00234180
v 0.14464410 0.10623730 -0.00259590
v 0.14473690 0.10514040 -0.00295620
v 0.14475660 0.10490790 -0.00303610
v 0.15270350 0.10935510 -0.00337480
v 0.14764620 0.10015890 -0.00385670
v 0.14594740 0.09887060 -0.00392260
v 0.15336870 0.10896320 -0.00344160
v 0.14492820 0.10728540 -0.00234230
v 0.15363380 0.10848010 -0.00346960
v 0.14515180 0.10023390 -0.00406120
v 0.14517670 0.09993950 -0.00404040
v 0.15379660 0.10772560 -0.00341420
v 0.15133510 0.11103580 -0.00279710
v 0.14494580 0.10266950 -0.00368310
v 0.14457040 0.10710940 -0.00231270
v 0.14530460 0.09842660 -0.00394260
v 0.02960230 0.03033090 -0.00368530
v 0.02784980 0.02907410 -0.00365170
v 0.02816350 0.02707050 -0.00309720
v 0.03001240 0.02821930 -0.00304300
v 0.02253640 0.02316910 -0.00322260
v 0.02211760 0.02383110 -0.00338310
v 0.02299840 0.02449340 -0.00339320
v 0.02457260 0.02613560 -0.00350020
v 0.02392070 0.02715010 -0.00365530
v 0.02230810 0.02532400 -0.00352330
v 0.02371050 0.02295170 -0.00296650
v 0.02575300 0.02367470 -0.00271060
v 0.02561310 0.02423970 -0.00288530
v 0.02362030 0.02358880 -0.00313640
v 0.02834720 0.03213220 -0.00402370
v 0.02676510 0.03047460 -0.00390510
v 0.02336540 0.02232050 -0.00288960
v 0.02296540 0.02251940 -0.00299960
v 0.02166260 0.02618840 -0.00337340
v 0.02317140 0.02817720 -0.00351020
v 0.02310390 0.02823200 -0.00349830
v 0.02158440 0.02623160 -0.00336310
v 0.02315010 0.02273400 -0.00302050
v 0.02376990 0.02239760 -0.00282270
v 0.02142680 0.02561520 -0.00342150
v 0.02189230 0.02480000 -0.00348720
v 0.02275770 0.02283540 -0.00310800
v 0.02295330 0.02323710 -0.00316930
v 0.02848940 0.02527320 -0.00251030
v 0.02585240 0.03153370 -0.00373420
v 0.02578760 0.03159310 -0.00372310
v 0.02542970 0.02487510 -0.00308840
v 0.02834620 0.02613540 -0.00278880
v 0.03010930 0.02714300 -0.00269270
v 0.03017110 0.02614220 -0.00237330
v 0.03055660 0.02633160 -0.00234180
v 0.03049040 0.02711490 -0.00259590
v 0.03039760 0.02821180 -0.00295620
v 0.03037800 0.02844420 -0.00303610
v 0.02243090 0.02399710 -0.00337480
v 0.02748830 0.03319320 -0.00385670
v 0.02918710 0.03448150 -0.00392260
v 0.02176580 0.02438890 -0.00344160
v 0.02150070 0.02487200 -0.00346960
v 0.02998280 0.03311820 -0.00406120
v 0.02995790 0.03341260 -0.00404040
v 0.03018870 0.03068260 -0.00368310
v 0.02982990 0.03492550 -0.00394260
v 0.02982130 0.03502690 -0.00393650
v -0.04273480 0.13090900 0.02217400
v -0.04326540 0.13122710 0.02230060
v -0.04347600 0.13072120 0.02225720
v -0.04281730 0.13049720 0.02211530
v -0.04854990 0.13106350 0.02284570
v -0.04657010 0.13258580 0.02272790
v -0.04662450 0.13267310 0.02276850
v -0.04662450 0.13267310 0.02276850
v -0.04662450 0.13267310 0.02276850
v -0.04860300 0.13113210 0.02285490
v -0.04860300 0.13113210 0.02285490
v -0.04545270 0.12907880 0.02235230
v -0.04421810 0.13097720 0.02241760
v -0.04478610 0.13132170 0.02250530
v -0.04621610 0.12954200 0.02249060
v -0.04523880 0.13283070 0.02265000
v -0.04523880 0.13283070 0.02265000
v -0.04477570 0.13257140 0.02258970
v -0.04477570 0.13257140 0.02258970
v -0.04475700 0.13256940 0.02271600
v -0.04523860 0.13283630 0.02275920
v -0.04321200 0.13159040 0.02243560
v -0.04351470 0.13179500 0.02262900
v -0.04351470 0.13179500 0.02262900
v -0.04357360 0.13182470 0.02253280
v -0.04324460 0.13160650 0.02235880
v -0.04324460 0.13160650 0.02235880
v -0.04400340 0.12847190 0.02203460
v -0.04399610 0.12846290 0.02208810
v -0.04399610 0.12846290 0.02208810
v -0.04270940 0.13045810 0.02220240
v -0.04272230 0.13046080 0.02214880
v -0.05198610 0.12846990 0.02312840
v -0.05198610 0.12846990 0.02312840
v -0.05366760 0.12684090 0.02320720
v -0.05368270 0.12685600 0.02316370
v -0.05368270 0.12685600 0.02316370
v -0.05196310 0.12845240 0.02307740
v -0.05196310 0.12845240 0.02307740
v -0.04292500 0.13129750 0.02227560
v -0.04329220 0.13153320 0.02235330
v -0.04368000 0.13178040 0.02243660
v -0.04388800 0.13153070 0.02243710
v -0.04417670 0.13221390 0.02278850
v -0.04417670 0.13221390 0.02278850
v -0.04473820 0.13256700 0.02284530
v -0.04473820 0.13256700 0.02284530
v -0.04418970 0.13221140 0.02264990
v -0.04263410 0.13091620 0.02221960
v -0.04264280 0.13092340 0.02216410
v -0.04264280 0.13092340 0.02216410
v -0.04273550 0.13046500 0.02209680
v -0.04273550 0.13046500 0.02209680
v -0.04717570 0.12426250 0.02185220
v -0.04742160 0.12375990 0.02181390
v -0.04676080 0.12370400 0.02163610
v -0.04656320 0.12411280 0.02167040
v -0.04363280 0.13185570 0.02243960
v -0.04363280 0.13185570 0.02243960
v -0.04818730 0.12668680 0.02241380
v -0.04737860 0.13026670 0.02269410
v -0.04980430 0.12747100 0.02273510
v -0.04285670 0.13135900 0.02227790
v -0.04285670 0.13135900 0.02227790
v -0.04285040 0.13135600 0.02233810
v -0.04317940 0.13157400 0.02251410
v -0.04317940 0.13157400 0.02251410
v -0.04561630 0.13188940 0.02262800
v -0.04515680 0.13227040 0.02260740
v -0.04598090 0.13283920 0.02268790
v -0.04424800 0.13213340 0.02251320
v -0.04420090 0.13220890 0.02251450
v -0.04420090 0.13220890 0.02251450
v -0.04408280 0.12852490 0.02200380
v -0.04400900 0.12848100 0.02198220
v -0.04400900 0.12848100 0.02198220
v -0.05190690 0.12838460 0.02306560
v -0.04526700 0.13274480 0.02264670
v -0.04599240 0.13293000 0.02269370
v -0.04599240 0.13293000 0.02269370
v -0.04786380 0.12444820 0.02206030
v -0.04817260 0.12382350 0.02201790
v -0.04600600 0.13292490 0.02275580
v -0.05107510 0.12574670 0.02273440
v -0.05230020 0.12417250 0.02275780
v -0.04990750 0.12397010 0.02232890
v -0.04925690 0.12499690 0.02236110
v -0.04601950 0.13291960 0.02281950
v -0.05480650 0.12505340 0.02322560
v -0.05361670 0.12679920 0.02314990
v -0.05487620 0.12510240 0.02324120
v -0.05487620 0.12510240 0.02324120
v -0.04862500 0.13115370 0.02290360
v -0.04862500 0.13115370 0.02290360
v -0.05365280 0.12682730 0.02325240
v -0.05365280 0.12682730 0.02325240
v -0.05494660 0.12512190 0.02332020
v -0.05494660 0.12512190 0.02332020
v -0.05491140 0.12511220 0.02328030
v -0.05541990 0.12443620 0.02334190
v -0.05541990 0.12443620 0.02334190
v -0.05541200 0.12443560 0.02333500
v -0.04482120 0.13249620 0.02258840
v -0.04701370 0.12616780 0.02217660
v -0.04632240 0.12595640 0.02198170
v -0.04473170 0.12877980 0.02216730
v -0.04561220 0.12573690 0.02183580
v -0.04559330 0.12572870 0.02188580
v -0.04559330 0.12572870 0.02188580
v -0.04442040 0.13184650 0.02251030
v -0.04262370 0.13090910 0.02227660
v -0.04262370 0.13090910 0.02227660
v -0.04563310 0.12574640 0.02178700
v -0.04563310 0.12574640 0.02178700
v -0.04648760 0.12407690 0.02164440
v -0.04648760 0.12407690 0.02164440
v -0.04647450 0.12406400 0.02169560
v -0.04523830 0.13284170 0.02287090
v -0.04645970 0.12405120 0.02174770
v -0.04570750 0.12578450 0.02181070
v -0.05537150 0.12443220 0.02329510
v -0.05533870 0.12442940 0.02326260
v -0.05533870 0.12442940 0.02326260
v -0.05524090 0.12442110 0.02324540
v -0.04284410 0.13135290 0.02239940
v -0.04284410 0.13135290 0.02239940
v -0.04663570 0.12369350 0.02171810
v -0.04663570 0.12369350 0.02171810
v -0.04665440 0.12369500 0.02166460
v -0.04667170 0.12369650 0.02161200
v -0.04667170 0.12369650 0.02161200
v -0.05274420 0.12421000 0.02282860
v -0.13140330 0.00247180 0.02217400
v -0.13087270 0.00215370 0.02230060
v -0.13066210 0.00265950 0.02225720
v -0.13132080 0.00288360 0.02211530
v -0.12558820 0.00231720 0.02284570
v -0.12756800 0.00079490 0.02272790
v -0.12751360 0.00070760 0.02276850
v -0.12751360 0.00070760 0.02276850
v -0.12751360 0.00070760 0.02276850
v -0.12553510 0.00224860 0.02285490
v -0.12553510 0.00224860 0.02285490
v -0.12868540 0.00430190 0.02235230
v -0.12992000 0.00240350 0.02241760
v -0.12935200 0.00205910 0.02250530
v -0.12792200 0.00383870 0.02249060
v -0.12889940 0.00055000 0.02265000
v -0.12889940 0.00055000 0.02265000
v -0.12936240 0.00080940 0.02258970
v -0.12936240 0.00080940 0.02258970
v -0.12938110 0.00081140 0.02271600
v -0.12889950 0.00054430 0.02275930
v -0.13092610 0.00179040 0.02243560
v -0.13062340 0.00158570 0.02262900
v -0.13062340 0.00158570 0.02262900
v -0.13056450 0.00155610 0.02253280
v -0.13089350 0.00177420 0.02235880
v -0.13089350 0.00177420 0.02235880
v -0.13013470 0.00490880 0.02203460
v -0.13014200 0.00491780 0.02208810
v -0.13014200 0.00491780 0.02208810
v -0.13142870 0.00292260 0.02220240
v -0.13142870 0.00292260 0.02220240
v -0.13141580 0.00292000 0.02214880
v -0.12215200 0.00491070 0.02312840
v -0.12215200 0.00491070 0.02312840
v -0.12047050 0.00653980 0.02320720
v -0.12045540 0.00652470 0.02316370
v -0.12045540 0.00652470 0.02316370
v -0.12217500 0.00492840 0.02307740
v -0.12217500 0.00492840 0.02307740
v -0.13121310 0.00208330 0.02227560
v -0.13084590 0.00184740 0.02235330
v -0.13045810 0.00160030 0.02243660
v -0.13025020 0.00184990 0.02243710
v -0.12996140 0.00116680 0.02278850
v -0.12996140 0.00116680 0.02278850
v -0.12939990 0.00081370 0.02284530
v -0.12939990 0.00081370 0.02284530
v -0.12994850 0.00116930 0.02264990
v -0.13150400 0.00246450 0.02221960
v -0.13149530 0.00245730 0.02216410
v -0.13149530 0.00245730 0.02216410
v -0.13140260 0.00291570 0.02209680
v -0.13140260 0.00291570 0.02209680
v -0.12696240 0.00911810 0.02185220
v -0.12671650 0.00962080 0.02181390
v -0.12737730 0.00967670 0.02163610
v -0.12757490 0.00926790 0.02167040
v -0.13050530 0.00152500 0.02243950
v -0.13050530 0.00152500 0.02243950
v -0.12595090 0.00669390 0.02241380
v -0.12675950 0.00311400 0.02269410
v -0.12433380 0.00590970 0.02273510
v -0.13128140 0.00202180 0.02227790
v -0.13128140 0.00202180 0.02227790
v -0.13128770 0.00202470 0.02233810
v -0.13095870 0.00180670 0.02251410
v -0.13095870 0.00180670 0.02251410
v -0.12852180 0.00149130 0.02262800
v -0.12898130 0.00111040 0.02260740
v -0.12815720 0.00054150 0.02268790
v -0.12989010 0.00124730 0.02251320
v -0.12993720 0.00117180 0.02251450
v -0.12993720 0.00117180 0.02251450
v -0.13005530 0.00485580 0.02200380
v -0.13012910 0.00489970 0.02198220
v -0.13012910 0.00489970 0.02198220
v -0.12223120 0.00499610 0.02306560
v -0.12887110 0.00063590 0.02264670
v -0.12814570 0.00045080 0.02269370
v -0.12814570 0.00045080 0.02269370
v -0.12627430 0.00893250 0.02206030
v -0.12596550 0.00955730 0.02201790
v -0.12813210 0.00045580 0.02275580
v -0.12306300 0.00763400 0.02273440
v -0.12183790 0.00920830 0.02275780
v -0.12423060 0.00941060 0.02232890
v -0.12488130 0.00838380 0.02236110
v -0.12811860 0.00046100 0.02281950
v -0.11933160 0.00832720 0.02322560
v -0.12052150 0.00658150 0.02314990
v -0.11926190 0.00827840 0.02324120
v -0.11926190 0.00827840 0.02324120
v -0.12551310 0.00222700 0.02290360
v -0.12551310 0.00222700 0.02290360
v -0.12048530 0.00655340 0.02325240
v -0.12048530 0.00655340 0.02325240
v -0.11919150 0.00825880 0.02332020
v -0.11919150 0.00825880 0.02332020
v -0.11922670 0.00826850 0.02328030
v -0.11871830 0.00894450 0.02334190
v -0.11872610 0.00894510 0.02333500
v -0.12931700 0.00088460 0.02258840
v -0.12712440 0.00721290 0.02217660
v -0.12781560 0.00742430 0.02198170
v -0.12940640 0.00460100 0.02216730
v -0.12852590 0.00764380 0.02183580
v -0.12854490 0.00765200 0.02188580
v -0.12971770 0.00153420 0.02251030
v -0.13151440 0.00247160 0.02227660
v -0.13151440 0.00247160 0.02227660
v -0.12850500 0.00763440 0.02178700
v -0.12850500 0.00763440 0.02178700
v -0.12765050 0.00930380 0.02164440
v -0.12765050 0.00930380 0.02164440
v -0.12766360 0.00931670 0.02169560
v -0.12889980 0.00053900 0.02287100
v -0.12889980 0.00053900 0.02287100
v -0.12767840 0.00932940 0.02174770
v -0.12767840 0.00932940 0.02174770
v -0.12843060 0.00759620 0.02181070
v -0.11876660 0.00894850 0.02329510
v -0.11879940 0.00895130 0.02326260
v -0.11879940 0.00895130 0.02326260
v -0.11889720 0.00895960 0.02324540
v -0.13129400 0.00202770 0.02239940
v -0.13129400 0.00202770 0.02239940
v -0.12750240 0.00968720 0.02171810
v -0.12750240 0.00968720 0.02171810
v -0.12748370 0.00968560 0.02166460
v -0.12746640 0.00968420 0.02161200
v -0.12746640 0.00968420 0.02161200
v -0.12139390 0.00917070 0.02282860
v -0.05072380 0.12465530 0.02309070
v -0.04946710 0.12640790 0.02305710
v -0.04746350 0.12609410 0.02250260
v -0.04861220 0.12424530 0.02244840
v -0.04356210 0.13172120 0.02262800
v -0.04422410 0.13214000 0.02278850
v -0.04488640 0.13125920 0.02279860
v -0.04652860 0.12968500 0.02290560
v -0.04754300 0.13033690 0.02306060
v -0.04571690 0.13194950 0.02292870
v -0.04334460 0.13054700 0.02237190
v -0.04406770 0.12850460 0.02211600
v -0.04463270 0.12864440 0.02229070
v -0.04398180 0.13063730 0.02254180
v -0.05252520 0.12591040 0.02342910
v -0.05086760 0.12749250 0.02331040
v -0.04271350 0.13089220 0.02229490
v -0.04291240 0.13129220 0.02240500
v -0.04658130 0.13259490 0.02277880
v -0.04857020 0.13108630 0.02291560
v -0.04662460 0.13267310 0.02276850
v -0.04312700 0.13110750 0.02242590
v -0.04279060 0.13048780 0.02222810
v -0.04600820 0.13283080 0.02282680
v -0.04519300 0.13236530 0.02289260
v -0.04322840 0.13149980 0.02251340
v -0.04363010 0.13130430 0.02257470
v -0.04566610 0.12576820 0.02191570
v -0.05192670 0.12840520 0.02313950
v -0.04526810 0.12882800 0.02249370
v -0.04652840 0.12591140 0.02219420
v -0.04753600 0.12414820 0.02209810
v -0.04653520 0.12408660 0.02177870
v -0.04672460 0.12370100 0.02174720
v -0.04750790 0.12376720 0.02200130
v -0.04860470 0.12386000 0.02236160
v -0.04883720 0.12387970 0.02244150
v -0.04439000 0.13182660 0.02278020
v -0.05358620 0.12676930 0.02326210
v -0.05487450 0.12507050 0.02332790
v -0.04478190 0.13249180 0.02284700
v -0.04645970 0.12405130 0.02174770
v -0.04526500 0.13275690 0.02287500
v -0.04523830 0.13284170 0.02287100
v -0.05351120 0.12427490 0.02346650
v -0.05380560 0.12429980 0.02344580
v -0.04601950 0.13291970 0.02281960
v -0.04270940 0.13045820 0.02220240
v -0.05107570 0.12406890 0.02308840
v -0.05531850 0.12442770 0.02334800
v -0.12341420 0.00872540 0.02309070
v -0.12467100 0.00697290 0.02305710
v -0.12667460 0.00728660 0.02250260
v -0.12552580 0.00913550 0.02244840
v -0.13057600 0.00165950 0.02262800
v -0.12991400 0.00124080 0.02278850
v -0.12925170 0.00212150 0.02279860
v -0.12760950 0.00369570 0.02290560
v -0.12659510 0.00304390 0.02306060
v -0.12842110 0.00143120 0.02292870
v -0.13079350 0.00283360 0.02237190
v -0.13007040 0.00487610 0.02211600
v -0.12950540 0.00473620 0.02229070
v -0.13015630 0.00274340 0.02254180
v -0.12161290 0.00747030 0.02342910
v -0.12327050 0.00588820 0.02331040
v -0.13142470 0.00248850 0.02229490
v -0.13122570 0.00208850 0.02240500
v -0.12755680 0.00078570 0.02277880
v -0.12556790 0.00229450 0.02291560
v -0.12751350 0.00070760 0.02276850
v -0.13101110 0.00227320 0.02242590
v -0.13134750 0.00289300 0.02222810
v -0.12812990 0.00054990 0.02282680
v -0.12894510 0.00101540 0.02289260
v -0.13090970 0.00188080 0.02251330
v -0.13050810 0.00207640 0.02257470
v -0.12847200 0.00761250 0.02191570
v -0.12221140 0.00497550 0.02313950
v -0.12887010 0.00455280 0.02249370
v -0.12760970 0.00746930 0.02219420
v -0.12660210 0.00923250 0.02209810
v -0.12760290 0.00929420 0.02177870
v -0.12741350 0.00967970 0.02174720
v -0.12663020 0.00961350 0.02200130
v -0.12553340 0.00952070 0.02236160
v -0.12530090 0.00950110 0.02244150
v -0.12974800 0.00155400 0.02278020
v -0.12055190 0.00661140 0.02326210
v -0.11926360 0.00831020 0.02332790
v -0.12935620 0.00088890 0.02284700
v -0.12854480 0.00765200 0.02188580
v -0.12887310 0.00062380 0.02287500
v -0.12062700 0.00910590 0.02346650
v -0.12033250 0.00908100 0.02344580
v -0.12811860 0.00046100 0.02281960
v -0.12306250 0.00931180 0.02308840
v -0.11881960 0.00895300 0.02334800
v -0.11871830 0.00894440 0.02334190
v -0.02293660 0.02183620 -0.00276860
v -0.02261840 0.02236680 -0.00289520
v -0.02312430 0.02257740 -0.00285180
v -0.02334840 0.02191870 -0.00270990
v -0.02278200 0.02765130 -0.00344030
v -0.02125970 0.02567150 -0.00332250
v -0.02117240 0.02572590 -0.00336310
v -0.02117240 0.02572590 -0.00336310
v -0.02117240 0.02572590 -0.00336310
v -0.02117240 0.02572590 -0.00336310
v -0.02271340 0.02770440 -0.00344960
v -0.02271340 0.02770440 -0.00344960
v -0.02476670 0.02455410 -0.00294700
v -0.02286830 0.02331950 -0.00301230
v -0.02252380 0.02388750 -0.00310000
v -0.02430360 0.02531750 -0.00308520
v -0.02101480 0.02434010 -0.00324470
v -0.02101480 0.02434010 -0.00324470
v -0.02127410 0.02387710 -0.00318430
v -0.02127410 0.02387710 -0.00318430
v -0.02127620 0.02385840 -0.00331060
v -0.02100920 0.02433990 -0.00335390
v -0.02225520 0.02231340 -0.00303020
v -0.02205060 0.02261610 -0.00322360
v -0.02205060 0.02261610 -0.00322360
v -0.02202080 0.02267500 -0.00312740
v -0.02223900 0.02234600 -0.00295340
v -0.02223900 0.02234600 -0.00295340
v -0.02537360 0.02310480 -0.00262920
v -0.02538260 0.02309750 -0.00268280
v -0.02538260 0.02309750 -0.00268280
v -0.02338740 0.02181070 -0.00279700
v -0.02338470 0.02182370 -0.00274340
v -0.02537560 0.03108750 -0.00372300
v -0.02700460 0.03276900 -0.00380180
v -0.02698950 0.03278410 -0.00375830
v -0.02698950 0.03278410 -0.00375830
v -0.02539320 0.03106450 -0.00367200
v -0.02539320 0.03106450 -0.00367200
v -0.02254810 0.02202640 -0.00287020
v -0.02231230 0.02239360 -0.00294790
v -0.02206510 0.02278130 -0.00303120
v -0.02231480 0.02298940 -0.00303170
v -0.02163160 0.02327810 -0.00338310
v -0.02163160 0.02327810 -0.00338310
v -0.02127850 0.02383960 -0.00343990
v -0.02127850 0.02383960 -0.00343990
v -0.02163410 0.02329100 -0.00324450
v -0.02292940 0.02173550 -0.00281430
v -0.02292210 0.02174420 -0.00275870
v -0.02292210 0.02174420 -0.00275870
v -0.02338050 0.02183690 -0.00269150
v -0.02338050 0.02183690 -0.00269150
v -0.02958300 0.02627710 -0.00244690
v -0.03008560 0.02652300 -0.00240850
v -0.03014150 0.02586220 -0.00223070
v -0.02973270 0.02566460 -0.00226510
v -0.02198980 0.02273420 -0.00303420
v -0.02198980 0.02273420 -0.00303420
v -0.02715870 0.02728860 -0.00300850
v -0.02357880 0.02648000 -0.00328870
v -0.02637450 0.02890570 -0.00332980
v -0.02248650 0.02195810 -0.00287260
v -0.02248650 0.02195810 -0.00287260
v -0.02248950 0.02195180 -0.00293270
v -0.02227150 0.02228080 -0.00310870
v -0.02227150 0.02228080 -0.00310870
v -0.02195610 0.02471770 -0.00322260
v -0.02157520 0.02425820 -0.00320200
v -0.02100630 0.02508230 -0.00328250
v -0.02171210 0.02334930 -0.00310780
v -0.02163660 0.02330230 -0.00310910
v -0.02163660 0.02330230 -0.00310910
v -0.02532060 0.02318420 -0.00259840
v -0.02536450 0.02311040 -0.00257680
v -0.02536450 0.02311040 -0.00257680
v -0.02546090 0.03100820 -0.00366020
v -0.02110070 0.02436840 -0.00324130
v -0.02091560 0.02509380 -0.00328830
v -0.02091560 0.02509380 -0.00328830
v -0.02939740 0.02696520 -0.00265490
v -0.03002210 0.02727400 -0.00261260
v -0.02092060 0.02510740 -0.00335040
v -0.02809880 0.03017650 -0.00332900
v -0.02967310 0.03140160 -0.00335240
v -0.02987540 0.02900890 -0.00292350
v -0.02884870 0.02835820 -0.00295570
v -0.02092590 0.02512090 -0.00341420
v -0.02879210 0.03390790 -0.00382030
v -0.02704630 0.03271800 -0.00374450
v -0.02874310 0.03397760 -0.00383580
v -0.02874310 0.03397760 -0.00383580
v -0.02269180 0.02772640 -0.00349820
v -0.02701820 0.03275420 -0.00384710
v -0.02701820 0.03275420 -0.00384710
v -0.02872360 0.03404800 -0.00391480
v -0.02872360 0.03404800 -0.00391480
v -0.02873330 0.03401280 -0.00387490
v -0.02940930 0.03452120 -0.00393650
v -0.02940930 0.03452120 -0.00393650
v -0.02940990 0.03451340 -0.00392960
v -0.02134930 0.02392260 -0.00318310
v -0.02767780 0.02611510 -0.00277120
v -0.02788910 0.02542380 -0.00257630
v -0.02506580 0.02383310 -0.00276190
v -0.02810860 0.02471360 -0.00243040
v -0.02811680 0.02469460 -0.00248040
v -0.02811680 0.02469460 -0.00248040
v -0.02199910 0.02352180 -0.00310490
v -0.02293640 0.02172510 -0.00287120
v -0.02293640 0.02172510 -0.00287120
v -0.02809920 0.02473450 -0.00238160
v -0.02809920 0.02473450 -0.00238160
v -0.02976860 0.02558900 -0.00223910
v -0.02976860 0.02558900 -0.00223910
v -0.02978150 0.02557590 -0.00229020
v -0.02100380 0.02433970 -0.00346560
v -0.02100380 0.02433970 -0.00346560
v -0.02979430 0.02556110 -0.00234230
v -0.02806100 0.02480890 -0.00240530
v -0.02941340 0.03447290 -0.00388980
v -0.02941620 0.03444010 -0.00385720
v -0.02941620 0.03444010 -0.00385720
v -0.02942440 0.03434230 -0.00384000
v -0.02249260 0.02194550 -0.00299410
v -0.02249260 0.02194550 -0.00299410
v -0.03015210 0.02573710 -0.00231270
v -0.03015050 0.02575570 -0.00225920
v -0.03014900 0.02577310 -0.00220660
v -0.03014900 0.02577310 -0.00220660
v -0.02963550 0.03184560 -0.00342320
v -0.15137370 0.11050470 -0.00276860
v -0.15169190 0.10997410 -0.00289520
v -0.15118610 0.10976350 -0.00285180
v -0.15096190 0.11042220 -0.00270990
v -0.15152830 0.10468960 -0.00344030
v -0.15305060 0.10666940 -0.00332250
v -0.15313800 0.10661500 -0.00336310
v -0.15313800 0.10661500 -0.00336310
v -0.15313800 0.10661500 -0.00336310
v -0.15159690 0.10463650 -0.00344960
v -0.15159690 0.10463650 -0.00344960
v -0.14954360 0.10778680 -0.00294700
v -0.15144200 0.10902140 -0.00301230
v -0.15178650 0.10845340 -0.00309990
v -0.15000680 0.10702340 -0.00308520
v -0.15329560 0.10800070 -0.00324470
v -0.15329560 0.10800070 -0.00324470
v -0.15303620 0.10846380 -0.00318430
v -0.15303620 0.10846380 -0.00318430
v -0.15303410 0.10848250 -0.00331060
v -0.15330120 0.10800090 -0.00335390
v -0.15205510 0.11002740 -0.00303020
v -0.15225980 0.10972480 -0.00322360
v -0.15225980 0.10972480 -0.00322360
v -0.15228950 0.10966580 -0.00312740
v -0.15207130 0.10999490 -0.00295340
v -0.15207130 0.10999490 -0.00295340
v -0.14893670 0.10923610 -0.00262920
v -0.14892770 0.10924340 -0.00268280
v -0.14892770 0.10924340 -0.00268280
v -0.15092290 0.11053010 -0.00279700
v -0.15092290 0.11053010 -0.00279700
v -0.15092560 0.11051720 -0.00274340
v -0.14893480 0.10125340 -0.00372300
v -0.14730570 0.09957180 -0.00380180
v -0.14732080 0.09955670 -0.00375830
v -0.14732080 0.09955670 -0.00375830
v -0.14891710 0.10127640 -0.00367200
v -0.14891710 0.10127640 -0.00367200
v -0.15176220 0.11031450 -0.00287020
v -0.15199810 0.10994730 -0.00294790
v -0.15224530 0.10955950 -0.00303120
v -0.15199560 0.10935150 -0.00303170
v -0.15267870 0.10906280 -0.00338310
v -0.15267870 0.10906280 -0.00338310
v -0.15303180 0.10850130 -0.00343990
v -0.15303180 0.10850130 -0.00343990
v -0.15267620 0.10904980 -0.00324450
v -0.15138100 0.11060540 -0.00281430
v -0.15138820 0.11059670 -0.00275870
v -0.15138820 0.11059670 -0.00275870
v -0.15092980 0.11050400 -0.00269140
v -0.15092980 0.11050400 -0.00269140
v -0.14472740 0.10606380 -0.00244690
v -0.14422480 0.10581790 -0.00240850
v -0.14416890 0.10647870 -0.00223070
v -0.14457760 0.10667630 -0.00226510
v -0.15232050 0.10960670 -0.00303420
v -0.15232050 0.10960670 -0.00303420
v -0.14715160 0.10505220 -0.00300850
v -0.15073150 0.10586080 -0.00328870
v -0.14793580 0.10343520 -0.00332980
v -0.15182380 0.11038280 -0.00287260
v -0.15182380 0.11038280 -0.00287260
v -0.15182080 0.11038910 -0.00293270
v -0.15203880 0.11006010 -0.00310870
v -0.15203880 0.11006010 -0.00310870
v -0.15235420 0.10762320 -0.00322260
v -0.15273510 0.10808270 -0.00320210
v -0.15330400 0.10725860 -0.00328260
v -0.15259820 0.10899150 -0.00310780
v -0.15267370 0.10903860 -0.00310910
v -0.15267370 0.10903860 -0.00310910
v -0.14898970 0.10915660 -0.00259840
v -0.14894580 0.10923040 -0.00257680
v -0.14894580 0.10923040 -0.00257680
v -0.14884950 0.10133260 -0.00366020
v -0.15320960 0.10797240 -0.00324130
v -0.15339470 0.10724710 -0.00328830
v -0.15339470 0.10724710 -0.00328830
v -0.14491300 0.10537570 -0.00265490
v -0.14428820 0.10506680 -0.00261260
v -0.15338970 0.10723350 -0.00335040
v -0.14621150 0.10216430 -0.00332900
v -0.14463720 0.10093920 -0.00335240
v -0.14443500 0.10333200 -0.00292350
v -0.14546170 0.10398260 -0.00295570
v -0.15338450 0.10722000 -0.00341420
v -0.15338450 0.10722000 -0.00341420
v -0.14551830 0.09843300 -0.00382030
v -0.14726400 0.09962280 -0.00374450
v -0.14556720 0.09836330 -0.00383580
v -0.14556720 0.09836330 -0.00383580
v -0.15161850 0.10461450 -0.00349820
v -0.14729210 0.09958670 -0.00384710
v -0.14729210 0.09958670 -0.00384710
v -0.14558670 0.09829290 -0.00391480
v -0.14557700 0.09832810 -0.00387490
v -0.14490100 0.09781960 -0.00393650
v -0.14490040 0.09782750 -0.00392960
v -0.15296100 0.10841830 -0.00318310
v -0.14663260 0.10622580 -0.00277120
v -0.14642120 0.10691700 -0.00257630
v -0.14924450 0.10850780 -0.00276190
v -0.14620170 0.10762730 -0.00243040
v -0.14619350 0.10764620 -0.00248040
v -0.14619350 0.10764620 -0.00248040
v -0.15231130 0.10881910 -0.00310490
v -0.15137390 0.11061580 -0.00287120
v -0.15137390 0.11061580 -0.00287120
v -0.14621120 0.10760640 -0.00238160
v -0.14621120 0.10760640 -0.00238160
v -0.14454170 0.10675190 -0.00223910
v -0.14454170 0.10675190 -0.00223910
v -0.14452880 0.10676500 -0.00229020
v -0.15330650 0.10800120 -0.00346560
v -0.15330650 0.10800120 -0.00346560
v -0.14451610 0.10677980 -0.00234230
v -0.14451610 0.10677980 -0.00234230
v -0.14624930 0.10753200 -0.00240530
v -0.14489700 0.09786800 -0.00388980
v -0.14489420 0.09790080 -0.00385720
v -0.14489420 0.09790080 -0.00385720
v -0.14488600 0.09799860 -0.00384000
v -0.15181780 0.11039540 -0.00299410
v -0.15181780 0.11039540 -0.00299410
v -0.14415830 0.10660380 -0.00231270
v -0.14415830 0.10660380 -0.00231270
v -0.14415990 0.10658510 -0.00225920
v -0.14416130 0.10656780 -0.00220660
v -0.14416130 0.10656780 -0.00220660
v -0.14467480 0.10049530 -0.00342320
v -0.02919020 0.02982520 -0.00368530
v -0.02743770 0.02856850 -0.00365170
v -0.02775140 0.02656490 -0.00309720
v -0.02960030 0.02771360 -0.00304300
v -0.02212440 0.02266350 -0.00322260
v -0.02170550 0.02332550 -0.00338310
v -0.02258630 0.02398780 -0.00339320
v -0.02416060 0.02563000 -0.00350020
v -0.02350860 0.02664440 -0.00365530
v -0.02189600 0.02481830 -0.00352330
v -0.02329850 0.02244600 -0.00296650
v -0.02534090 0.02316910 -0.00271060
v -0.02520110 0.02373410 -0.00288530
v -0.02320820 0.02308320 -0.00313640
v -0.02793510 0.03162660 -0.00402370
v -0.02635310 0.02996900 -0.00390510
v -0.02295330 0.02181480 -0.00288960
v -0.02255330 0.02201380 -0.00299960
v -0.02125060 0.02568270 -0.00337340
v -0.02275920 0.02767160 -0.00351020
v -0.02269180 0.02772640 -0.00349830
v -0.02273800 0.02222840 -0.00302050
v -0.02335780 0.02189200 -0.00282270
v -0.02101470 0.02510960 -0.00342150
v -0.02148020 0.02429440 -0.00348720
v -0.02234570 0.02232980 -0.00310800
v -0.02254120 0.02273140 -0.00316930
v -0.02807740 0.02476750 -0.00251030
v -0.02544030 0.03102810 -0.00373420
v -0.02537560 0.03108750 -0.00372310
v -0.02501750 0.02436940 -0.00308840
v -0.02793410 0.02562980 -0.00278880
v -0.02969730 0.02663740 -0.00269270
v -0.02975890 0.02563660 -0.00237330
v -0.03014450 0.02582600 -0.00234180
v -0.03007830 0.02660920 -0.00259590
v -0.02998550 0.02770610 -0.00295620
v -0.02996590 0.02793860 -0.00303610
v -0.02201890 0.02349140 -0.00337480
v -0.02707620 0.03268760 -0.00385670
v -0.02877500 0.03397590 -0.00392260
v -0.02135370 0.02388330 -0.00344160
v -0.02979420 0.02556110 -0.00234230
v -0.02108860 0.02436640 -0.00346960
v -0.02957060 0.03261260 -0.00406120
v -0.02954570 0.03290700 -0.00404040
v -0.02092580 0.02512090 -0.00341420
v -0.02338740 0.02181070 -0.00279710
v -0.02977660 0.03017700 -0.00368310
v -0.03015200 0.02573710 -0.00231270
v -0.02941780 0.03441990 -0.00394260
v -0.14512010 0.10251560 -0.00368530
v -0.14687270 0.10377240 -0.00365170
v -0.14655890 0.10577600 -0.00309720
v -0.14471010 0.10462720 -0.00304300
v -0.15218600 0.10967740 -0.00322260
v -0.15260480 0.10901540 -0.00338310
v -0.15172400 0.10835310 -0.00339320
v -0.15014980 0.10671090 -0.00350020
v -0.15080170 0.10569640 -0.00365530
v -0.15241430 0.10752250 -0.00352330
v -0.15101190 0.10989480 -0.00296650
v -0.14896940 0.10917180 -0.00271060
v -0.14910930 0.10860680 -0.00288530
v -0.15110210 0.10925770 -0.00313640
v -0.14637520 0.10071430 -0.00402370
v -0.14795730 0.10237190 -0.00390510
v -0.15135700 0.11052600 -0.00288960
v -0.15175700 0.11032710 -0.00299960
v -0.15305980 0.10665810 -0.00337340
v -0.15155110 0.10466930 -0.00351020
v -0.15161850 0.10461450 -0.00349830
v -0.15313800 0.10661490 -0.00336310
v -0.15157240 0.11011250 -0.00302050
v -0.15095250 0.11044890 -0.00282270
v -0.15329560 0.10723130 -0.00342150
v -0.15283010 0.10804650 -0.00348720
v -0.15196470 0.11001100 -0.00310800
v -0.15176910 0.10960940 -0.00316930
v -0.14623300 0.10757330 -0.00251030
v -0.14887000 0.10131270 -0.00373420
v -0.14893480 0.10125340 -0.00372310
v -0.14929280 0.10797140 -0.00308840
v -0.14637630 0.10671110 -0.00278880
v -0.14461310 0.10570350 -0.00269270
v -0.14455140 0.10670430 -0.00237330
v -0.14416580 0.10651490 -0.00234180
v -0.14423200 0.10573160 -0.00259590
v -0.14432480 0.10463470 -0.00295620
v -0.14434450 0.10440230 -0.00303610
v -0.15229150 0.10884940 -0.00337480
v -0.14723420 0.09965330 -0.00385670
v -0.14553530 0.09836500 -0.00392260
v -0.14558680 0.09829290 -0.00391480
v -0.15295660 0.10845760 -0.00344160
v -0.15322170 0.10797450 -0.00346960
v -0.14473970 0.09972830 -0.00406120
v -0.14476460 0.09943390 -0.00404040
v -0.14453370 0.10216380 -0.00368310
v -0.14489250 0.09792100 -0.00394260
v -0.14490110 0.09781960 -0.00393650
v 0.13206680 -0.00200010 0.00327510
v 0.13153630 -0.00168190 0.00340170
v 0.13132570 -0.00218780 0.00335830
v 0.13198430 -0.00241190 0.00321640
v 0.12625170 -0.00184550 0.00394680
v 0.12823150 -0.00032320 0.00382900
v 0.12817710 -0.00023590 0.00386960
v 0.12817710 -0.00023590 0.00386960
v 0.12817710 -0.00023590 0.00386960
v 0.12817710 -0.00023590 0.00386960
v 0.12619860 -0.00177690 0.00395600
v 0.12619860 -0.00177690 0.00395600
v 0.12934900 -0.00383020 0.00345340
v 0.13058350 -0.00193180 0.00351870
v 0.13001550 -0.00158730 0.00360640
v 0.12858550 -0.00336710 0.00359170
v 0.12956290 -0.00007830 0.00375110
v 0.12956290 -0.00007830 0.00375110
v 0.13002590 -0.00033760 0.00369080
v 0.13002590 -0.00033760 0.00369080
v 0.13004460 -0.00033970 0.00381710
v 0.12956310 -0.00007270 0.00386030
v 0.13158960 -0.00131870 0.00353670
v 0.13128700 -0.00111410 0.00373010
v 0.13128700 -0.00111410 0.00373010
v 0.13122800 -0.00108440 0.00363390
v 0.13155700 -0.00130260 0.00345990
v 0.13155700 -0.00130260 0.00345990
v 0.13079820 -0.00443710 0.00313570
v 0.13080560 -0.00444610 0.00318920
v 0.13209230 -0.00245090 0.00330350
v 0.13209230 -0.00245090 0.00330350
v 0.13207930 -0.00244820 0.00324990
v 0.12281560 -0.00443910 0.00422950
v 0.12281560 -0.00443910 0.00422950
v 0.12113400 -0.00606810 0.00430830
v 0.12111890 -0.00605300 0.00426480
v 0.12111890 -0.00605300 0.00426480
v 0.12283850 -0.00445670 0.00417850
v 0.12283850 -0.00445670 0.00417850
v 0.13187660 -0.00161160 0.00337670
v 0.13150950 -0.00137580 0.00345440
v 0.13112170 -0.00112860 0.00353770
v 0.13091370 -0.00137830 0.00353820
v 0.13062490 -0.00069510 0.00388960
v 0.13062490 -0.00069510 0.00388960
v 0.13006340 -0.00034200 0.00394640
v 0.13006340 -0.00034200 0.00394640
v 0.13061200 -0.00069760 0.00375100
v 0.13216750 -0.00199290 0.00332070
v 0.13215880 -0.00198570 0.00326520
v 0.13215880 -0.00198570 0.00326520
v 0.13206610 -0.00244400 0.00319790
v 0.13206610 -0.00244400 0.00319790
v 0.12762600 -0.00864650 0.00295330
v 0.12738010 -0.00914910 0.00291500
v 0.12804090 -0.00920500 0.00273720
v 0.12823840 -0.00879620 0.00277150
v 0.13116880 -0.00105330 0.00354070
v 0.13116880 -0.00105330 0.00354070
v 0.12661440 -0.00622220 0.00351490
v 0.12742300 -0.00264230 0.00379520
v 0.12499730 -0.00543800 0.00383620
v 0.13194490 -0.00155000 0.00337900
v 0.13194490 -0.00155000 0.00337900
v 0.13195120 -0.00155300 0.00343920
v 0.13162230 -0.00133500 0.00361520
v 0.12918540 -0.00101960 0.00372910
v 0.12964480 -0.00063870 0.00370850
v 0.12882080 -0.00006980 0.00378900
v 0.13055370 -0.00077560 0.00361430
v 0.13060080 -0.00070010 0.00361560
v 0.13060080 -0.00070010 0.00361560
v 0.13071880 -0.00438420 0.00310490
v 0.13079260 -0.00442800 0.00308330
v 0.13079260 -0.00442800 0.00308330
v 0.12289480 -0.00452440 0.00416670
v 0.12953460 -0.00016420 0.00374780
v 0.12880930 0.00002090 0.00379480
v 0.12880930 0.00002090 0.00379480
v 0.12693790 -0.00846090 0.00316140
v 0.12662900 -0.00908560 0.00311900
v 0.12879570 0.00001590 0.00385690
v 0.12372650 -0.00716230 0.00383550
v 0.12250140 -0.00873660 0.00385890
v 0.12489420 -0.00893890 0.00343000
v 0.12554480 -0.00791220 0.00346220
v 0.12878210 0.00001060 0.00392060
v 0.11999510 -0.00785560 0.00432670
v 0.12118500 -0.00610980 0.00425100
v 0.11992540 -0.00780660 0.00434230
v 0.11992540 -0.00780660 0.00434230
v 0.12617660 -0.00175530 0.00400470
v 0.12617660 -0.00175530 0.00400470
v 0.12114880 -0.00608170 0.00435350
v 0.12114880 -0.00608170 0.00435350
v 0.11985500 -0.00778710 0.00442130
v 0.11985500 -0.00778710 0.00442130
v 0.11989020 -0.00779680 0.00438140
v 0.11938180 -0.00847280 0.00444300
v 0.11938180 -0.00847280 0.00444300
v 0.11938960 -0.00847340 0.00443610
v 0.12998050 -0.00041280 0.00368950
v 0.12778790 -0.00674130 0.00327770
v 0.12847920 -0.00695260 0.00308280
v 0.13007000 -0.00412930 0.00326840
v 0.12918940 -0.00717210 0.00293690
v 0.12920840 -0.00718030 0.00298690
v 0.12920840 -0.00718030 0.00298690
v 0.13038120 -0.00106260 0.00361140
v 0.13217790 -0.00199990 0.00337770
v 0.13217790 -0.00199990 0.00337770
v 0.12916850 -0.00716270 0.00288810
v 0.12916850 -0.00716270 0.00288810
v 0.12831410 -0.00883210 0.00274550
v 0.12831410 -0.00883210 0.00274550
v 0.12832710 -0.00884500 0.00279670
v 0.12956340 -0.00006730 0.00397200
v 0.12834190 -0.00885780 0.00284880
v 0.12909410 -0.00712450 0.00291180
v 0.11943010 -0.00847690 0.00439620
v 0.11946290 -0.00847970 0.00436370
v 0.11946290 -0.00847970 0.00436370
v 0.11956070 -0.00848790 0.00434650
v 0.13195750 -0.00155610 0.00350050
v 0.13195750 -0.00155610 0.00350050
v 0.12816590 -0.00921560 0.00281920
v 0.12814730 -0.00921400 0.00276570
v 0.12812990 -0.00921250 0.00271310
v 0.12812990 -0.00921250 0.00271310
v 0.12205740 -0.00869900 0.00392970
v 0.04339830 -0.13043730 0.00327510
v 0.04392890 -0.13075540 0.00340170
v 0.04413950 -0.13024960 0.00335830
v 0.04348080 -0.13002550 0.00321640
v 0.04921340 -0.13059180 0.00394680
v 0.04723360 -0.13211410 0.00382900
v 0.04728810 -0.13220150 0.00386960
v 0.04728810 -0.13220150 0.00386960
v 0.04728810 -0.13220150 0.00386960
v 0.04728810 -0.13220150 0.00386960
v 0.04926650 -0.13066040 0.00395600
v 0.04926650 -0.13066040 0.00395600
v 0.04611620 -0.12860710 0.00345340
v 0.04488170 -0.13050550 0.00351870
v 0.04544960 -0.13085000 0.00360640
v 0.04687960 -0.12907030 0.00359170
v 0.04590230 -0.13235910 0.00375110
v 0.04590230 -0.13235910 0.00375110
v 0.04543920 -0.13209970 0.00369080
v 0.04543920 -0.13209970 0.00369080
v 0.04542050 -0.13209770 0.00381710
v 0.04590210 -0.13236470 0.00386040
v 0.04387560 -0.13111870 0.00353670
v 0.04417820 -0.13132330 0.00373010
v 0.04417820 -0.13132330 0.00373010
v 0.04423720 -0.13135300 0.00363390
v 0.04390810 -0.13113480 0.00345990
v 0.04390810 -0.13113480 0.00345990
v 0.04466690 -0.12800020 0.00313570
v 0.04465960 -0.12799120 0.00318920
v 0.04465960 -0.12799120 0.00318920
v 0.04337290 -0.12998650 0.00330350
v 0.04337290 -0.12998650 0.00330350
v 0.04338580 -0.12998910 0.00324990
v 0.05264960 -0.12799830 0.00422950
v 0.05264960 -0.12799830 0.00422950
v 0.05433120 -0.12636920 0.00430830
v 0.05434630 -0.12638430 0.00426480
v 0.05434630 -0.12638430 0.00426480
v 0.05262660 -0.12798070 0.00417850
v 0.05262660 -0.12798070 0.00417850
v 0.04358850 -0.13082570 0.00337670
v 0.04395570 -0.13106160 0.00345440
v 0.04434350 -0.13130880 0.00353770
v 0.04455150 -0.13105910 0.00353820
v 0.04484020 -0.13174220 0.00388960
v 0.04484020 -0.13174220 0.00388960
v 0.04540170 -0.13209530 0.00394640
v 0.04540170 -0.13209530 0.00394640
v 0.04485320 -0.13173970 0.00375100
v 0.04329760 -0.13044450 0.00332070
v 0.04330630 -0.13045170 0.00326520
v 0.04330630 -0.13045170 0.00326520
v 0.04339900 -0.12999330 0.00319790
v 0.04339900 -0.12999330 0.00319790
v 0.04783920 -0.12379090 0.00295340
v 0.04808510 -0.12328830 0.00291500
v 0.04742430 -0.12323240 0.00273720
v 0.04722670 -0.12364110 0.00277150
v 0.04429640 -0.13138400 0.00354060
v 0.04429640 -0.13138400 0.00354060
v 0.04885080 -0.12621510 0.00351490
v 0.04804220 -0.12979500 0.00379520
v 0.05046790 -0.12699930 0.00383620
v 0.04352030 -0.13088730 0.00337900
v 0.04352030 -0.13088730 0.00337900
v 0.04351390 -0.13088430 0.00343920
v 0.04384290 -0.13110230 0.00361520
v 0.04384290 -0.13110230 0.00361520
v 0.04627980 -0.13141770 0.00372910
v 0.04582030 -0.13179860 0.00370850
v 0.04664440 -0.13236760 0.00378900
v 0.04491150 -0.13166170 0.00361430
v 0.04486440 -0.13173720 0.00361560
v 0.04486440 -0.13173720 0.00361560
v 0.04474640 -0.12805320 0.00310490
v 0.04467260 -0.12800930 0.00308330
v 0.04467260 -0.12800930 0.00308330
v 0.05257040 -0.12791300 0.00416670
v 0.04593060 -0.13227310 0.00374780
v 0.04665590 -0.13245830 0.00379480
v 0.04665590 -0.13245830 0.00379480
v 0.04852730 -0.12397650 0.00316140
v 0.04883620 -0.12335170 0.00311900
v 0.04666950 -0.13245320 0.00385690
v 0.05173870 -0.12527500 0.00383550
v 0.05296380 -0.12370070 0.00385890
v 0.05057100 -0.12349850 0.00343000
v 0.04992040 -0.12452520 0.00346220
v 0.04668300 -0.13244800 0.00392060
v 0.05547010 -0.12458180 0.00432670
v 0.05428020 -0.12632750 0.00425100
v 0.05553980 -0.12463070 0.00434230
v 0.05553980 -0.12463070 0.00434230
v 0.04928850 -0.13068200 0.00400470
v 0.04928850 -0.13068200 0.00400470
v 0.05431630 -0.12635560 0.00435350
v 0.05561010 -0.12465020 0.00442130
v 0.05557500 -0.12464050 0.00438140
v 0.05608340 -0.12396450 0.00444300
v 0.05607550 -0.12396390 0.00443610
v 0.04548470 -0.13202450 0.00368950
v 0.04767720 -0.12569610 0.00327770
v 0.04698600 -0.12548470 0.00308280
v 0.04539520 -0.12830800 0.00326840
v 0.04627580 -0.12526520 0.00293690
v 0.04625680 -0.12525700 0.00298690
v 0.04625680 -0.12525700 0.00298690
v 0.04508400 -0.13137480 0.00361140
v 0.04328720 -0.13043740 0.00337770
v 0.04629670 -0.12527470 0.00288810
v 0.04629670 -0.12527470 0.00288810
v 0.04715110 -0.12360520 0.00274550
v 0.04715110 -0.12360520 0.00274550
v 0.04713800 -0.12359230 0.00279670
v 0.04590180 -0.13237000 0.00397210
v 0.04590180 -0.13237000 0.00397210
v 0.04712320 -0.12357960 0.00284880
v 0.04637110 -0.12531280 0.00291180
v 0.05603510 -0.12396050 0.00439620
v 0.05600230 -0.12395770 0.00436370
v 0.05600230 -0.12395770 0.00436370
v 0.05590440 -0.12394950 0.00434650
v 0.04350770 -0.13088130 0.00350050
v 0.04350770 -0.13088130 0.00350050
v 0.04729920 -0.12322180 0.00281920
v 0.04731790 -0.12322340 0.00276570
v 0.04733520 -0.12322490 0.00271310
v 0.04733520 -0.12322490 0.00271310
v 0.05340770 -0.12373830 0.00392970
v 0.12407780 -0.00825370 0.00419180
v 0.12533460 -0.00650120 0.00415820
v 0.12733810 -0.00681490 0.00360370
v 0.12618940 -0.00866380 0.00354950
v 0.13123960 -0.00118790 0.00372910
v 0.13057760 -0.00076900 0.00388960
v 0.12991520 -0.00164980 0.00389970
v 0.12827300 -0.00322410 0.00400670
v 0.12725860 -0.00257210 0.00416170
v 0.12908470 -0.00095950 0.00402980
v 0.13145700 -0.00236200 0.00347300
v 0.13073390 -0.00440440 0.00321710
v 0.13016890 -0.00426460 0.00339180
v 0.13081980 -0.00227170 0.00364290
v 0.12227650 -0.00699860 0.00453020
v 0.12393410 -0.00541660 0.00441150
v 0.13208820 -0.00201680 0.00339600
v 0.13188920 -0.00161680 0.00350610
v 0.12822030 -0.00031410 0.00387990
v 0.12623140 -0.00182280 0.00401670
v 0.13167460 -0.00180150 0.00352700
v 0.13201100 -0.00242130 0.00332920
v 0.12879340 -0.00007820 0.00392790
v 0.12960860 -0.00054370 0.00399370
v 0.13157320 -0.00140920 0.00361450
v 0.13117160 -0.00160470 0.00367580
v 0.12913550 -0.00714090 0.00301680
v 0.12287490 -0.00450380 0.00424060
v 0.12953360 -0.00408110 0.00359480
v 0.12827330 -0.00699760 0.00329530
v 0.12726570 -0.00876080 0.00319920
v 0.12826640 -0.00882240 0.00287980
v 0.12807700 -0.00920800 0.00284830
v 0.12729380 -0.00914180 0.00310240
v 0.13162220 -0.00133500 0.00361520
v 0.12619690 -0.00904900 0.00346270
v 0.12596440 -0.00902940 0.00354260
v 0.13041160 -0.00108240 0.00388130
v 0.12121540 -0.00613970 0.00436320
v 0.11992710 -0.00783850 0.00442900
v 0.13001970 -0.00041720 0.00394810
v 0.12834190 -0.00885770 0.00284880
v 0.12953670 -0.00015210 0.00397610
v 0.13080550 -0.00444610 0.00318920
v 0.12956340 -0.00006730 0.00397210
v 0.12129050 -0.00863420 0.00456760
v 0.12099610 -0.00860930 0.00454690
v 0.12878210 0.00001070 0.00392070
v 0.12372600 -0.00884010 0.00418950
v 0.12816590 -0.00921550 0.00281920
v 0.11948320 -0.00848130 0.00444910
v 0.05138740 -0.12418360 0.00419180
v 0.05013060 -0.12593620 0.00415820
v 0.04812700 -0.12562240 0.00360370
v 0.04927580 -0.12377360 0.00354950
v 0.04422560 -0.13124950 0.00372910
v 0.04488760 -0.13166830 0.00388960
v 0.04554990 -0.13078750 0.00389970
v 0.04719210 -0.12921330 0.00400670
v 0.04820660 -0.12986520 0.00416170
v 0.04638050 -0.13147780 0.00402980
v 0.04400820 -0.13007540 0.00347300
v 0.04473120 -0.12803290 0.00321710
v 0.04529630 -0.12817280 0.00339180
v 0.04464540 -0.13016560 0.00364290
v 0.05318870 -0.12543870 0.00453020
v 0.05153110 -0.12702080 0.00441150
v 0.04337700 -0.13042050 0.00339600
v 0.04357600 -0.13082050 0.00350610
v 0.04328730 -0.13043740 0.00337770
v 0.04724490 -0.13212330 0.00387990
v 0.04923380 -0.13061460 0.00401670
v 0.04379060 -0.13063590 0.00352700
v 0.04345420 -0.13001610 0.00332920
v 0.04667180 -0.13235910 0.00392790
v 0.04585650 -0.13189360 0.00399370
v 0.04389200 -0.13102820 0.00361440
v 0.04429360 -0.13083260 0.00367580
v 0.04632970 -0.12529650 0.00301680
v 0.05259030 -0.12793350 0.00424060
v 0.04593160 -0.12835630 0.00359480
v 0.04719190 -0.12543980 0.00329530
v 0.04819950 -0.12367660 0.00319920
v 0.04719870 -0.12361490 0.00287980
v 0.04738810 -0.12322930 0.00284830
v 0.04817140 -0.12329550 0.00310240
v 0.04926830 -0.12338830 0.00346270
v 0.04950080 -0.12340800 0.00354260
v 0.04505360 -0.13135500 0.00388130
v 0.05424980 -0.12629770 0.00436320
v 0.05553800 -0.12459880 0.00442900
v 0.05561010 -0.12465030 0.00442130
v 0.05431630 -0.12635570 0.00435350
v 0.04544540 -0.13202010 0.00394810
v 0.04712330 -0.12357960 0.00284880
v 0.04592850 -0.13228520 0.00397610
v 0.05417470 -0.12380320 0.00456760
v 0.05446910 -0.12382810 0.00454690
v 0.04668300 -0.13244800 0.00392070
v 0.05173920 -0.12359720 0.00418950
v 0.04729930 -0.12322180 0.00281920
v 0.05598200 -0.12395600 0.00444910
v 0.05608340 -0.12396460 0.00444300
v 0.15186510 -0.11107280 -0.02166750
v 0.15218320 -0.11054230 -0.02179410
v 0.15167730 -0.11033170 -0.02175070
v 0.15145330 -0.11099030 -0.02160880
v 0.15201960 -0.10525770 -0.02233920
v 0.15354190 -0.10723750 -0.02222140
v 0.15362920 -0.10718310 -0.02226200
v 0.15362920 -0.10718310 -0.02226200
v 0.15362920 -0.10718310 -0.02226200
v 0.15362920 -0.10718310 -0.02226200
v 0.15208820 -0.10520470 -0.02234850
v 0.15208820 -0.10520470 -0.02234850
v 0.15003490 -0.10835500 -0.02184590
v 0.15193330 -0.10958950 -0.02191120
v 0.15227780 -0.10902150 -0.02199890
v 0.15049810 -0.10759160 -0.02198410
v 0.15378680 -0.10856890 -0.02214360
v 0.15378680 -0.10856890 -0.02214360
v 0.15352750 -0.10903190 -0.02208320
v 0.15352750 -0.10903190 -0.02208320
v 0.15352550 -0.10905070 -0.02220950
v 0.15379240 -0.10856910 -0.02225280
v 0.15254650 -0.11059560 -0.02192910
v 0.15275110 -0.11029300 -0.02212250
v 0.15275110 -0.11029300 -0.02212250
v 0.15278080 -0.11023400 -0.02202630
v 0.15256260 -0.11056300 -0.02185230
v 0.15256260 -0.11056300 -0.02185230
v 0.14942800 -0.10980420 -0.02152810
v 0.14941900 -0.10981160 -0.02158170
v 0.14941900 -0.10981160 -0.02158170
v 0.15141420 -0.11109830 -0.02169590
v 0.15141690 -0.11108540 -0.02164230
v 0.14942610 -0.10182160 -0.02262190
v 0.14779700 -0.10014000 -0.02270070
v 0.14781220 -0.10012490 -0.02265720
v 0.14781220 -0.10012490 -0.02265720
v 0.14940850 -0.10184450 -0.02257090
v 0.14940850 -0.10184450 -0.02257090
v 0.15225360 -0.11088270 -0.02176910
v 0.15248930 -0.11051550 -0.02184680
v 0.15273650 -0.11012770 -0.02193010
v 0.15248680 -0.10991970 -0.02193060
v 0.15317000 -0.10963090 -0.02228200
v 0.15317000 -0.10963090 -0.02228200
v 0.15352310 -0.10906950 -0.02233880
v 0.15352310 -0.10906950 -0.02233880
v 0.15316750 -0.10961800 -0.02214340
v 0.15187230 -0.11117360 -0.02171320
v 0.15187950 -0.11116480 -0.02165760
v 0.15187950 -0.11116480 -0.02165760
v 0.15142110 -0.11107220 -0.02159040
v 0.15142110 -0.11107220 -0.02159040
v 0.14521870 -0.10663200 -0.02134580
v 0.14471600 -0.10638610 -0.02130740
v 0.14466010 -0.10704690 -0.02112960
v 0.14506890 -0.10724440 -0.02116400
v 0.15281190 -0.11017480 -0.02193310
v 0.15281190 -0.11017480 -0.02193310
v 0.14764290 -0.10562040 -0.02190740
v 0.15122280 -0.10642900 -0.02218760
v 0.14842710 -0.10400330 -0.02222870
v 0.15231510 -0.11095090 -0.02177150
v 0.15231510 -0.11095090 -0.02177150
v 0.15231220 -0.11095720 -0.02183160
v 0.15253010 -0.11062830 -0.02200760
v 0.15253010 -0.11062830 -0.02200760
v 0.15284560 -0.10819140 -0.02212150
v 0.15322650 -0.10865080 -0.02210090
v 0.15379530 -0.10782680 -0.02218140
v 0.15308950 -0.10955970 -0.02200670
v 0.15316500 -0.10960680 -0.02200800
v 0.15316500 -0.10960680 -0.02200800
v 0.14948100 -0.10972480 -0.02149730
v 0.14943720 -0.10979860 -0.02147570
v 0.14943720 -0.10979860 -0.02147570
v 0.14934070 -0.10190080 -0.02255910
v 0.15370100 -0.10854060 -0.02214020
v 0.15388610 -0.10781530 -0.02218720
v 0.15388610 -0.10781530 -0.02218720
v 0.14540430 -0.10594390 -0.02155380
v 0.14477960 -0.10563500 -0.02151150
v 0.15388100 -0.10780170 -0.02224930
v 0.14670290 -0.10273250 -0.02222790
v 0.14512860 -0.10150740 -0.02225130
v 0.14492620 -0.10390020 -0.02182240
v 0.14595300 -0.10455080 -0.02185460
v 0.15387580 -0.10778810 -0.02231310
v 0.15387580 -0.10778810 -0.02231310
v 0.14600960 -0.09900110 -0.02271920
v 0.14775530 -0.10019100 -0.02264340
v 0.14605850 -0.09893140 -0.02273470
v 0.14605850 -0.09893140 -0.02273470
v 0.15210980 -0.10518260 -0.02239710
v 0.14778340 -0.10015490 -0.02274600
v 0.14607800 -0.09886110 -0.02281370
v 0.14606830 -0.09889620 -0.02277380
v 0.14539240 -0.09838780 -0.02283540
v 0.14539240 -0.09838780 -0.02283540
v 0.14539170 -0.09839560 -0.02282850
v 0.15345230 -0.10898650 -0.02208200
v 0.14712390 -0.10679390 -0.02167010
v 0.14691250 -0.10748520 -0.02147520
v 0.14973590 -0.10907600 -0.02166080
v 0.14669300 -0.10819540 -0.02132930
v 0.14668480 -0.10821440 -0.02137930
v 0.14668480 -0.10821440 -0.02137930
v 0.15280260 -0.10938720 -0.02200380
v 0.15186520 -0.11118390 -0.02177010
v 0.15186520 -0.11118390 -0.02177010
v 0.14670250 -0.10817450 -0.02128050
v 0.14670250 -0.10817450 -0.02128050
v 0.14503310 -0.10732010 -0.02113800
v 0.14503310 -0.10732010 -0.02113800
v 0.14502010 -0.10733320 -0.02118910
v 0.15379780 -0.10856940 -0.02236450
v 0.15379780 -0.10856940 -0.02236450
v 0.14500740 -0.10734790 -0.02124120
v 0.14500740 -0.10734790 -0.02124120
v 0.14674060 -0.10810010 -0.02130420
v 0.14538830 -0.09843610 -0.02278870
v 0.14538550 -0.09846890 -0.02275610
v 0.14538550 -0.09846890 -0.02275610
v 0.14537720 -0.09856670 -0.02273890
v 0.15230910 -0.11096350 -0.02189300
v 0.15230910 -0.11096350 -0.02189300
v 0.14464960 -0.10717190 -0.02121160
v 0.14464960 -0.10717190 -0.02121160
v 0.14465120 -0.10715330 -0.02115810
v 0.14465260 -0.10713600 -0.02110550
v 0.14465260 -0.10713600 -0.02110550
v 0.14516610 -0.10106340 -0.02232210
v 0.02342790 -0.02240430 -0.02166750
v 0.02310980 -0.02293490 -0.02179410
v 0.02361560 -0.02314550 -0.02175070
v 0.02383970 -0.02248690 -0.02160880
v 0.02327330 -0.02821950 -0.02233920
v 0.02175100 -0.02623970 -0.02222140
v 0.02166370 -0.02629410 -0.02226200
v 0.02166370 -0.02629410 -0.02226200
v 0.02166370 -0.02629410 -0.02226200
v 0.02166370 -0.02629410 -0.02226200
v 0.02320470 -0.02827250 -0.02234850
v 0.02320470 -0.02827250 -0.02234850
v 0.02525800 -0.02512220 -0.02184590
v 0.02335960 -0.02388770 -0.02191120
v 0.02301520 -0.02445570 -0.02199880
v 0.02479480 -0.02588570 -0.02198410
v 0.02150610 -0.02490830 -0.02214360
v 0.02150610 -0.02490830 -0.02214360
v 0.02176550 -0.02444530 -0.02208320
v 0.02176550 -0.02444530 -0.02208320
v 0.02176750 -0.02442650 -0.02220950
v 0.02150050 -0.02490810 -0.02225280
v 0.02274650 -0.02288160 -0.02192910
v 0.02254180 -0.02318420 -0.02212250
v 0.02254180 -0.02318420 -0.02212250
v 0.02251220 -0.02324320 -0.02202630
v 0.02273030 -0.02291420 -0.02185230
v 0.02273030 -0.02291420 -0.02185230
v 0.02586500 -0.02367290 -0.02152810
v 0.02587390 -0.02366560 -0.02158170
v 0.02587390 -0.02366560 -0.02158170
v 0.02387870 -0.02237890 -0.02169590
v 0.02387870 -0.02237890 -0.02169590
v 0.02387610 -0.02239180 -0.02164230
v 0.02586690 -0.03165560 -0.02262190
v 0.02749590 -0.03333720 -0.02270070
v 0.02748080 -0.03335230 -0.02265720
v 0.02748080 -0.03335230 -0.02265720
v 0.02588450 -0.03163270 -0.02257090
v 0.02588450 -0.03163270 -0.02257090
v 0.02303940 -0.02259450 -0.02176910
v 0.02280360 -0.02296170 -0.02184680
v 0.02255640 -0.02334950 -0.02193010
v 0.02280610 -0.02355750 -0.02193060
v 0.02212300 -0.02384630 -0.02228200
v 0.02212300 -0.02384630 -0.02228200
v 0.02176980 -0.02440770 -0.02233880
v 0.02176980 -0.02440770 -0.02233880
v 0.02212540 -0.02385920 -0.02214340
v 0.02342060 -0.02230370 -0.02171320
v 0.02341340 -0.02231240 -0.02165760
v 0.02341340 -0.02231240 -0.02165760
v 0.02387190 -0.02240500 -0.02159030
v 0.02387190 -0.02240500 -0.02159030
v 0.03007420 -0.02684520 -0.02134580
v 0.03057690 -0.02709110 -0.02130740
v 0.03063280 -0.02643030 -0.02112960
v 0.03022400 -0.02623280 -0.02116400
v 0.02248110 -0.02330240 -0.02193310
v 0.02248110 -0.02330240 -0.02193310
v 0.02765010 -0.02785680 -0.02190740
v 0.02407020 -0.02704820 -0.02218760
v 0.02686580 -0.02947390 -0.02222870
v 0.02297790 -0.02252630 -0.02177150
v 0.02297790 -0.02252630 -0.02177150
v 0.02298080 -0.02252000 -0.02183160
v 0.02276280 -0.02284890 -0.02200760
v 0.02276280 -0.02284890 -0.02200760
v 0.02244740 -0.02528580 -0.02212150
v 0.02206650 -0.02482640 -0.02210100
v 0.02149760 -0.02565040 -0.02218140
v 0.02220340 -0.02391750 -0.02200670
v 0.02212800 -0.02387040 -0.02200800
v 0.02212800 -0.02387040 -0.02200800
v 0.02581190 -0.02375240 -0.02149730
v 0.02585580 -0.02367860 -0.02147570
v 0.02585580 -0.02367860 -0.02147570
v 0.02595220 -0.03157640 -0.02255910
v 0.02159200 -0.02493660 -0.02214020
v 0.02140690 -0.02566190 -0.02218720
v 0.02140690 -0.02566190 -0.02218720
v 0.02988860 -0.02753330 -0.02155380
v 0.03051340 -0.02784220 -0.02151150
v 0.02141190 -0.02567550 -0.02224930
v 0.02859010 -0.03074470 -0.02222790
v 0.03016440 -0.03196980 -0.02225130
v 0.03036670 -0.02957700 -0.02182240
v 0.02933990 -0.02892640 -0.02185460
v 0.02141710 -0.02568910 -0.02231310
v 0.02141710 -0.02568910 -0.02231310
v 0.02928340 -0.03447610 -0.02271920
v 0.02753760 -0.03328620 -0.02264340
v 0.02923450 -0.03454580 -0.02273470
v 0.02923450 -0.03454580 -0.02273470
v 0.02318310 -0.02829460 -0.02239710
v 0.02750960 -0.03332230 -0.02274600
v 0.02921490 -0.03461620 -0.02281370
v 0.02921490 -0.03461620 -0.02281370
v 0.02922460 -0.03458100 -0.02277380
v 0.02990060 -0.03508940 -0.02283540
v 0.02990120 -0.03508150 -0.02282850
v 0.02184070 -0.02449070 -0.02208200
v 0.02816900 -0.02668330 -0.02167010
v 0.02838050 -0.02599200 -0.02147520
v 0.02555710 -0.02440120 -0.02166080
v 0.02859990 -0.02528180 -0.02132930
v 0.02860810 -0.02526280 -0.02137930
v 0.02860810 -0.02526280 -0.02137930
v 0.02249030 -0.02409000 -0.02200380
v 0.02342780 -0.02229320 -0.02177010
v 0.02859050 -0.02530270 -0.02128050
v 0.02859050 -0.02530270 -0.02128050
v 0.03025990 -0.02615710 -0.02113800
v 0.03025990 -0.02615710 -0.02113800
v 0.03027290 -0.02614400 -0.02118910
v 0.02149510 -0.02490780 -0.02236450
v 0.02149510 -0.02490780 -0.02236450
v 0.03028560 -0.02612920 -0.02124120
v 0.02855230 -0.02537710 -0.02130420
v 0.02990460 -0.03504110 -0.02278870
v 0.02990740 -0.03500830 -0.02275610
v 0.02990740 -0.03500830 -0.02275610
v 0.02991570 -0.03491040 -0.02273890
v 0.02298390 -0.02251370 -0.02189300
v 0.02298390 -0.02251370 -0.02189300
v 0.03064330 -0.02630520 -0.02121160
v 0.03064180 -0.02632390 -0.02115810
v 0.03064030 -0.02634130 -0.02110550
v 0.03064030 -0.02634130 -0.02110550
v 0.03012680 -0.03241380 -0.02232210
v 0.14561140 -0.10308380 -0.02258420
v 0.14736400 -0.10434060 -0.02255060
v 0.14705030 -0.10634410 -0.02199610
v 0.14520140 -0.10519540 -0.02194190
v 0.15267730 -0.11024560 -0.02212150
v 0.15309610 -0.10958360 -0.02228200
v 0.15221540 -0.10892120 -0.02229210
v 0.15064110 -0.10727900 -0.02239910
v 0.15129300 -0.10626460 -0.02255420
v 0.15290560 -0.10809070 -0.02242220
v 0.15150310 -0.11046300 -0.02186540
v 0.14946070 -0.10974000 -0.02160950
v 0.14960060 -0.10917490 -0.02178420
v 0.15159340 -0.10982580 -0.02203530
v 0.14686650 -0.10128250 -0.02292260
v 0.14844860 -0.10294010 -0.02280400
v 0.15184840 -0.11109420 -0.02178850
v 0.15224830 -0.11089520 -0.02189850
v 0.15355110 -0.10722630 -0.02227230
v 0.15204240 -0.10523740 -0.02240910
v 0.15210980 -0.10518260 -0.02239720
v 0.15206360 -0.11068060 -0.02191940
v 0.15144390 -0.11101700 -0.02172160
v 0.15378690 -0.10779940 -0.02232040
v 0.15332140 -0.10861470 -0.02238610
v 0.15245600 -0.11057920 -0.02200690
v 0.15226040 -0.11017760 -0.02206820
v 0.14672430 -0.10814150 -0.02140920
v 0.14936130 -0.10188090 -0.02263310
v 0.14942610 -0.10182160 -0.02262200
v 0.14978410 -0.10853960 -0.02198730
v 0.14686750 -0.10727930 -0.02168770
v 0.14510430 -0.10627170 -0.02159160
v 0.14504270 -0.10727240 -0.02127220
v 0.14465710 -0.10708310 -0.02124070
v 0.14472340 -0.10629980 -0.02149480
v 0.14481610 -0.10520290 -0.02185510
v 0.14483580 -0.10497040 -0.02193500
v 0.15278270 -0.10941760 -0.02227370
v 0.14772540 -0.10022140 -0.02275560
v 0.14602660 -0.09893320 -0.02282150
v 0.14607800 -0.09886100 -0.02281370
v 0.14778340 -0.10015480 -0.02274600
v 0.15344790 -0.10902570 -0.02234050
v 0.15371300 -0.10854270 -0.02236850
v 0.14523100 -0.10029650 -0.02296010
v 0.14525590 -0.10000210 -0.02293930
v 0.15141430 -0.11109830 -0.02169590
v 0.14502510 -0.10273200 -0.02258200
v 0.14538380 -0.09848920 -0.02284150
v 0.02968150 -0.03039340 -0.02258420
v 0.02792900 -0.02913660 -0.02255060
v 0.02824270 -0.02713310 -0.02199610
v 0.03009160 -0.02828180 -0.02194190
v 0.02261560 -0.02323160 -0.02212150
v 0.02219690 -0.02389360 -0.02228200
v 0.02307760 -0.02455590 -0.02229210
v 0.02465180 -0.02619820 -0.02239910
v 0.02400000 -0.02721260 -0.02255420
v 0.02238730 -0.02538650 -0.02242220
v 0.02378980 -0.02301420 -0.02186540
v 0.02583220 -0.02373720 -0.02160950
v 0.02569240 -0.02430230 -0.02178420
v 0.02369950 -0.02365140 -0.02203530
v 0.02842640 -0.03219470 -0.02292260
v 0.02684430 -0.03053710 -0.02280400
v 0.02344460 -0.02238300 -0.02178850
v 0.02304460 -0.02258200 -0.02189850
v 0.02342770 -0.02229330 -0.02177010
v 0.02174190 -0.02625090 -0.02227230
v 0.02325060 -0.02823980 -0.02240910
v 0.02318310 -0.02829460 -0.02239720
v 0.02322930 -0.02279660 -0.02191940
v 0.02384910 -0.02246020 -0.02172160
v 0.02150600 -0.02567780 -0.02232040
v 0.02197150 -0.02486260 -0.02238610
v 0.02283690 -0.02289800 -0.02200690
v 0.02303250 -0.02329960 -0.02206820
v 0.02856860 -0.02533570 -0.02140920
v 0.02593160 -0.03159630 -0.02263310
v 0.02586690 -0.03165560 -0.02262200
v 0.02550890 -0.02493760 -0.02198730
v 0.02842540 -0.02619790 -0.02168770
v 0.03018860 -0.02720550 -0.02159160
v 0.03025030 -0.02620470 -0.02127220
v 0.03063580 -0.02639410 -0.02124070
v 0.03056960 -0.02717740 -0.02149480
v 0.03047680 -0.02827430 -0.02185510
v 0.03045720 -0.02850680 -0.02193500
v 0.02251020 -0.02405960 -0.02227370
v 0.02756750 -0.03325580 -0.02275560
v 0.02926630 -0.03454400 -0.02282150
v 0.02750950 -0.03332230 -0.02274600
v 0.02184510 -0.02445150 -0.02234050
v 0.03028560 -0.02612930 -0.02124120
v 0.02157990 -0.02493450 -0.02236850
v 0.03006200 -0.03318070 -0.02296010
v 0.03003710 -0.03347510 -0.02293930
v 0.03026790 -0.03074520 -0.02258200
v 0.03064330 -0.02630530 -0.02121160
v 0.02990910 -0.03498800 -0.02284150
v 0.02990050 -0.03508940 -0.02283540
v -0.04303880 -0.13097170 0.00327510
v -0.04356940 -0.13128990 0.00340170
v -0.04378000 -0.13078400 0.00335830
v -0.04312130 -0.13055990 0.00321640
v -0.04885390 -0.13112630 0.00394680
v -0.04687410 -0.13264860 0.00382900
v -0.04692860 -0.13273590 0.00386960
v -0.04692860 -0.13273590 0.00386960
v -0.04692860 -0.13273590 0.00386960
v -0.04692860 -0.13273590 0.00386960
v -0.04890700 -0.13119490 0.00395600
v -0.04890700 -0.13119490 0.00395600
v -0.04575670 -0.12914160 0.00345340
v -0.04452210 -0.13104000 0.00351870
v -0.04509010 -0.13138450 0.00360640
v -0.04652010 -0.12960470 0.00359170
v -0.04554280 -0.13289350 0.00375110
v -0.04554280 -0.13289350 0.00375110
v -0.04507970 -0.13263420 0.00369080
v -0.04507970 -0.13263420 0.00369080
v -0.04506100 -0.13263210 0.00381710
v -0.04554260 -0.13289910 0.00386030
v -0.04351610 -0.13165310 0.00353670
v -0.04381870 -0.13185770 0.00373010
v -0.04381870 -0.13185770 0.00373010
v -0.04387770 -0.13188750 0.00363390
v -0.04354860 -0.13166930 0.00345990
v -0.04354860 -0.13166930 0.00345990
v -0.04430740 -0.12853470 0.00313570
v -0.04430010 -0.12852570 0.00318920
v -0.04430010 -0.12852570 0.00318920
v -0.04301340 -0.13052090 0.00330350
v -0.04301340 -0.13052090 0.00330350
v -0.04302630 -0.13052360 0.00324990
v -0.05229010 -0.12853270 0.00422950
v -0.05229010 -0.12853270 0.00422950
v -0.05397160 -0.12690370 0.00430830
v -0.05398680 -0.12691880 0.00426480
v -0.05398680 -0.12691880 0.00426480
v -0.05226720 -0.12851510 0.00417850
v -0.05226720 -0.12851510 0.00417850
v -0.04322900 -0.13136020 0.00337670
v -0.04359620 -0.13159600 0.00345440
v -0.04398400 -0.13184320 0.00353770
v -0.04419200 -0.13159350 0.00353820
v -0.04448070 -0.13227670 0.00388960
v -0.04448070 -0.13227670 0.00388960
v -0.04504220 -0.13262980 0.00394640
v -0.04504220 -0.13262980 0.00394640
v -0.04449370 -0.13227420 0.00375100
v -0.04293810 -0.13097890 0.00332070
v -0.04294680 -0.13098610 0.00326520
v -0.04294680 -0.13098610 0.00326520
v -0.04303950 -0.13052780 0.00319790
v -0.04303950 -0.13052780 0.00319790
v -0.04747970 -0.12432530 0.00295330
v -0.04772560 -0.12382270 0.00291500
v -0.04706480 -0.12376680 0.00273720
v -0.04686720 -0.12417560 0.00277150
v -0.04393690 -0.13191850 0.00354070
v -0.04393690 -0.13191850 0.00354070
v -0.04849130 -0.12674960 0.00351490
v -0.04768270 -0.13032950 0.00379520
v -0.05010830 -0.12753380 0.00383620
v -0.04316080 -0.13142180 0.00337900
v -0.04316080 -0.13142180 0.00337900
v -0.04315440 -0.13141880 0.00343920
v -0.04348340 -0.13163680 0.00361520
v -0.04348340 -0.13163680 0.00361520
v -0.04592030 -0.13195220 0.00372910
v -0.04546080 -0.13233310 0.00370850
v -0.04628490 -0.13290200 0.00378900
v -0.04455200 -0.13219620 0.00361430
v -0.04450490 -0.13227170 0.00361560
v -0.04450490 -0.13227170 0.00361560
v -0.04438680 -0.12858760 0.00310490
v -0.04431310 -0.12854380 0.00308330
v -0.04431310 -0.12854380 0.00308330
v -0.05221090 -0.12844740 0.00416670
v -0.04557100 -0.13280760 0.00374780
v -0.04629640 -0.13299270 0.00379480
v -0.04629640 -0.13299270 0.00379480
v -0.04816780 -0.12451090 0.00316140
v -0.04847670 -0.12388620 0.00311900
v -0.04631000 -0.13298770 0.00385690
v -0.05137920 -0.12580950 0.00383550
v -0.05260420 -0.12423520 0.00385890
v -0.05021150 -0.12403290 0.00343000
v -0.04956090 -0.12505960 0.00346220
v -0.04632350 -0.13298240 0.00392060
v -0.05511060 -0.12511620 0.00432670
v -0.05392070 -0.12686200 0.00425100
v -0.05518020 -0.12516520 0.00434230
v -0.05518020 -0.12516520 0.00434230
v -0.04892900 -0.13121650 0.00400470
v -0.04892900 -0.13121650 0.00400470
v -0.05395680 -0.12689010 0.00435350
v -0.05395680 -0.12689010 0.00435350
v -0.05525060 -0.12518470 0.00442130
v -0.05525060 -0.12518470 0.00442130
v -0.05521540 -0.12517500 0.00438140
v -0.05572390 -0.12449900 0.00444300
v -0.05572390 -0.12449900 0.00444300
v -0.05571600 -0.12449840 0.00443610
v -0.04512520 -0.13255900 0.00368950
v -0.04731770 -0.12623050 0.00327770
v -0.04662650 -0.12601920 0.00308280
v -0.04503570 -0.12884250 0.00326840
v -0.04591630 -0.12579970 0.00293690
v -0.04589730 -0.12579150 0.00298690
v -0.04589730 -0.12579150 0.00298690
v -0.04472440 -0.13190920 0.00361140
v -0.04292770 -0.13097190 0.00337770
v -0.04292770 -0.13097190 0.00337770
v -0.04593710 -0.12580910 0.00288810
v -0.04593710 -0.12580910 0.00288810
v -0.04679160 -0.12413970 0.00274550
v -0.04679160 -0.12413970 0.00274550
v -0.04677850 -0.12412680 0.00279670
v -0.04554230 -0.13290450 0.00397200
v -0.04676370 -0.12411400 0.00284880
v -0.04601160 -0.12584730 0.00291180
v -0.05567550 -0.12449490 0.00439620
v -0.05564270 -0.12449210 0.00436370
v -0.05564270 -0.12449210 0.00436370
v -0.05554490 -0.12448390 0.00434650
v -0.04314810 -0.13141570 0.00350050
v -0.04314810 -0.13141570 0.00350050
v -0.04693970 -0.12375620 0.00281920
v -0.04695840 -0.12375780 0.00276570
v -0.04697570 -0.12375930 0.00271310
v -0.04697570 -0.12375930 0.00271310
v -0.05304820 -0.12427280 0.00392970
v -0.13170730 -0.00253450 0.00327510
v -0.13117670 -0.00221640 0.00340170
v -0.13096610 -0.00272220 0.00335830
v -0.13162480 -0.00294640 0.00321640
v -0.12589220 -0.00238000 0.00394680
v -0.12787200 -0.00085770 0.00382900
v -0.12781760 -0.00077030 0.00386960
v -0.12781760 -0.00077030 0.00386960
v -0.12781760 -0.00077030 0.00386960
v -0.12781760 -0.00077030 0.00386960
v -0.12583910 -0.00231140 0.00395600
v -0.12583910 -0.00231140 0.00395600
v -0.12898940 -0.00436470 0.00345340
v -0.13022400 -0.00246630 0.00351870
v -0.12965600 -0.00212180 0.00360640
v -0.12822600 -0.00390150 0.00359170
v -0.12920340 -0.00061270 0.00375110
v -0.12920340 -0.00061270 0.00375110
v -0.12966640 -0.00087210 0.00369080
v -0.12966640 -0.00087210 0.00369080
v -0.12968510 -0.00087410 0.00381710
v -0.12920360 -0.00060710 0.00386040
v -0.13123010 -0.00185310 0.00353670
v -0.13092750 -0.00164850 0.00373010
v -0.13086850 -0.00161880 0.00363390
v -0.13119750 -0.00183700 0.00345990
v -0.13119750 -0.00183700 0.00345990
v -0.13043870 -0.00497160 0.00313570
v -0.13044600 -0.00498060 0.00318920
v -0.13044600 -0.00498060 0.00318920
v -0.13173280 -0.00298540 0.00330350
v -0.13173280 -0.00298540 0.00330350
v -0.13171980 -0.00298270 0.00324990
v -0.12245610 -0.00497350 0.00422950
v -0.12245610 -0.00497350 0.00422950
v -0.12077450 -0.00660260 0.00430830
v -0.12075940 -0.00658750 0.00426480
v -0.12075940 -0.00658750 0.00426480
v -0.12247900 -0.00499110 0.00417850
v -0.12247900 -0.00499110 0.00417850
v -0.13151710 -0.00214610 0.00337670
v -0.13115000 -0.00191020 0.00345440
v -0.13076210 -0.00166300 0.00353770
v -0.13055420 -0.00191270 0.00353820
v -0.13026540 -0.00122960 0.00388960
v -0.13026540 -0.00122960 0.00388960
v -0.12970390 -0.00087650 0.00394640
v -0.12970390 -0.00087650 0.00394640
v -0.13025250 -0.00123210 0.00375100
v -0.13180800 -0.00252730 0.00332070
v -0.13179930 -0.00252010 0.00326520
v -0.13179930 -0.00252010 0.00326520
v -0.13170660 -0.00297850 0.00319790
v -0.13170660 -0.00297850 0.00319790
v -0.12726640 -0.00918090 0.00295340
v -0.12702050 -0.00968350 0.00291500
v -0.12768130 -0.00973940 0.00273720
v -0.12787890 -0.00933070 0.00277150
v -0.13080930 -0.00158780 0.00354060
v -0.13080930 -0.00158780 0.00354060
v -0.12625490 -0.00675670 0.00351490
v -0.12706350 -0.00317680 0.00379520
v -0.12463780 -0.00597250 0.00383620
v -0.13158540 -0.00208450 0.00337900
v -0.13158540 -0.00208450 0.00337900
v -0.13159170 -0.00208750 0.00343920
v -0.13126270 -0.00186950 0.00361520
v -0.13126270 -0.00186950 0.00361520
v -0.12882580 -0.00155410 0.00372910
v -0.12928530 -0.00117320 0.00370850
v -0.12846120 -0.00060420 0.00378900
v -0.13019420 -0.00131010 0.00361430
v -0.13024120 -0.00123460 0.00361560
v -0.13024120 -0.00123460 0.00361560
v -0.13035930 -0.00491860 0.00310490
v -0.13043310 -0.00496250 0.00308330
v -0.13043310 -0.00496250 0.00308330
v -0.12253520 -0.00505880 0.00416670
v -0.12917510 -0.00069870 0.00374780
v -0.12844970 -0.00051350 0.00379480
v -0.12844970 -0.00051350 0.00379480
v -0.12657830 -0.00899530 0.00316140
v -0.12626950 -0.00962010 0.00311900
v -0.12843620 -0.00051860 0.00385690
v -0.12336700 -0.00769680 0.00383550
v -0.12214190 -0.00927110 0.00385890
v -0.12453460 -0.00947330 0.00343000
v -0.12518530 -0.00844660 0.00346220
v -0.12842260 -0.00052380 0.00392060
v -0.11963560 -0.00839000 0.00432670
v -0.12082550 -0.00664430 0.00425100
v -0.11956590 -0.00834110 0.00434230
v -0.11956590 -0.00834110 0.00434230
v -0.12581710 -0.00228980 0.00400470
v -0.12581710 -0.00228980 0.00400470
v -0.12078930 -0.00661620 0.00435350
v -0.11949550 -0.00832160 0.00442130
v -0.11953070 -0.00833130 0.00438140
v -0.11902230 -0.00900730 0.00444300
v -0.11903010 -0.00900790 0.00443610
v -0.12962100 -0.00094730 0.00368950
v -0.12742840 -0.00727570 0.00327770
v -0.12811970 -0.00748710 0.00308280
v -0.12971040 -0.00466380 0.00326840
v -0.12882990 -0.00770660 0.00293690
v -0.12884890 -0.00771480 0.00298690
v -0.13002170 -0.00159700 0.00361140
v -0.13181840 -0.00253440 0.00337770
v -0.13181840 -0.00253440 0.00337770
v -0.12880900 -0.00769710 0.00288810
v -0.12880900 -0.00769710 0.00288810
v -0.12795460 -0.00936660 0.00274550
v -0.12795460 -0.00936660 0.00274550
v -0.12796760 -0.00937950 0.00279670
v -0.12920390 -0.00060180 0.00397210
v -0.12920390 -0.00060180 0.00397210
v -0.12798240 -0.00939220 0.00284880
v -0.12798240 -0.00939220 0.00284880
v -0.12873460 -0.00765900 0.00291180
v -0.11907060 -0.00901130 0.00439620
v -0.11910340 -0.00901410 0.00436370
v -0.11910340 -0.00901410 0.00436370
v -0.11920120 -0.00902230 0.00434650
v -0.13159800 -0.00209050 0.00350050
v -0.13159800 -0.00209050 0.00350050
v -0.12780640 -0.00975000 0.00281920
v -0.12780640 -0.00975000 0.00281920
v -0.12778780 -0.00974840 0.00276570
v -0.12777040 -0.00974690 0.00271310
v -0.12777040 -0.00974690 0.00271310
v -0.12169790 -0.00923350 0.00392970
v -0.05102790 -0.12471810 0.00419180
v -0.04977110 -0.12647060 0.00415820
v -0.04776750 -0.12615690 0.00360370
v -0.04891630 -0.12430800 0.00354950
v -0.04386610 -0.13178390 0.00372910
v -0.04452810 -0.13220280 0.00388960
v -0.04519040 -0.13132200 0.00389970
v -0.04683260 -0.12974770 0.00400670
v -0.04784700 -0.13039970 0.00416170
v -0.04602100 -0.13201230 0.00402980
v -0.04364870 -0.13060980 0.00347300
v -0.04437170 -0.12856740 0.00321710
v -0.04493680 -0.12870720 0.00339180
v -0.04428590 -0.13070010 0.00364290
v -0.05282920 -0.12597320 0.00453020
v -0.05117160 -0.12755520 0.00441150
v -0.04301750 -0.13095500 0.00339600
v -0.04321640 -0.13135500 0.00350610
v -0.04688540 -0.13265770 0.00387990
v -0.04887420 -0.13114900 0.00401670
v -0.04343110 -0.13117030 0.00352700
v -0.04309470 -0.13055050 0.00332920
v -0.04631220 -0.13289360 0.00392790
v -0.04549700 -0.13242810 0.00399370
v -0.04353240 -0.13156260 0.00361450
v -0.04393410 -0.13136710 0.00367580
v -0.04597020 -0.12583090 0.00301680
v -0.05223070 -0.12846800 0.00424060
v -0.04557210 -0.12889070 0.00359480
v -0.04683240 -0.12597420 0.00329530
v -0.04784000 -0.12421100 0.00319920
v -0.04683920 -0.12414940 0.00287980
v -0.04702860 -0.12376380 0.00284830
v -0.04781190 -0.12383000 0.00310240
v -0.04890880 -0.12392280 0.00346270
v -0.04914120 -0.12394240 0.00354260
v -0.04469410 -0.13188940 0.00388130
v -0.05389030 -0.12683210 0.00436320
v -0.05517850 -0.12513330 0.00442900
v -0.04508590 -0.13255460 0.00394810
v -0.04676370 -0.12411410 0.00284880
v -0.04556900 -0.13281970 0.00397610
v -0.04554230 -0.13290450 0.00397210
v -0.05381520 -0.12433760 0.00456760
v -0.05410960 -0.12436250 0.00454690
v -0.04632350 -0.13298250 0.00392070
v -0.05137970 -0.12413170 0.00418950
v -0.04693970 -0.12375630 0.00281920
v -0.05562250 -0.12449050 0.00444910
v -0.12371830 -0.00878820 0.00419180
v -0.12497500 -0.00703560 0.00415820
v -0.12697860 -0.00734940 0.00360370
v -0.12582990 -0.00919820 0.00354950
v -0.13088010 -0.00172230 0.00372910
v -0.13021800 -0.00130350 0.00388960
v -0.13092740 -0.00164850 0.00373010
v -0.12955570 -0.00218430 0.00389970
v -0.12791350 -0.00375850 0.00400670
v -0.12689910 -0.00310660 0.00416170
v -0.12872520 -0.00149400 0.00402980
v -0.13109750 -0.00289640 0.00347300
v -0.13037440 -0.00493890 0.00321710
v -0.12980940 -0.00479900 0.00339180
v -0.13046030 -0.00280620 0.00364290
v -0.12191690 -0.00753310 0.00453020
v -0.12357450 -0.00595100 0.00441150
v -0.13172870 -0.00255130 0.00339600
v -0.13152970 -0.00215130 0.00350610
v -0.12786080 -0.00084850 0.00387990
v -0.12587190 -0.00235720 0.00401670
v -0.13131510 -0.00233590 0.00352700
v -0.13165150 -0.00295570 0.00332920
v -0.12843390 -0.00061270 0.00392790
v -0.12924910 -0.00107820 0.00399370
v -0.13121370 -0.00194360 0.00361440
v -0.13081210 -0.00213920 0.00367580
v -0.12877600 -0.00767530 0.00301680
v -0.12251540 -0.00503830 0.00424060
v -0.12917410 -0.00461550 0.00359480
v -0.12791380 -0.00753200 0.00329530
v -0.12690610 -0.00929520 0.00319920
v -0.12790690 -0.00935690 0.00287980
v -0.12771750 -0.00974250 0.00284830
v -0.12693430 -0.00967630 0.00310240
v -0.12583740 -0.00958350 0.00346270
v -0.12560490 -0.00956380 0.00354260
v -0.13005210 -0.00161680 0.00388130
v -0.12085590 -0.00667410 0.00436320
v -0.11956760 -0.00837300 0.00442900
v -0.11949550 -0.00832150 0.00442130
v -0.12078930 -0.00661610 0.00435350
v -0.12966020 -0.00095170 0.00394810
v -0.12884880 -0.00771480 0.00298690
v -0.12917710 -0.00068660 0.00397610
v -0.12093100 -0.00916860 0.00456760
v -0.12063650 -0.00914370 0.00454690
v -0.12842260 -0.00052380 0.00392070
v -0.12336650 -0.00937460 0.00418950
v -0.11912370 -0.00901580 0.00444910
v -0.11902230 -0.00900720 0.00444300
v -0.02324060 -0.02189890 -0.02166750
v -0.02292250 -0.02242950 -0.02179410
v -0.02342830 -0.02264010 -0.02175070
v -0.02365240 -0.02198150 -0.02160880
v -0.02308600 -0.02771410 -0.02233920
v -0.02156380 -0.02573420 -0.02222140
v -0.02147640 -0.02578870 -0.02226200
v -0.02147640 -0.02578870 -0.02226200
v -0.02147640 -0.02578870 -0.02226200
v -0.02147640 -0.02578870 -0.02226200
v -0.02301740 -0.02776710 -0.02234850
v -0.02301740 -0.02776710 -0.02234850
v -0.02507070 -0.02461680 -0.02184590
v -0.02317230 -0.02338230 -0.02191120
v -0.02282790 -0.02395030 -0.02199890
v -0.02460760 -0.02538020 -0.02198410
v -0.02131880 -0.02440290 -0.02214360
v -0.02131880 -0.02440290 -0.02214360
v -0.02157820 -0.02393990 -0.02208320
v -0.02157820 -0.02393990 -0.02208320
v -0.02158020 -0.02392110 -0.02220950
v -0.02131320 -0.02440270 -0.02225280
v -0.02255920 -0.02237620 -0.02192910
v -0.02235460 -0.02267880 -0.02212250
v -0.02235460 -0.02267880 -0.02212250
v -0.02232490 -0.02273780 -0.02202630
v -0.02254310 -0.02240880 -0.02185230
v -0.02254310 -0.02240880 -0.02185230
v -0.02567760 -0.02316760 -0.02152810
v -0.02568660 -0.02316020 -0.02158170
v -0.02568660 -0.02316020 -0.02158170
v -0.02369140 -0.02187350 -0.02169590
v -0.02369140 -0.02187350 -0.02169590
v -0.02368880 -0.02188640 -0.02164230
v -0.02567960 -0.03115020 -0.02262190
v -0.02730860 -0.03283180 -0.02270070
v -0.02729350 -0.03284690 -0.02265720
v -0.02729350 -0.03284690 -0.02265720
v -0.02569720 -0.03112730 -0.02257090
v -0.02569720 -0.03112730 -0.02257090
v -0.02285210 -0.02208910 -0.02176910
v -0.02261630 -0.02245630 -0.02184680
v -0.02236910 -0.02284410 -0.02193010
v -0.02261880 -0.02305210 -0.02193060
v -0.02193560 -0.02334090 -0.02228200
v -0.02193560 -0.02334090 -0.02228200
v -0.02158260 -0.02390230 -0.02233880
v -0.02158260 -0.02390230 -0.02233880
v -0.02193810 -0.02335380 -0.02214340
v -0.02323340 -0.02179820 -0.02171320
v -0.02322620 -0.02180700 -0.02165760
v -0.02322620 -0.02180700 -0.02165760
v -0.02368450 -0.02189960 -0.02159040
v -0.02368450 -0.02189960 -0.02159040
v -0.02988700 -0.02633980 -0.02134580
v -0.03038960 -0.02658570 -0.02130740
v -0.03044550 -0.02592490 -0.02112960
v -0.03003670 -0.02572740 -0.02116400
v -0.02229380 -0.02279700 -0.02193310
v -0.02229380 -0.02279700 -0.02193310
v -0.02746270 -0.02735140 -0.02190740
v -0.02388280 -0.02654280 -0.02218760
v -0.02667860 -0.02896850 -0.02222870
v -0.02279060 -0.02202090 -0.02177150
v -0.02279060 -0.02202090 -0.02177150
v -0.02279350 -0.02201460 -0.02183160
v -0.02257550 -0.02234350 -0.02200760
v -0.02257550 -0.02234350 -0.02200760
v -0.02226010 -0.02478040 -0.02212150
v -0.02187920 -0.02432090 -0.02210090
v -0.02131030 -0.02514500 -0.02218140
v -0.02201620 -0.02341210 -0.02200670
v -0.02194070 -0.02336500 -0.02200800
v -0.02194070 -0.02336500 -0.02200800
v -0.02562470 -0.02324700 -0.02149730
v -0.02566850 -0.02317320 -0.02147570
v -0.02566850 -0.02317320 -0.02147570
v -0.02576490 -0.03107100 -0.02255910
v -0.02140470 -0.02443120 -0.02214020
v -0.02121960 -0.02515650 -0.02218720
v -0.02121960 -0.02515650 -0.02218720
v -0.02970140 -0.02702790 -0.02155380
v -0.03032610 -0.02733680 -0.02151150
v -0.02122460 -0.02517010 -0.02224930
v -0.02840280 -0.03023930 -0.02222790
v -0.02997710 -0.03146440 -0.02225130
v -0.03017940 -0.02907160 -0.02182240
v -0.02915270 -0.02842100 -0.02185460
v -0.02122990 -0.02518370 -0.02231310
v -0.02909610 -0.03397070 -0.02271920
v -0.02735030 -0.03278080 -0.02264340
v -0.02904710 -0.03404040 -0.02273470
v -0.02904710 -0.03404040 -0.02273470
v -0.02299580 -0.02778910 -0.02239710
v -0.02732220 -0.03281690 -0.02274600
v -0.02902760 -0.03411070 -0.02281370
v -0.02903730 -0.03407560 -0.02277380
v -0.02971330 -0.03458400 -0.02283540
v -0.02971330 -0.03458400 -0.02283540
v -0.02971400 -0.03457610 -0.02282850
v -0.02165340 -0.02398530 -0.02208200
v -0.02798180 -0.02617790 -0.02167010
v -0.02819310 -0.02548660 -0.02147520
v -0.02536980 -0.02389580 -0.02166080
v -0.02841260 -0.02477640 -0.02132930
v -0.02842080 -0.02475740 -0.02137930
v -0.02842080 -0.02475740 -0.02137930
v -0.02230310 -0.02358460 -0.02200380
v -0.02324050 -0.02178780 -0.02177010
v -0.02840320 -0.02479730 -0.02128050
v -0.02840320 -0.02479730 -0.02128050
v -0.03007260 -0.02565170 -0.02113800
v -0.03007260 -0.02565170 -0.02113800
v -0.03008550 -0.02563860 -0.02118910
v -0.02130780 -0.02440240 -0.02236450
v -0.02130780 -0.02440240 -0.02236450
v -0.03009830 -0.02562390 -0.02124120
v -0.02836500 -0.02487170 -0.02130420
v -0.02971740 -0.03453570 -0.02278870
v -0.02972020 -0.03450290 -0.02275610
v -0.02972020 -0.03450290 -0.02275610
v -0.02972840 -0.03440510 -0.02273890
v -0.02279660 -0.02200830 -0.02189300
v -0.02279660 -0.02200830 -0.02189300
v -0.03045610 -0.02579990 -0.02121160
v -0.03045450 -0.02581850 -0.02115810
v -0.03045300 -0.02583580 -0.02110550
v -0.03045300 -0.02583580 -0.02110550
v -0.02993950 -0.03190840 -0.02232210
v -0.15167780 -0.11056750 -0.02166750
v -0.15199590 -0.11003690 -0.02179410
v -0.15149010 -0.10982630 -0.02175070
v -0.15126600 -0.11048500 -0.02160880
v -0.15183230 -0.10475240 -0.02233920
v -0.15335460 -0.10673220 -0.02222140
v -0.15344200 -0.10667770 -0.02226200
v -0.15344200 -0.10667770 -0.02226200
v -0.15344200 -0.10667770 -0.02226200
v -0.15344200 -0.10667770 -0.02226200
v -0.15190090 -0.10469930 -0.02234850
v -0.15190090 -0.10469930 -0.02234850
v -0.14984760 -0.10784960 -0.02184590
v -0.15174600 -0.10908410 -0.02191120
v -0.15209050 -0.10851620 -0.02199880
v -0.15031080 -0.10708620 -0.02198410
v -0.15359960 -0.10806350 -0.02214360
v -0.15359960 -0.10806350 -0.02214360
v -0.15334020 -0.10852660 -0.02208320
v -0.15334020 -0.10852660 -0.02208320
v -0.15333820 -0.10854530 -0.02220950
v -0.15360520 -0.10806370 -0.02225280
v -0.15235920 -0.11009020 -0.02192910
v -0.15256380 -0.10978760 -0.02212250
v -0.15256380 -0.10978760 -0.02212250
v -0.15259350 -0.10972860 -0.02202630
v -0.15237530 -0.11005770 -0.02185230
v -0.15237530 -0.11005770 -0.02185230
v -0.14924070 -0.10929890 -0.02152810
v -0.14923170 -0.10930620 -0.02158170
v -0.14923170 -0.10930620 -0.02158170
v -0.15122700 -0.11059290 -0.02169590
v -0.15122700 -0.11059290 -0.02169590
v -0.15122960 -0.11058000 -0.02164230
v -0.14923880 -0.10131620 -0.02262190
v -0.14760970 -0.09963460 -0.02270070
v -0.14762480 -0.09961950 -0.02265720
v -0.14762480 -0.09961950 -0.02265720
v -0.14922120 -0.10133910 -0.02257090
v -0.14922120 -0.10133910 -0.02257090
v -0.15206630 -0.11037730 -0.02176910
v -0.15230210 -0.11001010 -0.02184680
v -0.15254930 -0.10962230 -0.02193010
v -0.15229960 -0.10941430 -0.02193060
v -0.15298270 -0.10912560 -0.02228200
v -0.15298270 -0.10912560 -0.02228200
v -0.15333580 -0.10856410 -0.02233880
v -0.15333580 -0.10856410 -0.02233880
v -0.15298030 -0.10911260 -0.02214340
v -0.15168500 -0.11066820 -0.02171320
v -0.15169220 -0.11065950 -0.02165760
v -0.15169220 -0.11065950 -0.02165760
v -0.15123380 -0.11056680 -0.02159030
v -0.15123380 -0.11056680 -0.02159030
v -0.14503140 -0.10612660 -0.02134580
v -0.14452880 -0.10588070 -0.02130740
v -0.14447290 -0.10654150 -0.02112960
v -0.14488160 -0.10673900 -0.02116400
v -0.15262450 -0.10966940 -0.02193310
v -0.15262450 -0.10966940 -0.02193310
v -0.14745560 -0.10511500 -0.02190740
v -0.15103550 -0.10592360 -0.02218760
v -0.14823980 -0.10349790 -0.02222870
v -0.15212780 -0.11044550 -0.02177150
v -0.15212780 -0.11044550 -0.02177150
v -0.15212480 -0.11045190 -0.02183160
v -0.15234280 -0.11012290 -0.02200760
v -0.15234280 -0.11012290 -0.02200760
v -0.15265820 -0.10768600 -0.02212150
v -0.15303920 -0.10814550 -0.02210100
v -0.15360810 -0.10732140 -0.02218140
v -0.15290230 -0.10905430 -0.02200670
v -0.15297770 -0.10910140 -0.02200800
v -0.15297770 -0.10910140 -0.02200800
v -0.14929370 -0.10921940 -0.02149730
v -0.14924980 -0.10929320 -0.02147570
v -0.14924980 -0.10929320 -0.02147570
v -0.14915350 -0.10139540 -0.02255910
v -0.15351360 -0.10803520 -0.02214020
v -0.15369880 -0.10730990 -0.02218720
v -0.15369880 -0.10730990 -0.02218720
v -0.14521700 -0.10543850 -0.02155380
v -0.14459230 -0.10512960 -0.02151150
v -0.15369380 -0.10729630 -0.02224930
v -0.14651550 -0.10222710 -0.02222790
v -0.14494130 -0.10100200 -0.02225130
v -0.14473900 -0.10339480 -0.02182240
v -0.14576570 -0.10404540 -0.02185460
v -0.15368850 -0.10728280 -0.02231310
v -0.15368850 -0.10728280 -0.02231310
v -0.14582230 -0.09849570 -0.02271920
v -0.14756800 -0.09968560 -0.02264340
v -0.14587120 -0.09842600 -0.02273470
v -0.14587120 -0.09842600 -0.02273470
v -0.15192250 -0.10467730 -0.02239710
v -0.14759610 -0.09964950 -0.02274600
v -0.14589070 -0.09835570 -0.02281370
v -0.14588100 -0.09839080 -0.02277380
v -0.14520500 -0.09788240 -0.02283540
v -0.14520440 -0.09789030 -0.02282850
v -0.15326500 -0.10848110 -0.02208200
v -0.14693660 -0.10628850 -0.02167010
v -0.14672520 -0.10697980 -0.02147520
v -0.14954860 -0.10857060 -0.02166080
v -0.14650570 -0.10769000 -0.02132930
v -0.14649750 -0.10770900 -0.02137930
v -0.14649750 -0.10770900 -0.02137930
v -0.15261530 -0.10888180 -0.02200380
v -0.15167790 -0.11067860 -0.02177010
v -0.14651520 -0.10766910 -0.02128050
v -0.14651520 -0.10766910 -0.02128050
v -0.14484570 -0.10681470 -0.02113800
v -0.14484570 -0.10681470 -0.02113800
v -0.14483280 -0.10682780 -0.02118910
v -0.15361050 -0.10806400 -0.02236450
v -0.15361050 -0.10806400 -0.02236450
v -0.14482010 -0.10684260 -0.02124120
v -0.14655330 -0.10759470 -0.02130420
v -0.14520100 -0.09793070 -0.02278870
v -0.14519820 -0.09796350 -0.02275610
v -0.14519820 -0.09796350 -0.02275610
v -0.14519000 -0.09806140 -0.02273890
v -0.15212180 -0.11045810 -0.02189300
v -0.15212180 -0.11045810 -0.02189300
v -0.14446230 -0.10666660 -0.02121160
v -0.14446390 -0.10664790 -0.02115810
v -0.14446540 -0.10663060 -0.02110550
v -0.14446540 -0.10663060 -0.02110550
v -0.14497890 -0.10055800 -0.02232210
v -0.02949420 -0.02988800 -0.02258420
v -0.02774170 -0.02863120 -0.02255060
v -0.02805540 -0.02662770 -0.02199610
v -0.02990430 -0.02777640 -0.02194190
v -0.02242840 -0.02272620 -0.02212150
v -0.02200960 -0.02338820 -0.02228200
v -0.02289030 -0.02405060 -0.02229210
v -0.02446460 -0.02569280 -0.02239910
v -0.02381270 -0.02670720 -0.02255420
v -0.02220000 -0.02488110 -0.02242220
v -0.02360250 -0.02250880 -0.02186540
v -0.02564490 -0.02323180 -0.02160950
v -0.02550510 -0.02379690 -0.02178420
v -0.02351220 -0.02314600 -0.02203530
v -0.02823910 -0.03168930 -0.02292260
v -0.02665710 -0.03003170 -0.02280400
v -0.02325730 -0.02187760 -0.02178850
v -0.02285730 -0.02207660 -0.02189850
v -0.02324050 -0.02178790 -0.02177010
v -0.02155460 -0.02574550 -0.02227230
v -0.02306330 -0.02773440 -0.02240910
v -0.02299580 -0.02778920 -0.02239720
v -0.02304200 -0.02229120 -0.02191940
v -0.02366180 -0.02195480 -0.02172160
v -0.02131880 -0.02517240 -0.02232040
v -0.02178420 -0.02435710 -0.02238610
v -0.02264970 -0.02239260 -0.02200690
v -0.02284530 -0.02279420 -0.02206820
v -0.02838140 -0.02483030 -0.02140920
v -0.02574440 -0.03109090 -0.02263310
v -0.02567960 -0.03115020 -0.02262200
v -0.02532160 -0.02443220 -0.02198730
v -0.02823810 -0.02569250 -0.02168770
v -0.03000130 -0.02670010 -0.02159160
v -0.03006300 -0.02569940 -0.02127220
v -0.03044850 -0.02588870 -0.02124070
v -0.03038230 -0.02667200 -0.02149480
v -0.03028950 -0.02776890 -0.02185510
v -0.03026990 -0.02800140 -0.02193500
v -0.02232290 -0.02355420 -0.02227370
v -0.02738020 -0.03275040 -0.02275560
v -0.02907900 -0.03403860 -0.02282150
v -0.02902760 -0.03411080 -0.02281370
v -0.02732220 -0.03281700 -0.02274600
v -0.02165770 -0.02394610 -0.02234050
v -0.03009820 -0.02562390 -0.02124120
v -0.02139260 -0.02442910 -0.02236850
v -0.02987470 -0.03267530 -0.02296010
v -0.02984980 -0.03296970 -0.02293930
v -0.02122980 -0.02518370 -0.02231310
v -0.03008060 -0.03023980 -0.02258200
v -0.03045600 -0.02579990 -0.02121160
v -0.02972180 -0.03448260 -0.02284150
v -0.14542410 -0.10257840 -0.02258420
v -0.14717670 -0.10383520 -0.02255060
v -0.14686290 -0.10583870 -0.02199610
v -0.14501410 -0.10469000 -0.02194190
v -0.15249000 -0.10974020 -0.02212150
v -0.15290880 -0.10907820 -0.02228200
v -0.15202800 -0.10841590 -0.02229210
v -0.15045380 -0.10677370 -0.02239910
v -0.15110570 -0.10575920 -0.02255420
v -0.15271840 -0.10758530 -0.02242220
v -0.15131590 -0.10995760 -0.02186540
v -0.14927340 -0.10923460 -0.02160950
v -0.14941330 -0.10866950 -0.02178420
v -0.15140620 -0.10932040 -0.02203530
v -0.14667920 -0.10077710 -0.02292260
v -0.14826130 -0.10243470 -0.02280400
v -0.15166100 -0.11058880 -0.02178850
v -0.15206100 -0.11038980 -0.02189850
v -0.15167790 -0.11067850 -0.02177010
v -0.15336380 -0.10672090 -0.02227230
v -0.15185510 -0.10473200 -0.02240910
v -0.15192250 -0.10467730 -0.02239720
v -0.15187640 -0.11017520 -0.02191940
v -0.15125660 -0.11051160 -0.02172160
v -0.15359960 -0.10729400 -0.02232040
v -0.15313410 -0.10810930 -0.02238610
v -0.15226870 -0.11007380 -0.02200690
v -0.15207320 -0.10967220 -0.02206820
v -0.14653700 -0.10763610 -0.02140920
v -0.14917400 -0.10137550 -0.02263310
v -0.14923880 -0.10131620 -0.02262200
v -0.14959680 -0.10803420 -0.02198730
v -0.14668030 -0.10677390 -0.02168770
v -0.14491710 -0.10576630 -0.02159160
v -0.14485540 -0.10676710 -0.02127220
v -0.14446980 -0.10657770 -0.02124070
v -0.14453600 -0.10579440 -0.02149480
v -0.14462880 -0.10469750 -0.02185510
v -0.14464850 -0.10446500 -0.02193500
v -0.15259550 -0.10891220 -0.02227370
v -0.14753820 -0.09971600 -0.02275560
v -0.14583930 -0.09842780 -0.02282150
v -0.14589080 -0.09835570 -0.02281370
v -0.14759620 -0.09964950 -0.02274600
v -0.15326060 -0.10852040 -0.02234050
v -0.14482010 -0.10684250 -0.02124120
v -0.15352570 -0.10803730 -0.02236850
v -0.14504370 -0.09979110 -0.02296010
v -0.14506860 -0.09949670 -0.02293930
v -0.14483770 -0.10222660 -0.02258200
v -0.14446230 -0.10666650 -0.02121160
v -0.14519650 -0.09798380 -0.02284150
v -0.14520510 -0.09788240 -0.02283540
vt 0.64430000 0.43650000
vt 0.64590000 0.43650000
vt 0.64580000 0.43780000
vt 0.64430000 0.43750000
vt 0.65640000 0.44290000
vt 0.65420000 0.43760000
vt 0.63340000 0.43700000
vt 0.63340000 0.43700000
vt 0.65440000 0.43740000
vt 0.63340000 0.43700000
vt 0.63080000 0.44220000
vt 0.65660000 0.44280000
vt 0.64770000 0.44340000
vt 0.64760000 0.43810000
vt 0.64910000 0.43810000
vt 0.64990000 0.44340000
vt 0.65180000 0.43550000
vt 0.63600000 0.43480000
vt 0.63740000 0.43470000
vt 0.65050000 0.43550000
vt 0.63740000 0.43500000
vt 0.63610000 0.43500000
vt 0.64180000 0.43540000
vt 0.64080000 0.43550000
vt 0.64080000 0.43550000
vt 0.64080000 0.43530000
vt 0.64630000 0.43570000
vt 0.64180000 0.43520000
vt 0.64390000 0.44300000
vt 0.64380000 0.44300000
vt 0.64380000 0.44300000
vt 0.64390000 0.43740000
vt 0.64400000 0.43740000
vt 0.62680000 0.45130000
vt 0.62680000 0.45130000
vt 0.62480000 0.45630000
vt 0.62470000 0.45630000
vt 0.66230000 0.45710000
vt 0.62670000 0.45120000
vt 0.66050000 0.45200000
vt 0.64520000 0.43590000
vt 0.64630000 0.43590000
vt 0.64740000 0.43590000
vt 0.64750000 0.43660000
vt 0.63900000 0.43540000
vt 0.63900000 0.43540000
vt 0.63740000 0.43530000
vt 0.63740000 0.43530000
vt 0.63900000 0.43500000
vt 0.64400000 0.43650000
vt 0.64410000 0.43640000
vt 0.64410000 0.43640000
vt 0.64410000 0.43750000
vt 0.64410000 0.43750000
vt 0.64560000 0.45540000
vt 0.64560000 0.45680000
vt 0.64410000 0.45620000
vt 0.64410000 0.45510000
vt 0.64070000 0.43500000
vt 0.64740000 0.43560000
vt 0.65050000 0.45150000
vt 0.65310000 0.44320000
vt 0.65490000 0.45160000
vt 0.64520000 0.43570000
vt 0.64300000 0.43550000
vt 0.64290000 0.43560000
vt 0.64180000 0.43560000
vt 0.64180000 0.43560000
vt 0.65150000 0.43790000
vt 0.65100000 0.43660000
vt 0.65330000 0.43630000
vt 0.64900000 0.43580000
vt 0.64900000 0.43560000
vt 0.63910000 0.43470000
vt 0.64420000 0.44300000
vt 0.64400000 0.44300000
vt 0.64400000 0.44300000
vt 0.66030000 0.45200000
vt 0.65170000 0.43570000
vt 0.63430000 0.43560000
vt 0.65340000 0.43620000
vt 0.64730000 0.45580000
vt 0.64730000 0.45740000
vt 0.63440000 0.43570000
vt 0.65560000 0.45660000
vt 0.65650000 0.46120000
vt 0.65120000 0.45900000
vt 0.65090000 0.45620000
vt 0.63440000 0.43590000
vt 0.66280000 0.46200000
vt 0.66210000 0.45710000
vt 0.62360000 0.46110000
vt 0.66300000 0.46190000
vt 0.63090000 0.44230000
vt 0.63090000 0.44230000
vt 0.62490000 0.45640000
vt 0.62490000 0.45640000
vt 0.62380000 0.46120000
vt 0.62380000 0.46120000
vt 0.62370000 0.46110000
vt 0.62340000 0.46310000
vt 0.62340000 0.46310000
vt 0.62340000 0.46310000
vt 0.65050000 0.43570000
vt 0.64750000 0.45120000
vt 0.64570000 0.45090000
vt 0.64590000 0.44320000
vt 0.64380000 0.45050000
vt 0.64370000 0.45050000
vt 0.64370000 0.45050000
vt 0.64900000 0.43660000
vt 0.64380000 0.43650000
vt 0.64380000 0.43650000
vt 0.64390000 0.45060000
vt 0.64390000 0.45060000
vt 0.64390000 0.45510000
vt 0.64390000 0.45510000
vt 0.64370000 0.45510000
vt 0.63610000 0.43530000
vt 0.64360000 0.45510000
vt 0.64410000 0.45060000
vt 0.62330000 0.46300000
vt 0.62320000 0.46300000
vt 0.66330000 0.46380000
vt 0.66310000 0.46370000
vt 0.64280000 0.43570000
vt 0.64280000 0.43570000
vt 0.64360000 0.45610000
vt 0.64360000 0.45610000
vt 0.64370000 0.45610000
vt 0.64380000 0.45610000
vt 0.64380000 0.45610000
vt 0.65750000 0.46160000
vt 0.64430000 0.43650000
vt 0.64590000 0.43650000
vt 0.64580000 0.43780000
vt 0.64430000 0.43750000
vt 0.65640000 0.44290000
vt 0.65420000 0.43760000
vt 0.65440000 0.43740000
vt 0.63340000 0.43700000
vt 0.63340000 0.43700000
vt 0.63080000 0.44220000
vt 0.65660000 0.44280000
vt 0.64770000 0.44340000
vt 0.64760000 0.43810000
vt 0.64910000 0.43810000
vt 0.64990000 0.44340000
vt 0.63600000 0.43480000
vt 0.65180000 0.43550000
vt 0.63740000 0.43470000
vt 0.65050000 0.43550000
vt 0.63740000 0.43500000
vt 0.63610000 0.43500000
vt 0.64180000 0.43540000
vt 0.64080000 0.43550000
vt 0.64080000 0.43550000
vt 0.64080000 0.43530000
vt 0.64180000 0.43520000
vt 0.64630000 0.43570000
vt 0.64390000 0.44300000
vt 0.64380000 0.44300000
vt 0.64380000 0.44300000
vt 0.64390000 0.43740000
vt 0.64390000 0.43740000
vt 0.64400000 0.43740000
vt 0.62680000 0.45130000
vt 0.62680000 0.45130000
vt 0.62480000 0.45630000
vt 0.62470000 0.45630000
vt 0.66230000 0.45710000
vt 0.66050000 0.45200000
vt 0.62670000 0.45120000
vt 0.64520000 0.43590000
vt 0.64630000 0.43590000
vt 0.64740000 0.43590000
vt 0.64750000 0.43660000
vt 0.63900000 0.43540000
vt 0.63900000 0.43540000
vt 0.63740000 0.43530000
vt 0.63740000 0.43530000
vt 0.63900000 0.43500000
vt 0.64400000 0.43650000
vt 0.64410000 0.43640000
vt 0.64410000 0.43640000
vt 0.64410000 0.43750000
vt 0.64410000 0.43750000
vt 0.64560000 0.45540000
vt 0.64560000 0.45680000
vt 0.64410000 0.45620000
vt 0.64410000 0.45510000
vt 0.64740000 0.43560000
vt 0.64070000 0.43500000
vt 0.65050000 0.45150000
vt 0.65310000 0.44320000
vt 0.65490000 0.45160000
vt 0.64520000 0.43570000
vt 0.64300000 0.43550000
vt 0.64290000 0.43560000
vt 0.64180000 0.43560000
vt 0.64180000 0.43560000
vt 0.65150000 0.43790000
vt 0.65100000 0.43660000
vt 0.65330000 0.43630000
vt 0.64900000 0.43580000
vt 0.64900000 0.43560000
vt 0.63910000 0.43470000
vt 0.64420000 0.44300000
vt 0.64400000 0.44300000
vt 0.64400000 0.44300000
vt 0.66030000 0.45200000
vt 0.65170000 0.43570000
vt 0.65340000 0.43620000
vt 0.63430000 0.43560000
vt 0.64730000 0.45580000
vt 0.64730000 0.45740000
vt 0.63440000 0.43570000
vt 0.65560000 0.45660000
vt 0.65650000 0.46120000
vt 0.65120000 0.45900000
vt 0.65090000 0.45620000
vt 0.63440000 0.43590000
vt 0.66280000 0.46200000
vt 0.66210000 0.45710000
vt 0.62360000 0.46110000
vt 0.66300000 0.46190000
vt 0.63090000 0.44230000
vt 0.63090000 0.44230000
vt 0.62490000 0.45640000
vt 0.62490000 0.45640000
vt 0.62380000 0.46120000
vt 0.62380000 0.46120000
vt 0.62370000 0.46110000
vt 0.62340000 0.46310000
vt 0.62340000 0.46310000
vt 0.65050000 0.43570000
vt 0.64750000 0.45120000
vt 0.64570000 0.45090000
vt 0.64590000 0.44320000
vt 0.64380000 0.45050000
vt 0.64370000 0.45050000
vt 0.64370000 0.45050000
vt 0.64900000 0.43660000
vt 0.64380000 0.43650000
vt 0.64390000 0.45060000
vt 0.64390000 0.45060000
vt 0.64390000 0.45510000
vt 0.64390000 0.45510000
vt 0.64370000 0.45510000
vt 0.63610000 0.43530000
vt 0.63610000 0.43530000
vt 0.64360000 0.45510000
vt 0.64360000 0.45510000
vt 0.64410000 0.45060000
vt 0.62330000 0.46300000
vt 0.66330000 0.46380000
vt 0.62320000 0.46300000
vt 0.66310000 0.46370000
vt 0.64280000 0.43570000
vt 0.64280000 0.43570000
vt 0.64360000 0.45610000
vt 0.64360000 0.45610000
vt 0.64370000 0.45610000
vt 0.64380000 0.45610000
vt 0.64380000 0.45610000
vt 0.65750000 0.46160000
vt 0.63340000 0.45810000
vt 0.63430000 0.45310000
vt 0.63900000 0.45170000
vt 0.63850000 0.45680000
vt 0.64080000 0.43570000
vt 0.63890000 0.43560000
vt 0.63850000 0.43810000
vt 0.63690000 0.44320000
vt 0.63410000 0.44290000
vt 0.63610000 0.43760000
vt 0.64250000 0.43790000
vt 0.64360000 0.44300000
vt 0.64220000 0.44330000
vt 0.64110000 0.43840000
vt 0.62820000 0.45720000
vt 0.63020000 0.45230000
vt 0.64360000 0.43660000
vt 0.64270000 0.43590000
vt 0.63360000 0.43710000
vt 0.63110000 0.44240000
vt 0.64240000 0.43650000
vt 0.64370000 0.43750000
vt 0.63450000 0.43600000
vt 0.63670000 0.43620000
vt 0.64180000 0.43580000
vt 0.64110000 0.43670000
vt 0.64350000 0.45050000
vt 0.62700000 0.45140000
vt 0.64060000 0.44360000
vt 0.64140000 0.45110000
vt 0.64110000 0.45600000
vt 0.64340000 0.45510000
vt 0.64340000 0.45620000
vt 0.64150000 0.45680000
vt 0.63890000 0.45770000
vt 0.63840000 0.45780000
vt 0.63890000 0.43640000
vt 0.62510000 0.45640000
vt 0.62400000 0.46120000
vt 0.63740000 0.43540000
vt 0.64360000 0.45510000
vt 0.63620000 0.43540000
vt 0.63610000 0.43530000
vt 0.62770000 0.46160000
vt 0.62700000 0.46180000
vt 0.63440000 0.43590000
vt 0.64390000 0.43740000
vt 0.63320000 0.45970000
vt 0.62370000 0.46300000
vt 0.63340000 0.45810000
vt 0.63430000 0.45310000
vt 0.63900000 0.45170000
vt 0.63850000 0.45680000
vt 0.64080000 0.43570000
vt 0.63890000 0.43560000
vt 0.63850000 0.43810000
vt 0.63690000 0.44320000
vt 0.63410000 0.44290000
vt 0.63610000 0.43760000
vt 0.64250000 0.43790000
vt 0.64360000 0.44300000
vt 0.64220000 0.44330000
vt 0.64110000 0.43840000
vt 0.62820000 0.45720000
vt 0.63020000 0.45230000
vt 0.64360000 0.43660000
vt 0.64270000 0.43590000
vt 0.64380000 0.43650000
vt 0.63360000 0.43710000
vt 0.63110000 0.44240000
vt 0.63340000 0.43700000
vt 0.64240000 0.43650000
vt 0.64370000 0.43750000
vt 0.63450000 0.43600000
vt 0.63670000 0.43620000
vt 0.64180000 0.43580000
vt 0.64110000 0.43670000
vt 0.64350000 0.45050000
vt 0.62700000 0.45140000
vt 0.64060000 0.44360000
vt 0.64140000 0.45110000
vt 0.64110000 0.45600000
vt 0.64340000 0.45510000
vt 0.64340000 0.45620000
vt 0.64150000 0.45680000
vt 0.63890000 0.45770000
vt 0.63840000 0.45780000
vt 0.63890000 0.43640000
vt 0.62510000 0.45640000
vt 0.62400000 0.46120000
vt 0.63740000 0.43540000
vt 0.63620000 0.43540000
vt 0.62770000 0.46160000
vt 0.62700000 0.46180000
vt 0.63440000 0.43590000
vt 0.63320000 0.45970000
vt 0.62370000 0.46300000
vt 0.62340000 0.46310000
vt 0.64430000 0.43650000
vt 0.64590000 0.43650000
vt 0.64580000 0.43780000
vt 0.64430000 0.43750000
vt 0.65640000 0.44290000
vt 0.65420000 0.43760000
vt 0.63340000 0.43700000
vt 0.65440000 0.43740000
vt 0.63340000 0.43700000
vt 0.63340000 0.43700000
vt 0.65660000 0.44280000
vt 0.63080000 0.44220000
vt 0.64770000 0.44340000
vt 0.64760000 0.43810000
vt 0.64910000 0.43810000
vt 0.64990000 0.44340000
vt 0.65180000 0.43550000
vt 0.63600000 0.43480000
vt 0.63740000 0.43470000
vt 0.65050000 0.43550000
vt 0.63740000 0.43500000
vt 0.63610000 0.43500000
vt 0.64180000 0.43540000
vt 0.64080000 0.43550000
vt 0.64080000 0.43550000
vt 0.64080000 0.43530000
vt 0.64180000 0.43520000
vt 0.64630000 0.43570000
vt 0.64390000 0.44300000
vt 0.64380000 0.44300000
vt 0.64380000 0.44300000
vt 0.64390000 0.43740000
vt 0.64400000 0.43740000
vt 0.62680000 0.45130000
vt 0.62480000 0.45630000
vt 0.66230000 0.45710000
vt 0.62470000 0.45630000
vt 0.66050000 0.45200000
vt 0.62670000 0.45120000
vt 0.64520000 0.43590000
vt 0.64630000 0.43590000
vt 0.64740000 0.43590000
vt 0.64750000 0.43660000
vt 0.63900000 0.43540000
vt 0.63900000 0.43540000
vt 0.63740000 0.43530000
vt 0.63740000 0.43530000
vt 0.63900000 0.43500000
vt 0.64400000 0.43650000
vt 0.64410000 0.43640000
vt 0.64410000 0.43640000
vt 0.64410000 0.43750000
vt 0.64410000 0.43750000
vt 0.64560000 0.45540000
vt 0.64560000 0.45680000
vt 0.64410000 0.45620000
vt 0.64410000 0.45510000
vt 0.64740000 0.43560000
vt 0.64070000 0.43500000
vt 0.65050000 0.45150000
vt 0.65310000 0.44320000
vt 0.65490000 0.45160000
vt 0.64300000 0.43550000
vt 0.64520000 0.43570000
vt 0.64290000 0.43560000
vt 0.64180000 0.43560000
vt 0.64180000 0.43560000
vt 0.65150000 0.43790000
vt 0.65100000 0.43660000
vt 0.65330000 0.43630000
vt 0.64900000 0.43580000
vt 0.64900000 0.43560000
vt 0.63910000 0.43470000
vt 0.64420000 0.44300000
vt 0.64400000 0.44300000
vt 0.64400000 0.44300000
vt 0.66030000 0.45200000
vt 0.65170000 0.43570000
vt 0.65340000 0.43620000
vt 0.63430000 0.43560000
vt 0.64730000 0.45580000
vt 0.64730000 0.45740000
vt 0.63440000 0.43570000
vt 0.65560000 0.45660000
vt 0.65650000 0.46120000
vt 0.65120000 0.45900000
vt 0.65090000 0.45620000
vt 0.63440000 0.43590000
vt 0.66280000 0.46200000
vt 0.66210000 0.45710000
vt 0.62360000 0.46110000
vt 0.66300000 0.46190000
vt 0.63090000 0.44230000
vt 0.62490000 0.45640000
vt 0.62490000 0.45640000
vt 0.62380000 0.46120000
vt 0.62380000 0.46120000
vt 0.62370000 0.46110000
vt 0.62340000 0.46310000
vt 0.62340000 0.46310000
vt 0.62340000 0.46310000
vt 0.65050000 0.43570000
vt 0.64750000 0.45120000
vt 0.64570000 0.45090000
vt 0.64590000 0.44320000
vt 0.64380000 0.45050000
vt 0.64370000 0.45050000
vt 0.64370000 0.45050000
vt 0.64900000 0.43660000
vt 0.64380000 0.43650000
vt 0.64380000 0.43650000
vt 0.64390000 0.45060000
vt 0.64390000 0.45060000
vt 0.64390000 0.45510000
vt 0.64390000 0.45510000
vt 0.64370000 0.45510000
vt 0.63610000 0.43530000
vt 0.63610000 0.43530000
vt 0.64360000 0.45510000
vt 0.64410000 0.45060000
vt 0.62330000 0.46300000
vt 0.66330000 0.46380000
vt 0.62320000 0.46300000
vt 0.66310000 0.46370000
vt 0.64280000 0.43570000
vt 0.64280000 0.43570000
vt 0.64360000 0.45610000
vt 0.64370000 0.45610000
vt 0.64380000 0.45610000
vt 0.64380000 0.45610000
vt 0.65750000 0.46160000
vt 0.64430000 0.43650000
vt 0.64590000 0.43650000
vt 0.64580000 0.43780000
vt 0.64430000 0.43750000
vt 0.65640000 0.44290000
vt 0.65420000 0.43760000
vt 0.65440000 0.43740000
vt 0.63340000 0.43700000
vt 0.63340000 0.43700000
vt 0.63080000 0.44220000
vt 0.65660000 0.44280000
vt 0.64770000 0.44340000
vt 0.64760000 0.43810000
vt 0.64910000 0.43810000
vt 0.64990000 0.44340000
vt 0.63600000 0.43480000
vt 0.65180000 0.43550000
vt 0.63740000 0.43470000
vt 0.65050000 0.43550000
vt 0.63740000 0.43500000
vt 0.63610000 0.43500000
vt 0.64180000 0.43540000
vt 0.64080000 0.43550000
vt 0.64080000 0.43550000
vt 0.64080000 0.43530000
vt 0.64630000 0.43570000
vt 0.64180000 0.43520000
vt 0.64390000 0.44300000
vt 0.64380000 0.44300000
vt 0.64380000 0.44300000
vt 0.64390000 0.43740000
vt 0.64390000 0.43740000
vt 0.64400000 0.43740000
vt 0.62680000 0.45130000
vt 0.62480000 0.45630000
vt 0.66230000 0.45710000
vt 0.62470000 0.45630000
vt 0.62670000 0.45120000
vt 0.66050000 0.45200000
vt 0.64520000 0.43590000
vt 0.64630000 0.43590000
vt 0.64740000 0.43590000
vt 0.64750000 0.43660000
vt 0.63900000 0.43540000
vt 0.63900000 0.43540000
vt 0.63740000 0.43530000
vt 0.63740000 0.43530000
vt 0.63900000 0.43500000
vt 0.64400000 0.43650000
vt 0.64410000 0.43640000
vt 0.64410000 0.43640000
vt 0.64410000 0.43750000
vt 0.64410000 0.43750000
vt 0.64560000 0.45540000
vt 0.64560000 0.45680000
vt 0.64410000 0.45620000
vt 0.64410000 0.45510000
vt 0.64070000 0.43500000
vt 0.64740000 0.43560000
vt 0.65050000 0.45150000
vt 0.65310000 0.44320000
vt 0.65490000 0.45160000
vt 0.64300000 0.43550000
vt 0.64520000 0.43570000
vt 0.64290000 0.43560000
vt 0.64180000 0.43560000
vt 0.64180000 0.43560000
vt 0.65150000 0.43790000
vt 0.65100000 0.43660000
vt 0.65330000 0.43630000
vt 0.64900000 0.43580000
vt 0.63910000 0.43470000
vt 0.64900000 0.43560000
vt 0.64420000 0.44300000
vt 0.64400000 0.44300000
vt 0.64400000 0.44300000
vt 0.66030000 0.45200000
vt 0.65170000 0.43570000
vt 0.63430000 0.43560000
vt 0.65340000 0.43620000
vt 0.64730000 0.45580000
vt 0.64730000 0.45740000
vt 0.63440000 0.43570000
vt 0.65560000 0.45660000
vt 0.65650000 0.46120000
vt 0.65120000 0.45900000
vt 0.65090000 0.45620000
vt 0.63440000 0.43590000
vt 0.63440000 0.43590000
vt 0.66280000 0.46200000
vt 0.66210000 0.45710000
vt 0.66300000 0.46190000
vt 0.62360000 0.46110000
vt 0.63090000 0.44230000
vt 0.62490000 0.45640000
vt 0.62490000 0.45640000
vt 0.62380000 0.46120000
vt 0.62380000 0.46120000
vt 0.62370000 0.46110000
vt 0.62340000 0.46310000
vt 0.62340000 0.46310000
vt 0.65050000 0.43570000
vt 0.64750000 0.45120000
vt 0.64570000 0.45090000
vt 0.64590000 0.44320000
vt 0.64380000 0.45050000
vt 0.64370000 0.45050000
vt 0.64370000 0.45050000
vt 0.64900000 0.43660000
vt 0.64380000 0.43650000
vt 0.64380000 0.43650000
vt 0.64390000 0.45060000
vt 0.64390000 0.45060000
vt 0.64390000 0.45510000
vt 0.64390000 0.45510000
vt 0.64370000 0.45510000
vt 0.63610000 0.43530000
vt 0.63610000 0.43530000
vt 0.64360000 0.45510000
vt 0.64360000 0.45510000
vt 0.64410000 0.45060000
vt 0.62330000 0.46300000
vt 0.62320000 0.46300000
vt 0.66330000 0.46380000
vt 0.66310000 0.46370000
vt 0.64280000 0.43570000
vt 0.64280000 0.43570000
vt 0.64360000 0.45610000
vt 0.64360000 0.45610000
vt 0.64370000 0.45610000
vt 0.64380000 0.45610000
vt 0.64380000 0.45610000
vt 0.65750000 0.46160000
vt 0.63340000 0.45810000
vt 0.63430000 0.45310000
vt 0.63900000 0.45170000
vt 0.63850000 0.45680000
vt 0.64080000 0.43570000
vt 0.63890000 0.43560000
vt 0.63850000 0.43810000
vt 0.63690000 0.44320000
vt 0.63410000 0.44290000
vt 0.63610000 0.43760000
vt 0.64250000 0.43790000
vt 0.64360000 0.44300000
vt 0.64220000 0.44330000
vt 0.64110000 0.43840000
vt 0.62820000 0.45720000
vt 0.63020000 0.45230000
vt 0.64360000 0.43660000
vt 0.64270000 0.43590000
vt 0.63360000 0.43710000
vt 0.63110000 0.44240000
vt 0.63090000 0.44230000
vt 0.64240000 0.43650000
vt 0.64370000 0.43750000
vt 0.63450000 0.43600000
vt 0.63670000 0.43620000
vt 0.64180000 0.43580000
vt 0.64110000 0.43670000
vt 0.64350000 0.45050000
vt 0.62700000 0.45140000
vt 0.62680000 0.45130000
vt 0.64060000 0.44360000
vt 0.64140000 0.45110000
vt 0.64110000 0.45600000
vt 0.64340000 0.45510000
vt 0.64340000 0.45620000
vt 0.64150000 0.45680000
vt 0.63890000 0.45770000
vt 0.63840000 0.45780000
vt 0.63890000 0.43640000
vt 0.62510000 0.45640000
vt 0.62400000 0.46120000
vt 0.63740000 0.43540000
vt 0.64360000 0.45510000
vt 0.63620000 0.43540000
vt 0.62770000 0.46160000
vt 0.62700000 0.46180000
vt 0.63440000 0.43590000
vt 0.64390000 0.43740000
vt 0.63320000 0.45970000
vt 0.64360000 0.45610000
vt 0.62370000 0.46300000
vt 0.63340000 0.45810000
vt 0.63430000 0.45310000
vt 0.63900000 0.45170000
vt 0.63850000 0.45680000
vt 0.64080000 0.43570000
vt 0.63890000 0.43560000
vt 0.63850000 0.43810000
vt 0.63690000 0.44320000
vt 0.63410000 0.44290000
vt 0.63610000 0.43760000
vt 0.64250000 0.43790000
vt 0.64360000 0.44300000
vt 0.64220000 0.44330000
vt 0.64110000 0.43840000
vt 0.62820000 0.45720000
vt 0.63020000 0.45230000
vt 0.64360000 0.43660000
vt 0.64270000 0.43590000
vt 0.63360000 0.43710000
vt 0.63110000 0.44240000
vt 0.63090000 0.44230000
vt 0.63340000 0.43700000
vt 0.64240000 0.43650000
vt 0.64370000 0.43750000
vt 0.63450000 0.43600000
vt 0.63670000 0.43620000
vt 0.64180000 0.43580000
vt 0.64110000 0.43670000
vt 0.64350000 0.45050000
vt 0.62700000 0.45140000
vt 0.62680000 0.45130000
vt 0.64060000 0.44360000
vt 0.64140000 0.45110000
vt 0.64110000 0.45600000
vt 0.64340000 0.45510000
vt 0.64340000 0.45620000
vt 0.64150000 0.45680000
vt 0.63890000 0.45770000
vt 0.63840000 0.45780000
vt 0.63890000 0.43640000
vt 0.62510000 0.45640000
vt 0.62400000 0.46120000
vt 0.63740000 0.43540000
vt 0.63620000 0.43540000
vt 0.62770000 0.46160000
vt 0.62700000 0.46180000
vt 0.63320000 0.45970000
vt 0.62370000 0.46300000
vt 0.62340000 0.46310000
vt 0.64430000 0.43650000
vt 0.64590000 0.43650000
vt 0.64580000 0.43780000
vt 0.64430000 0.43750000
vt 0.65640000 0.44290000
vt 0.65420000 0.43760000
vt 0.65440000 0.43740000
vt 0.63340000 0.43700000
vt 0.63340000 0.43700000
vt 0.65660000 0.44280000
vt 0.63080000 0.44220000
vt 0.64770000 0.44340000
vt 0.64760000 0.43810000
vt 0.64910000 0.43810000
vt 0.64990000 0.44340000
vt 0.65180000 0.43550000
vt 0.63600000 0.43480000
vt 0.65050000 0.43550000
vt 0.63740000 0.43470000
vt 0.63740000 0.43500000
vt 0.63610000 0.43500000
vt 0.64180000 0.43540000
vt 0.64080000 0.43550000
vt 0.64080000 0.43550000
vt 0.64080000 0.43530000
vt 0.64180000 0.43520000
vt 0.64630000 0.43570000
vt 0.64390000 0.44300000
vt 0.64380000 0.44300000
vt 0.64380000 0.44300000
vt 0.64390000 0.43740000
vt 0.64400000 0.43740000
vt 0.62680000 0.45130000
vt 0.62680000 0.45130000
vt 0.62480000 0.45630000
vt 0.62470000 0.45630000
vt 0.66230000 0.45710000
vt 0.66050000 0.45200000
vt 0.62670000 0.45120000
vt 0.64520000 0.43590000
vt 0.64630000 0.43590000
vt 0.64740000 0.43590000
vt 0.64750000 0.43660000
vt 0.63900000 0.43540000
vt 0.63900000 0.43540000
vt 0.63740000 0.43530000
vt 0.63740000 0.43530000
vt 0.63900000 0.43500000
vt 0.64400000 0.43650000
vt 0.64410000 0.43640000
vt 0.64410000 0.43640000
vt 0.64410000 0.43750000
vt 0.64410000 0.43750000
vt 0.64560000 0.45540000
vt 0.64560000 0.45680000
vt 0.64410000 0.45620000
vt 0.64410000 0.45510000
vt 0.64740000 0.43560000
vt 0.64070000 0.43500000
vt 0.65050000 0.45150000
vt 0.65310000 0.44320000
vt 0.65490000 0.45160000
vt 0.64300000 0.43550000
vt 0.64520000 0.43570000
vt 0.64290000 0.43560000
vt 0.64180000 0.43560000
vt 0.64180000 0.43560000
vt 0.65150000 0.43790000
vt 0.65100000 0.43660000
vt 0.65330000 0.43630000
vt 0.64900000 0.43580000
vt 0.64900000 0.43560000
vt 0.63910000 0.43470000
vt 0.64420000 0.44300000
vt 0.64400000 0.44300000
vt 0.64400000 0.44300000
vt 0.66030000 0.45200000
vt 0.65170000 0.43570000
vt 0.65340000 0.43620000
vt 0.63430000 0.43560000
vt 0.64730000 0.45580000
vt 0.64730000 0.45740000
vt 0.63440000 0.43570000
vt 0.65560000 0.45660000
vt 0.65650000 0.46120000
vt 0.65120000 0.45900000
vt 0.65090000 0.45620000
vt 0.63440000 0.43590000
vt 0.66280000 0.46200000
vt 0.66210000 0.45710000
vt 0.62360000 0.46110000
vt 0.66300000 0.46190000
vt 0.63090000 0.44230000
vt 0.63090000 0.44230000
vt 0.62490000 0.45640000
vt 0.62490000 0.45640000
vt 0.62380000 0.46120000
vt 0.62380000 0.46120000
vt 0.62370000 0.46110000
vt 0.62340000 0.46310000
vt 0.62340000 0.46310000
vt 0.62340000 0.46310000
vt 0.65050000 0.43570000
vt 0.64750000 0.45120000
vt 0.64570000 0.45090000
vt 0.64590000 0.44320000
vt 0.64380000 0.45050000
vt 0.64370000 0.45050000
vt 0.64370000 0.45050000
vt 0.64900000 0.43660000
vt 0.64380000 0.43650000
vt 0.64380000 0.43650000
vt 0.64390000 0.45060000
vt 0.64390000 0.45060000
vt 0.64390000 0.45510000
vt 0.64390000 0.45510000
vt 0.64370000 0.45510000
vt 0.63610000 0.43530000
vt 0.64360000 0.45510000
vt 0.64410000 0.45060000
vt 0.62330000 0.46300000
vt 0.66330000 0.46380000
vt 0.62320000 0.46300000
vt 0.66310000 0.46370000
vt 0.64280000 0.43570000
vt 0.64280000 0.43570000
vt 0.64360000 0.45610000
vt 0.64360000 0.45610000
vt 0.64370000 0.45610000
vt 0.64380000 0.45610000
vt 0.64380000 0.45610000
vt 0.65750000 0.46160000
vt 0.64430000 0.43650000
vt 0.64590000 0.43650000
vt 0.64580000 0.43780000
vt 0.64430000 0.43750000
vt 0.65640000 0.44290000
vt 0.65420000 0.43760000
vt 0.63340000 0.43700000
vt 0.63340000 0.43700000
vt 0.65440000 0.43740000
vt 0.65660000 0.44280000
vt 0.63080000 0.44220000
vt 0.64770000 0.44340000
vt 0.64760000 0.43810000
vt 0.64910000 0.43810000
vt 0.64990000 0.44340000
vt 0.63600000 0.43480000
vt 0.65180000 0.43550000
vt 0.65050000 0.43550000
vt 0.63740000 0.43470000
vt 0.63740000 0.43500000
vt 0.63610000 0.43500000
vt 0.64180000 0.43540000
vt 0.64080000 0.43550000
vt 0.64080000 0.43550000
vt 0.64080000 0.43530000
vt 0.64180000 0.43520000
vt 0.64630000 0.43570000
vt 0.64390000 0.44300000
vt 0.64380000 0.44300000
vt 0.64380000 0.44300000
vt 0.64390000 0.43740000
vt 0.64390000 0.43740000
vt 0.64400000 0.43740000
vt 0.62680000 0.45130000
vt 0.62680000 0.45130000
vt 0.62480000 0.45630000
vt 0.66230000 0.45710000
vt 0.62470000 0.45630000
vt 0.66050000 0.45200000
vt 0.62670000 0.45120000
vt 0.64520000 0.43590000
vt 0.64630000 0.43590000
vt 0.64740000 0.43590000
vt 0.64750000 0.43660000
vt 0.63900000 0.43540000
vt 0.63900000 0.43540000
vt 0.63740000 0.43530000
vt 0.63740000 0.43530000
vt 0.63900000 0.43500000
vt 0.64400000 0.43650000
vt 0.64410000 0.43640000
vt 0.64410000 0.43640000
vt 0.64410000 0.43750000
vt 0.64410000 0.43750000
vt 0.64560000 0.45540000
vt 0.64560000 0.45680000
vt 0.64410000 0.45620000
vt 0.64410000 0.45510000
vt 0.64070000 0.43500000
vt 0.64740000 0.43560000
vt 0.65050000 0.45150000
vt 0.65310000 0.44320000
vt 0.65490000 0.45160000
vt 0.64520000 0.43570000
vt 0.64300000 0.43550000
vt 0.64290000 0.43560000
vt 0.64180000 0.43560000
vt 0.64180000 0.43560000
vt 0.65150000 0.43790000
vt 0.65100000 0.43660000
vt 0.65330000 0.43630000
vt 0.64900000 0.43580000
vt 0.63910000 0.43470000
vt 0.64900000 0.43560000
vt 0.64420000 0.44300000
vt 0.64400000 0.44300000
vt 0.64400000 0.44300000
vt 0.66030000 0.45200000
vt 0.65170000 0.43570000
vt 0.65340000 0.43620000
vt 0.63430000 0.43560000
vt 0.64730000 0.45580000
vt 0.64730000 0.45740000
vt 0.63440000 0.43570000
vt 0.65560000 0.45660000
vt 0.65650000 0.46120000
vt 0.65120000 0.45900000
vt 0.65090000 0.45620000
vt 0.63440000 0.43590000
vt 0.66280000 0.46200000
vt 0.66210000 0.45710000
vt 0.66300000 0.46190000
vt 0.62360000 0.46110000
vt 0.63090000 0.44230000
vt 0.63090000 0.44230000
vt 0.62490000 0.45640000
vt 0.62490000 0.45640000
vt 0.62380000 0.46120000
vt 0.62380000 0.46120000
vt 0.62370000 0.46110000
vt 0.62340000 0.46310000
vt 0.62340000 0.46310000
vt 0.65050000 0.43570000
vt 0.64750000 0.45120000
vt 0.64570000 0.45090000
vt 0.64590000 0.44320000
vt 0.64380000 0.45050000
vt 0.64370000 0.45050000
vt 0.64900000 0.43660000
vt 0.64380000 0.43650000
vt 0.64380000 0.43650000
vt 0.64390000 0.45060000
vt 0.64390000 0.45060000
vt 0.64390000 0.45510000
vt 0.64390000 0.45510000
vt 0.64370000 0.45510000
vt 0.63610000 0.43530000
vt 0.63610000 0.43530000
vt 0.64360000 0.45510000
vt 0.64360000 0.45510000
vt 0.64410000 0.45060000
vt 0.62330000 0.46300000
vt 0.66330000 0.46380000
vt 0.62320000 0.46300000
vt 0.66310000 0.46370000
vt 0.64280000 0.43570000
vt 0.64280000 0.43570000
vt 0.64360000 0.45610000
vt 0.64360000 0.45610000
vt 0.64370000 0.45610000
vt 0.64380000 0.45610000
vt 0.64380000 0.45610000
vt 0.65750000 0.46160000
vt 0.63340000 0.45810000
vt 0.63430000 0.45310000
vt 0.63900000 0.45170000
vt 0.63850000 0.45680000
vt 0.64080000 0.43570000
vt 0.63890000 0.43560000
vt 0.63850000 0.43810000
vt 0.63690000 0.44320000
vt 0.63410000 0.44290000
vt 0.63610000 0.43760000
vt 0.64250000 0.43790000
vt 0.64360000 0.44300000
vt 0.64220000 0.44330000
vt 0.64110000 0.43840000
vt 0.62820000 0.45720000
vt 0.63020000 0.45230000
vt 0.64360000 0.43660000
vt 0.64270000 0.43590000
vt 0.63360000 0.43710000
vt 0.63110000 0.44240000
vt 0.63340000 0.43700000
vt 0.64240000 0.43650000
vt 0.64370000 0.43750000
vt 0.63450000 0.43600000
vt 0.63670000 0.43620000
vt 0.64180000 0.43580000
vt 0.64110000 0.43670000
vt 0.64350000 0.45050000
vt 0.62700000 0.45140000
vt 0.64060000 0.44360000
vt 0.64140000 0.45110000
vt 0.64110000 0.45600000
vt 0.64340000 0.45510000
vt 0.64340000 0.45620000
vt 0.64150000 0.45680000
vt 0.63890000 0.45770000
vt 0.63840000 0.45780000
vt 0.63890000 0.43640000
vt 0.62510000 0.45640000
vt 0.62400000 0.46120000
vt 0.63740000 0.43540000
vt 0.64360000 0.45510000
vt 0.63620000 0.43540000
vt 0.63610000 0.43530000
vt 0.62770000 0.46160000
vt 0.62700000 0.46180000
vt 0.63440000 0.43590000
vt 0.64390000 0.43740000
vt 0.63320000 0.45970000
vt 0.62370000 0.46300000
vt 0.63340000 0.45810000
vt 0.63430000 0.45310000
vt 0.63900000 0.45170000
vt 0.63850000 0.45680000
vt 0.64080000 0.43570000
vt 0.63890000 0.43560000
vt 0.63850000 0.43810000
vt 0.63690000 0.44320000
vt 0.63410000 0.44290000
vt 0.63610000 0.43760000
vt 0.64250000 0.43790000
vt 0.64360000 0.44300000
vt 0.64220000 0.44330000
vt 0.64110000 0.43840000
vt 0.62820000 0.45720000
vt 0.63020000 0.45230000
vt 0.64360000 0.43660000
vt 0.64270000 0.43590000
vt 0.63360000 0.43710000
vt 0.63110000 0.44240000
vt 0.63340000 0.43700000
vt 0.64240000 0.43650000
vt 0.64370000 0.43750000
vt 0.63450000 0.43600000
vt 0.63670000 0.43620000
vt 0.64180000 0.43580000
vt 0.64110000 0.43670000
vt 0.64350000 0.45050000
vt 0.62700000 0.45140000
vt 0.64060000 0.44360000
vt 0.64140000 0.45110000
vt 0.64110000 0.45600000
vt 0.64340000 0.45510000
vt 0.64340000 0.45620000
vt 0.64150000 0.45680000
vt 0.63890000 0.45770000
vt 0.63840000 0.45780000
vt 0.63890000 0.43640000
vt 0.62510000 0.45640000
vt 0.62400000 0.46120000
vt 0.63740000 0.43540000
vt 0.64370000 0.45050000
vt 0.63620000 0.43540000
vt 0.62770000 0.46160000
vt 0.62700000 0.46180000
vt 0.63440000 0.43590000
vt 0.63320000 0.45970000
vt 0.62370000 0.46300000
vt 0.62340000 0.46310000
vt 0.64430000 0.43650000
vt 0.64590000 0.43650000
vt 0.64580000 0.43780000
vt 0.64430000 0.43750000
vt 0.65640000 0.44290000
vt 0.65420000 0.43760000
vt 0.63340000 0.43700000
vt 0.63340000 0.43700000
vt 0.65440000 0.43740000
vt 0.63340000 0.43700000
vt 0.65660000 0.44280000
vt 0.63080000 0.44220000
vt 0.64770000 0.44340000
vt 0.64760000 0.43810000
vt 0.64910000 0.43810000
vt 0.64990000 0.44340000
vt 0.65180000 0.43550000
vt 0.63600000 0.43480000
vt 0.63740000 0.43470000
vt 0.65050000 0.43550000
vt 0.63740000 0.43500000
vt 0.63610000 0.43500000
vt 0.64180000 0.43540000
vt 0.64080000 0.43550000
vt 0.64080000 0.43550000
vt 0.64080000 0.43530000
vt 0.64630000 0.43570000
vt 0.64180000 0.43520000
vt 0.64390000 0.44300000
vt 0.64380000 0.44300000
vt 0.64380000 0.44300000
vt 0.64390000 0.43740000
vt 0.64400000 0.43740000
vt 0.62680000 0.45130000
vt 0.62480000 0.45630000
vt 0.66230000 0.45710000
vt 0.62470000 0.45630000
vt 0.66050000 0.45200000
vt 0.62670000 0.45120000
vt 0.64520000 0.43590000
vt 0.64630000 0.43590000
vt 0.64740000 0.43590000
vt 0.64750000 0.43660000
vt 0.63900000 0.43540000
vt 0.63900000 0.43540000
vt 0.63740000 0.43530000
vt 0.63740000 0.43530000
vt 0.63900000 0.43500000
vt 0.64400000 0.43650000
vt 0.64410000 0.43640000
vt 0.64410000 0.43640000
vt 0.64410000 0.43750000
vt 0.64410000 0.43750000
vt 0.64560000 0.45540000
vt 0.64560000 0.45680000
vt 0.64410000 0.45620000
vt 0.64410000 0.45510000
vt 0.64740000 0.43560000
vt 0.64070000 0.43500000
vt 0.65050000 0.45150000
vt 0.65310000 0.44320000
vt 0.65490000 0.45160000
vt 0.64300000 0.43550000
vt 0.64520000 0.43570000
vt 0.64290000 0.43560000
vt 0.64180000 0.43560000
vt 0.64180000 0.43560000
vt 0.65150000 0.43790000
vt 0.65100000 0.43660000
vt 0.65330000 0.43630000
vt 0.64900000 0.43580000
vt 0.63910000 0.43470000
vt 0.64900000 0.43560000
vt 0.64420000 0.44300000
vt 0.64400000 0.44300000
vt 0.64400000 0.44300000
vt 0.66030000 0.45200000
vt 0.65170000 0.43570000
vt 0.65340000 0.43620000
vt 0.63430000 0.43560000
vt 0.64730000 0.45580000
vt 0.64730000 0.45740000
vt 0.63440000 0.43570000
vt 0.65560000 0.45660000
vt 0.65650000 0.46120000
vt 0.65120000 0.45900000
vt 0.65090000 0.45620000
vt 0.63440000 0.43590000
vt 0.66280000 0.46200000
vt 0.66210000 0.45710000
vt 0.62360000 0.46110000
vt 0.66300000 0.46190000
vt 0.63090000 0.44230000
vt 0.62490000 0.45640000
vt 0.62490000 0.45640000
vt 0.62380000 0.46120000
vt 0.62380000 0.46120000
vt 0.62370000 0.46110000
vt 0.62340000 0.46310000
vt 0.62340000 0.46310000
vt 0.62340000 0.46310000
vt 0.65050000 0.43570000
vt 0.64750000 0.45120000
vt 0.64570000 0.45090000
vt 0.64590000 0.44320000
vt 0.64380000 0.45050000
vt 0.64370000 0.45050000
vt 0.64370000 0.45050000
vt 0.64900000 0.43660000
vt 0.64380000 0.43650000
vt 0.64380000 0.43650000
vt 0.64390000 0.45060000
vt 0.64390000 0.45060000
vt 0.64390000 0.45510000
vt 0.64390000 0.45510000
vt 0.64370000 0.45510000
vt 0.63610000 0.43530000
vt 0.63610000 0.43530000
vt 0.64360000 0.45510000
vt 0.64410000 0.45060000
vt 0.62330000 0.46300000
vt 0.66330000 0.46380000
vt 0.62320000 0.46300000
vt 0.66310000 0.46370000
vt 0.64280000 0.43570000
vt 0.64280000 0.43570000
vt 0.64360000 0.45610000
vt 0.64370000 0.45610000
vt 0.64380000 0.45610000
vt 0.64380000 0.45610000
vt 0.65750000 0.46160000
vt 0.64430000 0.43650000
vt 0.64590000 0.43650000
vt 0.64580000 0.43780000
vt 0.64430000 0.43750000
vt 0.65640000 0.44290000
vt 0.65420000 0.43760000
vt 0.63340000 0.43700000
vt 0.63340000 0.43700000
vt 0.65440000 0.43740000
vt 0.65660000 0.44280000
vt 0.63080000 0.44220000
vt 0.64770000 0.44340000
vt 0.64760000 0.43810000
vt 0.64910000 0.43810000
vt 0.64990000 0.44340000
vt 0.65180000 0.43550000
vt 0.63600000 0.43480000
vt 0.65050000 0.43550000
vt 0.63740000 0.43470000
vt 0.63740000 0.43500000
vt 0.63610000 0.43500000
vt 0.64180000 0.43540000
vt 0.64080000 0.43550000
vt 0.64080000 0.43550000
vt 0.64080000 0.43530000
vt 0.64180000 0.43520000
vt 0.64630000 0.43570000
vt 0.64390000 0.44300000
vt 0.64380000 0.44300000
vt 0.64380000 0.44300000
vt 0.64390000 0.43740000
vt 0.64390000 0.43740000
vt 0.64400000 0.43740000
vt 0.62680000 0.45130000
vt 0.62480000 0.45630000
vt 0.66230000 0.45710000
vt 0.62470000 0.45630000
vt 0.62670000 0.45120000
vt 0.66050000 0.45200000
vt 0.64520000 0.43590000
vt 0.64630000 0.43590000
vt 0.64740000 0.43590000
vt 0.64750000 0.43660000
vt 0.63900000 0.43540000
vt 0.63900000 0.43540000
vt 0.63740000 0.43530000
vt 0.63740000 0.43530000
vt 0.63900000 0.43500000
vt 0.64400000 0.43650000
vt 0.64410000 0.43640000
vt 0.64410000 0.43640000
vt 0.64410000 0.43750000
vt 0.64410000 0.43750000
vt 0.64560000 0.45540000
vt 0.64560000 0.45680000
vt 0.64410000 0.45620000
vt 0.64410000 0.45510000
vt 0.64740000 0.43560000
vt 0.64070000 0.43500000
vt 0.65050000 0.45150000
vt 0.65310000 0.44320000
vt 0.65490000 0.45160000
vt 0.64520000 0.43570000
vt 0.64300000 0.43550000
vt 0.64290000 0.43560000
vt 0.64180000 0.43560000
vt 0.64180000 0.43560000
vt 0.65150000 0.43790000
vt 0.65100000 0.43660000
vt 0.65330000 0.43630000
vt 0.64900000 0.43580000
vt 0.64900000 0.43560000
vt 0.63910000 0.43470000
vt 0.64420000 0.44300000
vt 0.64400000 0.44300000
vt 0.64400000 0.44300000
vt 0.66030000 0.45200000
vt 0.65170000 0.43570000
vt 0.63430000 0.43560000
vt 0.65340000 0.43620000
vt 0.64730000 0.45580000
vt 0.64730000 0.45740000
vt 0.63440000 0.43570000
vt 0.65560000 0.45660000
vt 0.65650000 0.46120000
vt 0.65120000 0.45900000
vt 0.65090000 0.45620000
vt 0.63440000 0.43590000
vt 0.63440000 0.43590000
vt 0.66280000 0.46200000
vt 0.66210000 0.45710000
vt 0.62360000 0.46110000
vt 0.66300000 0.46190000
vt 0.63090000 0.44230000
vt 0.62490000 0.45640000
vt 0.62490000 0.45640000
vt 0.62380000 0.46120000
vt 0.62370000 0.46110000
vt 0.62340000 0.46310000
vt 0.62340000 0.46310000
vt 0.65050000 0.43570000
vt 0.64750000 0.45120000
vt 0.64570000 0.45090000
vt 0.64590000 0.44320000
vt 0.64380000 0.45050000
vt 0.64370000 0.45050000
vt 0.64370000 0.45050000
vt 0.64900000 0.43660000
vt 0.64380000 0.43650000
vt 0.64380000 0.43650000
vt 0.64390000 0.45060000
vt 0.64390000 0.45060000
vt 0.64390000 0.45510000
vt 0.64390000 0.45510000
vt 0.64370000 0.45510000
vt 0.63610000 0.43530000
vt 0.63610000 0.43530000
vt 0.64360000 0.45510000
vt 0.64360000 0.45510000
vt 0.64410000 0.45060000
vt 0.62330000 0.46300000
vt 0.66330000 0.46380000
vt 0.62320000 0.46300000
vt 0.66310000 0.46370000
vt 0.64280000 0.43570000
vt 0.64280000 0.43570000
vt 0.64360000 0.45610000
vt 0.64360000 0.45610000
vt 0.64370000 0.45610000
vt 0.64380000 0.45610000
vt 0.64380000 0.45610000
vt 0.65750000 0.46160000
vt 0.63340000 0.45810000
vt 0.63430000 0.45310000
vt 0.63900000 0.45170000
vt 0.63850000 0.45680000
vt 0.64080000 0.43570000
vt 0.63890000 0.43560000
vt 0.63850000 0.43810000
vt 0.63690000 0.44320000
vt 0.63410000 0.44290000
vt 0.63610000 0.43760000
vt 0.64250000 0.43790000
vt 0.64360000 0.44300000
vt 0.64220000 0.44330000
vt 0.64110000 0.43840000
vt 0.62820000 0.45720000
vt 0.63020000 0.45230000
vt 0.64360000 0.43660000
vt 0.64270000 0.43590000
vt 0.63360000 0.43710000
vt 0.63110000 0.44240000
vt 0.63090000 0.44230000
vt 0.64240000 0.43650000
vt 0.64370000 0.43750000
vt 0.63450000 0.43600000
vt 0.63670000 0.43620000
vt 0.64180000 0.43580000
vt 0.64110000 0.43670000
vt 0.64350000 0.45050000
vt 0.62700000 0.45140000
vt 0.62680000 0.45130000
vt 0.64060000 0.44360000
vt 0.64140000 0.45110000
vt 0.64110000 0.45600000
vt 0.64340000 0.45510000
vt 0.64340000 0.45620000
vt 0.64150000 0.45680000
vt 0.63890000 0.45770000
vt 0.63840000 0.45780000
vt 0.63890000 0.43640000
vt 0.62510000 0.45640000
vt 0.62400000 0.46120000
vt 0.63740000 0.43540000
vt 0.64360000 0.45510000
vt 0.63620000 0.43540000
vt 0.62770000 0.46160000
vt 0.62700000 0.46180000
vt 0.63440000 0.43590000
vt 0.64390000 0.43740000
vt 0.63320000 0.45970000
vt 0.64360000 0.45610000
vt 0.62370000 0.46300000
vt 0.63340000 0.45810000
vt 0.63430000 0.45310000
vt 0.63900000 0.45170000
vt 0.63850000 0.45680000
vt 0.64080000 0.43570000
vt 0.63890000 0.43560000
vt 0.63850000 0.43810000
vt 0.63690000 0.44320000
vt 0.63410000 0.44290000
vt 0.63610000 0.43760000
vt 0.64250000 0.43790000
vt 0.64360000 0.44300000
vt 0.64220000 0.44330000
vt 0.64110000 0.43840000
vt 0.62820000 0.45720000
vt 0.63020000 0.45230000
vt 0.64360000 0.43660000
vt 0.64270000 0.43590000
vt 0.63360000 0.43710000
vt 0.63110000 0.44240000
vt 0.63090000 0.44230000
vt 0.63340000 0.43700000
vt 0.64240000 0.43650000
vt 0.64370000 0.43750000
vt 0.63450000 0.43600000
vt 0.63670000 0.43620000
vt 0.64180000 0.43580000
vt 0.64110000 0.43670000
vt 0.64350000 0.45050000
vt 0.62700000 0.45140000
vt 0.62680000 0.45130000
vt 0.64060000 0.44360000
vt 0.64140000 0.45110000
vt 0.64110000 0.45600000
vt 0.64340000 0.45510000
vt 0.64340000 0.45620000
vt 0.64150000 0.45680000
vt 0.63890000 0.45770000
vt 0.63840000 0.45780000
vt 0.63890000 0.43640000
vt 0.62510000 0.45640000
vt 0.62400000 0.46120000
vt 0.62380000 0.46120000
vt 0.63740000 0.43540000
vt 0.63620000 0.43540000
vt 0.62770000 0.46160000
vt 0.62700000 0.46180000
vt 0.63320000 0.45970000
vt 0.62370000 0.46300000
vt 0.62340000 0.46310000
vt 0.64430000 0.43650000
vt 0.64590000 0.43650000
vt 0.64580000 0.43780000
vt 0.64430000 0.43750000
vt 0.65640000 0.44290000
vt 0.65420000 0.43760000
vt 0.63340000 0.43700000
vt 0.65440000 0.43740000
vt 0.63340000 0.43700000
vt 0.63340000 0.43700000
vt 0.63080000 0.44220000
vt 0.65660000 0.44280000
vt 0.64770000 0.44340000
vt 0.64760000 0.43810000
vt 0.64910000 0.43810000
vt 0.64990000 0.44340000
vt 0.63600000 0.43480000
vt 0.65180000 0.43550000
vt 0.65050000 0.43550000
vt 0.63740000 0.43470000
vt 0.63740000 0.43500000
vt 0.63610000 0.43500000
vt 0.64180000 0.43540000
vt 0.64080000 0.43550000
vt 0.64080000 0.43550000
vt 0.64080000 0.43530000
vt 0.64630000 0.43570000
vt 0.64180000 0.43520000
vt 0.64390000 0.44300000
vt 0.64380000 0.44300000
vt 0.64390000 0.43740000
vt 0.64390000 0.43740000
vt 0.64400000 0.43740000
vt 0.62680000 0.45130000
vt 0.62680000 0.45130000
vt 0.62480000 0.45630000
vt 0.66230000 0.45710000
vt 0.62470000 0.45630000
vt 0.66050000 0.45200000
vt 0.62670000 0.45120000
vt 0.64520000 0.43590000
vt 0.64630000 0.43590000
vt 0.64740000 0.43590000
vt 0.64750000 0.43660000
vt 0.63900000 0.43540000
vt 0.63900000 0.43540000
vt 0.63740000 0.43530000
vt 0.63740000 0.43530000
vt 0.63900000 0.43500000
vt 0.64400000 0.43650000
vt 0.64410000 0.43640000
vt 0.64410000 0.43640000
vt 0.64410000 0.43750000
vt 0.64410000 0.43750000
vt 0.64560000 0.45540000
vt 0.64560000 0.45680000
vt 0.64410000 0.45620000
vt 0.64410000 0.45510000
vt 0.64070000 0.43500000
vt 0.64740000 0.43560000
vt 0.65050000 0.45150000
vt 0.65310000 0.44320000
vt 0.65490000 0.45160000
vt 0.64300000 0.43550000
vt 0.64520000 0.43570000
vt 0.64290000 0.43560000
vt 0.64180000 0.43560000
vt 0.65150000 0.43790000
vt 0.65100000 0.43660000
vt 0.65330000 0.43630000
vt 0.64900000 0.43580000
vt 0.64900000 0.43560000
vt 0.63910000 0.43470000
vt 0.64420000 0.44300000
vt 0.64400000 0.44300000
vt 0.64400000 0.44300000
vt 0.66030000 0.45200000
vt 0.65170000 0.43570000
vt 0.65340000 0.43620000
vt 0.63430000 0.43560000
vt 0.64730000 0.45580000
vt 0.64730000 0.45740000
vt 0.63440000 0.43570000
vt 0.65560000 0.45660000
vt 0.65650000 0.46120000
vt 0.65120000 0.45900000
vt 0.65090000 0.45620000
vt 0.63440000 0.43590000
vt 0.66280000 0.46200000
vt 0.66210000 0.45710000
vt 0.66300000 0.46190000
vt 0.62360000 0.46110000
vt 0.63090000 0.44230000
vt 0.63090000 0.44230000
vt 0.62490000 0.45640000
vt 0.62490000 0.45640000
vt 0.62380000 0.46120000
vt 0.62380000 0.46120000
vt 0.62370000 0.46110000
vt 0.62340000 0.46310000
vt 0.62340000 0.46310000
vt 0.62340000 0.46310000
vt 0.65050000 0.43570000
vt 0.64750000 0.45120000
vt 0.64570000 0.45090000
vt 0.64590000 0.44320000
vt 0.64380000 0.45050000
vt 0.64370000 0.45050000
vt 0.64370000 0.45050000
vt 0.64900000 0.43660000
vt 0.64380000 0.43650000
vt 0.64380000 0.43650000
vt 0.64390000 0.45060000
vt 0.64390000 0.45060000
vt 0.64390000 0.45510000
vt 0.64390000 0.45510000
vt 0.64370000 0.45510000
vt 0.63610000 0.43530000
vt 0.64360000 0.45510000
vt 0.64410000 0.45060000
vt 0.62330000 0.46300000
vt 0.62320000 0.46300000
vt 0.66330000 0.46380000
vt 0.66310000 0.46370000
vt 0.64280000 0.43570000
vt 0.64280000 0.43570000
vt 0.64360000 0.45610000
vt 0.64370000 0.45610000
vt 0.64380000 0.45610000
vt 0.64380000 0.45610000
vt 0.65750000 0.46160000
vt 0.64430000 0.43650000
vt 0.64590000 0.43650000
vt 0.64580000 0.43780000
vt 0.64430000 0.43750000
vt 0.65640000 0.44290000
vt 0.65420000 0.43760000
vt 0.65440000 0.43740000
vt 0.63340000 0.43700000
vt 0.63340000 0.43700000
vt 0.63340000 0.43700000
vt 0.63080000 0.44220000
vt 0.65660000 0.44280000
vt 0.64770000 0.44340000
vt 0.64760000 0.43810000
vt 0.64910000 0.43810000
vt 0.64990000 0.44340000
vt 0.65180000 0.43550000
vt 0.63600000 0.43480000
vt 0.65050000 0.43550000
vt 0.63740000 0.43470000
vt 0.63740000 0.43500000
vt 0.63610000 0.43500000
vt 0.64180000 0.43540000
vt 0.64080000 0.43550000
vt 0.64080000 0.43550000
vt 0.64080000 0.43530000
vt 0.64180000 0.43520000
vt 0.64630000 0.43570000
vt 0.64390000 0.44300000
vt 0.64380000 0.44300000
vt 0.64380000 0.44300000
vt 0.64390000 0.43740000
vt 0.64390000 0.43740000
vt 0.64400000 0.43740000
vt 0.62680000 0.45130000
vt 0.62680000 0.45130000
vt 0.62480000 0.45630000
vt 0.66230000 0.45710000
vt 0.62470000 0.45630000
vt 0.66050000 0.45200000
vt 0.62670000 0.45120000
vt 0.64520000 0.43590000
vt 0.64630000 0.43590000
vt 0.64740000 0.43590000
vt 0.64750000 0.43660000
vt 0.63900000 0.43540000
vt 0.63900000 0.43540000
vt 0.63740000 0.43530000
vt 0.63740000 0.43530000
vt 0.63900000 0.43500000
vt 0.64400000 0.43650000
vt 0.64410000 0.43640000
vt 0.64410000 0.43640000
vt 0.64410000 0.43750000
vt 0.64410000 0.43750000
vt 0.64560000 0.45540000
vt 0.64560000 0.45680000
vt 0.64410000 0.45620000
vt 0.64410000 0.45510000
vt 0.64070000 0.43500000
vt 0.64740000 0.43560000
vt 0.65050000 0.45150000
vt 0.65310000 0.44320000
vt 0.65490000 0.45160000
vt 0.64300000 0.43550000
vt 0.64520000 0.43570000
vt 0.64290000 0.43560000
vt 0.64180000 0.43560000
vt 0.64180000 0.43560000
vt 0.65150000 0.43790000
vt 0.65100000 0.43660000
vt 0.65330000 0.43630000
vt 0.64900000 0.43580000
vt 0.63910000 0.43470000
vt 0.64900000 0.43560000
vt 0.64420000 0.44300000
vt 0.64400000 0.44300000
vt 0.64400000 0.44300000
vt 0.66030000 0.45200000
vt 0.65170000 0.43570000
vt 0.65340000 0.43620000
vt 0.63430000 0.43560000
vt 0.64730000 0.45580000
vt 0.64730000 0.45740000
vt 0.63440000 0.43570000
vt 0.65560000 0.45660000
vt 0.65650000 0.46120000
vt 0.65120000 0.45900000
vt 0.65090000 0.45620000
vt 0.63440000 0.43590000
vt 0.66280000 0.46200000
vt 0.66210000 0.45710000
vt 0.66300000 0.46190000
vt 0.62360000 0.46110000
vt 0.63090000 0.44230000
vt 0.63090000 0.44230000
vt 0.62490000 0.45640000
vt 0.62380000 0.46120000
vt 0.62370000 0.46110000
vt 0.62340000 0.46310000
vt 0.62340000 0.46310000
vt 0.65050000 0.43570000
vt 0.64750000 0.45120000
vt 0.64570000 0.45090000
vt 0.64590000 0.44320000
vt 0.64380000 0.45050000
vt 0.64370000 0.45050000
vt 0.64370000 0.45050000
vt 0.64900000 0.43660000
vt 0.64380000 0.43650000
vt 0.64390000 0.45060000
vt 0.64390000 0.45060000
vt 0.64390000 0.45510000
vt 0.64390000 0.45510000
vt 0.64370000 0.45510000
vt 0.63610000 0.43530000
vt 0.63610000 0.43530000
vt 0.64360000 0.45510000
vt 0.64410000 0.45060000
vt 0.62330000 0.46300000
vt 0.66330000 0.46380000
vt 0.62320000 0.46300000
vt 0.66310000 0.46370000
vt 0.64280000 0.43570000
vt 0.64280000 0.43570000
vt 0.64360000 0.45610000
vt 0.64370000 0.45610000
vt 0.64380000 0.45610000
vt 0.64380000 0.45610000
vt 0.65750000 0.46160000
vt 0.63340000 0.45810000
vt 0.63430000 0.45310000
vt 0.63900000 0.45170000
vt 0.63850000 0.45680000
vt 0.64080000 0.43570000
vt 0.63890000 0.43560000
vt 0.63850000 0.43810000
vt 0.63690000 0.44320000
vt 0.63410000 0.44290000
vt 0.63610000 0.43760000
vt 0.64250000 0.43790000
vt 0.64360000 0.44300000
vt 0.64220000 0.44330000
vt 0.64110000 0.43840000
vt 0.62820000 0.45720000
vt 0.63020000 0.45230000
vt 0.64360000 0.43660000
vt 0.64270000 0.43590000
vt 0.63360000 0.43710000
vt 0.63110000 0.44240000
vt 0.64240000 0.43650000
vt 0.64370000 0.43750000
vt 0.63450000 0.43600000
vt 0.63670000 0.43620000
vt 0.64180000 0.43580000
vt 0.64110000 0.43670000
vt 0.64350000 0.45050000
vt 0.62700000 0.45140000
vt 0.64060000 0.44360000
vt 0.64140000 0.45110000
vt 0.64110000 0.45600000
vt 0.64340000 0.45510000
vt 0.64340000 0.45620000
vt 0.64150000 0.45680000
vt 0.64180000 0.43560000
vt 0.63890000 0.45770000
vt 0.63840000 0.45780000
vt 0.63890000 0.43640000
vt 0.62510000 0.45640000
vt 0.62400000 0.46120000
vt 0.63740000 0.43540000
vt 0.64360000 0.45510000
vt 0.63620000 0.43540000
vt 0.64380000 0.44300000
vt 0.63610000 0.43530000
vt 0.62770000 0.46160000
vt 0.62700000 0.46180000
vt 0.63440000 0.43590000
vt 0.63320000 0.45970000
vt 0.64360000 0.45610000
vt 0.62370000 0.46300000
vt 0.63340000 0.45810000
vt 0.63430000 0.45310000
vt 0.63900000 0.45170000
vt 0.63850000 0.45680000
vt 0.64080000 0.43570000
vt 0.63890000 0.43560000
vt 0.63850000 0.43810000
vt 0.63690000 0.44320000
vt 0.63410000 0.44290000
vt 0.63610000 0.43760000
vt 0.64250000 0.43790000
vt 0.64360000 0.44300000
vt 0.64220000 0.44330000
vt 0.64110000 0.43840000
vt 0.62820000 0.45720000
vt 0.63020000 0.45230000
vt 0.64360000 0.43660000
vt 0.64270000 0.43590000
vt 0.64380000 0.43650000
vt 0.63360000 0.43710000
vt 0.63110000 0.44240000
vt 0.64240000 0.43650000
vt 0.64370000 0.43750000
vt 0.63450000 0.43600000
vt 0.63670000 0.43620000
vt 0.64180000 0.43580000
vt 0.64110000 0.43670000
vt 0.64350000 0.45050000
vt 0.62700000 0.45140000
vt 0.64060000 0.44360000
vt 0.64140000 0.45110000
vt 0.64110000 0.45600000
vt 0.64340000 0.45510000
vt 0.64340000 0.45620000
vt 0.64150000 0.45680000
vt 0.63890000 0.45770000
vt 0.63840000 0.45780000
vt 0.63890000 0.43640000
vt 0.62510000 0.45640000
vt 0.62400000 0.46120000
vt 0.62380000 0.46120000
vt 0.62490000 0.45640000
vt 0.63740000 0.43540000
vt 0.64360000 0.45510000
vt 0.63620000 0.43540000
vt 0.62770000 0.46160000
vt 0.62700000 0.46180000
vt 0.63440000 0.43590000
vt 0.63320000 0.45970000
vt 0.64360000 0.45610000
vt 0.62370000 0.46300000
vt 0.62340000 0.46310000
vt 0.64430000 0.43650000
vt 0.64590000 0.43650000
vt 0.64580000 0.43780000
vt 0.64430000 0.43750000
vt 0.65640000 0.44290000
vt 0.65420000 0.43760000
vt 0.63340000 0.43700000
vt 0.63340000 0.43700000
vt 0.65440000 0.43740000
vt 0.63340000 0.43700000
vt 0.63080000 0.44220000
vt 0.65660000 0.44280000
vt 0.64770000 0.44340000
vt 0.64760000 0.43810000
vt 0.64910000 0.43810000
vt 0.64990000 0.44340000
vt 0.65180000 0.43550000
vt 0.63600000 0.43480000
vt 0.63740000 0.43470000
vt 0.65050000 0.43550000
vt 0.63740000 0.43500000
vt 0.63610000 0.43500000
vt 0.64180000 0.43540000
vt 0.64080000 0.43550000
vt 0.64080000 0.43550000
vt 0.64080000 0.43530000
vt 0.64180000 0.43520000
vt 0.64630000 0.43570000
vt 0.64390000 0.44300000
vt 0.64380000 0.44300000
vt 0.64380000 0.44300000
vt 0.64390000 0.43740000
vt 0.64400000 0.43740000
vt 0.62680000 0.45130000
vt 0.62480000 0.45630000
vt 0.62470000 0.45630000
vt 0.66230000 0.45710000
vt 0.66050000 0.45200000
vt 0.62670000 0.45120000
vt 0.64520000 0.43590000
vt 0.64630000 0.43590000
vt 0.64740000 0.43590000
vt 0.64750000 0.43660000
vt 0.63900000 0.43540000
vt 0.63900000 0.43540000
vt 0.63740000 0.43530000
vt 0.63740000 0.43530000
vt 0.63900000 0.43500000
vt 0.64400000 0.43650000
vt 0.64410000 0.43640000
vt 0.64410000 0.43640000
vt 0.64410000 0.43750000
vt 0.64410000 0.43750000
vt 0.64560000 0.45540000
vt 0.64560000 0.45680000
vt 0.64410000 0.45620000
vt 0.64410000 0.45510000
vt 0.64070000 0.43500000
vt 0.64740000 0.43560000
vt 0.65050000 0.45150000
vt 0.65310000 0.44320000
vt 0.65490000 0.45160000
vt 0.64300000 0.43550000
vt 0.64520000 0.43570000
vt 0.64290000 0.43560000
vt 0.64180000 0.43560000
vt 0.64180000 0.43560000
vt 0.65150000 0.43790000
vt 0.65100000 0.43660000
vt 0.65330000 0.43630000
vt 0.64900000 0.43580000
vt 0.64900000 0.43560000
vt 0.63910000 0.43470000
vt 0.64420000 0.44300000
vt 0.64400000 0.44300000
vt 0.64400000 0.44300000
vt 0.66030000 0.45200000
vt 0.65170000 0.43570000
vt 0.63430000 0.43560000
vt 0.65340000 0.43620000
vt 0.64730000 0.45580000
vt 0.64730000 0.45740000
vt 0.63440000 0.43570000
vt 0.65560000 0.45660000
vt 0.65650000 0.46120000
vt 0.65120000 0.45900000
vt 0.65090000 0.45620000
vt 0.63440000 0.43590000
vt 0.63440000 0.43590000
vt 0.66280000 0.46200000
vt 0.66210000 0.45710000
vt 0.62360000 0.46110000
vt 0.66300000 0.46190000
vt 0.63090000 0.44230000
vt 0.62490000 0.45640000
vt 0.62380000 0.46120000
vt 0.62370000 0.46110000
vt 0.62340000 0.46310000
vt 0.62340000 0.46310000
vt 0.62340000 0.46310000
vt 0.65050000 0.43570000
vt 0.64750000 0.45120000
vt 0.64570000 0.45090000
vt 0.64590000 0.44320000
vt 0.64380000 0.45050000
vt 0.64370000 0.45050000
vt 0.64370000 0.45050000
vt 0.64900000 0.43660000
vt 0.64380000 0.43650000
vt 0.64380000 0.43650000
vt 0.64390000 0.45060000
vt 0.64390000 0.45060000
vt 0.64390000 0.45510000
vt 0.64390000 0.45510000
vt 0.64370000 0.45510000
vt 0.63610000 0.43530000
vt 0.63610000 0.43530000
vt 0.64360000 0.45510000
vt 0.64360000 0.45510000
vt 0.64410000 0.45060000
vt 0.62330000 0.46300000
vt 0.66330000 0.46380000
vt 0.62320000 0.46300000
vt 0.66310000 0.46370000
vt 0.64280000 0.43570000
vt 0.64280000 0.43570000
vt 0.64360000 0.45610000
vt 0.64360000 0.45610000
vt 0.64370000 0.45610000
vt 0.64380000 0.45610000
vt 0.64380000 0.45610000
vt 0.65750000 0.46160000
vt 0.64430000 0.43650000
vt 0.64590000 0.43650000
vt 0.64580000 0.43780000
vt 0.64430000 0.43750000
vt 0.65640000 0.44290000
vt 0.65420000 0.43760000
vt 0.65440000 0.43740000
vt 0.63340000 0.43700000
vt 0.63340000 0.43700000
vt 0.63340000 0.43700000
vt 0.63080000 0.44220000
vt 0.65660000 0.44280000
vt 0.64770000 0.44340000
vt 0.64760000 0.43810000
vt 0.64910000 0.43810000
vt 0.64990000 0.44340000
vt 0.65180000 0.43550000
vt 0.63600000 0.43480000
vt 0.65050000 0.43550000
vt 0.63740000 0.43470000
vt 0.63740000 0.43500000
vt 0.63610000 0.43500000
vt 0.64180000 0.43540000
vt 0.64080000 0.43550000
vt 0.64080000 0.43550000
vt 0.64080000 0.43530000
vt 0.64630000 0.43570000
vt 0.64180000 0.43520000
vt 0.64390000 0.44300000
vt 0.64380000 0.44300000
vt 0.64380000 0.44300000
vt 0.64390000 0.43740000
vt 0.64390000 0.43740000
vt 0.64400000 0.43740000
vt 0.62680000 0.45130000
vt 0.62480000 0.45630000
vt 0.66230000 0.45710000
vt 0.62470000 0.45630000
vt 0.66050000 0.45200000
vt 0.62670000 0.45120000
vt 0.64520000 0.43590000
vt 0.64630000 0.43590000
vt 0.64740000 0.43590000
vt 0.64750000 0.43660000
vt 0.63900000 0.43540000
vt 0.63900000 0.43540000
vt 0.63740000 0.43530000
vt 0.63740000 0.43530000
vt 0.63900000 0.43500000
vt 0.64400000 0.43650000
vt 0.64410000 0.43640000
vt 0.64410000 0.43640000
vt 0.64410000 0.43750000
vt 0.64410000 0.43750000
vt 0.64560000 0.45540000
vt 0.64560000 0.45680000
vt 0.64410000 0.45620000
vt 0.64410000 0.45510000
vt 0.64070000 0.43500000
vt 0.64740000 0.43560000
vt 0.65050000 0.45150000
vt 0.65310000 0.44320000
vt 0.65490000 0.45160000
vt 0.64300000 0.43550000
vt 0.64520000 0.43570000
vt 0.64290000 0.43560000
vt 0.64180000 0.43560000
vt 0.64180000 0.43560000
vt 0.65150000 0.43790000
vt 0.65100000 0.43660000
vt 0.65330000 0.43630000
vt 0.64900000 0.43580000
vt 0.64900000 0.43560000
vt 0.63910000 0.43470000
vt 0.64420000 0.44300000
vt 0.64400000 0.44300000
vt 0.64400000 0.44300000
vt 0.66030000 0.45200000
vt 0.65170000 0.43570000
vt 0.63430000 0.43560000
vt 0.65340000 0.43620000
vt 0.64730000 0.45580000
vt 0.64730000 0.45740000
vt 0.63440000 0.43570000
vt 0.65560000 0.45660000
vt 0.65650000 0.46120000
vt 0.65120000 0.45900000
vt 0.65090000 0.45620000
vt 0.63440000 0.43590000
vt 0.63440000 0.43590000
vt 0.66280000 0.46200000
vt 0.66210000 0.45710000
vt 0.62360000 0.46110000
vt 0.66300000 0.46190000
vt 0.63090000 0.44230000
vt 0.62490000 0.45640000
vt 0.62380000 0.46120000
vt 0.62380000 0.46120000
vt 0.62370000 0.46110000
vt 0.62340000 0.46310000
vt 0.62340000 0.46310000
vt 0.65050000 0.43570000
vt 0.64750000 0.45120000
vt 0.64570000 0.45090000
vt 0.64590000 0.44320000
vt 0.64380000 0.45050000
vt 0.64370000 0.45050000
vt 0.64370000 0.45050000
vt 0.64900000 0.43660000
vt 0.64380000 0.43650000
vt 0.64390000 0.45060000
vt 0.64390000 0.45060000
vt 0.64390000 0.45510000
vt 0.64390000 0.45510000
vt 0.64370000 0.45510000
vt 0.63610000 0.43530000
vt 0.63610000 0.43530000
vt 0.64360000 0.45510000
vt 0.64410000 0.45060000
vt 0.62330000 0.46300000
vt 0.66330000 0.46380000
vt 0.62320000 0.46300000
vt 0.66310000 0.46370000
vt 0.64280000 0.43570000
vt 0.64280000 0.43570000
vt 0.64360000 0.45610000
vt 0.64370000 0.45610000
vt 0.64380000 0.45610000
vt 0.64380000 0.45610000
vt 0.65750000 0.46160000
vt 0.63340000 0.45810000
vt 0.63430000 0.45310000
vt 0.63900000 0.45170000
vt 0.63850000 0.45680000
vt 0.64080000 0.43570000
vt 0.63890000 0.43560000
vt 0.63850000 0.43810000
vt 0.63690000 0.44320000
vt 0.63410000 0.44290000
vt 0.63610000 0.43760000
vt 0.64250000 0.43790000
vt 0.64360000 0.44300000
vt 0.64220000 0.44330000
vt 0.64110000 0.43840000
vt 0.62820000 0.45720000
vt 0.63020000 0.45230000
vt 0.64360000 0.43660000
vt 0.64270000 0.43590000
vt 0.63360000 0.43710000
vt 0.63110000 0.44240000
vt 0.63090000 0.44230000
vt 0.64240000 0.43650000
vt 0.64370000 0.43750000
vt 0.63450000 0.43600000
vt 0.63670000 0.43620000
vt 0.64180000 0.43580000
vt 0.64110000 0.43670000
vt 0.64350000 0.45050000
vt 0.62700000 0.45140000
vt 0.62680000 0.45130000
vt 0.64060000 0.44360000
vt 0.64140000 0.45110000
vt 0.64110000 0.45600000
vt 0.64340000 0.45510000
vt 0.64340000 0.45620000
vt 0.64150000 0.45680000
vt 0.63890000 0.45770000
vt 0.63840000 0.45780000
vt 0.63890000 0.43640000
vt 0.62510000 0.45640000
vt 0.62400000 0.46120000
vt 0.62380000 0.46120000
vt 0.62490000 0.45640000
vt 0.63740000 0.43540000
vt 0.63620000 0.43540000
vt 0.62770000 0.46160000
vt 0.62700000 0.46180000
vt 0.64390000 0.43740000
vt 0.63320000 0.45970000
vt 0.62370000 0.46300000
vt 0.63340000 0.45810000
vt 0.63430000 0.45310000
vt 0.63900000 0.45170000
vt 0.63850000 0.45680000
vt 0.64080000 0.43570000
vt 0.63890000 0.43560000
vt 0.63850000 0.43810000
vt 0.63690000 0.44320000
vt 0.63410000 0.44290000
vt 0.63610000 0.43760000
vt 0.64250000 0.43790000
vt 0.64360000 0.44300000
vt 0.64220000 0.44330000
vt 0.64110000 0.43840000
vt 0.62820000 0.45720000
vt 0.63020000 0.45230000
vt 0.64360000 0.43660000
vt 0.64270000 0.43590000
vt 0.64380000 0.43650000
vt 0.63360000 0.43710000
vt 0.63110000 0.44240000
vt 0.63090000 0.44230000
vt 0.64240000 0.43650000
vt 0.64370000 0.43750000
vt 0.63450000 0.43600000
vt 0.63670000 0.43620000
vt 0.64180000 0.43580000
vt 0.64110000 0.43670000
vt 0.64350000 0.45050000
vt 0.62700000 0.45140000
vt 0.62680000 0.45130000
vt 0.64060000 0.44360000
vt 0.64140000 0.45110000
vt 0.64110000 0.45600000
vt 0.64340000 0.45510000
vt 0.64340000 0.45620000
vt 0.64150000 0.45680000
vt 0.63890000 0.45770000
vt 0.63840000 0.45780000
vt 0.63890000 0.43640000
vt 0.62510000 0.45640000
vt 0.62400000 0.46120000
vt 0.62490000 0.45640000
vt 0.63740000 0.43540000
vt 0.64360000 0.45510000
vt 0.63620000 0.43540000
vt 0.62770000 0.46160000
vt 0.62700000 0.46180000
vt 0.63320000 0.45970000
vt 0.64360000 0.45610000
vt 0.62370000 0.46300000
vt 0.62340000 0.46310000
vt 0.64430000 0.43650000
vt 0.64590000 0.43650000
vt 0.64580000 0.43780000
vt 0.64430000 0.43750000
vt 0.65640000 0.44290000
vt 0.65420000 0.43760000
vt 0.63340000 0.43700000
vt 0.63340000 0.43700000
vt 0.65440000 0.43740000
vt 0.63340000 0.43700000
vt 0.63080000 0.44220000
vt 0.65660000 0.44280000
vt 0.64770000 0.44340000
vt 0.64760000 0.43810000
vt 0.64910000 0.43810000
vt 0.64990000 0.44340000
vt 0.63600000 0.43480000
vt 0.65180000 0.43550000
vt 0.63740000 0.43470000
vt 0.65050000 0.43550000
vt 0.63740000 0.43500000
vt 0.63610000 0.43500000
vt 0.64180000 0.43540000
vt 0.64080000 0.43550000
vt 0.64080000 0.43550000
vt 0.64080000 0.43530000
vt 0.64630000 0.43570000
vt 0.64180000 0.43520000
vt 0.64390000 0.44300000
vt 0.64380000 0.44300000
vt 0.64380000 0.44300000
vt 0.64390000 0.43740000
vt 0.64390000 0.43740000
vt 0.64400000 0.43740000
vt 0.62680000 0.45130000
vt 0.62680000 0.45130000
vt 0.62480000 0.45630000
vt 0.62470000 0.45630000
vt 0.66230000 0.45710000
vt 0.66050000 0.45200000
vt 0.62670000 0.45120000
vt 0.64520000 0.43590000
vt 0.64630000 0.43590000
vt 0.64740000 0.43590000
vt 0.64750000 0.43660000
vt 0.63900000 0.43540000
vt 0.63900000 0.43540000
vt 0.63740000 0.43530000
vt 0.63740000 0.43530000
vt 0.63900000 0.43500000
vt 0.64400000 0.43650000
vt 0.64410000 0.43640000
vt 0.64410000 0.43640000
vt 0.64410000 0.43750000
vt 0.64410000 0.43750000
vt 0.64560000 0.45540000
vt 0.64560000 0.45680000
vt 0.64410000 0.45620000
vt 0.64410000 0.45510000
vt 0.64070000 0.43500000
vt 0.64740000 0.43560000
vt 0.65050000 0.45150000
vt 0.65310000 0.44320000
vt 0.65490000 0.45160000
vt 0.64300000 0.43550000
vt 0.64520000 0.43570000
vt 0.64290000 0.43560000
vt 0.64180000 0.43560000
vt 0.64180000 0.43560000
vt 0.65150000 0.43790000
vt 0.65100000 0.43660000
vt 0.65330000 0.43630000
vt 0.64900000 0.43580000
vt 0.63910000 0.43470000
vt 0.64900000 0.43560000
vt 0.64420000 0.44300000
vt 0.64400000 0.44300000
vt 0.64400000 0.44300000
vt 0.66030000 0.45200000
vt 0.65170000 0.43570000
vt 0.63430000 0.43560000
vt 0.65340000 0.43620000
vt 0.64730000 0.45580000
vt 0.64730000 0.45740000
vt 0.63440000 0.43570000
vt 0.65560000 0.45660000
vt 0.65650000 0.46120000
vt 0.65120000 0.45900000
vt 0.65090000 0.45620000
vt 0.63440000 0.43590000
vt 0.66280000 0.46200000
vt 0.66210000 0.45710000
vt 0.62360000 0.46110000
vt 0.66300000 0.46190000
vt 0.63090000 0.44230000
vt 0.63090000 0.44230000
vt 0.62490000 0.45640000
vt 0.62490000 0.45640000
vt 0.62380000 0.46120000
vt 0.62380000 0.46120000
vt 0.62370000 0.46110000
vt 0.62340000 0.46310000
vt 0.62340000 0.46310000
vt 0.62340000 0.46310000
vt 0.65050000 0.43570000
vt 0.64750000 0.45120000
vt 0.64570000 0.45090000
vt 0.64590000 0.44320000
vt 0.64380000 0.45050000
vt 0.64370000 0.45050000
vt 0.64370000 0.45050000
vt 0.64900000 0.43660000
vt 0.64380000 0.43650000
vt 0.64380000 0.43650000
vt 0.64390000 0.45060000
vt 0.64390000 0.45060000
vt 0.64390000 0.45510000
vt 0.64390000 0.45510000
vt 0.64370000 0.45510000
vt 0.63610000 0.43530000
vt 0.64360000 0.45510000
vt 0.64410000 0.45060000
vt 0.62330000 0.46300000
vt 0.62320000 0.46300000
vt 0.66330000 0.46380000
vt 0.66310000 0.46370000
vt 0.64280000 0.43570000
vt 0.64280000 0.43570000
vt 0.64360000 0.45610000
vt 0.64370000 0.45610000
vt 0.64380000 0.45610000
vt 0.64380000 0.45610000
vt 0.65750000 0.46160000
vt 0.64430000 0.43650000
vt 0.64590000 0.43650000
vt 0.64580000 0.43780000
vt 0.64430000 0.43750000
vt 0.65640000 0.44290000
vt 0.65420000 0.43760000
vt 0.65440000 0.43740000
vt 0.63340000 0.43700000
vt 0.63340000 0.43700000
vt 0.63340000 0.43700000
vt 0.63080000 0.44220000
vt 0.65660000 0.44280000
vt 0.64770000 0.44340000
vt 0.64760000 0.43810000
vt 0.64910000 0.43810000
vt 0.64990000 0.44340000
vt 0.63600000 0.43480000
vt 0.65180000 0.43550000
vt 0.65050000 0.43550000
vt 0.63740000 0.43470000
vt 0.63740000 0.43500000
vt 0.63610000 0.43500000
vt 0.64180000 0.43540000
vt 0.64080000 0.43550000
vt 0.64080000 0.43530000
vt 0.64180000 0.43520000
vt 0.64630000 0.43570000
vt 0.64390000 0.44300000
vt 0.64380000 0.44300000
vt 0.64380000 0.44300000
vt 0.64390000 0.43740000
vt 0.64390000 0.43740000
vt 0.64400000 0.43740000
vt 0.62680000 0.45130000
vt 0.62680000 0.45130000
vt 0.62480000 0.45630000
vt 0.66230000 0.45710000
vt 0.62470000 0.45630000
vt 0.62670000 0.45120000
vt 0.66050000 0.45200000
vt 0.64520000 0.43590000
vt 0.64630000 0.43590000
vt 0.64740000 0.43590000
vt 0.64750000 0.43660000
vt 0.63900000 0.43540000
vt 0.63900000 0.43540000
vt 0.63740000 0.43530000
vt 0.63740000 0.43530000
vt 0.63900000 0.43500000
vt 0.64400000 0.43650000
vt 0.64410000 0.43640000
vt 0.64410000 0.43640000
vt 0.64410000 0.43750000
vt 0.64410000 0.43750000
vt 0.64560000 0.45540000
vt 0.64560000 0.45680000
vt 0.64410000 0.45620000
vt 0.64410000 0.45510000
vt 0.64070000 0.43500000
vt 0.64740000 0.43560000
vt 0.65050000 0.45150000
vt 0.65310000 0.44320000
vt 0.65490000 0.45160000
vt 0.64520000 0.43570000
vt 0.64300000 0.43550000
vt 0.64290000 0.43560000
vt 0.64180000 0.43560000
vt 0.64180000 0.43560000
vt 0.65150000 0.43790000
vt 0.65100000 0.43660000
vt 0.65330000 0.43630000
vt 0.64900000 0.43580000
vt 0.63910000 0.43470000
vt 0.64900000 0.43560000
vt 0.64420000 0.44300000
vt 0.64400000 0.44300000
vt 0.64400000 0.44300000
vt 0.66030000 0.45200000
vt 0.65170000 0.43570000
vt 0.65340000 0.43620000
vt 0.63430000 0.43560000
vt 0.64730000 0.45580000
vt 0.64730000 0.45740000
vt 0.63440000 0.43570000
vt 0.65560000 0.45660000
vt 0.65650000 0.46120000
vt 0.65120000 0.45900000
vt 0.65090000 0.45620000
vt 0.63440000 0.43590000
vt 0.66280000 0.46200000
vt 0.66210000 0.45710000
vt 0.66300000 0.46190000
vt 0.62360000 0.46110000
vt 0.63090000 0.44230000
vt 0.63090000 0.44230000
vt 0.62490000 0.45640000
vt 0.62380000 0.46120000
vt 0.62370000 0.46110000
vt 0.62340000 0.46310000
vt 0.62340000 0.46310000
vt 0.65050000 0.43570000
vt 0.64750000 0.45120000
vt 0.64570000 0.45090000
vt 0.64590000 0.44320000
vt 0.64380000 0.45050000
vt 0.64370000 0.45050000
vt 0.64900000 0.43660000
vt 0.64380000 0.43650000
vt 0.64380000 0.43650000
vt 0.64390000 0.45060000
vt 0.64390000 0.45060000
vt 0.64390000 0.45510000
vt 0.64390000 0.45510000
vt 0.64370000 0.45510000
vt 0.63610000 0.43530000
vt 0.63610000 0.43530000
vt 0.64360000 0.45510000
vt 0.64360000 0.45510000
vt 0.64410000 0.45060000
vt 0.62330000 0.46300000
vt 0.66330000 0.46380000
vt 0.62320000 0.46300000
vt 0.66310000 0.46370000
vt 0.64280000 0.43570000
vt 0.64280000 0.43570000
vt 0.64360000 0.45610000
vt 0.64360000 0.45610000
vt 0.64370000 0.45610000
vt 0.64380000 0.45610000
vt 0.64380000 0.45610000
vt 0.65750000 0.46160000
vt 0.63340000 0.45810000
vt 0.63430000 0.45310000
vt 0.63900000 0.45170000
vt 0.63850000 0.45680000
vt 0.64080000 0.43570000
vt 0.63890000 0.43560000
vt 0.63850000 0.43810000
vt 0.63690000 0.44320000
vt 0.63410000 0.44290000
vt 0.63610000 0.43760000
vt 0.64250000 0.43790000
vt 0.64360000 0.44300000
vt 0.64220000 0.44330000
vt 0.64110000 0.43840000
vt 0.62820000 0.45720000
vt 0.63020000 0.45230000
vt 0.64360000 0.43660000
vt 0.64270000 0.43590000
vt 0.63360000 0.43710000
vt 0.63110000 0.44240000
vt 0.64240000 0.43650000
vt 0.64370000 0.43750000
vt 0.63450000 0.43600000
vt 0.63670000 0.43620000
vt 0.64180000 0.43580000
vt 0.64110000 0.43670000
vt 0.64350000 0.45050000
vt 0.62700000 0.45140000
vt 0.64060000 0.44360000
vt 0.64140000 0.45110000
vt 0.64110000 0.45600000
vt 0.64340000 0.45510000
vt 0.64340000 0.45620000
vt 0.64150000 0.45680000
vt 0.63890000 0.45770000
vt 0.63840000 0.45780000
vt 0.63890000 0.43640000
vt 0.62510000 0.45640000
vt 0.62400000 0.46120000
vt 0.63740000 0.43540000
vt 0.64360000 0.45510000
vt 0.63620000 0.43540000
vt 0.63610000 0.43530000
vt 0.62770000 0.46160000
vt 0.62700000 0.46180000
vt 0.63440000 0.43590000
vt 0.63320000 0.45970000
vt 0.64360000 0.45610000
vt 0.62370000 0.46300000
vt 0.63340000 0.45810000
vt 0.63430000 0.45310000
vt 0.63900000 0.45170000
vt 0.63850000 0.45680000
vt 0.64080000 0.43570000
vt 0.63890000 0.43560000
vt 0.64080000 0.43550000
vt 0.63850000 0.43810000
vt 0.63690000 0.44320000
vt 0.63410000 0.44290000
vt 0.63610000 0.43760000
vt 0.64250000 0.43790000
vt 0.64360000 0.44300000
vt 0.64220000 0.44330000
vt 0.64110000 0.43840000
vt 0.62820000 0.45720000
vt 0.63020000 0.45230000
vt 0.64360000 0.43660000
vt 0.64270000 0.43590000
vt 0.63360000 0.43710000
vt 0.63110000 0.44240000
vt 0.64240000 0.43650000
vt 0.64370000 0.43750000
vt 0.63450000 0.43600000
vt 0.63670000 0.43620000
vt 0.64180000 0.43580000
vt 0.64110000 0.43670000
vt 0.64350000 0.45050000
vt 0.62700000 0.45140000
vt 0.64060000 0.44360000
vt 0.64140000 0.45110000
vt 0.64110000 0.45600000
vt 0.64340000 0.45510000
vt 0.64340000 0.45620000
vt 0.64150000 0.45680000
vt 0.63890000 0.45770000
vt 0.63840000 0.45780000
vt 0.63890000 0.43640000
vt 0.62510000 0.45640000
vt 0.62400000 0.46120000
vt 0.62380000 0.46120000
vt 0.62490000 0.45640000
vt 0.63740000 0.43540000
vt 0.64370000 0.45050000
vt 0.63620000 0.43540000
vt 0.62770000 0.46160000
vt 0.62700000 0.46180000
vt 0.63440000 0.43590000
vt 0.63320000 0.45970000
vt 0.62370000 0.46300000
vt 0.62340000 0.46310000
vt 0.64430000 0.43650000
vt 0.64590000 0.43650000
vt 0.64580000 0.43780000
vt 0.64430000 0.43750000
vt 0.65640000 0.44290000
vt 0.65420000 0.43760000
vt 0.63340000 0.43700000
vt 0.63340000 0.43700000
vt 0.65440000 0.43740000
vt 0.63340000 0.43700000
vt 0.63080000 0.44220000
vt 0.65660000 0.44280000
vt 0.64770000 0.44340000
vt 0.64760000 0.43810000
vt 0.64910000 0.43810000
vt 0.64990000 0.44340000
vt 0.65180000 0.43550000
vt 0.63600000 0.43480000
vt 0.63740000 0.43470000
vt 0.65050000 0.43550000
vt 0.63740000 0.43500000
vt 0.63610000 0.43500000
vt 0.64180000 0.43540000
vt 0.64080000 0.43550000
vt 0.64080000 0.43550000
vt 0.64080000 0.43530000
vt 0.64180000 0.43520000
vt 0.64630000 0.43570000
vt 0.64390000 0.44300000
vt 0.64380000 0.44300000
vt 0.64380000 0.44300000
vt 0.64390000 0.43740000
vt 0.64390000 0.43740000
vt 0.64400000 0.43740000
vt 0.62680000 0.45130000
vt 0.62480000 0.45630000
vt 0.66230000 0.45710000
vt 0.62470000 0.45630000
vt 0.66050000 0.45200000
vt 0.62670000 0.45120000
vt 0.64520000 0.43590000
vt 0.64630000 0.43590000
vt 0.64740000 0.43590000
vt 0.64750000 0.43660000
vt 0.63900000 0.43540000
vt 0.63900000 0.43540000
vt 0.63740000 0.43530000
vt 0.63740000 0.43530000
vt 0.63900000 0.43500000
vt 0.64400000 0.43650000
vt 0.64410000 0.43640000
vt 0.64410000 0.43640000
vt 0.64410000 0.43750000
vt 0.64410000 0.43750000
vt 0.64560000 0.45540000
vt 0.64560000 0.45680000
vt 0.64410000 0.45620000
vt 0.64410000 0.45510000
vt 0.64070000 0.43500000
vt 0.64740000 0.43560000
vt 0.65050000 0.45150000
vt 0.65310000 0.44320000
vt 0.65490000 0.45160000
vt 0.64300000 0.43550000
vt 0.64520000 0.43570000
vt 0.64290000 0.43560000
vt 0.64180000 0.43560000
vt 0.64180000 0.43560000
vt 0.65150000 0.43790000
vt 0.65100000 0.43660000
vt 0.65330000 0.43630000
vt 0.64900000 0.43580000
vt 0.64900000 0.43560000
vt 0.63910000 0.43470000
vt 0.64420000 0.44300000
vt 0.64400000 0.44300000
vt 0.64400000 0.44300000
vt 0.66030000 0.45200000
vt 0.65170000 0.43570000
vt 0.65340000 0.43620000
vt 0.63430000 0.43560000
vt 0.64730000 0.45580000
vt 0.64730000 0.45740000
vt 0.63440000 0.43570000
vt 0.65560000 0.45660000
vt 0.65650000 0.46120000
vt 0.65120000 0.45900000
vt 0.65090000 0.45620000
vt 0.63440000 0.43590000
vt 0.66280000 0.46200000
vt 0.66210000 0.45710000
vt 0.66300000 0.46190000
vt 0.62360000 0.46110000
vt 0.63090000 0.44230000
vt 0.62490000 0.45640000
vt 0.62380000 0.46120000
vt 0.62370000 0.46110000
vt 0.62340000 0.46310000
vt 0.62340000 0.46310000
vt 0.62340000 0.46310000
vt 0.65050000 0.43570000
vt 0.64750000 0.45120000
vt 0.64570000 0.45090000
vt 0.64590000 0.44320000
vt 0.64380000 0.45050000
vt 0.64370000 0.45050000
vt 0.64370000 0.45050000
vt 0.64900000 0.43660000
vt 0.64380000 0.43650000
vt 0.64390000 0.45060000
vt 0.64390000 0.45060000
vt 0.64390000 0.45510000
vt 0.64390000 0.45510000
vt 0.64370000 0.45510000
vt 0.63610000 0.43530000
vt 0.63610000 0.43530000
vt 0.64360000 0.45510000
vt 0.64410000 0.45060000
vt 0.62330000 0.46300000
vt 0.66330000 0.46380000
vt 0.62320000 0.46300000
vt 0.66310000 0.46370000
vt 0.64280000 0.43570000
vt 0.64280000 0.43570000
vt 0.64360000 0.45610000
vt 0.64370000 0.45610000
vt 0.64380000 0.45610000
vt 0.64380000 0.45610000
vt 0.65750000 0.46160000
vt 0.64430000 0.43650000
vt 0.64590000 0.43650000
vt 0.64580000 0.43780000
vt 0.64430000 0.43750000
vt 0.65640000 0.44290000
vt 0.65420000 0.43760000
vt 0.63340000 0.43700000
vt 0.63340000 0.43700000
vt 0.63340000 0.43700000
vt 0.65440000 0.43740000
vt 0.65660000 0.44280000
vt 0.63080000 0.44220000
vt 0.64770000 0.44340000
vt 0.64760000 0.43810000
vt 0.64910000 0.43810000
vt 0.64990000 0.44340000
vt 0.63600000 0.43480000
vt 0.65180000 0.43550000
vt 0.65050000 0.43550000
vt 0.63740000 0.43470000
vt 0.63740000 0.43500000
vt 0.63610000 0.43500000
vt 0.64180000 0.43540000
vt 0.64080000 0.43550000
vt 0.64080000 0.43550000
vt 0.64080000 0.43530000
vt 0.64180000 0.43520000
vt 0.64630000 0.43570000
vt 0.64390000 0.44300000
vt 0.64380000 0.44300000
vt 0.64380000 0.44300000
vt 0.64390000 0.43740000
vt 0.64390000 0.43740000
vt 0.64400000 0.43740000
vt 0.62680000 0.45130000
vt 0.62480000 0.45630000
vt 0.62470000 0.45630000
vt 0.66230000 0.45710000
vt 0.66050000 0.45200000
vt 0.62670000 0.45120000
vt 0.64520000 0.43590000
vt 0.64630000 0.43590000
vt 0.64740000 0.43590000
vt 0.64750000 0.43660000
vt 0.63900000 0.43540000
vt 0.63900000 0.43540000
vt 0.63740000 0.43530000
vt 0.63740000 0.43530000
vt 0.63900000 0.43500000
vt 0.64400000 0.43650000
vt 0.64410000 0.43640000
vt 0.64410000 0.43640000
vt 0.64410000 0.43750000
vt 0.64410000 0.43750000
vt 0.64560000 0.45540000
vt 0.64560000 0.45680000
vt 0.64410000 0.45620000
vt 0.64410000 0.45510000
vt 0.64740000 0.43560000
vt 0.64070000 0.43500000
vt 0.65050000 0.45150000
vt 0.65310000 0.44320000
vt 0.65490000 0.45160000
vt 0.64520000 0.43570000
vt 0.64300000 0.43550000
vt 0.64290000 0.43560000
vt 0.64180000 0.43560000
vt 0.64180000 0.43560000
vt 0.65150000 0.43790000
vt 0.65100000 0.43660000
vt 0.65330000 0.43630000
vt 0.64900000 0.43580000
vt 0.64900000 0.43560000
vt 0.63910000 0.43470000
vt 0.64420000 0.44300000
vt 0.64400000 0.44300000
vt 0.64400000 0.44300000
vt 0.66030000 0.45200000
vt 0.65170000 0.43570000
vt 0.63430000 0.43560000
vt 0.65340000 0.43620000
vt 0.64730000 0.45580000
vt 0.64730000 0.45740000
vt 0.63440000 0.43570000
vt 0.65560000 0.45660000
vt 0.65650000 0.46120000
vt 0.65120000 0.45900000
vt 0.65090000 0.45620000
vt 0.63440000 0.43590000
vt 0.63440000 0.43590000
vt 0.66280000 0.46200000
vt 0.66210000 0.45710000
vt 0.66300000 0.46190000
vt 0.62360000 0.46110000
vt 0.63090000 0.44230000
vt 0.62490000 0.45640000
vt 0.62380000 0.46120000
vt 0.62370000 0.46110000
vt 0.62340000 0.46310000
vt 0.62340000 0.46310000
vt 0.65050000 0.43570000
vt 0.64750000 0.45120000
vt 0.64570000 0.45090000
vt 0.64590000 0.44320000
vt 0.64380000 0.45050000
vt 0.64370000 0.45050000
vt 0.64370000 0.45050000
vt 0.64900000 0.43660000
vt 0.64380000 0.43650000
vt 0.64390000 0.45060000
vt 0.64390000 0.45060000
vt 0.64390000 0.45510000
vt 0.64390000 0.45510000
vt 0.64370000 0.45510000
vt 0.63610000 0.43530000
vt 0.63610000 0.43530000
vt 0.64360000 0.45510000
vt 0.64410000 0.45060000
vt 0.62330000 0.46300000
vt 0.66330000 0.46380000
vt 0.62320000 0.46300000
vt 0.66310000 0.46370000
vt 0.64280000 0.43570000
vt 0.64280000 0.43570000
vt 0.64360000 0.45610000
vt 0.64370000 0.45610000
vt 0.64380000 0.45610000
vt 0.64380000 0.45610000
vt 0.65750000 0.46160000
vt 0.63340000 0.45810000
vt 0.63430000 0.45310000
vt 0.63900000 0.45170000
vt 0.63850000 0.45680000
vt 0.64080000 0.43570000
vt 0.63890000 0.43560000
vt 0.63850000 0.43810000
vt 0.63690000 0.44320000
vt 0.63410000 0.44290000
vt 0.63610000 0.43760000
vt 0.64250000 0.43790000
vt 0.64360000 0.44300000
vt 0.64220000 0.44330000
vt 0.64110000 0.43840000
vt 0.62820000 0.45720000
vt 0.63020000 0.45230000
vt 0.64360000 0.43660000
vt 0.64270000 0.43590000
vt 0.64380000 0.43650000
vt 0.63360000 0.43710000
vt 0.63110000 0.44240000
vt 0.63090000 0.44230000
vt 0.64240000 0.43650000
vt 0.64370000 0.43750000
vt 0.63450000 0.43600000
vt 0.63670000 0.43620000
vt 0.64180000 0.43580000
vt 0.64110000 0.43670000
vt 0.64350000 0.45050000
vt 0.62700000 0.45140000
vt 0.62680000 0.45130000
vt 0.64060000 0.44360000
vt 0.64140000 0.45110000
vt 0.64110000 0.45600000
vt 0.64340000 0.45510000
vt 0.64340000 0.45620000
vt 0.64150000 0.45680000
vt 0.63890000 0.45770000
vt 0.63840000 0.45780000
vt 0.63890000 0.43640000
vt 0.62510000 0.45640000
vt 0.62400000 0.46120000
vt 0.62380000 0.46120000
vt 0.62490000 0.45640000
vt 0.63740000 0.43540000
vt 0.64360000 0.45510000
vt 0.63620000 0.43540000
vt 0.62770000 0.46160000
vt 0.62700000 0.46180000
vt 0.63440000 0.43590000
vt 0.63320000 0.45970000
vt 0.64360000 0.45610000
vt 0.62370000 0.46300000
vt 0.63340000 0.45810000
vt 0.63430000 0.45310000
vt 0.63900000 0.45170000
vt 0.63850000 0.45680000
vt 0.64080000 0.43570000
vt 0.63890000 0.43560000
vt 0.63850000 0.43810000
vt 0.63690000 0.44320000
vt 0.63410000 0.44290000
vt 0.63610000 0.43760000
vt 0.64250000 0.43790000
vt 0.64360000 0.44300000
vt 0.64220000 0.44330000
vt 0.64110000 0.43840000
vt 0.62820000 0.45720000
vt 0.63020000 0.45230000
vt 0.64360000 0.43660000
vt 0.64270000 0.43590000
vt 0.64380000 0.43650000
vt 0.63360000 0.43710000
vt 0.63110000 0.44240000
vt 0.63090000 0.44230000
vt 0.64240000 0.43650000
vt 0.64370000 0.43750000
vt 0.63450000 0.43600000
vt 0.63670000 0.43620000
vt 0.64180000 0.43580000
vt 0.64110000 0.43670000
vt 0.64350000 0.45050000
vt 0.62700000 0.45140000
vt 0.62680000 0.45130000
vt 0.64060000 0.44360000
vt 0.64140000 0.45110000
vt 0.64110000 0.45600000
vt 0.64340000 0.45510000
vt 0.64340000 0.45620000
vt 0.64150000 0.45680000
vt 0.63890000 0.45770000
vt 0.63840000 0.45780000
vt 0.63890000 0.43640000
vt 0.62510000 0.45640000
vt 0.62400000 0.46120000
vt 0.62380000 0.46120000
vt 0.62490000 0.45640000
vt 0.63740000 0.43540000
vt 0.64360000 0.45510000
vt 0.63620000 0.43540000
vt 0.62770000 0.46160000
vt 0.62700000 0.46180000
vt 0.63320000 0.45970000
vt 0.64360000 0.45610000
vt 0.62370000 0.46300000
vt 0.62340000 0.46310000
f 1/1 2/2 3/3
f 3/3 4/4 1/1
f 5/5 6/6 9/9
f 9/9 12/12 5/5
f 13/13 14/14 15/15
f 15/15 16/16 13/13
f 18/18 19/19 21/21
f 21/21 22/22 18/18
f 23/23 24/24 26/26
f 26/26 28/28 23/23
f 29/29 31/31 32/32
f 32/32 33/33 29/29
f 34/34 36/36 37/37
f 37/37 39/39 34/34
f 41/41 42/42 2/2
f 2/2 1/1 41/41
f 42/42 43/43 44/44
f 44/44 2/2 42/42
f 14/14 3/3 2/2
f 2/2 44/44 14/14
f 46/46 47/47 21/21
f 21/21 49/49 46/46
f 50/50 52/52 53/53
f 53/53 33/33 50/50
f 55/55 56/56 57/57
f 57/57 58/58 55/55
f 43/43 42/42 27/27
f 27/27 60/60 43/43
f 61/61 16/16 62/62
f 62/62 63/63 61/61
f 23/23 65/65 66/66
f 66/66 67/67 23/23
f 69/69 70/70 71/71
f 71/71 6/6 69/69
f 72/72 43/43 60/60
f 60/60 73/73 72/72
f 4/4 75/75 76/76
f 76/76 54/54 4/4
f 78/78 5/5 12/12
f 12/12 40/40 78/78
f 62/62 69/69 6/6
f 6/6 5/5 62/62
f 71/71 79/79 17/17
f 17/17 81/81 71/71
f 1/1 4/4 54/54
f 54/54 51/51 1/1
f 24/24 46/46 49/49
f 49/49 26/26 24/24
f 42/42 41/41 64/64
f 64/64 27/27 42/42
f 82/82 83/83 56/56
f 56/56 55/55 82/82
f 80/80 18/18 22/22
f 22/22 84/84 80/80
f 85/85 86/86 87/87
f 87/87 88/88 85/85
f 7/7 80/80 84/84
f 84/84 89/89 7/7
f 90/90 91/91 38/38
f 38/38 93/93 90/90
f 92/92 37/37 36/36
f 95/95 11/11 8/8
f 34/34 96/96 36/36
f 96/96 98/98 100/100
f 98/98 101/101 103/103
f 91/91 78/78 40/40
f 40/40 38/38 91/91
f 33/33 53/53 77/77
f 77/77 29/29 33/33
f 95/95 34/34 39/39
f 39/39 11/11 95/95
f 79/79 104/104 20/20
f 20/20 17/17 79/79
f 105/105 106/106 107/107
f 107/107 13/13 105/105
f 108/108 110/110 31/31
f 31/31 29/29 108/108
f 105/105 13/13 16/16
f 16/16 61/61 105/105
f 44/44 43/43 72/72
f 72/72 111/111 44/44
f 66/66 65/65 50/50
f 50/50 112/112 66/66
f 104/104 72/72 73/73
f 73/73 20/20 104/104
f 33/33 32/32 112/112
f 112/112 50/50 33/33
f 19/19 74/74 49/49
f 49/49 21/21 19/19
f 29/29 77/77 115/115
f 115/115 108/108 29/29
f 88/88 61/61 63/63
f 63/63 85/85 88/88
f 108/108 115/115 116/116
f 116/116 118/118 108/108
f 47/47 119/119 22/22
f 22/22 21/21 47/47
f 110/110 108/108 118/118
f 118/118 120/120 110/110
f 82/82 105/105 61/61
f 61/61 88/88 82/82
f 15/15 111/111 70/70
f 70/70 69/69 15/15
f 69/69 62/62 16/16
f 16/16 15/15 69/69
f 119/119 89/89 84/84
f 84/84 22/22 119/119
f 111/111 72/72 104/104
f 104/104 70/70 111/111
f 121/121 58/58 117/117
f 117/117 114/114 121/121
f 14/14 44/44 111/111
f 111/111 15/15 14/14
f 63/63 62/62 5/5
f 5/5 78/78 63/63
f 106/106 121/121 75/75
f 75/75 107/107 106/106
f 88/88 87/87 83/83
f 83/83 82/82 88/88
f 74/74 59/59 26/26
f 26/26 49/49 74/74
f 78/78 91/91 85/85
f 85/85 63/63 78/78
f 6/6 71/71 81/81
f 81/81 9/9 6/6
f 41/41 1/1 51/51
f 51/51 64/64 41/41
f 100/100 92/92 36/36
f 36/36 96/96 100/100
f 70/70 104/104 79/79
f 79/79 71/71 70/70
f 28/28 26/26 59/59
f 28/28 65/65 23/23
f 67/67 24/24 23/23
f 65/65 52/52 50/50
f 55/55 58/58 121/121
f 121/121 106/106 55/55
f 82/82 55/55 106/106
f 106/106 105/105 82/82
f 75/75 121/121 114/114
f 114/114 76/76 75/75
f 13/13 107/107 3/3
f 3/3 14/14 13/13
f 107/107 75/75 4/4
f 4/4 3/3 107/107
f 98/98 103/103 122/122
f 122/122 100/100 98/98
f 93/93 124/124 125/125
f 125/125 90/90 93/93
f 66/66 112/112 126/126
f 126/126 67/67 66/66
f 128/128 120/120 118/118
f 118/118 130/130 128/128
f 100/100 122/122 123/123
f 123/123 92/92 100/100
f 130/130 118/118 116/116
f 116/116 131/131 130/130
f 132/132 117/117 58/58
f 58/58 57/57 132/132
f 91/91 90/90 133/133
f 85/85 91/91 133/133
f 86/86 85/85 133/133
f 133/133 90/90 125/125
f 134/134 135/135 136/136
f 136/136 137/137 134/134
f 138/138 139/139 140/140
f 140/140 144/144 138/138
f 145/145 146/146 147/147
f 147/147 148/148 145/145
f 149/149 151/151 153/153
f 153/153 154/154 149/149
f 155/155 157/157 158/158
f 158/158 159/159 155/155
f 161/161 162/162 164/164
f 164/164 166/166 161/161
f 167/167 169/169 170/170
f 170/170 173/173 167/167
f 174/174 175/175 135/135
f 135/135 134/134 174/174
f 175/175 176/176 177/177
f 177/177 135/135 175/175
f 146/146 136/136 135/135
f 135/135 177/177 146/146
f 178/178 181/181 153/153
f 153/153 182/182 178/178
f 183/183 184/184 186/186
f 186/186 166/166 183/183
f 188/188 189/189 190/190
f 190/190 191/191 188/188
f 176/176 175/175 160/160
f 160/160 192/192 176/176
f 194/194 148/148 195/195
f 195/195 196/196 194/194
f 155/155 198/198 199/199
f 199/199 200/200 155/155
f 202/202 203/203 204/204
f 204/204 139/139 202/202
f 205/205 176/176 192/192
f 192/192 206/206 205/205
f 137/137 208/208 210/210
f 210/210 187/187 137/137
f 211/211 138/138 144/144
f 144/144 172/172 211/211
f 195/195 202/202 139/139
f 139/139 138/138 195/195
f 204/204 212/212 150/150
f 150/150 213/213 204/204
f 134/134 137/137 187/187
f 187/187 185/185 134/134
f 157/157 178/178 182/182
f 182/182 158/158 157/157
f 175/175 174/174 197/197
f 197/197 160/160 175/175
f 215/215 216/216 189/189
f 189/189 188/188 215/215
f 214/214 149/149 154/154
f 154/154 217/217 214/214
f 218/218 219/219 220/220
f 220/220 221/221 218/218
f 141/141 214/214 217/217
f 217/217 222/222 141/141
f 223/223 224/224 171/171
f 171/171 226/226 223/223
f 225/225 170/170 169/169
f 228/228 143/143 142/142
f 167/167 230/230 169/169
f 230/230 231/231 233/233
f 231/231 234/234 235/235
f 224/224 211/211 172/172
f 172/172 171/171 224/224
f 166/166 186/186 209/209
f 209/209 161/161 166/166
f 228/228 167/167 173/173
f 173/173 143/143 228/228
f 212/212 236/236 152/152
f 152/152 150/150 212/212
f 237/237 238/238 239/239
f 239/239 145/145 237/237
f 240/240 242/242 162/162
f 162/162 161/161 240/240
f 237/237 145/145 148/148
f 148/148 194/194 237/237
f 177/177 176/176 205/205
f 205/205 243/243 177/177
f 199/199 198/198 183/183
f 183/183 244/244 199/199
f 236/236 205/205 206/206
f 206/206 152/152 236/236
f 166/166 164/164 244/244
f 244/244 183/183 166/166
f 151/151 207/207 182/182
f 182/182 153/153 151/151
f 161/161 209/209 246/246
f 246/246 240/240 161/161
f 221/221 194/194 196/196
f 196/196 218/218 221/221
f 240/240 246/246 248/248
f 248/248 249/249 240/240
f 181/181 250/250 154/154
f 154/154 153/153 181/181
f 242/242 240/240 249/249
f 249/249 253/253 242/242
f 215/215 237/237 194/194
f 194/194 221/221 215/215
f 147/147 243/243 203/203
f 203/203 202/202 147/147
f 202/202 195/195 148/148
f 148/148 147/147 202/202
f 250/250 222/222 217/217
f 217/217 154/154 250/250
f 243/243 205/205 236/236
f 236/236 203/203 243/243
f 254/254 191/191 247/247
f 247/247 245/245 254/254
f 146/146 177/177 243/243
f 243/243 147/147 146/146
f 196/196 195/195 138/138
f 138/138 211/211 196/196
f 238/238 254/254 208/208
f 208/208 239/239 238/238
f 221/221 220/220 216/216
f 216/216 215/215 221/221
f 207/207 193/193 158/158
f 158/158 182/182 207/207
f 211/211 224/224 218/218
f 218/218 196/196 211/211
f 139/139 204/204 213/213
f 213/213 140/140 139/139
f 174/174 134/134 185/185
f 185/185 197/197 174/174
f 233/233 225/225 169/169
f 169/169 230/230 233/233
f 203/203 236/236 212/212
f 212/212 204/204 203/203
f 159/159 158/158 193/193
f 159/159 198/198 155/155
f 200/200 157/157 155/155
f 198/198 184/184 183/183
f 188/188 191/191 254/254
f 254/254 238/238 188/188
f 215/215 188/188 238/238
f 238/238 237/237 215/215
f 208/208 254/254 245/245
f 245/245 210/210 208/208
f 145/145 239/239 136/136
f 136/136 146/146 145/145
f 239/239 208/208 137/137
f 137/137 136/136 239/239
f 231/231 235/235 255/255
f 255/255 233/233 231/231
f 226/226 256/256 258/258
f 258/258 223/223 226/226
f 199/199 244/244 259/259
f 259/259 200/200 199/199
f 262/262 253/253 249/249
f 249/249 263/263 262/262
f 233/233 255/255 257/257
f 257/257 225/225 233/233
f 263/263 249/249 248/248
f 248/248 264/264 263/263
f 265/265 247/247 191/191
f 191/191 190/190 265/265
f 224/224 223/223 266/266
f 218/218 224/224 266/266
f 219/219 218/218 266/266
f 266/266 223/223 258/258
f 267/267 268/268 269/269
f 269/269 270/270 267/267
f 271/271 272/272 45/45
f 45/45 25/25 271/271
f 273/273 274/274 275/275
f 275/275 276/276 273/273
f 277/277 278/278 279/279
f 279/279 280/280 277/277
f 268/268 267/267 281/281
f 281/281 282/282 268/268
f 283/283 284/284 127/127
f 127/127 113/113 283/283
f 285/285 286/286 94/94
f 94/94 10/10 285/285
f 287/287 283/283 288/288
f 288/288 277/277 287/287
f 283/283 287/287 284/284
f 285/285 289/289 290/290
f 290/290 276/276 285/285
f 291/291 292/292 271/271
f 288/288 278/278 277/277
f 279/279 278/278 293/293
f 286/286 294/294 35/35
f 35/35 94/94 286/286
f 280/280 279/279 295/295
f 295/295 296/296 269/269
f 297/297 298/298 299/299
f 299/299 300/300 297/297
f 298/298 296/296 293/293
f 269/269 297/297 270/270
f 284/284 291/291 68/68
f 68/68 127/127 284/284
f 270/270 301/301 302/302
f 297/297 300/300 301/301
f 301/301 270/270 297/297
f 303/303 272/272 271/271
f 271/271 292/292 303/303
f 304/304 305/305 99/99
f 99/99 97/97 304/304
f 272/272 306/306 48/48
f 48/48 45/45 272/272
f 298/298 293/293 109/109
f 109/109 307/307 298/298
f 289/289 308/308 306/306
f 306/306 290/290 289/289
f 304/304 294/294 282/282
f 282/282 281/281 304/304
f 293/293 278/278 30/30
f 30/30 109/109 293/293
f 296/296 295/295 279/279
f 279/279 293/293 296/296
f 292/292 287/287 277/277
f 277/277 280/280 292/292
f 306/306 308/308 309/309
f 309/309 48/48 306/306
f 310/310 311/311 305/305
f 281/281 310/310 305/305
f 281/281 305/305 304/304
f 308/308 289/289 312/312
f 312/312 309/309 308/308
f 288/288 283/283 113/113
f 113/113 313/313 288/288
f 274/274 273/273 280/280
f 280/280 295/295 274/274
f 291/291 271/271 25/25
f 25/25 68/68 291/291
f 294/294 304/304 97/97
f 97/97 35/35 294/294
f 294/294 286/286 275/275
f 275/275 282/282 294/294
f 302/302 314/314 267/267
f 267/267 270/270 302/302
f 274/274 268/268 282/282
f 282/282 275/275 274/274
f 289/289 285/285 10/10
f 10/10 312/312 289/289
f 278/278 288/288 313/313
f 313/313 30/30 278/278
f 272/272 303/303 290/290
f 290/290 306/306 272/272
f 291/291 284/284 287/287
f 287/287 292/292 291/291
f 286/286 285/285 276/276
f 276/276 275/275 286/286
f 297/297 269/269 296/296
f 296/296 298/298 297/297
f 303/303 273/273 276/276
f 276/276 290/290 303/303
f 273/273 303/303 292/292
f 292/292 280/280 273/273
f 268/268 274/274 295/295
f 295/295 269/269 268/268
f 129/129 299/299 298/298
f 298/298 307/307 129/129
f 99/99 305/305 315/315
f 315/315 102/102 99/99
f 281/281 267/267 314/314
f 314/314 310/310 281/281
f 315/315 305/305 311/311
f 316/316 317/317 318/318
f 318/318 319/319 316/316
f 320/320 321/321 179/179
f 179/179 156/156 320/320
f 322/322 323/323 324/324
f 324/324 325/325 322/322
f 326/326 327/327 328/328
f 328/328 329/329 326/326
f 317/317 316/316 330/330
f 330/330 331/331 317/317
f 332/332 333/333 260/260
f 260/260 334/334 332/332
f 335/335 336/336 227/227
f 227/227 337/337 335/335
f 338/338 332/332 339/339
f 339/339 326/326 338/338
f 332/332 338/338 333/333
f 335/335 340/340 341/341
f 341/341 325/325 335/335
f 342/342 343/343 320/320
f 339/339 327/327 326/326
f 328/328 327/327 344/344
f 336/336 345/345 168/168
f 168/168 227/227 336/336
f 329/329 328/328 346/346
f 346/346 347/347 318/318
f 348/348 349/349 350/350
f 350/350 351/351 348/348
f 349/349 347/347 344/344
f 318/318 348/348 319/319
f 333/333 342/342 201/201
f 201/201 260/260 333/333
f 319/319 352/352 353/353
f 348/348 351/351 352/352
f 352/352 319/319 348/348
f 354/354 321/321 320/320
f 320/320 343/343 354/354
f 355/355 356/356 232/232
f 232/232 229/229 355/355
f 321/321 357/357 180/180
f 180/180 179/179 321/321
f 349/349 344/344 241/241
f 241/241 252/252 349/349
f 340/340 358/358 357/357
f 357/357 341/341 340/340
f 355/355 345/345 331/331
f 331/331 330/330 355/355
f 344/344 327/327 163/163
f 163/163 241/241 344/344
f 347/347 346/346 328/328
f 328/328 344/344 347/347
f 343/343 338/338 326/326
f 326/326 329/329 343/343
f 357/357 358/358 251/251
f 251/251 180/180 357/357
f 359/359 360/360 356/356
f 330/330 359/359 356/356
f 330/330 356/356 355/355
f 358/358 340/340 361/361
f 361/361 251/251 358/358
f 339/339 332/332 334/334
f 334/334 165/165 339/339
f 323/323 322/322 329/329
f 329/329 346/346 323/323
f 342/342 320/320 156/156
f 156/156 201/201 342/342
f 345/345 355/355 229/229
f 229/229 168/168 345/345
f 345/345 336/336 324/324
f 324/324 331/331 345/345
f 353/353 362/362 316/316
f 316/316 319/319 353/353
f 323/323 317/317 331/331
f 331/331 324/324 323/323
f 340/340 335/335 337/337
f 337/337 361/361 340/340
f 327/327 339/339 165/165
f 165/165 163/163 327/327
f 321/321 354/354 341/341
f 341/341 357/357 321/321
f 342/342 333/333 338/338
f 338/338 343/343 342/342
f 336/336 335/335 325/325
f 325/325 324/324 336/336
f 348/348 318/318 347/347
f 347/347 349/349 348/348
f 354/354 322/322 325/325
f 325/325 341/341 354/354
f 322/322 354/354 343/343
f 343/343 329/329 322/322
f 317/317 323/323 346/346
f 346/346 318/318 317/317
f 261/261 350/350 349/349
f 349/349 252/252 261/261
f 232/232 356/356 363/363
f 363/363 364/364 232/232
f 330/330 316/316 362/362
f 362/362 359/359 330/330
f 363/363 356/356 360/360
f 367/367 366/366 365/365
f 365/365 368/368 367/367
f 372/372 370/370 369/369
f 369/369 375/375 372/372
f 379/379 378/378 377/377
f 377/377 380/380 379/379
f 385/385 383/383 382/382
f 382/382 386/386 385/385
f 390/390 388/388 387/387
f 387/387 391/391 390/390
f 396/396 394/394 393/393
f 393/393 397/397 396/396
f 401/401 399/399 398/398
f 398/398 403/403 401/401
f 366/366 405/405 404/404
f 404/404 365/365 366/366
f 407/407 406/406 405/405
f 405/405 366/366 407/407
f 366/366 367/367 378/378
f 378/378 407/407 366/366
f 385/385 410/410 409/409
f 409/409 412/412 385/385
f 416/416 415/415 413/413
f 413/413 397/397 416/416
f 420/420 419/419 418/418
f 418/418 421/421 420/420
f 392/392 405/405 406/406
f 406/406 422/422 392/392
f 425/425 380/380 424/424
f 424/424 426/426 425/425
f 429/429 427/427 387/387
f 387/387 430/430 429/429
f 434/434 433/433 432/432
f 432/432 370/370 434/434
f 422/422 406/406 435/435
f 435/435 436/436 422/422
f 440/440 438/438 368/368
f 368/368 417/417 440/440
f 375/375 369/369 441/441
f 441/441 402/402 375/375
f 370/370 432/432 425/425
f 425/425 369/369 370/370
f 381/381 442/442 434/434
f 434/434 443/443 381/381
f 417/417 368/368 365/365
f 365/365 414/414 417/417
f 412/412 409/409 388/388
f 388/388 390/390 412/412
f 428/428 404/404 405/405
f 405/405 392/392 428/428
f 419/419 446/446 445/445
f 445/445 418/418 419/419
f 386/386 382/382 444/444
f 444/444 447/447 386/386
f 450/450 449/449 448/448
f 448/448 451/451 450/450
f 447/447 444/444 373/373
f 373/373 452/452 447/447
f 400/400 454/454 453/453
f 453/453 456/456 400/400
f 399/399 401/401 455/455
f 374/374 376/376 457/457
f 399/399 459/459 398/398
f 462/462 461/461 459/459
f 465/465 464/464 461/461
f 402/402 441/441 454/454
f 454/454 400/400 402/402
f 439/439 416/416 397/397
f 397/397 393/393 439/439
f 403/403 398/398 457/457
f 457/457 376/376 403/403
f 384/384 466/466 442/442
f 442/442 381/381 384/384
f 469/469 468/468 467/467
f 467/467 377/377 469/469
f 394/394 472/472 470/470
f 470/470 393/393 394/394
f 380/380 377/377 467/467
f 467/467 424/424 380/380
f 435/435 406/406 407/407
f 407/407 473/473 435/435
f 413/413 427/427 429/429
f 429/429 475/475 413/413
f 436/436 435/435 466/466
f 466/466 384/384 436/436
f 475/475 396/396 397/397
f 397/397 413/413 475/475
f 412/412 437/437 383/383
f 383/383 385/385 412/412
f 476/476 439/439 393/393
f 393/393 470/470 476/476
f 426/426 424/424 451/451
f 451/451 448/448 426/426
f 479/479 476/476 470/470
f 470/470 480/480 479/479
f 386/386 482/482 410/410
f 410/410 385/385 386/386
f 480/480 470/470 472/472
f 472/472 483/483 480/480
f 424/424 467/467 445/445
f 445/445 451/451 424/424
f 433/433 473/473 379/379
f 379/379 432/432 433/433
f 380/380 425/425 432/432
f 432/432 379/379 380/380
f 447/447 452/452 482/482
f 482/482 386/386 447/447
f 466/466 435/435 473/473
f 473/473 433/433 466/466
f 478/478 421/421 484/484
f 484/484 477/477 478/478
f 473/473 407/407 378/378
f 378/378 379/379 473/473
f 369/369 425/425 426/426
f 426/426 441/441 369/369
f 438/438 484/484 468/468
f 468/468 469/469 438/438
f 446/446 450/450 451/451
f 451/451 445/445 446/446
f 390/390 423/423 437/437
f 437/437 412/412 390/390
f 448/448 454/454 441/441
f 441/441 426/426 448/448
f 443/443 434/434 370/370
f 370/370 372/372 443/443
f 414/414 365/365 404/404
f 404/404 428/428 414/414
f 399/399 455/455 462/462
f 462/462 459/459 399/399
f 442/442 466/466 433/433
f 433/433 434/434 442/442
f 423/423 390/390 391/391
f 387/387 427/427 391/391
f 387/387 388/388 430/430
f 413/413 415/415 427/427
f 484/484 421/421 418/418
f 418/418 468/468 484/484
f 468/468 418/418 445/445
f 445/445 467/467 468/468
f 477/477 484/484 438/438
f 438/438 440/440 477/477
f 367/367 469/469 377/377
f 377/377 378/378 367/367
f 368/368 438/438 469/469
f 469/469 367/367 368/368
f 485/485 465/465 461/461
f 461/461 462/462 485/485
f 488/488 486/486 456/456
f 456/456 453/453 488/488
f 489/489 475/475 429/429
f 429/429 430/430 489/489
f 480/480 483/483 491/491
f 491/491 492/492 480/480
f 487/487 485/485 462/462
f 462/462 455/455 487/487
f 479/479 480/480 492/492
f 492/492 493/493 479/479
f 421/421 478/478 494/494
f 494/494 420/420 421/421
f 495/495 453/453 454/454
f 495/495 454/454 448/448
f 495/495 448/448 449/449
f 488/488 453/453 495/495
f 498/498 497/497 496/496
f 496/496 499/499 498/498
f 502/502 501/501 500/500
f 500/500 506/506 502/502
f 509/509 508/508 507/507
f 507/507 510/510 509/509
f 515/515 513/513 511/511
f 511/511 516/516 515/515
f 520/520 518/518 517/517
f 517/517 522/522 520/520
f 526/526 525/525 523/523
f 523/523 528/528 526/526
f 532/532 530/530 529/529
f 529/529 533/533 532/532
f 497/497 536/536 535/535
f 535/535 496/496 497/497
f 538/538 537/537 536/536
f 536/536 497/497 538/538
f 497/497 498/498 508/508
f 508/508 538/538 497/497
f 515/515 541/541 539/539
f 539/539 543/543 515/515
f 548/548 545/545 544/544
f 544/544 528/528 548/548
f 551/551 550/550 549/549
f 549/549 552/552 551/551
f 521/521 536/536 537/537
f 537/537 554/554 521/521
f 556/556 510/510 555/555
f 555/555 557/557 556/556
f 560/560 558/558 517/517
f 517/517 561/561 560/560
f 565/565 564/564 563/563
f 563/563 501/501 565/565
f 554/554 537/537 566/566
f 566/566 568/568 554/554
f 570/570 569/569 499/499
f 499/499 547/547 570/570
f 506/506 500/500 572/572
f 572/572 534/534 506/506
f 501/501 563/563 556/556
f 556/556 500/500 501/501
f 512/512 573/573 565/565
f 565/565 575/575 512/512
f 547/547 499/499 496/496
f 496/496 546/546 547/547
f 543/543 539/539 518/518
f 518/518 520/520 543/543
f 559/559 535/535 536/536
f 536/536 521/521 559/559
f 550/550 577/577 576/576
f 576/576 549/549 550/550
f 516/516 511/511 574/574
f 574/574 578/578 516/516
f 581/581 580/580 579/579
f 579/579 582/582 581/581
f 578/578 574/574 503/503
f 503/503 584/584 578/578
f 531/531 586/586 585/585
f 585/585 587/587 531/531
f 530/530 532/532 588/588
f 504/504 505/505 589/589
f 530/530 590/590 529/529
f 594/594 592/592 590/590
f 596/596 595/595 592/592
f 534/534 572/572 586/586
f 586/586 531/531 534/534
f 571/571 548/548 528/528
f 528/528 523/523 571/571
f 533/533 529/529 589/589
f 589/589 505/505 533/533
f 514/514 597/597 573/573
f 573/573 512/512 514/514
f 600/600 599/599 598/598
f 598/598 507/507 600/600
f 525/525 602/602 601/601
f 601/601 523/523 525/525
f 510/510 507/507 598/598
f 598/598 555/555 510/510
f 566/566 537/537 538/538
f 538/538 604/604 566/566
f 544/544 558/558 560/560
f 560/560 606/606 544/544
f 568/568 566/566 597/597
f 597/597 514/514 568/568
f 606/606 526/526 528/528
f 528/528 544/544 606/606
f 543/543 567/567 513/513
f 513/513 515/515 543/543
f 607/607 571/571 523/523
f 523/523 601/601 607/607
f 557/557 555/555 582/582
f 582/582 579/579 557/557
f 609/609 607/607 601/601
f 601/601 611/611 609/609
f 516/516 612/612 541/541
f 541/541 515/515 516/516
f 611/611 601/601 602/602
f 602/602 615/615 611/611
f 555/555 598/598 576/576
f 576/576 582/582 555/555
f 564/564 604/604 509/509
f 509/509 563/563 564/564
f 510/510 556/556 563/563
f 563/563 509/509 510/510
f 578/578 584/584 612/612
f 612/612 516/516 578/578
f 597/597 566/566 604/604
f 604/604 564/564 597/597
f 610/610 552/552 616/616
f 616/616 608/608 610/610
f 604/604 538/538 508/508
f 508/508 509/509 604/604
f 500/500 556/556 557/557
f 557/557 572/572 500/500
f 569/569 616/616 599/599
f 599/599 600/600 569/569
f 577/577 581/581 582/582
f 582/582 576/576 577/577
f 520/520 553/553 567/567
f 567/567 543/543 520/520
f 579/579 586/586 572/572
f 572/572 557/557 579/579
f 575/575 565/565 501/501
f 501/501 502/502 575/575
f 546/546 496/496 535/535
f 535/535 559/559 546/546
f 530/530 588/588 594/594
f 594/594 590/590 530/530
f 573/573 597/597 564/564
f 564/564 565/565 573/573
f 553/553 520/520 522/522
f 517/517 558/558 522/522
f 517/517 518/518 561/561
f 544/544 545/545 558/558
f 616/616 552/552 549/549
f 549/549 599/599 616/616
f 599/599 549/549 576/576
f 576/576 598/598 599/599
f 608/608 616/616 569/569
f 569/569 570/570 608/608
f 498/498 600/600 507/507
f 507/507 508/508 498/498
f 499/499 569/569 600/600
f 600/600 498/498 499/499
f 617/617 596/596 592/592
f 592/592 594/594 617/617
f 620/620 619/619 587/587
f 587/587 585/585 620/620
f 622/622 606/606 560/560
f 560/560 561/561 622/622
f 611/611 615/615 624/624
f 624/624 625/625 611/611
f 618/618 617/617 594/594
f 594/594 588/588 618/618
f 609/609 611/611 625/625
f 625/625 627/627 609/609
f 552/552 610/610 626/626
f 626/626 551/551 552/552
f 628/628 585/585 586/586
f 628/628 586/586 579/579
f 628/628 579/579 580/580
f 620/620 585/585 628/628
f 631/631 630/630 629/629
f 629/629 632/632 631/631
f 408/408 634/634 633/633
f 633/633 389/389 408/408
f 637/637 636/636 635/635
f 635/635 638/638 637/637
f 641/641 640/640 639/639
f 639/639 642/642 641/641
f 643/643 629/629 630/630
f 630/630 644/644 643/643
f 490/490 646/646 645/645
f 645/645 474/474 490/490
f 649/649 648/648 647/647
f 647/647 371/371 649/649
f 651/651 645/645 650/650
f 650/650 639/639 651/651
f 646/646 650/650 645/645
f 653/653 652/652 647/647
f 647/647 638/638 653/653
f 633/633 655/655 654/654
f 639/639 640/640 651/651
f 656/656 640/640 641/641
f 658/658 657/657 648/648
f 648/648 649/649 658/658
f 659/659 641/641 642/642
f 631/631 660/660 659/659
f 663/663 662/662 661/661
f 661/661 664/664 663/663
f 656/656 660/660 662/662
f 632/632 661/661 631/631
f 431/431 654/654 646/646
f 646/646 490/490 431/431
f 666/666 665/665 632/632
f 665/665 664/664 661/661
f 661/661 632/632 665/665
f 633/633 634/634 667/667
f 667/667 655/655 633/633
f 460/460 669/669 668/668
f 668/668 458/458 460/460
f 411/411 670/670 634/634
f 634/634 408/408 411/411
f 471/471 656/656 662/662
f 662/662 671/671 471/471
f 670/670 672/672 652/652
f 652/652 653/653 670/670
f 644/644 657/657 668/668
f 668/668 643/643 644/644
f 395/395 640/640 656/656
f 656/656 471/471 395/395
f 641/641 659/659 660/660
f 660/660 656/656 641/641
f 639/639 650/650 655/655
f 655/655 642/642 639/639
f 481/481 672/672 670/670
f 670/670 411/411 481/481
f 669/669 674/674 673/673
f 669/669 673/673 643/643
f 668/668 669/669 643/643
f 675/675 652/652 672/672
f 672/672 481/481 675/675
f 474/474 645/645 651/651
f 651/651 676/676 474/474
f 642/642 635/635 636/636
f 636/636 659/659 642/642
f 389/389 633/633 654/654
f 654/654 431/431 389/389
f 458/458 668/668 657/657
f 657/657 658/658 458/458
f 637/637 648/648 657/657
f 657/657 644/644 637/637
f 629/629 677/677 666/666
f 666/666 632/632 629/629
f 644/644 630/630 636/636
f 636/636 637/637 644/644
f 371/371 647/647 652/652
f 652/652 675/675 371/371
f 676/676 651/651 640/640
f 640/640 395/395 676/676
f 653/653 667/667 634/634
f 634/634 670/670 653/653
f 650/650 646/646 654/654
f 654/654 655/655 650/650
f 638/638 647/647 648/648
f 648/648 637/637 638/638
f 660/660 631/631 661/661
f 661/661 662/662 660/660
f 638/638 635/635 667/667
f 667/667 653/653 638/638
f 655/655 667/667 635/635
f 635/635 642/642 655/655
f 659/659 636/636 630/630
f 630/630 631/631 659/659
f 662/662 663/663 678/678
f 678/678 671/671 662/662
f 679/679 669/669 460/460
f 460/460 463/463 679/679
f 677/677 629/629 643/643
f 643/643 673/673 677/677
f 674/674 669/669 679/679
f 682/682 681/681 680/680
f 680/680 683/683 682/682
f 540/540 685/685 684/684
f 684/684 519/519 540/540
f 688/688 687/687 686/686
f 686/686 689/689 688/688
f 692/692 691/691 690/690
f 690/690 693/693 692/692
f 694/694 680/680 681/681
f 681/681 695/695 694/694
f 621/621 697/697 696/696
f 696/696 605/605 621/621
f 700/700 699/699 698/698
f 698/698 701/701 700/700
f 703/703 696/696 702/702
f 702/702 690/690 703/703
f 697/697 702/702 696/696
f 705/705 704/704 698/698
f 698/698 689/689 705/705
f 684/684 707/707 706/706
f 690/690 691/691 703/703
f 708/708 691/691 692/692
f 710/710 709/709 699/699
f 699/699 700/700 710/710
f 711/711 692/692 693/693
f 682/682 712/712 711/711
f 715/715 714/714 713/713
f 713/713 716/716 715/715
f 708/708 712/712 714/714
f 683/683 713/713 682/682
f 562/562 706/706 697/697
f 697/697 621/621 562/562
f 718/718 717/717 683/683
f 717/717 716/716 713/713
f 713/713 683/683 717/717
f 684/684 685/685 719/719
f 719/719 707/707 684/684
f 593/593 721/721 720/720
f 720/720 591/591 593/593
f 542/542 722/722 685/685
f 685/685 540/540 542/542
f 603/603 708/708 714/714
f 714/714 614/614 603/603
f 722/722 723/723 704/704
f 704/704 705/705 722/722
f 695/695 709/709 720/720
f 720/720 694/694 695/695
f 524/524 691/691 708/708
f 708/708 603/603 524/524
f 692/692 711/711 712/712
f 712/712 708/708 692/692
f 690/690 702/702 707/707
f 707/707 693/693 690/690
f 613/613 723/723 722/722
f 722/722 542/542 613/613
f 721/721 725/725 724/724
f 721/721 724/724 694/694
f 720/720 721/721 694/694
f 583/583 704/704 723/723
f 723/723 613/613 583/583
f 605/605 696/696 703/703
f 703/703 527/527 605/605
f 693/693 686/686 687/687
f 687/687 711/711 693/693
f 519/519 684/684 706/706
f 706/706 562/562 519/519
f 591/591 720/720 709/709
f 709/709 710/710 591/591
f 688/688 699/699 709/709
f 709/709 695/695 688/688
f 680/680 726/726 718/718
f 718/718 683/683 680/680
f 695/695 681/681 687/687
f 687/687 688/688 695/695
f 701/701 698/698 704/704
f 704/704 583/583 701/701
f 527/527 703/703 691/691
f 691/691 524/524 527/527
f 705/705 719/719 685/685
f 685/685 722/722 705/705
f 702/702 697/697 706/706
f 706/706 707/707 702/702
f 689/689 698/698 699/699
f 699/699 688/688 689/689
f 712/712 682/682 713/713
f 713/713 714/714 712/712
f 689/689 686/686 719/719
f 719/719 705/705 689/689
f 707/707 719/719 686/686
f 686/686 693/693 707/707
f 711/711 687/687 681/681
f 681/681 682/682 711/711
f 714/714 715/715 623/623
f 623/623 614/614 714/714
f 727/727 721/721 593/593
f 593/593 728/728 727/727
f 726/726 680/680 694/694
f 694/694 724/724 726/726
f 725/725 721/721 727/727
f 731/731 730/730 729/729
f 729/729 732/732 731/731
f 735/735 734/734 733/733
f 733/733 738/738 735/735
f 742/742 741/741 740/740
f 740/740 743/743 742/742
f 748/748 747/747 745/745
f 745/745 749/749 748/748
f 753/753 751/751 750/750
f 750/750 754/754 753/753
f 759/759 758/758 756/756
f 756/756 760/760 759/759
f 764/764 763/763 761/761
f 761/761 767/767 764/764
f 730/730 769/769 768/768
f 768/768 729/729 730/730
f 771/771 770/770 769/769
f 769/769 730/730 771/771
f 730/730 731/731 741/741
f 741/741 771/771 730/730
f 748/748 774/774 773/773
f 773/773 776/776 748/748
f 780/780 779/779 777/777
f 777/777 760/760 780/780
f 784/784 783/783 782/782
f 782/782 785/785 784/784
f 755/755 769/769 770/770
f 770/770 786/786 755/755
f 789/789 743/743 788/788
f 788/788 790/790 789/789
f 793/793 791/791 750/750
f 750/750 795/795 793/793
f 798/798 797/797 796/796
f 796/796 734/734 798/798
f 786/786 770/770 799/799
f 799/799 800/800 786/786
f 803/803 802/802 732/732
f 732/732 781/781 803/803
f 738/738 733/733 805/805
f 805/805 766/766 738/738
f 734/734 796/796 789/789
f 789/789 733/733 734/734
f 744/744 806/806 798/798
f 798/798 807/807 744/744
f 781/781 732/732 729/729
f 729/729 778/778 781/781
f 776/776 773/773 751/751
f 751/751 753/753 776/776
f 792/792 768/768 769/769
f 769/769 755/755 792/792
f 783/783 810/810 809/809
f 809/809 782/782 783/783
f 749/749 745/745 808/808
f 808/808 811/811 749/749
f 814/814 813/813 812/812
f 812/812 815/815 814/814
f 811/811 808/808 736/736
f 736/736 816/816 811/811
f 765/765 818/818 817/817
f 817/817 820/820 765/765
f 763/763 764/764 819/819
f 737/737 739/739 821/821
f 763/763 823/823 761/761
f 827/827 826/826 823/823
f 830/830 829/829 826/826
f 766/766 805/805 818/818
f 818/818 765/765 766/766
f 804/804 780/780 760/760
f 760/760 756/756 804/804
f 767/767 761/761 821/821
f 821/821 739/739 767/767
f 746/746 831/831 806/806
f 806/806 744/744 746/746
f 834/834 833/833 832/832
f 832/832 740/740 834/834
f 758/758 836/836 835/835
f 835/835 756/756 758/758
f 743/743 740/740 832/832
f 832/832 788/788 743/743
f 799/799 770/770 771/771
f 771/771 838/838 799/799
f 777/777 791/791 793/793
f 793/793 840/840 777/777
f 800/800 799/799 831/831
f 831/831 746/746 800/800
f 840/840 759/759 760/760
f 760/760 777/777 840/840
f 776/776 801/801 747/747
f 747/747 748/748 776/776
f 842/842 804/804 756/756
f 756/756 835/835 842/842
f 790/790 788/788 815/815
f 815/815 812/812 790/790
f 843/843 842/842 835/835
f 835/835 845/845 843/843
f 749/749 846/846 774/774
f 774/774 748/748 749/749
f 845/845 835/835 836/836
f 836/836 847/847 845/845
f 788/788 832/832 809/809
f 809/809 815/815 788/788
f 797/797 838/838 742/742
f 742/742 796/796 797/797
f 743/743 789/789 796/796
f 796/796 742/742 743/743
f 811/811 816/816 846/846
f 846/846 749/749 811/811
f 831/831 799/799 838/838
f 838/838 797/797 831/831
f 844/844 785/785 848/848
f 848/848 841/841 844/844
f 838/838 771/771 741/741
f 741/741 742/742 838/838
f 733/733 789/789 790/790
f 790/790 805/805 733/733
f 802/802 848/848 833/833
f 833/833 834/834 802/802
f 810/810 814/814 815/815
f 815/815 809/809 810/810
f 753/753 787/787 801/801
f 801/801 776/776 753/753
f 812/812 818/818 805/805
f 805/805 790/790 812/812
f 807/807 798/798 734/734
f 734/734 735/735 807/807
f 778/778 729/729 768/768
f 768/768 792/792 778/778
f 763/763 819/819 827/827
f 827/827 823/823 763/763
f 806/806 831/831 797/797
f 797/797 798/798 806/806
f 787/787 753/753 754/754
f 750/750 791/791 754/754
f 750/750 751/751 795/795
f 777/777 779/779 791/791
f 848/848 785/785 782/782
f 782/782 833/833 848/848
f 833/833 782/782 809/809
f 809/809 832/832 833/833
f 841/841 848/848 802/802
f 802/802 803/803 841/841
f 731/731 834/834 740/740
f 740/740 741/741 731/731
f 732/732 802/802 834/834
f 834/834 731/731 732/732
f 849/849 830/830 826/826
f 826/826 827/827 849/849
f 852/852 850/850 820/820
f 820/820 817/817 852/852
f 854/854 840/840 793/793
f 793/793 795/795 854/854
f 845/845 847/847 856/856
f 856/856 857/857 845/845
f 851/851 849/849 827/827
f 827/827 819/819 851/851
f 843/843 845/845 857/857
f 857/857 859/859 843/843
f 785/785 844/844 858/858
f 858/858 784/784 785/785
f 860/860 817/817 818/818
f 860/860 818/818 812/812
f 860/860 812/812 813/813
f 852/852 817/817 860/860
f 863/863 862/862 861/861
f 861/861 864/864 863/863
f 869/869 866/866 865/865
f 865/865 870/870 869/869
f 874/874 873/873 872/872
f 872/872 875/875 874/874
f 880/880 879/879 876/876
f 876/876 881/881 880/880
f 885/885 884/884 882/882
f 882/882 886/886 885/885
f 891/891 890/890 888/888
f 888/888 893/893 891/891
f 898/898 896/896 895/895
f 895/895 900/900 898/898
f 862/862 902/902 901/901
f 901/901 861/861 862/862
f 904/904 903/903 902/902
f 902/902 862/862 904/904
f 862/862 863/863 873/873
f 873/873 904/904 862/862
f 880/880 907/907 905/905
f 905/905 909/909 880/880
f 913/913 911/911 910/910
f 910/910 893/893 913/913
f 917/917 916/916 915/915
f 915/915 918/918 917/917
f 887/887 902/902 903/903
f 903/903 920/920 887/887
f 922/922 875/875 921/921
f 921/921 923/923 922/922
f 926/926 925/925 882/882
f 882/882 928/928 926/926
f 931/931 930/930 929/929
f 929/929 866/866 931/931
f 920/920 903/903 932/932
f 932/932 934/934 920/920
f 936/936 935/935 864/864
f 864/864 914/914 936/936
f 870/870 865/865 938/938
f 938/938 899/899 870/870
f 866/866 929/929 922/922
f 922/922 865/865 866/866
f 877/877 939/939 931/931
f 931/931 940/940 877/877
f 914/914 864/864 861/861
f 861/861 912/912 914/914
f 909/909 905/905 884/884
f 884/884 885/885 909/909
f 924/924 901/901 902/902
f 902/902 887/887 924/924
f 916/916 943/943 942/942
f 942/942 915/915 916/916
f 881/881 876/876 941/941
f 941/941 944/944 881/881
f 947/947 946/946 945/945
f 945/945 948/948 947/947
f 944/944 941/941 867/867
f 867/867 949/949 944/944
f 897/897 951/951 950/950
f 950/950 952/952 897/897
f 896/896 898/898 953/953
f 868/868 871/871 955/955
f 896/896 956/956 895/895
f 960/960 958/958 956/956
f 962/962 961/961 958/958
f 899/899 938/938 951/951
f 951/951 897/897 899/899
f 937/937 913/913 893/893
f 893/893 888/888 937/937
f 900/900 895/895 955/955
f 955/955 871/871 900/900
f 878/878 963/963 939/939
f 939/939 877/877 878/878
f 966/966 965/965 964/964
f 964/964 872/872 966/966
f 890/890 968/968 967/967
f 967/967 888/888 890/890
f 875/875 872/872 964/964
f 964/964 921/921 875/875
f 932/932 903/903 904/904
f 904/904 969/969 932/932
f 910/910 925/925 926/926
f 926/926 971/971 910/910
f 934/934 932/932 963/963
f 963/963 878/878 934/934
f 971/971 891/891 893/893
f 893/893 910/910 971/971
f 909/909 933/933 879/879
f 879/879 880/880 909/909
f 972/972 937/937 888/888
f 888/888 967/967 972/972
f 923/923 921/921 948/948
f 948/948 945/945 923/923
f 975/975 972/972 967/967
f 967/967 976/976 975/975
f 881/881 978/978 907/907
f 907/907 880/880 881/881
f 976/976 967/967 968/968
f 968/968 979/979 976/976
f 921/921 964/964 942/942
f 942/942 948/948 921/921
f 930/930 969/969 874/874
f 874/874 929/929 930/930
f 875/875 922/922 929/929
f 929/929 874/874 875/875
f 944/944 949/949 978/978
f 978/978 881/881 944/944
f 963/963 932/932 969/969
f 969/969 930/930 963/963
f 974/974 918/918 981/981
f 981/981 973/973 974/974
f 969/969 904/904 873/873
f 873/873 874/874 969/969
f 865/865 922/922 923/923
f 923/923 938/938 865/865
f 935/935 981/981 965/965
f 965/965 966/966 935/935
f 943/943 947/947 948/948
f 948/948 942/942 943/943
f 885/885 919/919 933/933
f 933/933 909/909 885/885
f 945/945 951/951 938/938
f 938/938 923/923 945/945
f 940/940 931/931 866/866
f 866/866 869/869 940/940
f 912/912 861/861 901/901
f 901/901 924/924 912/912
f 896/896 953/953 960/960
f 960/960 956/956 896/896
f 939/939 963/963 930/930
f 930/930 931/931 939/939
f 919/919 885/885 886/886
f 882/882 925/925 886/886
f 882/882 884/884 928/928
f 910/910 911/911 925/925
f 981/981 918/918 915/915
f 915/915 965/965 981/981
f 965/965 915/915 942/942
f 942/942 964/964 965/965
f 973/973 981/981 935/935
f 935/935 936/936 973/973
f 863/863 966/966 872/872
f 872/872 873/873 863/863
f 864/864 935/935 966/966
f 966/966 863/863 864/864
f 982/982 962/962 958/958
f 958/958 960/960 982/982
f 985/985 983/983 952/952
f 952/952 950/950 985/985
f 986/986 971/971 926/926
f 926/926 928/928 986/986
f 976/976 979/979 989/989
f 989/989 990/990 976/976
f 984/984 982/982 960/960
f 960/960 953/953 984/984
f 975/975 976/976 990/990
f 990/990 992/992 975/975
f 918/918 974/974 991/991
f 991/991 917/917 918/918
f 993/993 950/950 951/951
f 993/993 951/951 945/945
f 993/993 945/945 946/946
f 985/985 950/950 993/993
f 996/996 995/995 994/994
f 994/994 997/997 996/996
f 772/772 999/999 998/998
f 998/998 752/752 772/772
f 1002/1002 1001/1001 1000/1000
f 1000/1000 1003/1003 1002/1002
f 1006/1006 1005/1005 1004/1004
f 1004/1004 1007/1007 1006/1006
f 1008/1008 994/994 995/995
f 995/995 1009/1009 1008/1008
f 853/853 1011/1011 1010/1010
f 1010/1010 839/839 853/853
f 822/822 1013/1013 1012/1012
f 1012/1012 1014/1014 822/822
f 1016/1016 1010/1010 1015/1015
f 1015/1015 1004/1004 1016/1016
f 1011/1011 1015/1015 1010/1010
f 1018/1018 1017/1017 1012/1012
f 1012/1012 1003/1003 1018/1018
f 998/998 1020/1020 1019/1019
f 1004/1004 1005/1005 1016/1016
f 1021/1021 1005/1005 1006/1006
f 762/762 1022/1022 1013/1013
f 1013/1013 822/822 762/762
f 1023/1023 1006/1006 1007/1007
f 996/996 1024/1024 1023/1023
f 1027/1027 1026/1026 1025/1025
f 1025/1025 1028/1028 1027/1027
f 1021/1021 1024/1024 1026/1026
f 997/997 1025/1025 996/996
f 794/794 1019/1019 1011/1011
f 1011/1011 853/853 794/794
f 1030/1030 1029/1029 997/997
f 1029/1029 1028/1028 1025/1025
f 1025/1025 997/997 1029/1029
f 998/998 999/999 1031/1031
f 1031/1031 1020/1020 998/998
f 825/825 1033/1033 1032/1032
f 1032/1032 824/824 825/825
f 775/775 1034/1034 999/999
f 999/999 772/772 775/775
f 837/837 1021/1021 1026/1026
f 1026/1026 1035/1035 837/837
f 1034/1034 1036/1036 1017/1017
f 1017/1017 1018/1018 1034/1034
f 1009/1009 1022/1022 1032/1032
f 1032/1032 1008/1008 1009/1009
f 757/757 1005/1005 1021/1021
f 1021/1021 837/837 757/757
f 1006/1006 1023/1023 1024/1024
f 1024/1024 1021/1021 1006/1006
f 1004/1004 1015/1015 1020/1020
f 1020/1020 1007/1007 1004/1004
f 1037/1037 1036/1036 1034/1034
f 1034/1034 775/775 1037/1037
f 1033/1033 1039/1039 1038/1038
f 1033/1033 1038/1038 1008/1008
f 1032/1032 1033/1033 1008/1008
f 1040/1040 1017/1017 1036/1036
f 1036/1036 1037/1037 1040/1040
f 839/839 1010/1010 1016/1016
f 1016/1016 1041/1041 839/839
f 1007/1007 1000/1000 1001/1001
f 1001/1001 1023/1023 1007/1007
f 752/752 998/998 1019/1019
f 1019/1019 794/794 752/752
f 824/824 1032/1032 1022/1022
f 1022/1022 762/762 824/824
f 1002/1002 1013/1013 1022/1022
f 1022/1022 1009/1009 1002/1002
f 994/994 1042/1042 1030/1030
f 1030/1030 997/997 994/994
f 1009/1009 995/995 1001/1001
f 1001/1001 1002/1002 1009/1009
f 1014/1014 1012/1012 1017/1017
f 1017/1017 1040/1040 1014/1014
f 1041/1041 1016/1016 1005/1005
f 1005/1005 757/757 1041/1041
f 1018/1018 1031/1031 999/999
f 999/999 1034/1034 1018/1018
f 1015/1015 1011/1011 1019/1019
f 1019/1019 1020/1020 1015/1015
f 1003/1003 1012/1012 1013/1013
f 1013/1013 1002/1002 1003/1003
f 1024/1024 996/996 1025/1025
f 1025/1025 1026/1026 1024/1024
f 1003/1003 1000/1000 1031/1031
f 1031/1031 1018/1018 1003/1003
f 1020/1020 1031/1031 1000/1000
f 1000/1000 1007/1007 1020/1020
f 1023/1023 1001/1001 995/995
f 995/995 996/996 1023/1023
f 1026/1026 1027/1027 855/855
f 855/855 1035/1035 1026/1026
f 1043/1043 1033/1033 825/825
f 825/825 828/828 1043/1043
f 1042/1042 994/994 1008/1008
f 1008/1008 1038/1038 1042/1042
f 1039/1039 1033/1033 1043/1043
f 1046/1046 1045/1045 1044/1044
f 1044/1044 1047/1047 1046/1046
f 906/906 1049/1049 1048/1048
f 1048/1048 883/883 906/906
f 1052/1052 1051/1051 1050/1050
f 1050/1050 1053/1053 1052/1052
f 1056/1056 1055/1055 1054/1054
f 1054/1054 1057/1057 1056/1056
f 1058/1058 1044/1044 1045/1045
f 1045/1045 1059/1059 1058/1058
f 987/987 1061/1061 1060/1060
f 1060/1060 970/970 987/987
f 954/954 1063/1063 1062/1062
f 1062/1062 1064/1064 954/954
f 1066/1066 1060/1060 1065/1065
f 1065/1065 1054/1054 1066/1066
f 1061/1061 1065/1065 1060/1060
f 1068/1068 1067/1067 1062/1062
f 1062/1062 1053/1053 1068/1068
f 1048/1048 1070/1070 1069/1069
f 1054/1054 1055/1055 1066/1066
f 1071/1071 1055/1055 1056/1056
f 894/894 1072/1072 1063/1063
f 1063/1063 954/954 894/894
f 1073/1073 1056/1056 1057/1057
f 1046/1046 1074/1074 1073/1073
f 1077/1077 1076/1076 1075/1075
f 1075/1075 1078/1078 1077/1077
f 1071/1071 1074/1074 1076/1076
f 1047/1047 1075/1075 1046/1046
f 927/927 1069/1069 1061/1061
f 1061/1061 987/987 927/927
f 1080/1080 1079/1079 1047/1047
f 1079/1079 1078/1078 1075/1075
f 1075/1075 1047/1047 1079/1079
f 1048/1048 1049/1049 1081/1081
f 1081/1081 1070/1070 1048/1048
f 959/959 1083/1083 1082/1082
f 1082/1082 957/957 959/959
f 908/908 1084/1084 1049/1049
f 1049/1049 906/906 908/908
f 1085/1085 1071/1071 1076/1076
f 1076/1076 980/980 1085/1085
f 1084/1084 1086/1086 1067/1067
f 1067/1067 1068/1068 1084/1084
f 1059/1059 1072/1072 1082/1082
f 1082/1082 1058/1058 1059/1059
f 889/889 1055/1055 1071/1071
f 1071/1071 1085/1085 889/889
f 1056/1056 1073/1073 1074/1074
f 1074/1074 1071/1071 1056/1056
f 1054/1054 1065/1065 1070/1070
f 1070/1070 1057/1057 1054/1054
f 977/977 1086/1086 1084/1084
f 1084/1084 908/908 977/977
f 1083/1083 1088/1088 1087/1087
f 1083/1083 1087/1087 1058/1058
f 1082/1082 1083/1083 1058/1058
f 1089/1089 1067/1067 1086/1086
f 1086/1086 977/977 1089/1089
f 970/970 1060/1060 1066/1066
f 1066/1066 892/892 970/970
f 1057/1057 1050/1050 1051/1051
f 1051/1051 1073/1073 1057/1057
f 883/883 1048/1048 1069/1069
f 1069/1069 927/927 883/883
f 957/957 1082/1082 1072/1072
f 1072/1072 894/894 957/957
f 1052/1052 1063/1063 1072/1072
f 1072/1072 1059/1059 1052/1052
f 1044/1044 1090/1090 1080/1080
f 1080/1080 1047/1047 1044/1044
f 1059/1059 1045/1045 1051/1051
f 1051/1051 1052/1052 1059/1059
f 1064/1064 1062/1062 1067/1067
f 1067/1067 1089/1089 1064/1064
f 892/892 1066/1066 1055/1055
f 1055/1055 889/889 892/892
f 1068/1068 1081/1081 1049/1049
f 1049/1049 1084/1084 1068/1068
f 1065/1065 1061/1061 1069/1069
f 1069/1069 1070/1070 1065/1065
f 1053/1053 1062/1062 1063/1063
f 1063/1063 1052/1052 1053/1053
f 1074/1074 1046/1046 1075/1075
f 1075/1075 1076/1076 1074/1074
f 1053/1053 1050/1050 1081/1081
f 1081/1081 1068/1068 1053/1053
f 1070/1070 1081/1081 1050/1050
f 1050/1050 1057/1057 1070/1070
f 1073/1073 1051/1051 1045/1045
f 1045/1045 1046/1046 1073/1073
f 1076/1076 1077/1077 988/988
f 988/988 980/980 1076/1076
f 1091/1091 1083/1083 959/959
f 959/959 1092/1092 1091/1091
f 1090/1090 1044/1044 1058/1058
f 1058/1058 1087/1087 1090/1090
f 1088/1088 1083/1083 1091/1091
f 1093/1093 1094/1094 1095/1095
f 1095/1095 1096/1096 1093/1093
f 1097/1097 1098/1098 1101/1101
f 1101/1101 1103/1103 1097/1097
f 1105/1105 1106/1106 1107/1107
f 1107/1107 1108/1108 1105/1105
f 1110/1110 1111/1111 1113/1113
f 1113/1113 1114/1114 1110/1110
f 1115/1115 1116/1116 1118/1118
f 1118/1118 1120/1120 1115/1115
f 1121/1121 1122/1122 1124/1124
f 1124/1124 1125/1125 1121/1121
f 1126/1126 1127/1127 1129/1129
f 1129/1129 1131/1131 1126/1126
f 1132/1132 1133/1133 1094/1094
f 1094/1094 1093/1093 1132/1132
f 1133/1133 1134/1134 1135/1135
f 1135/1135 1094/1094 1133/1133
f 1106/1106 1095/1095 1094/1094
f 1094/1094 1135/1135 1106/1106
f 1136/1136 1138/1138 1113/1113
f 1113/1113 1140/1140 1136/1136
f 1141/1141 1143/1143 1144/1144
f 1144/1144 1125/1125 1141/1141
f 1146/1146 1147/1147 1148/1148
f 1148/1148 1149/1149 1146/1146
f 1134/1134 1133/1133 1119/1119
f 1119/1119 1150/1150 1134/1134
f 1152/1152 1108/1108 1153/1153
f 1153/1153 1154/1154 1152/1152
f 1115/1115 1155/1155 1157/1157
f 1157/1157 1159/1159 1115/1115
f 1160/1160 1161/1161 1162/1162
f 1162/1162 1098/1098 1160/1160
f 1163/1163 1134/1134 1150/1150
f 1150/1150 1165/1165 1163/1163
f 1096/1096 1166/1166 1168/1168
f 1168/1168 1145/1145 1096/1096
f 1169/1169 1097/1097 1103/1103
f 1103/1103 1130/1130 1169/1169
f 1153/1153 1160/1160 1098/1098
f 1098/1098 1097/1097 1153/1153
f 1162/1162 1170/1170 1109/1109
f 1109/1109 1171/1171 1162/1162
f 1093/1093 1096/1096 1145/1145
f 1145/1145 1142/1142 1093/1093
f 1116/1116 1136/1136 1140/1140
f 1140/1140 1118/1118 1116/1116
f 1133/1133 1132/1132 1156/1156
f 1156/1156 1119/1119 1133/1133
f 1173/1173 1174/1174 1147/1147
f 1147/1147 1146/1146 1173/1173
f 1172/1172 1110/1110 1114/1114
f 1114/1114 1175/1175 1172/1172
f 1176/1176 1177/1177 1178/1178
f 1178/1178 1179/1179 1176/1176
f 1102/1102 1172/1172 1175/1175
f 1175/1175 1180/1180 1102/1102
f 1181/1181 1182/1182 1128/1128
f 1128/1128 1184/1184 1181/1181
f 1183/1183 1129/1129 1127/1127
f 1185/1185 1104/1104 1099/1099
f 1126/1126 1186/1186 1127/1127
f 1186/1186 1188/1188 1190/1190
f 1188/1188 1191/1191 1193/1193
f 1182/1182 1169/1169 1130/1130
f 1130/1130 1128/1128 1182/1182
f 1125/1125 1144/1144 1167/1167
f 1167/1167 1121/1121 1125/1125
f 1185/1185 1126/1126 1131/1131
f 1131/1131 1104/1104 1185/1185
f 1170/1170 1194/1194 1112/1112
f 1112/1112 1109/1109 1170/1170
f 1195/1195 1196/1196 1197/1197
f 1197/1197 1105/1105 1195/1195
f 1198/1198 1200/1200 1122/1122
f 1122/1122 1121/1121 1198/1198
f 1195/1195 1105/1105 1108/1108
f 1108/1108 1152/1152 1195/1195
f 1135/1135 1134/1134 1163/1163
f 1163/1163 1201/1201 1135/1135
f 1157/1157 1155/1155 1141/1141
f 1141/1141 1203/1203 1157/1157
f 1194/1194 1163/1163 1165/1165
f 1165/1165 1112/1112 1194/1194
f 1125/1125 1124/1124 1203/1203
f 1203/1203 1141/1141 1125/1125
f 1111/1111 1164/1164 1140/1140
f 1140/1140 1113/1113 1111/1111
f 1121/1121 1167/1167 1204/1204
f 1204/1204 1198/1198 1121/1121
f 1179/1179 1152/1152 1154/1154
f 1154/1154 1176/1176 1179/1179
f 1198/1198 1204/1204 1207/1207
f 1207/1207 1208/1208 1198/1198
f 1138/1138 1209/1209 1114/1114
f 1114/1114 1113/1113 1138/1138
f 1200/1200 1198/1198 1208/1208
f 1208/1208 1211/1211 1200/1200
f 1173/1173 1195/1195 1152/1152
f 1152/1152 1179/1179 1173/1173
f 1107/1107 1201/1201 1161/1161
f 1161/1161 1160/1160 1107/1107
f 1160/1160 1153/1153 1108/1108
f 1108/1108 1107/1107 1160/1160
f 1209/1209 1180/1180 1175/1175
f 1175/1175 1114/1114 1209/1209
f 1201/1201 1163/1163 1194/1194
f 1194/1194 1161/1161 1201/1201
f 1212/1212 1149/1149 1206/1206
f 1206/1206 1205/1205 1212/1212
f 1106/1106 1135/1135 1201/1201
f 1201/1201 1107/1107 1106/1106
f 1154/1154 1153/1153 1097/1097
f 1097/1097 1169/1169 1154/1154
f 1196/1196 1212/1212 1166/1166
f 1166/1166 1197/1197 1196/1196
f 1179/1179 1178/1178 1174/1174
f 1174/1174 1173/1173 1179/1179
f 1164/1164 1151/1151 1118/1118
f 1118/1118 1140/1140 1164/1164
f 1169/1169 1182/1182 1176/1176
f 1176/1176 1154/1154 1169/1169
f 1098/1098 1162/1162 1171/1171
f 1171/1171 1101/1101 1098/1098
f 1132/1132 1093/1093 1142/1142
f 1142/1142 1156/1156 1132/1132
f 1190/1190 1183/1183 1127/1127
f 1127/1127 1186/1186 1190/1190
f 1161/1161 1194/1194 1170/1170
f 1170/1170 1162/1162 1161/1161
f 1120/1120 1118/1118 1151/1151
f 1120/1120 1155/1155 1115/1115
f 1159/1159 1116/1116 1115/1115
f 1155/1155 1143/1143 1141/1141
f 1146/1146 1149/1149 1212/1212
f 1212/1212 1196/1196 1146/1146
f 1173/1173 1146/1146 1196/1196
f 1196/1196 1195/1195 1173/1173
f 1166/1166 1212/1212 1205/1205
f 1205/1205 1168/1168 1166/1166
f 1105/1105 1197/1197 1095/1095
f 1095/1095 1106/1106 1105/1105
f 1197/1197 1166/1166 1096/1096
f 1096/1096 1095/1095 1197/1197
f 1188/1188 1193/1193 1213/1213
f 1213/1213 1190/1190 1188/1188
f 1184/1184 1214/1214 1216/1216
f 1216/1216 1181/1181 1184/1184
f 1157/1157 1203/1203 1218/1218
f 1218/1218 1159/1159 1157/1157
f 1219/1219 1211/1211 1208/1208
f 1208/1208 1220/1220 1219/1219
f 1190/1190 1213/1213 1215/1215
f 1215/1215 1183/1183 1190/1190
f 1220/1220 1208/1208 1207/1207
f 1207/1207 1221/1221 1220/1220
f 1222/1222 1206/1206 1149/1149
f 1149/1149 1148/1148 1222/1222
f 1182/1182 1181/1181 1223/1223
f 1176/1176 1182/1182 1223/1223
f 1177/1177 1176/1176 1223/1223
f 1223/1223 1181/1181 1216/1216
f 1224/1224 1225/1225 1226/1226
f 1226/1226 1227/1227 1224/1224
f 1228/1228 1229/1229 1232/1232
f 1232/1232 1233/1233 1228/1228
f 1235/1235 1236/1236 1237/1237
f 1237/1237 1238/1238 1235/1235
f 1240/1240 1242/1242 1243/1243
f 1243/1243 1244/1244 1240/1240
f 1245/1245 1247/1247 1248/1248
f 1248/1248 1249/1249 1245/1245
f 1251/1251 1253/1253 1254/1254
f 1254/1254 1256/1256 1251/1251
f 1257/1257 1258/1258 1260/1260
f 1260/1260 1261/1261 1257/1257
f 1263/1263 1264/1264 1225/1225
f 1225/1225 1224/1224 1263/1263
f 1264/1264 1265/1265 1266/1266
f 1266/1266 1225/1225 1264/1264
f 1236/1236 1226/1226 1225/1225
f 1225/1225 1266/1266 1236/1236
f 1267/1267 1269/1269 1243/1243
f 1243/1243 1271/1271 1267/1267
f 1272/1272 1274/1274 1275/1275
f 1275/1275 1256/1256 1272/1272
f 1277/1277 1278/1278 1279/1279
f 1279/1279 1280/1280 1277/1277
f 1265/1265 1264/1264 1250/1250
f 1250/1250 1281/1281 1265/1265
f 1283/1283 1238/1238 1284/1284
f 1284/1284 1285/1285 1283/1283
f 1245/1245 1287/1287 1288/1288
f 1288/1288 1289/1289 1245/1245
f 1291/1291 1292/1292 1293/1293
f 1293/1293 1229/1229 1291/1291
f 1294/1294 1265/1265 1281/1281
f 1281/1281 1295/1295 1294/1294
f 1227/1227 1297/1297 1298/1298
f 1298/1298 1276/1276 1227/1227
f 1300/1300 1228/1228 1233/1233
f 1233/1233 1262/1262 1300/1300
f 1284/1284 1291/1291 1229/1229
f 1229/1229 1228/1228 1284/1284
f 1293/1293 1301/1301 1239/1239
f 1239/1239 1303/1303 1293/1293
f 1224/1224 1227/1227 1276/1276
f 1276/1276 1273/1273 1224/1224
f 1247/1247 1267/1267 1271/1271
f 1271/1271 1248/1248 1247/1247
f 1264/1264 1263/1263 1286/1286
f 1286/1286 1250/1250 1264/1264
f 1304/1304 1305/1305 1278/1278
f 1278/1278 1277/1277 1304/1304
f 1302/1302 1240/1240 1244/1244
f 1244/1244 1306/1306 1302/1302
f 1307/1307 1308/1308 1309/1309
f 1309/1309 1310/1310 1307/1307
f 1231/1231 1302/1302 1306/1306
f 1306/1306 1312/1312 1231/1231
f 1313/1313 1314/1314 1259/1259
f 1259/1259 1316/1316 1313/1313
f 1315/1315 1260/1260 1258/1258
f 1317/1317 1234/1234 1230/1230
f 1257/1257 1319/1319 1258/1258
f 1319/1319 1320/1320 1321/1321
f 1320/1320 1322/1322 1323/1323
f 1314/1314 1300/1300 1262/1262
f 1262/1262 1259/1259 1314/1314
f 1256/1256 1275/1275 1299/1299
f 1299/1299 1251/1251 1256/1256
f 1317/1317 1257/1257 1261/1261
f 1261/1261 1234/1234 1317/1317
f 1301/1301 1324/1324 1241/1241
f 1241/1241 1239/1239 1301/1301
f 1325/1325 1326/1326 1327/1327
f 1327/1327 1235/1235 1325/1325
f 1328/1328 1329/1329 1253/1253
f 1253/1253 1251/1251 1328/1328
f 1325/1325 1235/1235 1238/1238
f 1238/1238 1283/1283 1325/1325
f 1266/1266 1265/1265 1294/1294
f 1294/1294 1331/1331 1266/1266
f 1288/1288 1287/1287 1272/1272
f 1272/1272 1333/1333 1288/1288
f 1324/1324 1294/1294 1295/1295
f 1295/1295 1241/1241 1324/1324
f 1256/1256 1254/1254 1333/1333
f 1333/1333 1272/1272 1256/1256
f 1242/1242 1296/1296 1271/1271
f 1271/1271 1243/1243 1242/1242
f 1251/1251 1299/1299 1335/1335
f 1335/1335 1328/1328 1251/1251
f 1310/1310 1283/1283 1285/1285
f 1285/1285 1307/1307 1310/1310
f 1328/1328 1335/1335 1337/1337
f 1337/1337 1338/1338 1328/1328
f 1269/1269 1340/1340 1244/1244
f 1244/1244 1243/1243 1269/1269
f 1329/1329 1328/1328 1338/1338
f 1338/1338 1342/1342 1329/1329
f 1304/1304 1325/1325 1283/1283
f 1283/1283 1310/1310 1304/1304
f 1237/1237 1331/1331 1292/1292
f 1292/1292 1291/1291 1237/1237
f 1291/1291 1284/1284 1238/1238
f 1238/1238 1237/1237 1291/1291
f 1340/1340 1312/1312 1306/1306
f 1306/1306 1244/1244 1340/1340
f 1331/1331 1294/1294 1324/1324
f 1324/1324 1292/1292 1331/1331
f 1343/1343 1280/1280 1336/1336
f 1336/1336 1334/1334 1343/1343
f 1236/1236 1266/1266 1331/1331
f 1331/1331 1237/1237 1236/1236
f 1285/1285 1284/1284 1228/1228
f 1228/1228 1300/1300 1285/1285
f 1326/1326 1343/1343 1297/1297
f 1297/1297 1327/1327 1326/1326
f 1310/1310 1309/1309 1305/1305
f 1305/1305 1304/1304 1310/1310
f 1296/1296 1282/1282 1248/1248
f 1248/1248 1271/1271 1296/1296
f 1300/1300 1314/1314 1307/1307
f 1307/1307 1285/1285 1300/1300
f 1229/1229 1293/1293 1303/1303
f 1303/1303 1232/1232 1229/1229
f 1263/1263 1224/1224 1273/1273
f 1273/1273 1286/1286 1263/1263
f 1321/1321 1315/1315 1258/1258
f 1258/1258 1319/1319 1321/1321
f 1292/1292 1324/1324 1301/1301
f 1301/1301 1293/1293 1292/1292
f 1249/1249 1248/1248 1282/1282
f 1249/1249 1287/1287 1245/1245
f 1289/1289 1247/1247 1245/1245
f 1287/1287 1274/1274 1272/1272
f 1277/1277 1280/1280 1343/1343
f 1343/1343 1326/1326 1277/1277
f 1304/1304 1277/1277 1326/1326
f 1326/1326 1325/1325 1304/1304
f 1297/1297 1343/1343 1334/1334
f 1334/1334 1298/1298 1297/1297
f 1235/1235 1327/1327 1226/1226
f 1226/1226 1236/1236 1235/1235
f 1327/1327 1297/1297 1227/1227
f 1227/1227 1226/1226 1327/1327
f 1320/1320 1323/1323 1344/1344
f 1344/1344 1321/1321 1320/1320
f 1316/1316 1345/1345 1347/1347
f 1347/1347 1313/1313 1316/1316
f 1288/1288 1333/1333 1349/1349
f 1349/1349 1289/1289 1288/1288
f 1350/1350 1342/1342 1338/1338
f 1338/1338 1352/1352 1350/1350
f 1321/1321 1344/1344 1346/1346
f 1346/1346 1315/1315 1321/1321
f 1352/1352 1338/1338 1337/1337
f 1337/1337 1353/1353 1352/1352
f 1354/1354 1336/1336 1280/1280
f 1280/1280 1279/1279 1354/1354
f 1314/1314 1313/1313 1355/1355
f 1307/1307 1314/1314 1355/1355
f 1308/1308 1307/1307 1355/1355
f 1355/1355 1313/1313 1347/1347
f 1356/1356 1357/1357 1358/1358
f 1358/1358 1359/1359 1356/1356
f 1360/1360 1361/1361 1137/1137
f 1137/1137 1117/1117 1360/1360
f 1362/1362 1363/1363 1364/1364
f 1364/1364 1365/1365 1362/1362
f 1366/1366 1367/1367 1368/1368
f 1368/1368 1369/1369 1366/1366
f 1357/1357 1356/1356 1370/1370
f 1370/1370 1371/1371 1357/1357
f 1372/1372 1373/1373 1217/1217
f 1217/1217 1202/1202 1372/1372
f 1374/1374 1375/1375 1376/1376
f 1376/1376 1100/1100 1374/1374
f 1377/1377 1372/1372 1378/1378
f 1378/1378 1366/1366 1377/1377
f 1372/1372 1377/1377 1373/1373
f 1374/1374 1379/1379 1380/1380
f 1380/1380 1365/1365 1374/1374
f 1381/1381 1382/1382 1360/1360
f 1378/1378 1367/1367 1366/1366
f 1368/1368 1367/1367 1383/1383
f 1375/1375 1384/1384 1385/1385
f 1385/1385 1376/1376 1375/1375
f 1369/1369 1368/1368 1386/1386
f 1386/1386 1387/1387 1358/1358
f 1388/1388 1389/1389 1390/1390
f 1390/1390 1391/1391 1388/1388
f 1389/1389 1387/1387 1383/1383
f 1358/1358 1388/1388 1359/1359
f 1373/1373 1381/1381 1158/1158
f 1158/1158 1217/1217 1373/1373
f 1359/1359 1392/1392 1393/1393
f 1388/1388 1391/1391 1392/1392
f 1392/1392 1359/1359 1388/1388
f 1394/1394 1361/1361 1360/1360
f 1360/1360 1382/1382 1394/1394
f 1395/1395 1396/1396 1189/1189
f 1189/1189 1187/1187 1395/1395
f 1361/1361 1397/1397 1139/1139
f 1139/1139 1137/1137 1361/1361
f 1389/1389 1383/1383 1199/1199
f 1199/1199 1398/1398 1389/1389
f 1379/1379 1399/1399 1397/1397
f 1397/1397 1380/1380 1379/1379
f 1395/1395 1384/1384 1371/1371
f 1371/1371 1370/1370 1395/1395
f 1383/1383 1367/1367 1123/1123
f 1123/1123 1199/1199 1383/1383
f 1387/1387 1386/1386 1368/1368
f 1368/1368 1383/1383 1387/1387
f 1382/1382 1377/1377 1366/1366
f 1366/1366 1369/1369 1382/1382
f 1397/1397 1399/1399 1210/1210
f 1210/1210 1139/1139 1397/1397
f 1400/1400 1401/1401 1396/1396
f 1370/1370 1400/1400 1396/1396
f 1370/1370 1396/1396 1395/1395
f 1399/1399 1379/1379 1402/1402
f 1402/1402 1210/1210 1399/1399
f 1378/1378 1372/1372 1202/1202
f 1202/1202 1403/1403 1378/1378
f 1363/1363 1362/1362 1369/1369
f 1369/1369 1386/1386 1363/1363
f 1381/1381 1360/1360 1117/1117
f 1117/1117 1158/1158 1381/1381
f 1384/1384 1395/1395 1187/1187
f 1187/1187 1385/1385 1384/1384
f 1384/1384 1375/1375 1364/1364
f 1364/1364 1371/1371 1384/1384
f 1393/1393 1404/1404 1356/1356
f 1356/1356 1359/1359 1393/1393
f 1363/1363 1357/1357 1371/1371
f 1371/1371 1364/1364 1363/1363
f 1379/1379 1374/1374 1100/1100
f 1100/1100 1402/1402 1379/1379
f 1367/1367 1378/1378 1403/1403
f 1403/1403 1123/1123 1367/1367
f 1361/1361 1394/1394 1380/1380
f 1380/1380 1397/1397 1361/1361
f 1381/1381 1373/1373 1377/1377
f 1377/1377 1382/1382 1381/1381
f 1375/1375 1374/1374 1365/1365
f 1365/1365 1364/1364 1375/1375
f 1388/1388 1358/1358 1387/1387
f 1387/1387 1389/1389 1388/1388
f 1394/1394 1362/1362 1365/1365
f 1365/1365 1380/1380 1394/1394
f 1362/1362 1394/1394 1382/1382
f 1382/1382 1369/1369 1362/1362
f 1357/1357 1363/1363 1386/1386
f 1386/1386 1358/1358 1357/1357
f 1405/1405 1390/1390 1389/1389
f 1389/1389 1398/1398 1405/1405
f 1189/1189 1396/1396 1406/1406
f 1406/1406 1192/1192 1189/1189
f 1370/1370 1356/1356 1404/1404
f 1404/1404 1400/1400 1370/1370
f 1406/1406 1396/1396 1401/1401
f 1407/1407 1408/1408 1409/1409
f 1409/1409 1410/1410 1407/1407
f 1411/1411 1412/1412 1268/1268
f 1268/1268 1246/1246 1411/1411
f 1413/1413 1414/1414 1415/1415
f 1415/1415 1416/1416 1413/1413
f 1417/1417 1418/1418 1419/1419
f 1419/1419 1420/1420 1417/1417
f 1408/1408 1407/1407 1421/1421
f 1421/1421 1422/1422 1408/1408
f 1423/1423 1424/1424 1348/1348
f 1348/1348 1332/1332 1423/1423
f 1425/1425 1426/1426 1427/1427
f 1427/1427 1428/1428 1425/1425
f 1429/1429 1423/1423 1430/1430
f 1430/1430 1417/1417 1429/1429
f 1423/1423 1429/1429 1424/1424
f 1425/1425 1431/1431 1432/1432
f 1432/1432 1416/1416 1425/1425
f 1433/1433 1434/1434 1411/1411
f 1430/1430 1418/1418 1417/1417
f 1419/1419 1418/1418 1435/1435
f 1426/1426 1436/1436 1437/1437
f 1437/1437 1427/1427 1426/1426
f 1420/1420 1419/1419 1438/1438
f 1438/1438 1439/1439 1409/1409
f 1440/1440 1441/1441 1442/1442
f 1442/1442 1443/1443 1440/1440
f 1441/1441 1439/1439 1435/1435
f 1409/1409 1440/1440 1410/1410
f 1424/1424 1433/1433 1290/1290
f 1290/1290 1348/1348 1424/1424
f 1410/1410 1444/1444 1445/1445
f 1440/1440 1443/1443 1444/1444
f 1444/1444 1410/1410 1440/1440
f 1446/1446 1412/1412 1411/1411
f 1411/1411 1434/1434 1446/1446
f 1447/1447 1448/1448 1449/1449
f 1449/1449 1318/1318 1447/1447
f 1412/1412 1450/1450 1270/1270
f 1270/1270 1268/1268 1412/1412
f 1441/1441 1435/1435 1330/1330
f 1330/1330 1341/1341 1441/1441
f 1431/1431 1451/1451 1450/1450
f 1450/1450 1432/1432 1431/1431
f 1447/1447 1436/1436 1422/1422
f 1422/1422 1421/1421 1447/1447
f 1435/1435 1418/1418 1252/1252
f 1252/1252 1330/1330 1435/1435
f 1439/1439 1438/1438 1419/1419
f 1419/1419 1435/1435 1439/1439
f 1434/1434 1429/1429 1417/1417
f 1417/1417 1420/1420 1434/1434
f 1450/1450 1451/1451 1339/1339
f 1339/1339 1270/1270 1450/1450
f 1452/1452 1453/1453 1448/1448
f 1421/1421 1452/1452 1448/1448
f 1421/1421 1448/1448 1447/1447
f 1451/1451 1431/1431 1311/1311
f 1311/1311 1339/1339 1451/1451
f 1430/1430 1423/1423 1332/1332
f 1332/1332 1255/1255 1430/1430
f 1414/1414 1413/1413 1420/1420
f 1420/1420 1438/1438 1414/1414
f 1433/1433 1411/1411 1246/1246
f 1246/1246 1290/1290 1433/1433
f 1436/1436 1447/1447 1318/1318
f 1318/1318 1437/1437 1436/1436
f 1436/1436 1426/1426 1415/1415
f 1415/1415 1422/1422 1436/1436
f 1445/1445 1454/1454 1407/1407
f 1407/1407 1410/1410 1445/1445
f 1414/1414 1408/1408 1422/1422
f 1422/1422 1415/1415 1414/1414
f 1431/1431 1425/1425 1428/1428
f 1428/1428 1311/1311 1431/1431
f 1418/1418 1430/1430 1255/1255
f 1255/1255 1252/1252 1418/1418
f 1412/1412 1446/1446 1432/1432
f 1432/1432 1450/1450 1412/1412
f 1433/1433 1424/1424 1429/1429
f 1429/1429 1434/1434 1433/1433
f 1426/1426 1425/1425 1416/1416
f 1416/1416 1415/1415 1426/1426
f 1440/1440 1409/1409 1439/1439
f 1439/1439 1441/1441 1440/1440
f 1446/1446 1413/1413 1416/1416
f 1416/1416 1432/1432 1446/1446
f 1413/1413 1446/1446 1434/1434
f 1434/1434 1420/1420 1413/1413
f 1408/1408 1414/1414 1438/1438
f 1438/1438 1409/1409 1408/1408
f 1351/1351 1442/1442 1441/1441
f 1441/1441 1341/1341 1351/1351
f 1449/1449 1448/1448 1455/1455
f 1455/1455 1456/1456 1449/1449
f 1421/1421 1407/1407 1454/1454
f 1454/1454 1452/1452 1421/1421
f 1455/1455 1448/1448 1453/1453
f 1459/1459 1458/1458 1457/1457
f 1457/1457 1460/1460 1459/1459
f 1464/1464 1462/1462 1461/1461
f 1461/1461 1468/1468 1464/1464
f 1471/1471 1470/1470 1469/1469
f 1469/1469 1472/1472 1471/1471
f 1477/1477 1476/1476 1473/1473
f 1473/1473 1478/1478 1477/1477
f 1482/1482 1480/1480 1479/1479
f 1479/1479 1484/1484 1482/1482
f 1487/1487 1486/1486 1485/1485
f 1485/1485 1489/1489 1487/1487
f 1494/1494 1492/1492 1490/1490
f 1490/1490 1496/1496 1494/1494
f 1458/1458 1498/1498 1497/1497
f 1497/1497 1457/1457 1458/1458
f 1500/1500 1499/1499 1498/1498
f 1498/1498 1458/1458 1500/1500
f 1458/1458 1459/1459 1470/1470
f 1470/1470 1500/1500 1458/1458
f 1477/1477 1504/1504 1501/1501
f 1501/1501 1505/1505 1477/1477
f 1510/1510 1507/1507 1506/1506
f 1506/1506 1489/1489 1510/1510
f 1513/1513 1512/1512 1511/1511
f 1511/1511 1514/1514 1513/1513
f 1483/1483 1498/1498 1499/1499
f 1499/1499 1516/1516 1483/1483
f 1518/1518 1472/1472 1517/1517
f 1517/1517 1519/1519 1518/1518
f 1522/1522 1520/1520 1479/1479
f 1479/1479 1523/1523 1522/1522
f 1526/1526 1525/1525 1524/1524
f 1524/1524 1462/1462 1526/1526
f 1516/1516 1499/1499 1527/1527
f 1527/1527 1528/1528 1516/1516
f 1531/1531 1530/1530 1460/1460
f 1460/1460 1509/1509 1531/1531
f 1468/1468 1461/1461 1533/1533
f 1533/1533 1495/1495 1468/1468
f 1462/1462 1524/1524 1518/1518
f 1518/1518 1461/1461 1462/1462
f 1474/1474 1534/1534 1526/1526
f 1526/1526 1535/1535 1474/1474
f 1509/1509 1460/1460 1457/1457
f 1457/1457 1508/1508 1509/1509
f 1505/1505 1501/1501 1480/1480
f 1480/1480 1482/1482 1505/1505
f 1521/1521 1497/1497 1498/1498
f 1498/1498 1483/1483 1521/1521
f 1512/1512 1538/1538 1537/1537
f 1537/1537 1511/1511 1512/1512
f 1478/1478 1473/1473 1536/1536
f 1536/1536 1539/1539 1478/1478
f 1542/1542 1541/1541 1540/1540
f 1540/1540 1543/1543 1542/1542
f 1539/1539 1536/1536 1466/1466
f 1466/1466 1544/1544 1539/1539
f 1493/1493 1546/1546 1545/1545
f 1545/1545 1547/1547 1493/1493
f 1492/1492 1494/1494 1548/1548
f 1465/1465 1467/1467 1549/1549
f 1492/1492 1551/1551 1490/1490
f 1555/1555 1554/1554 1551/1551
f 1558/1558 1556/1556 1554/1554
f 1495/1495 1533/1533 1546/1546
f 1546/1546 1493/1493 1495/1495
f 1532/1532 1510/1510 1489/1489
f 1489/1489 1485/1485 1532/1532
f 1496/1496 1490/1490 1549/1549
f 1549/1549 1467/1467 1496/1496
f 1475/1475 1559/1559 1534/1534
f 1534/1534 1474/1474 1475/1475
f 1562/1562 1561/1561 1560/1560
f 1560/1560 1469/1469 1562/1562
f 1486/1486 1565/1565 1563/1563
f 1563/1563 1485/1485 1486/1486
f 1472/1472 1469/1469 1560/1560
f 1560/1560 1517/1517 1472/1472
f 1527/1527 1499/1499 1500/1500
f 1500/1500 1566/1566 1527/1527
f 1506/1506 1520/1520 1522/1522
f 1522/1522 1568/1568 1506/1506
f 1528/1528 1527/1527 1559/1559
f 1559/1559 1475/1475 1528/1528
f 1568/1568 1487/1487 1489/1489
f 1489/1489 1506/1506 1568/1568
f 1505/1505 1529/1529 1476/1476
f 1476/1476 1477/1477 1505/1505
f 1570/1570 1532/1532 1485/1485
f 1485/1485 1563/1563 1570/1570
f 1519/1519 1517/1517 1543/1543
f 1543/1543 1540/1540 1519/1519
f 1571/1571 1570/1570 1563/1563
f 1563/1563 1573/1573 1571/1571
f 1478/1478 1574/1574 1504/1504
f 1504/1504 1477/1477 1478/1478
f 1573/1573 1563/1563 1565/1565
f 1565/1565 1575/1575 1573/1573
f 1517/1517 1560/1560 1537/1537
f 1537/1537 1543/1543 1517/1517
f 1525/1525 1566/1566 1471/1471
f 1471/1471 1524/1524 1525/1525
f 1472/1472 1518/1518 1524/1524
f 1524/1524 1471/1471 1472/1472
f 1539/1539 1544/1544 1574/1574
f 1574/1574 1478/1478 1539/1539
f 1559/1559 1527/1527 1566/1566
f 1566/1566 1525/1525 1559/1559
f 1572/1572 1514/1514 1576/1576
f 1576/1576 1569/1569 1572/1572
f 1566/1566 1500/1500 1470/1470
f 1470/1470 1471/1471 1566/1566
f 1461/1461 1518/1518 1519/1519
f 1519/1519 1533/1533 1461/1461
f 1530/1530 1576/1576 1561/1561
f 1561/1561 1562/1562 1530/1530
f 1538/1538 1542/1542 1543/1543
f 1543/1543 1537/1537 1538/1538
f 1482/1482 1515/1515 1529/1529
f 1529/1529 1505/1505 1482/1482
f 1540/1540 1546/1546 1533/1533
f 1533/1533 1519/1519 1540/1540
f 1535/1535 1526/1526 1462/1462
f 1462/1462 1464/1464 1535/1535
f 1508/1508 1457/1457 1497/1497
f 1497/1497 1521/1521 1508/1508
f 1492/1492 1548/1548 1555/1555
f 1555/1555 1551/1551 1492/1492
f 1534/1534 1559/1559 1525/1525
f 1525/1525 1526/1526 1534/1534
f 1515/1515 1482/1482 1484/1484
f 1479/1479 1520/1520 1484/1484
f 1479/1479 1480/1480 1523/1523
f 1506/1506 1507/1507 1520/1520
f 1576/1576 1514/1514 1511/1511
f 1511/1511 1561/1561 1576/1576
f 1561/1561 1511/1511 1537/1537
f 1537/1537 1560/1560 1561/1561
f 1569/1569 1576/1576 1530/1530
f 1530/1530 1531/1531 1569/1569
f 1459/1459 1562/1562 1469/1469
f 1469/1469 1470/1470 1459/1459
f 1460/1460 1530/1530 1562/1562
f 1562/1562 1459/1459 1460/1460
f 1577/1577 1558/1558 1554/1554
f 1554/1554 1555/1555 1577/1577
f 1580/1580 1579/1579 1547/1547
f 1547/1547 1545/1545 1580/1580
f 1581/1581 1568/1568 1522/1522
f 1522/1522 1523/1523 1581/1581
f 1573/1573 1575/1575 1583/1583
f 1583/1583 1584/1584 1573/1573
f 1578/1578 1577/1577 1555/1555
f 1555/1555 1548/1548 1578/1578
f 1571/1571 1573/1573 1584/1584
f 1584/1584 1585/1585 1571/1571
f 1514/1514 1572/1572 1586/1586
f 1586/1586 1513/1513 1514/1514
f 1587/1587 1545/1545 1546/1546
f 1587/1587 1546/1546 1540/1540
f 1587/1587 1540/1540 1541/1541
f 1580/1580 1545/1545 1587/1587
f 1590/1590 1589/1589 1588/1588
f 1588/1588 1591/1591 1590/1590
f 1594/1594 1593/1593 1592/1592
f 1592/1592 1599/1599 1594/1594
f 1602/1602 1601/1601 1600/1600
f 1600/1600 1603/1603 1602/1602
f 1608/1608 1607/1607 1605/1605
f 1605/1605 1609/1609 1608/1608
f 1613/1613 1612/1612 1610/1610
f 1610/1610 1614/1614 1613/1613
f 1619/1619 1618/1618 1616/1616
f 1616/1616 1621/1621 1619/1619
f 1626/1626 1624/1624 1623/1623
f 1623/1623 1628/1628 1626/1626
f 1589/1589 1630/1630 1629/1629
f 1629/1629 1588/1588 1589/1589
f 1632/1632 1631/1631 1630/1630
f 1630/1630 1589/1589 1632/1632
f 1589/1589 1590/1590 1601/1601
f 1601/1601 1632/1632 1589/1589
f 1608/1608 1636/1636 1633/1633
f 1633/1633 1637/1637 1608/1608
f 1642/1642 1639/1639 1638/1638
f 1638/1638 1621/1621 1642/1642
f 1645/1645 1644/1644 1643/1643
f 1643/1643 1646/1646 1645/1645
f 1615/1615 1630/1630 1631/1631
f 1631/1631 1648/1648 1615/1615
f 1650/1650 1603/1603 1649/1649
f 1649/1649 1651/1651 1650/1650
f 1654/1654 1652/1652 1610/1610
f 1610/1610 1655/1655 1654/1654
f 1659/1659 1658/1658 1657/1657
f 1657/1657 1593/1593 1659/1659
f 1648/1648 1631/1631 1660/1660
f 1660/1660 1662/1662 1648/1648
f 1665/1665 1663/1663 1591/1591
f 1591/1591 1641/1641 1665/1665
f 1599/1599 1592/1592 1666/1666
f 1666/1666 1627/1627 1599/1599
f 1593/1593 1657/1657 1650/1650
f 1650/1650 1592/1592 1593/1593
f 1604/1604 1667/1667 1659/1659
f 1659/1659 1668/1668 1604/1604
f 1641/1641 1591/1591 1588/1588
f 1588/1588 1640/1640 1641/1641
f 1637/1637 1633/1633 1612/1612
f 1612/1612 1613/1613 1637/1637
f 1653/1653 1629/1629 1630/1630
f 1630/1630 1615/1615 1653/1653
f 1644/1644 1671/1671 1670/1670
f 1670/1670 1643/1643 1644/1644
f 1609/1609 1605/1605 1669/1669
f 1669/1669 1672/1672 1609/1609
f 1675/1675 1674/1674 1673/1673
f 1673/1673 1676/1676 1675/1675
f 1672/1672 1669/1669 1595/1595
f 1595/1595 1677/1677 1672/1672
f 1625/1625 1679/1679 1678/1678
f 1678/1678 1680/1680 1625/1625
f 1624/1624 1626/1626 1681/1681
f 1597/1597 1598/1598 1682/1682
f 1624/1624 1684/1684 1623/1623
f 1686/1686 1685/1685 1684/1684
f 1688/1688 1687/1687 1685/1685
f 1627/1627 1666/1666 1679/1679
f 1679/1679 1625/1625 1627/1627
f 1664/1664 1642/1642 1621/1621
f 1621/1621 1616/1616 1664/1664
f 1628/1628 1623/1623 1682/1682
f 1682/1682 1598/1598 1628/1628
f 1606/1606 1689/1689 1667/1667
f 1667/1667 1604/1604 1606/1606
f 1692/1692 1691/1691 1690/1690
f 1690/1690 1600/1600 1692/1692
f 1618/1618 1695/1695 1693/1693
f 1693/1693 1616/1616 1618/1618
f 1603/1603 1600/1600 1690/1690
f 1690/1690 1649/1649 1603/1603
f 1660/1660 1631/1631 1632/1632
f 1632/1632 1696/1696 1660/1660
f 1638/1638 1652/1652 1654/1654
f 1654/1654 1697/1697 1638/1638
f 1662/1662 1660/1660 1689/1689
f 1689/1689 1606/1606 1662/1662
f 1697/1697 1619/1619 1621/1621
f 1621/1621 1638/1638 1697/1697
f 1637/1637 1661/1661 1607/1607
f 1607/1607 1608/1608 1637/1637
f 1699/1699 1664/1664 1616/1616
f 1616/1616 1693/1693 1699/1699
f 1651/1651 1649/1649 1676/1676
f 1676/1676 1673/1673 1651/1651
f 1700/1700 1699/1699 1693/1693
f 1693/1693 1702/1702 1700/1700
f 1609/1609 1703/1703 1636/1636
f 1636/1636 1608/1608 1609/1609
f 1702/1702 1693/1693 1695/1695
f 1695/1695 1705/1705 1702/1702
f 1649/1649 1690/1690 1670/1670
f 1670/1670 1676/1676 1649/1649
f 1658/1658 1696/1696 1602/1602
f 1602/1602 1657/1657 1658/1658
f 1603/1603 1650/1650 1657/1657
f 1657/1657 1602/1602 1603/1603
f 1672/1672 1677/1677 1703/1703
f 1703/1703 1609/1609 1672/1672
f 1689/1689 1660/1660 1696/1696
f 1696/1696 1658/1658 1689/1689
f 1701/1701 1646/1646 1706/1706
f 1706/1706 1698/1698 1701/1701
f 1696/1696 1632/1632 1601/1601
f 1601/1601 1602/1602 1696/1696
f 1592/1592 1650/1650 1651/1651
f 1651/1651 1666/1666 1592/1592
f 1663/1663 1706/1706 1691/1691
f 1691/1691 1692/1692 1663/1663
f 1671/1671 1675/1675 1676/1676
f 1676/1676 1670/1670 1671/1671
f 1613/1613 1647/1647 1661/1661
f 1661/1661 1637/1637 1613/1613
f 1673/1673 1679/1679 1666/1666
f 1666/1666 1651/1651 1673/1673
f 1668/1668 1659/1659 1593/1593
f 1593/1593 1594/1594 1668/1668
f 1640/1640 1588/1588 1629/1629
f 1629/1629 1653/1653 1640/1640
f 1624/1624 1681/1681 1686/1686
f 1686/1686 1684/1684 1624/1624
f 1667/1667 1689/1689 1658/1658
f 1658/1658 1659/1659 1667/1667
f 1647/1647 1613/1613 1614/1614
f 1610/1610 1652/1652 1614/1614
f 1610/1610 1612/1612 1655/1655
f 1638/1638 1639/1639 1652/1652
f 1706/1706 1646/1646 1643/1643
f 1643/1643 1691/1691 1706/1706
f 1691/1691 1643/1643 1670/1670
f 1670/1670 1690/1690 1691/1691
f 1698/1698 1706/1706 1663/1663
f 1663/1663 1665/1665 1698/1698
f 1590/1590 1692/1692 1600/1600
f 1600/1600 1601/1601 1590/1590
f 1591/1591 1663/1663 1692/1692
f 1692/1692 1590/1590 1591/1591
f 1707/1707 1688/1688 1685/1685
f 1685/1685 1686/1686 1707/1707
f 1710/1710 1708/1708 1680/1680
f 1680/1680 1678/1678 1710/1710
f 1711/1711 1697/1697 1654/1654
f 1654/1654 1655/1655 1711/1711
f 1702/1702 1705/1705 1713/1713
f 1713/1713 1714/1714 1702/1702
f 1709/1709 1707/1707 1686/1686
f 1686/1686 1681/1681 1709/1709
f 1700/1700 1702/1702 1714/1714
f 1714/1714 1716/1716 1700/1700
f 1646/1646 1701/1701 1715/1715
f 1715/1715 1645/1645 1646/1646
f 1717/1717 1678/1678 1679/1679
f 1717/1717 1679/1679 1673/1673
f 1717/1717 1673/1673 1674/1674
f 1710/1710 1678/1678 1717/1717
f 1720/1720 1719/1719 1718/1718
f 1718/1718 1721/1721 1720/1720
f 1502/1502 1723/1723 1722/1722
f 1722/1722 1481/1481 1502/1502
f 1726/1726 1725/1725 1724/1724
f 1724/1724 1727/1727 1726/1726
f 1730/1730 1729/1729 1728/1728
f 1728/1728 1731/1731 1730/1730
f 1732/1732 1718/1718 1719/1719
f 1719/1719 1733/1733 1732/1732
f 1582/1582 1735/1735 1734/1734
f 1734/1734 1567/1567 1582/1582
f 1550/1550 1737/1737 1736/1736
f 1736/1736 1463/1463 1550/1550
f 1739/1739 1734/1734 1738/1738
f 1738/1738 1728/1728 1739/1739
f 1735/1735 1738/1738 1734/1734
f 1741/1741 1740/1740 1736/1736
f 1736/1736 1727/1727 1741/1741
f 1722/1722 1743/1743 1742/1742
f 1728/1728 1729/1729 1739/1739
f 1744/1744 1729/1729 1730/1730
f 1491/1491 1745/1745 1737/1737
f 1737/1737 1550/1550 1491/1491
f 1746/1746 1730/1730 1731/1731
f 1720/1720 1747/1747 1746/1746
f 1750/1750 1749/1749 1748/1748
f 1748/1748 1751/1751 1750/1750
f 1744/1744 1747/1747 1749/1749
f 1721/1721 1748/1748 1720/1720
f 1752/1752 1742/1742 1735/1735
f 1735/1735 1582/1582 1752/1752
f 1754/1754 1753/1753 1721/1721
f 1753/1753 1751/1751 1748/1748
f 1748/1748 1721/1721 1753/1753
f 1722/1722 1723/1723 1755/1755
f 1755/1755 1743/1743 1722/1722
f 1553/1553 1757/1757 1756/1756
f 1756/1756 1552/1552 1553/1553
f 1503/1503 1758/1758 1723/1723
f 1723/1723 1502/1502 1503/1503
f 1564/1564 1744/1744 1749/1749
f 1749/1749 1759/1759 1564/1564
f 1758/1758 1760/1760 1740/1740
f 1740/1740 1741/1741 1758/1758
f 1733/1733 1745/1745 1756/1756
f 1756/1756 1732/1732 1733/1733
f 1761/1761 1729/1729 1744/1744
f 1744/1744 1564/1564 1761/1761
f 1730/1730 1746/1746 1747/1747
f 1747/1747 1744/1744 1730/1730
f 1728/1728 1738/1738 1743/1743
f 1743/1743 1731/1731 1728/1728
f 1762/1762 1760/1760 1758/1758
f 1758/1758 1503/1503 1762/1762
f 1757/1757 1764/1764 1763/1763
f 1757/1757 1763/1763 1732/1732
f 1756/1756 1757/1757 1732/1732
f 1765/1765 1740/1740 1760/1760
f 1760/1760 1762/1762 1765/1765
f 1567/1567 1734/1734 1739/1739
f 1739/1739 1488/1488 1567/1567
f 1731/1731 1724/1724 1725/1725
f 1725/1725 1746/1746 1731/1731
f 1481/1481 1722/1722 1742/1742
f 1742/1742 1752/1752 1481/1481
f 1552/1552 1756/1756 1745/1745
f 1745/1745 1491/1491 1552/1552
f 1726/1726 1737/1737 1745/1745
f 1745/1745 1733/1733 1726/1726
f 1718/1718 1766/1766 1754/1754
f 1754/1754 1721/1721 1718/1718
f 1733/1733 1719/1719 1725/1725
f 1725/1725 1726/1726 1733/1733
f 1463/1463 1736/1736 1740/1740
f 1740/1740 1765/1765 1463/1463
f 1488/1488 1739/1739 1729/1729
f 1729/1729 1761/1761 1488/1488
f 1741/1741 1755/1755 1723/1723
f 1723/1723 1758/1758 1741/1741
f 1738/1738 1735/1735 1742/1742
f 1742/1742 1743/1743 1738/1738
f 1727/1727 1736/1736 1737/1737
f 1737/1737 1726/1726 1727/1727
f 1747/1747 1720/1720 1748/1748
f 1748/1748 1749/1749 1747/1747
f 1727/1727 1724/1724 1755/1755
f 1755/1755 1741/1741 1727/1727
f 1743/1743 1755/1755 1724/1724
f 1724/1724 1731/1731 1743/1743
f 1746/1746 1725/1725 1719/1719
f 1719/1719 1720/1720 1746/1746
f 1749/1749 1750/1750 1767/1767
f 1767/1767 1759/1759 1749/1749
f 1768/1768 1757/1757 1553/1553
f 1553/1553 1557/1557 1768/1768
f 1766/1766 1718/1718 1732/1732
f 1732/1732 1763/1763 1766/1766
f 1764/1764 1757/1757 1768/1768
f 1771/1771 1770/1770 1769/1769
f 1769/1769 1772/1772 1771/1771
f 1634/1634 1774/1774 1773/1773
f 1773/1773 1611/1611 1634/1634
f 1777/1777 1776/1776 1775/1775
f 1775/1775 1778/1778 1777/1777
f 1781/1781 1780/1780 1779/1779
f 1779/1779 1782/1782 1781/1781
f 1783/1783 1769/1769 1770/1770
f 1770/1770 1784/1784 1783/1783
f 1712/1712 1786/1786 1785/1785
f 1785/1785 1787/1787 1712/1712
f 1683/1683 1789/1789 1788/1788
f 1788/1788 1596/1596 1683/1683
f 1791/1791 1785/1785 1790/1790
f 1790/1790 1779/1779 1791/1791
f 1786/1786 1790/1790 1785/1785
f 1793/1793 1792/1792 1788/1788
f 1788/1788 1778/1778 1793/1793
f 1773/1773 1795/1795 1794/1794
f 1779/1779 1780/1780 1791/1791
f 1796/1796 1780/1780 1781/1781
f 1622/1622 1797/1797 1789/1789
f 1789/1789 1683/1683 1622/1622
f 1798/1798 1781/1781 1782/1782
f 1771/1771 1799/1799 1798/1798
f 1802/1802 1801/1801 1800/1800
f 1800/1800 1803/1803 1802/1802
f 1796/1796 1799/1799 1801/1801
f 1772/1772 1800/1800 1771/1771
f 1656/1656 1794/1794 1786/1786
f 1786/1786 1712/1712 1656/1656
f 1805/1805 1804/1804 1772/1772
f 1804/1804 1803/1803 1800/1800
f 1800/1800 1772/1772 1804/1804
f 1773/1773 1774/1774 1806/1806
f 1806/1806 1795/1795 1773/1773
f 1809/1809 1808/1808 1807/1807
f 1807/1807 1810/1810 1809/1809
f 1635/1635 1811/1811 1774/1774
f 1774/1774 1634/1634 1635/1635
f 1694/1694 1796/1796 1801/1801
f 1801/1801 1812/1812 1694/1694
f 1811/1811 1813/1813 1792/1792
f 1792/1792 1793/1793 1811/1811
f 1784/1784 1797/1797 1807/1807
f 1807/1807 1783/1783 1784/1784
f 1617/1617 1780/1780 1796/1796
f 1796/1796 1694/1694 1617/1617
f 1781/1781 1798/1798 1799/1799
f 1799/1799 1796/1796 1781/1781
f 1779/1779 1790/1790 1795/1795
f 1795/1795 1782/1782 1779/1779
f 1704/1704 1813/1813 1811/1811
f 1811/1811 1635/1635 1704/1704
f 1808/1808 1815/1815 1814/1814
f 1808/1808 1814/1814 1783/1783
f 1807/1807 1808/1808 1783/1783
f 1816/1816 1792/1792 1813/1813
f 1813/1813 1704/1704 1816/1816
f 1787/1787 1785/1785 1791/1791
f 1791/1791 1620/1620 1787/1787
f 1782/1782 1775/1775 1776/1776
f 1776/1776 1798/1798 1782/1782
f 1611/1611 1773/1773 1794/1794
f 1794/1794 1656/1656 1611/1611
f 1810/1810 1807/1807 1797/1797
f 1797/1797 1622/1622 1810/1810
f 1777/1777 1789/1789 1797/1797
f 1797/1797 1784/1784 1777/1777
f 1769/1769 1817/1817 1805/1805
f 1805/1805 1772/1772 1769/1769
f 1784/1784 1770/1770 1776/1776
f 1776/1776 1777/1777 1784/1784
f 1596/1596 1788/1788 1792/1792
f 1792/1792 1816/1816 1596/1596
f 1620/1620 1791/1791 1780/1780
f 1780/1780 1617/1617 1620/1620
f 1793/1793 1806/1806 1774/1774
f 1774/1774 1811/1811 1793/1793
f 1790/1790 1786/1786 1794/1794
f 1794/1794 1795/1795 1790/1790
f 1778/1778 1788/1788 1789/1789
f 1789/1789 1777/1777 1778/1778
f 1799/1799 1771/1771 1800/1800
f 1800/1800 1801/1801 1799/1799
f 1778/1778 1775/1775 1806/1806
f 1806/1806 1793/1793 1778/1778
f 1795/1795 1806/1806 1775/1775
f 1775/1775 1782/1782 1795/1795
f 1798/1798 1776/1776 1770/1770
f 1770/1770 1771/1771 1798/1798
f 1801/1801 1802/1802 1818/1818
f 1818/1818 1812/1812 1801/1801
f 1819/1819 1808/1808 1809/1809
f 1809/1809 1820/1820 1819/1819
f 1817/1817 1769/1769 1783/1783
f 1783/1783 1814/1814 1817/1817
f 1815/1815 1808/1808 1819/1819
f 1821/1821 1822/1822 1823/1823
f 1823/1823 1824/1824 1821/1821
f 1825/1825 1826/1826 1829/1829
f 1829/1829 1832/1832 1825/1825
f 1833/1833 1834/1834 1835/1835
f 1835/1835 1836/1836 1833/1833
f 1838/1838 1839/1839 1841/1841
f 1841/1841 1842/1842 1838/1838
f 1843/1843 1844/1844 1846/1846
f 1846/1846 1847/1847 1843/1843
f 1849/1849 1850/1850 1852/1852
f 1852/1852 1853/1853 1849/1849
f 1854/1854 1855/1855 1856/1856
f 1856/1856 1859/1859 1854/1854
f 1860/1860 1861/1861 1822/1822
f 1822/1822 1821/1821 1860/1860
f 1861/1861 1862/1862 1863/1863
f 1863/1863 1822/1822 1861/1861
f 1834/1834 1823/1823 1822/1822
f 1822/1822 1863/1863 1834/1834
f 1864/1864 1866/1866 1841/1841
f 1841/1841 1868/1868 1864/1864
f 1869/1869 1870/1870 1873/1873
f 1873/1873 1853/1853 1869/1869
f 1874/1874 1875/1875 1876/1876
f 1876/1876 1877/1877 1874/1874
f 1862/1862 1861/1861 1848/1848
f 1848/1848 1879/1879 1862/1862
f 1880/1880 1836/1836 1881/1881
f 1881/1881 1882/1882 1880/1880
f 1843/1843 1883/1883 1885/1885
f 1885/1885 1887/1887 1843/1843
f 1888/1888 1889/1889 1890/1890
f 1890/1890 1826/1826 1888/1888
f 1891/1891 1862/1862 1879/1879
f 1879/1879 1892/1892 1891/1891
f 1824/1824 1894/1894 1896/1896
f 1896/1896 1872/1872 1824/1824
f 1897/1897 1825/1825 1832/1832
f 1832/1832 1858/1858 1897/1897
f 1881/1881 1888/1888 1826/1826
f 1826/1826 1825/1825 1881/1881
f 1890/1890 1898/1898 1837/1837
f 1837/1837 1900/1900 1890/1890
f 1821/1821 1824/1824 1872/1872
f 1872/1872 1871/1871 1821/1821
f 1844/1844 1864/1864 1868/1868
f 1868/1868 1846/1846 1844/1844
f 1861/1861 1860/1860 1884/1884
f 1884/1884 1848/1848 1861/1861
f 1901/1901 1902/1902 1875/1875
f 1875/1875 1874/1874 1901/1901
f 1899/1899 1838/1838 1842/1842
f 1842/1842 1903/1903 1899/1899
f 1904/1904 1905/1905 1906/1906
f 1906/1906 1907/1907 1904/1904
f 1828/1828 1899/1899 1903/1903
f 1903/1903 1909/1909 1828/1828
f 1910/1910 1911/1911 1857/1857
f 1857/1857 1913/1913 1910/1910
f 1912/1912 1856/1856 1855/1855
f 1914/1914 1831/1831 1830/1830
f 1854/1854 1915/1915 1855/1855
f 1915/1915 1916/1916 1917/1917
f 1916/1916 1918/1918 1920/1920
f 1911/1911 1897/1897 1858/1858
f 1858/1858 1857/1857 1911/1911
f 1853/1853 1873/1873 1895/1895
f 1895/1895 1849/1849 1853/1853
f 1914/1914 1854/1854 1859/1859
f 1859/1859 1831/1831 1914/1914
f 1898/1898 1921/1921 1840/1840
f 1840/1840 1837/1837 1898/1898
f 1922/1922 1923/1923 1924/1924
f 1924/1924 1833/1833 1922/1922
f 1925/1925 1927/1927 1850/1850
f 1850/1850 1849/1849 1925/1925
f 1922/1922 1833/1833 1836/1836
f 1836/1836 1880/1880 1922/1922
f 1863/1863 1862/1862 1891/1891
f 1891/1891 1928/1928 1863/1863
f 1885/1885 1883/1883 1869/1869
f 1869/1869 1929/1929 1885/1885
f 1921/1921 1891/1891 1892/1892
f 1892/1892 1840/1840 1921/1921
f 1853/1853 1852/1852 1929/1929
f 1929/1929 1869/1869 1853/1853
f 1839/1839 1893/1893 1868/1868
f 1868/1868 1841/1841 1839/1839
f 1849/1849 1895/1895 1932/1932
f 1932/1932 1925/1925 1849/1849
f 1907/1907 1880/1880 1882/1882
f 1882/1882 1904/1904 1907/1907
f 1925/1925 1932/1932 1933/1933
f 1933/1933 1935/1935 1925/1925
f 1866/1866 1937/1937 1842/1842
f 1842/1842 1841/1841 1866/1866
f 1927/1927 1925/1925 1935/1935
f 1935/1935 1938/1938 1927/1927
f 1901/1901 1922/1922 1880/1880
f 1880/1880 1907/1907 1901/1901
f 1835/1835 1928/1928 1889/1889
f 1889/1889 1888/1888 1835/1835
f 1888/1888 1881/1881 1836/1836
f 1836/1836 1835/1835 1888/1888
f 1937/1937 1909/1909 1903/1903
f 1903/1903 1842/1842 1937/1937
f 1928/1928 1891/1891 1921/1921
f 1921/1921 1889/1889 1928/1928
f 1940/1940 1877/1877 1934/1934
f 1934/1934 1931/1931 1940/1940
f 1834/1834 1863/1863 1928/1928
f 1928/1928 1835/1835 1834/1834
f 1882/1882 1881/1881 1825/1825
f 1825/1825 1897/1897 1882/1882
f 1923/1923 1940/1940 1894/1894
f 1894/1894 1924/1924 1923/1923
f 1907/1907 1906/1906 1902/1902
f 1902/1902 1901/1901 1907/1907
f 1893/1893 1878/1878 1846/1846
f 1846/1846 1868/1868 1893/1893
f 1897/1897 1911/1911 1904/1904
f 1904/1904 1882/1882 1897/1897
f 1826/1826 1890/1890 1900/1900
f 1900/1900 1829/1829 1826/1826
f 1860/1860 1821/1821 1871/1871
f 1871/1871 1884/1884 1860/1860
f 1917/1917 1912/1912 1855/1855
f 1855/1855 1915/1915 1917/1917
f 1889/1889 1921/1921 1898/1898
f 1898/1898 1890/1890 1889/1889
f 1847/1847 1846/1846 1878/1878
f 1847/1847 1883/1883 1843/1843
f 1887/1887 1844/1844 1843/1843
f 1883/1883 1870/1870 1869/1869
f 1874/1874 1877/1877 1940/1940
f 1940/1940 1923/1923 1874/1874
f 1901/1901 1874/1874 1923/1923
f 1923/1923 1922/1922 1901/1901
f 1894/1894 1940/1940 1931/1931
f 1931/1931 1896/1896 1894/1894
f 1833/1833 1924/1924 1823/1823
f 1823/1823 1834/1834 1833/1833
f 1924/1924 1894/1894 1824/1824
f 1824/1824 1823/1823 1924/1924
f 1916/1916 1920/1920 1941/1941
f 1941/1941 1917/1917 1916/1916
f 1913/1913 1942/1942 1944/1944
f 1944/1944 1910/1910 1913/1913
f 1885/1885 1929/1929 1945/1945
f 1945/1945 1887/1887 1885/1885
f 1947/1947 1938/1938 1935/1935
f 1935/1935 1949/1949 1947/1947
f 1917/1917 1941/1941 1943/1943
f 1943/1943 1912/1912 1917/1917
f 1949/1949 1935/1935 1933/1933
f 1933/1933 1950/1950 1949/1949
f 1951/1951 1934/1934 1877/1877
f 1877/1877 1876/1876 1951/1951
f 1911/1911 1910/1910 1952/1952
f 1904/1904 1911/1911 1952/1952
f 1905/1905 1904/1904 1952/1952
f 1952/1952 1910/1910 1944/1944
f 1953/1953 1954/1954 1955/1955
f 1955/1955 1956/1956 1953/1953
f 1957/1957 1958/1958 1959/1959
f 1959/1959 1964/1964 1957/1957
f 1965/1965 1966/1966 1967/1967
f 1967/1967 1968/1968 1965/1965
f 1970/1970 1972/1972 1973/1973
f 1973/1973 1974/1974 1970/1970
f 1975/1975 1977/1977 1978/1978
f 1978/1978 1980/1980 1975/1975
f 1981/1981 1983/1983 1984/1984
f 1984/1984 1986/1986 1981/1981
f 1987/1987 1988/1988 1990/1990
f 1990/1990 1992/1992 1987/1987
f 1993/1993 1994/1994 1954/1954
f 1954/1954 1953/1953 1993/1993
f 1994/1994 1995/1995 1996/1996
f 1996/1996 1954/1954 1994/1994
f 1966/1966 1955/1955 1954/1954
f 1954/1954 1996/1996 1966/1966
f 1998/1998 1999/1999 1973/1973
f 1973/1973 2001/2001 1998/1998
f 2002/2002 2004/2004 2006/2006
f 2006/2006 1986/1986 2002/2002
f 2007/2007 2008/2008 2009/2009
f 2009/2009 2010/2010 2007/2007
f 1995/1995 1994/1994 1979/1979
f 1979/1979 2012/2012 1995/1995
f 2013/2013 1968/1968 2014/2014
f 2014/2014 2015/2015 2013/2013
f 1975/1975 2016/2016 2018/2018
f 2018/2018 2019/2019 1975/1975
f 2021/2021 2022/2022 2023/2023
f 2023/2023 1958/1958 2021/2021
f 2024/2024 1995/1995 2012/2012
f 2012/2012 2025/2025 2024/2024
f 1956/1956 2027/2027 2029/2029
f 2029/2029 2005/2005 1956/1956
f 2030/2030 1957/1957 1964/1964
f 1964/1964 1991/1991 2030/2030
f 2014/2014 2021/2021 1958/1958
f 1958/1958 1957/1957 2014/2014
f 2023/2023 2031/2031 1969/1969
f 1969/1969 2033/2033 2023/2023
f 1953/1953 1956/1956 2005/2005
f 2005/2005 2003/2003 1953/1953
f 1977/1977 1998/1998 2001/2001
f 2001/2001 1978/1978 1977/1977
f 1994/1994 1993/1993 2017/2017
f 2017/2017 1979/1979 1994/1994
f 2034/2034 2035/2035 2008/2008
f 2008/2008 2007/2007 2034/2034
f 2032/2032 1970/1970 1974/1974
f 1974/1974 2036/2036 2032/2032
f 2037/2037 2038/2038 2039/2039
f 2039/2039 2040/2040 2037/2037
f 1961/1961 2032/2032 2036/2036
f 2036/2036 2041/2041 1961/1961
f 2043/2043 2044/2044 1989/1989
f 1989/1989 2046/2046 2043/2043
f 2045/2045 1990/1990 1988/1988
f 2047/2047 1963/1963 1962/1962
f 1987/1987 2048/2048 1988/1988
f 2048/2048 2050/2050 2051/2051
f 2050/2050 2052/2052 2053/2053
f 2044/2044 2030/2030 1991/1991
f 1991/1991 1989/1989 2044/2044
f 1986/1986 2006/2006 2028/2028
f 2028/2028 1981/1981 1986/1986
f 2047/2047 1987/1987 1992/1992
f 1992/1992 1963/1963 2047/2047
f 2031/2031 2054/2054 1971/1971
f 1971/1971 1969/1969 2031/2031
f 2055/2055 2056/2056 2057/2057
f 2057/2057 1965/1965 2055/2055
f 2058/2058 2060/2060 1983/1983
f 1983/1983 1981/1981 2058/2058
f 2055/2055 1965/1965 1968/1968
f 1968/1968 2013/2013 2055/2055
f 1996/1996 1995/1995 2024/2024
f 2024/2024 2061/2061 1996/1996
f 2018/2018 2016/2016 2002/2002
f 2002/2002 2062/2062 2018/2018
f 2054/2054 2024/2024 2025/2025
f 2025/2025 1971/1971 2054/2054
f 1986/1986 1984/1984 2062/2062
f 2062/2062 2002/2002 1986/1986
f 1972/1972 2026/2026 2001/2001
f 2001/2001 1973/1973 1972/1972
f 1981/1981 2028/2028 2064/2064
f 2064/2064 2058/2058 1981/1981
f 2040/2040 2013/2013 2015/2015
f 2015/2015 2037/2037 2040/2040
f 2058/2058 2064/2064 2065/2065
f 2065/2065 2067/2067 2058/2058
f 1999/1999 2069/2069 1974/1974
f 1974/1974 1973/1973 1999/1999
f 2060/2060 2058/2058 2067/2067
f 2067/2067 2070/2070 2060/2060
f 2034/2034 2055/2055 2013/2013
f 2013/2013 2040/2040 2034/2034
f 1967/1967 2061/2061 2022/2022
f 2022/2022 2021/2021 1967/1967
f 2021/2021 2014/2014 1968/1968
f 1968/1968 1967/1967 2021/2021
f 2069/2069 2041/2041 2036/2036
f 2036/2036 1974/1974 2069/2069
f 2061/2061 2024/2024 2054/2054
f 2054/2054 2022/2022 2061/2061
f 2071/2071 2010/2010 2066/2066
f 2066/2066 2063/2063 2071/2071
f 1966/1966 1996/1996 2061/2061
f 2061/2061 1967/1967 1966/1966
f 2015/2015 2014/2014 1957/1957
f 1957/1957 2030/2030 2015/2015
f 2056/2056 2071/2071 2027/2027
f 2027/2027 2057/2057 2056/2056
f 2040/2040 2039/2039 2035/2035
f 2035/2035 2034/2034 2040/2040
f 2026/2026 2011/2011 1978/1978
f 1978/1978 2001/2001 2026/2026
f 2030/2030 2044/2044 2037/2037
f 2037/2037 2015/2015 2030/2030
f 1958/1958 2023/2023 2033/2033
f 2033/2033 1959/1959 1958/1958
f 1993/1993 1953/1953 2003/2003
f 2003/2003 2017/2017 1993/1993
f 2051/2051 2045/2045 1988/1988
f 1988/1988 2048/2048 2051/2051
f 2022/2022 2054/2054 2031/2031
f 2031/2031 2023/2023 2022/2022
f 1980/1980 1978/1978 2011/2011
f 1980/1980 2016/2016 1975/1975
f 2019/2019 1977/1977 1975/1975
f 2016/2016 2004/2004 2002/2002
f 2007/2007 2010/2010 2071/2071
f 2071/2071 2056/2056 2007/2007
f 2034/2034 2007/2007 2056/2056
f 2056/2056 2055/2055 2034/2034
f 2027/2027 2071/2071 2063/2063
f 2063/2063 2029/2029 2027/2027
f 1965/1965 2057/2057 1955/1955
f 1955/1955 1966/1966 1965/1965
f 2057/2057 2027/2027 1956/1956
f 1956/1956 1955/1955 2057/2057
f 2050/2050 2053/2053 2072/2072
f 2072/2072 2051/2051 2050/2050
f 2046/2046 2073/2073 2075/2075
f 2075/2075 2043/2043 2046/2046
f 2018/2018 2062/2062 2077/2077
f 2077/2077 2019/2019 2018/2018
f 2078/2078 2070/2070 2067/2067
f 2067/2067 2079/2079 2078/2078
f 2051/2051 2072/2072 2074/2074
f 2074/2074 2045/2045 2051/2051
f 2079/2079 2067/2067 2065/2065
f 2065/2065 2080/2080 2079/2079
f 2081/2081 2066/2066 2010/2010
f 2010/2010 2009/2009 2081/2081
f 2044/2044 2043/2043 2082/2082
f 2037/2037 2044/2044 2082/2082
f 2038/2038 2037/2037 2082/2082
f 2082/2082 2043/2043 2075/2075
f 2083/2083 2084/2084 2085/2085
f 2085/2085 2086/2086 2083/2083
f 2087/2087 2088/2088 1865/1865
f 1865/1865 1845/1845 2087/2087
f 2089/2089 2090/2090 2091/2091
f 2091/2091 2092/2092 2089/2089
f 2093/2093 2094/2094 2095/2095
f 2095/2095 2096/2096 2093/2093
f 2084/2084 2083/2083 2097/2097
f 2097/2097 2098/2098 2084/2084
f 2099/2099 2100/2100 1946/1946
f 1946/1946 1930/1930 2099/2099
f 2101/2101 2102/2102 2103/2103
f 2103/2103 1827/1827 2101/2101
f 2104/2104 2099/2099 2105/2105
f 2105/2105 2093/2093 2104/2104
f 2099/2099 2104/2104 2100/2100
f 2101/2101 2106/2106 2107/2107
f 2107/2107 2092/2092 2101/2101
f 2108/2108 2109/2109 2087/2087
f 2105/2105 2094/2094 2093/2093
f 2095/2095 2094/2094 2110/2110
f 2102/2102 2111/2111 2112/2112
f 2112/2112 2103/2103 2102/2102
f 2096/2096 2095/2095 2113/2113
f 2113/2113 2114/2114 2085/2085
f 2115/2115 2116/2116 2117/2117
f 2117/2117 2118/2118 2115/2115
f 2116/2116 2114/2114 2110/2110
f 2085/2085 2115/2115 2086/2086
f 2100/2100 2108/2108 1886/1886
f 1886/1886 1946/1946 2100/2100
f 2086/2086 2119/2119 2120/2120
f 2115/2115 2118/2118 2119/2119
f 2119/2119 2086/2086 2115/2115
f 2121/2121 2088/2088 2087/2087
f 2087/2087 2109/2109 2121/2121
f 2122/2122 2123/2123 2124/2124
f 2124/2124 2125/2125 2122/2122
f 2088/2088 2126/2126 1867/1867
f 1867/1867 1865/1865 2088/2088
f 2116/2116 2110/2110 1926/1926
f 1926/1926 1939/1939 2116/2116
f 2106/2106 2127/2127 2126/2126
f 2126/2126 2107/2107 2106/2106
f 2122/2122 2111/2111 2098/2098
f 2098/2098 2097/2097 2122/2122
f 2110/2110 2094/2094 1851/1851
f 1851/1851 1926/1926 2110/2110
f 2114/2114 2113/2113 2095/2095
f 2095/2095 2110/2110 2114/2114
f 2109/2109 2104/2104 2093/2093
f 2093/2093 2096/2096 2109/2109
f 2126/2126 2127/2127 1936/1936
f 1936/1936 1867/1867 2126/2126
f 2128/2128 2129/2129 2123/2123
f 2097/2097 2128/2128 2123/2123
f 2097/2097 2123/2123 2122/2122
f 2127/2127 2106/2106 1908/1908
f 1908/1908 1936/1936 2127/2127
f 2105/2105 2099/2099 1930/1930
f 1930/1930 2130/2130 2105/2105
f 2090/2090 2089/2089 2096/2096
f 2096/2096 2113/2113 2090/2090
f 2108/2108 2087/2087 1845/1845
f 1845/1845 1886/1886 2108/2108
f 2111/2111 2122/2122 2125/2125
f 2125/2125 2112/2112 2111/2111
f 2111/2111 2102/2102 2091/2091
f 2091/2091 2098/2098 2111/2111
f 2120/2120 2131/2131 2083/2083
f 2083/2083 2086/2086 2120/2120
f 2090/2090 2084/2084 2098/2098
f 2098/2098 2091/2091 2090/2090
f 2106/2106 2101/2101 1827/1827
f 1827/1827 1908/1908 2106/2106
f 2094/2094 2105/2105 2130/2130
f 2130/2130 1851/1851 2094/2094
f 2088/2088 2121/2121 2107/2107
f 2107/2107 2126/2126 2088/2088
f 2108/2108 2100/2100 2104/2104
f 2104/2104 2109/2109 2108/2108
f 2102/2102 2101/2101 2092/2092
f 2092/2092 2091/2091 2102/2102
f 2115/2115 2085/2085 2114/2114
f 2114/2114 2116/2116 2115/2115
f 2121/2121 2089/2089 2092/2092
f 2092/2092 2107/2107 2121/2121
f 2089/2089 2121/2121 2109/2109
f 2109/2109 2096/2096 2089/2089
f 2084/2084 2090/2090 2113/2113
f 2113/2113 2085/2085 2084/2084
f 1948/1948 2117/2117 2116/2116
f 2116/2116 1939/1939 1948/1948
f 2124/2124 2123/2123 2132/2132
f 2132/2132 1919/1919 2124/2124
f 2097/2097 2083/2083 2131/2131
f 2131/2131 2128/2128 2097/2097
f 2132/2132 2123/2123 2129/2129
f 2133/2133 2134/2134 2135/2135
f 2135/2135 2136/2136 2133/2133
f 2137/2137 2138/2138 1997/1997
f 1997/1997 1976/1976 2137/2137
f 2139/2139 2140/2140 2141/2141
f 2141/2141 2142/2142 2139/2139
f 2143/2143 2144/2144 2145/2145
f 2145/2145 2146/2146 2143/2143
f 2134/2134 2133/2133 2147/2147
f 2147/2147 2148/2148 2134/2134
f 2149/2149 2150/2150 2076/2076
f 2076/2076 2151/2151 2149/2149
f 2152/2152 2153/2153 2154/2154
f 2154/2154 1960/1960 2152/2152
f 2155/2155 2149/2149 2156/2156
f 2156/2156 2143/2143 2155/2155
f 2149/2149 2155/2155 2150/2150
f 2152/2152 2157/2157 2158/2158
f 2158/2158 2142/2142 2152/2152
f 2159/2159 2160/2160 2137/2137
f 2156/2156 2144/2144 2143/2143
f 2145/2145 2144/2144 2161/2161
f 2153/2153 2162/2162 2163/2163
f 2163/2163 2154/2154 2153/2153
f 2146/2146 2145/2145 2164/2164
f 2164/2164 2165/2165 2135/2135
f 2166/2166 2167/2167 2168/2168
f 2168/2168 2169/2169 2166/2166
f 2167/2167 2165/2165 2161/2161
f 2135/2135 2166/2166 2136/2136
f 2150/2150 2159/2159 2020/2020
f 2020/2020 2076/2076 2150/2150
f 2136/2136 2170/2170 2171/2171
f 2166/2166 2169/2169 2170/2170
f 2170/2170 2136/2136 2166/2166
f 2172/2172 2138/2138 2137/2137
f 2137/2137 2160/2160 2172/2172
f 2173/2173 2174/2174 2049/2049
f 2049/2049 2175/2175 2173/2173
f 2138/2138 2176/2176 2000/2000
f 2000/2000 1997/1997 2138/2138
f 2167/2167 2161/2161 2059/2059
f 2059/2059 2177/2177 2167/2167
f 2157/2157 2178/2178 2176/2176
f 2176/2176 2158/2158 2157/2157
f 2173/2173 2162/2162 2148/2148
f 2148/2148 2147/2147 2173/2173
f 2161/2161 2144/2144 1982/1982
f 1982/1982 2059/2059 2161/2161
f 2165/2165 2164/2164 2145/2145
f 2145/2145 2161/2161 2165/2165
f 2160/2160 2155/2155 2143/2143
f 2143/2143 2146/2146 2160/2160
f 2176/2176 2178/2178 2068/2068
f 2068/2068 2000/2000 2176/2176
f 2179/2179 2180/2180 2174/2174
f 2147/2147 2179/2179 2174/2174
f 2147/2147 2174/2174 2173/2173
f 2178/2178 2157/2157 2042/2042
f 2042/2042 2068/2068 2178/2178
f 2156/2156 2149/2149 2151/2151
f 2151/2151 1985/1985 2156/2156
f 2140/2140 2139/2139 2146/2146
f 2146/2146 2164/2164 2140/2140
f 2159/2159 2137/2137 1976/1976
f 1976/1976 2020/2020 2159/2159
f 2162/2162 2173/2173 2175/2175
f 2175/2175 2163/2163 2162/2162
f 2162/2162 2153/2153 2141/2141
f 2141/2141 2148/2148 2162/2162
f 2171/2171 2181/2181 2133/2133
f 2133/2133 2136/2136 2171/2171
f 2140/2140 2134/2134 2148/2148
f 2148/2148 2141/2141 2140/2140
f 2157/2157 2152/2152 1960/1960
f 1960/1960 2042/2042 2157/2157
f 2144/2144 2156/2156 1985/1985
f 1985/1985 1982/1982 2144/2144
f 2138/2138 2172/2172 2158/2158
f 2158/2158 2176/2176 2138/2138
f 2159/2159 2150/2150 2155/2155
f 2155/2155 2160/2160 2159/2159
f 2153/2153 2152/2152 2142/2142
f 2142/2142 2141/2141 2153/2153
f 2166/2166 2135/2135 2165/2165
f 2165/2165 2167/2167 2166/2166
f 2172/2172 2139/2139 2142/2142
f 2142/2142 2158/2158 2172/2172
f 2139/2139 2172/2172 2160/2160
f 2160/2160 2146/2146 2139/2139
f 2134/2134 2140/2140 2164/2164
f 2164/2164 2135/2135 2134/2134
f 2182/2182 2168/2168 2167/2167
f 2167/2167 2177/2177 2182/2182
f 2049/2049 2174/2174 2183/2183
f 2183/2183 2184/2184 2049/2049
f 2147/2147 2133/2133 2181/2181
f 2181/2181 2179/2179 2147/2147
f 2183/2183 2174/2174 2180/2180
f 2185/2185 2186/2186 2187/2187
f 2187/2187 2188/2188 2185/2185
f 2189/2189 2190/2190 2193/2193
f 2193/2193 2196/2196 2189/2189
f 2197/2197 2198/2198 2199/2199
f 2199/2199 2200/2200 2197/2197
f 2201/2201 2203/2203 2205/2205
f 2205/2205 2206/2206 2201/2201
f 2207/2207 2208/2208 2210/2210
f 2210/2210 2212/2212 2207/2207
f 2213/2213 2214/2214 2217/2217
f 2217/2217 2218/2218 2213/2213
f 2220/2220 2221/2221 2222/2222
f 2222/2222 2225/2225 2220/2220
f 2226/2226 2227/2227 2186/2186
f 2186/2186 2185/2185 2226/2226
f 2227/2227 2228/2228 2229/2229
f 2229/2229 2186/2186 2227/2227
f 2198/2198 2187/2187 2186/2186
f 2186/2186 2229/2229 2198/2198
f 2231/2231 2232/2232 2205/2205
f 2205/2205 2234/2234 2231/2231
f 2235/2235 2237/2237 2238/2238
f 2238/2238 2218/2218 2235/2235
f 2240/2240 2241/2241 2242/2242
f 2242/2242 2243/2243 2240/2240
f 2228/2228 2227/2227 2211/2211
f 2211/2211 2245/2245 2228/2228
f 2246/2246 2200/2200 2247/2247
f 2247/2247 2248/2248 2246/2246
f 2207/2207 2249/2249 2251/2251
f 2251/2251 2252/2252 2207/2207
f 2254/2254 2255/2255 2256/2256
f 2256/2256 2190/2190 2254/2254
f 2257/2257 2228/2228 2245/2245
f 2245/2245 2259/2259 2257/2257
f 2188/2188 2260/2260 2261/2261
f 2261/2261 2239/2239 2188/2188
f 2263/2263 2189/2189 2196/2196
f 2196/2196 2224/2224 2263/2263
f 2247/2247 2254/2254 2190/2190
f 2190/2190 2189/2189 2247/2247
f 2256/2256 2264/2264 2202/2202
f 2202/2202 2266/2266 2256/2256
f 2185/2185 2188/2188 2239/2239
f 2239/2239 2236/2236 2185/2185
f 2208/2208 2231/2231 2234/2234
f 2234/2234 2210/2210 2208/2208
f 2227/2227 2226/2226 2250/2250
f 2250/2250 2211/2211 2227/2227
f 2267/2267 2268/2268 2241/2241
f 2241/2241 2240/2240 2267/2267
f 2265/2265 2201/2201 2206/2206
f 2206/2206 2269/2269 2265/2265
f 2270/2270 2271/2271 2272/2272
f 2272/2272 2273/2273 2270/2270
f 2194/2194 2265/2265 2269/2269
f 2269/2269 2274/2274 2194/2194
f 2275/2275 2276/2276 2223/2223
f 2223/2223 2278/2278 2275/2275
f 2277/2277 2222/2222 2221/2221
f 2279/2279 2195/2195 2191/2191
f 2220/2220 2281/2281 2221/2221
f 2281/2281 2283/2283 2285/2285
f 2283/2283 2287/2287 2288/2288
f 2276/2276 2263/2263 2224/2224
f 2224/2224 2223/2223 2276/2276
f 2218/2218 2238/2238 2262/2262
f 2262/2262 2213/2213 2218/2218
f 2279/2279 2220/2220 2225/2225
f 2225/2225 2195/2195 2279/2279
f 2264/2264 2289/2289 2204/2204
f 2204/2204 2202/2202 2264/2264
f 2290/2290 2291/2291 2292/2292
f 2292/2292 2197/2197 2290/2290
f 2293/2293 2295/2295 2214/2214
f 2214/2214 2213/2213 2293/2293
f 2290/2290 2197/2197 2200/2200
f 2200/2200 2246/2246 2290/2290
f 2229/2229 2228/2228 2257/2257
f 2257/2257 2296/2296 2229/2229
f 2251/2251 2249/2249 2235/2235
f 2235/2235 2297/2297 2251/2251
f 2289/2289 2257/2257 2259/2259
f 2259/2259 2204/2204 2289/2289
f 2218/2218 2217/2217 2297/2297
f 2297/2297 2235/2235 2218/2218
f 2203/2203 2258/2258 2234/2234
f 2234/2234 2205/2205 2203/2203
f 2213/2213 2262/2262 2300/2300
f 2300/2300 2293/2293 2213/2213
f 2273/2273 2246/2246 2248/2248
f 2248/2248 2270/2270 2273/2273
f 2293/2293 2300/2300 2301/2301
f 2301/2301 2303/2303 2293/2293
f 2232/2232 2304/2304 2206/2206
f 2206/2206 2205/2205 2232/2232
f 2295/2295 2293/2293 2303/2303
f 2303/2303 2305/2305 2295/2295
f 2267/2267 2290/2290 2246/2246
f 2246/2246 2273/2273 2267/2267
f 2199/2199 2296/2296 2255/2255
f 2255/2255 2254/2254 2199/2199
f 2254/2254 2247/2247 2200/2200
f 2200/2200 2199/2199 2254/2254
f 2304/2304 2274/2274 2269/2269
f 2269/2269 2206/2206 2304/2304
f 2296/2296 2257/2257 2289/2289
f 2289/2289 2255/2255 2296/2296
f 2306/2306 2243/2243 2302/2302
f 2302/2302 2299/2299 2306/2306
f 2198/2198 2229/2229 2296/2296
f 2296/2296 2199/2199 2198/2198
f 2248/2248 2247/2247 2189/2189
f 2189/2189 2263/2263 2248/2248
f 2291/2291 2306/2306 2260/2260
f 2260/2260 2292/2292 2291/2291
f 2273/2273 2272/2272 2268/2268
f 2268/2268 2267/2267 2273/2273
f 2258/2258 2244/2244 2210/2210
f 2210/2210 2234/2234 2258/2258
f 2263/2263 2276/2276 2270/2270
f 2270/2270 2248/2248 2263/2263
f 2190/2190 2256/2256 2266/2266
f 2266/2266 2193/2193 2190/2190
f 2226/2226 2185/2185 2236/2236
f 2236/2236 2250/2250 2226/2226
f 2285/2285 2277/2277 2221/2221
f 2221/2221 2281/2281 2285/2285
f 2255/2255 2289/2289 2264/2264
f 2264/2264 2256/2256 2255/2255
f 2212/2212 2210/2210 2244/2244
f 2212/2212 2249/2249 2207/2207
f 2252/2252 2208/2208 2207/2207
f 2249/2249 2237/2237 2235/2235
f 2240/2240 2243/2243 2306/2306
f 2306/2306 2291/2291 2240/2240
f 2267/2267 2240/2240 2291/2291
f 2291/2291 2290/2290 2267/2267
f 2260/2260 2306/2306 2299/2299
f 2299/2299 2261/2261 2260/2260
f 2197/2197 2292/2292 2187/2187
f 2187/2187 2198/2198 2197/2197
f 2292/2292 2260/2260 2188/2188
f 2188/2188 2187/2187 2292/2292
f 2283/2283 2288/2288 2307/2307
f 2307/2307 2285/2285 2283/2283
f 2278/2278 2309/2309 2310/2310
f 2310/2310 2275/2275 2278/2278
f 2251/2251 2297/2297 2311/2311
f 2311/2311 2252/2252 2251/2251
f 2313/2313 2305/2305 2303/2303
f 2303/2303 2314/2314 2313/2313
f 2285/2285 2307/2307 2308/2308
f 2308/2308 2277/2277 2285/2285
f 2314/2314 2303/2303 2301/2301
f 2301/2301 2316/2316 2314/2314
f 2315/2315 2302/2302 2243/2243
f 2243/2243 2242/2242 2315/2315
f 2276/2276 2275/2275 2317/2317
f 2270/2270 2276/2276 2317/2317
f 2271/2271 2270/2270 2317/2317
f 2317/2317 2275/2275 2310/2310
f 2318/2318 2319/2319 2320/2320
f 2320/2320 2321/2321 2318/2318
f 2322/2322 2323/2323 2324/2324
f 2324/2324 2329/2329 2322/2322
f 2330/2330 2331/2331 2332/2332
f 2332/2332 2333/2333 2330/2330
f 2334/2334 2337/2337 2338/2338
f 2338/2338 2339/2339 2334/2334
f 2340/2340 2341/2341 2342/2342
f 2342/2342 2343/2343 2340/2340
f 2345/2345 2347/2347 2348/2348
f 2348/2348 2350/2350 2345/2345
f 2352/2352 2353/2353 2355/2355
f 2355/2355 2356/2356 2352/2352
f 2358/2358 2359/2359 2319/2319
f 2319/2319 2318/2318 2358/2358
f 2359/2359 2360/2360 2361/2361
f 2361/2361 2319/2319 2359/2359
f 2331/2331 2320/2320 2319/2319
f 2319/2319 2361/2361 2331/2331
f 2362/2362 2365/2365 2338/2338
f 2338/2338 2366/2366 2362/2362
f 2367/2367 2368/2368 2370/2370
f 2370/2370 2350/2350 2367/2367
f 2372/2372 2373/2373 2374/2374
f 2374/2374 2375/2375 2372/2372
f 2360/2360 2359/2359 2344/2344
f 2344/2344 2377/2377 2360/2360
f 2378/2378 2333/2333 2379/2379
f 2379/2379 2380/2380 2378/2378
f 2340/2340 2382/2382 2383/2383
f 2383/2383 2385/2385 2340/2340
f 2386/2386 2387/2387 2388/2388
f 2388/2388 2323/2323 2386/2386
f 2389/2389 2360/2360 2377/2377
f 2377/2377 2391/2391 2389/2389
f 2321/2321 2392/2392 2394/2394
f 2394/2394 2371/2371 2321/2321
f 2395/2395 2322/2322 2329/2329
f 2329/2329 2357/2357 2395/2395
f 2379/2379 2386/2386 2323/2323
f 2323/2323 2322/2322 2379/2379
f 2388/2388 2396/2396 2335/2335
f 2335/2335 2397/2397 2388/2388
f 2318/2318 2321/2321 2371/2371
f 2371/2371 2369/2369 2318/2318
f 2341/2341 2362/2362 2366/2366
f 2366/2366 2342/2342 2341/2341
f 2359/2359 2358/2358 2381/2381
f 2381/2381 2344/2344 2359/2359
f 2399/2399 2400/2400 2373/2373
f 2373/2373 2372/2372 2399/2399
f 2398/2398 2334/2334 2339/2339
f 2339/2339 2401/2401 2398/2398
f 2402/2402 2403/2403 2404/2404
f 2404/2404 2405/2405 2402/2402
f 2327/2327 2398/2398 2401/2401
f 2401/2401 2406/2406 2327/2327
f 2407/2407 2408/2408 2354/2354
f 2354/2354 2409/2409 2407/2407
f 2410/2410 2355/2355 2353/2353
f 2412/2412 2328/2328 2326/2326
f 2352/2352 2413/2413 2353/2353
f 2413/2413 2414/2414 2415/2415
f 2414/2414 2416/2416 2417/2417
f 2408/2408 2395/2395 2357/2357
f 2357/2357 2354/2354 2408/2408
f 2350/2350 2370/2370 2393/2393
f 2393/2393 2345/2345 2350/2350
f 2412/2412 2352/2352 2356/2356
f 2356/2356 2328/2328 2412/2412
f 2396/2396 2418/2418 2336/2336
f 2336/2336 2335/2335 2396/2396
f 2419/2419 2420/2420 2421/2421
f 2421/2421 2330/2330 2419/2419
f 2422/2422 2423/2423 2347/2347
f 2347/2347 2345/2345 2422/2422
f 2419/2419 2330/2330 2333/2333
f 2333/2333 2378/2378 2419/2419
f 2361/2361 2360/2360 2389/2389
f 2389/2389 2424/2424 2361/2361
f 2383/2383 2382/2382 2367/2367
f 2367/2367 2425/2425 2383/2383
f 2418/2418 2389/2389 2391/2391
f 2391/2391 2336/2336 2418/2418
f 2350/2350 2348/2348 2425/2425
f 2425/2425 2367/2367 2350/2350
f 2337/2337 2390/2390 2366/2366
f 2366/2366 2338/2338 2337/2337
f 2345/2345 2393/2393 2427/2427
f 2427/2427 2422/2422 2345/2345
f 2405/2405 2378/2378 2380/2380
f 2380/2380 2402/2402 2405/2405
f 2422/2422 2427/2427 2430/2430
f 2430/2430 2431/2431 2422/2422
f 2365/2365 2432/2432 2339/2339
f 2339/2339 2338/2338 2365/2365
f 2423/2423 2422/2422 2431/2431
f 2431/2431 2435/2435 2423/2423
f 2399/2399 2419/2419 2378/2378
f 2378/2378 2405/2405 2399/2399
f 2332/2332 2424/2424 2387/2387
f 2387/2387 2386/2386 2332/2332
f 2386/2386 2379/2379 2333/2333
f 2333/2333 2332/2332 2386/2386
f 2432/2432 2406/2406 2401/2401
f 2401/2401 2339/2339 2432/2432
f 2424/2424 2389/2389 2418/2418
f 2418/2418 2387/2387 2424/2424
f 2436/2436 2375/2375 2429/2429
f 2429/2429 2428/2428 2436/2436
f 2331/2331 2361/2361 2424/2424
f 2424/2424 2332/2332 2331/2331
f 2380/2380 2379/2379 2322/2322
f 2322/2322 2395/2395 2380/2380
f 2420/2420 2436/2436 2392/2392
f 2392/2392 2421/2421 2420/2420
f 2405/2405 2404/2404 2400/2400
f 2400/2400 2399/2399 2405/2405
f 2390/2390 2376/2376 2342/2342
f 2342/2342 2366/2366 2390/2390
f 2395/2395 2408/2408 2402/2402
f 2402/2402 2380/2380 2395/2395
f 2323/2323 2388/2388 2397/2397
f 2397/2397 2324/2324 2323/2323
f 2358/2358 2318/2318 2369/2369
f 2369/2369 2381/2381 2358/2358
f 2415/2415 2410/2410 2353/2353
f 2353/2353 2413/2413 2415/2415
f 2387/2387 2418/2418 2396/2396
f 2396/2396 2388/2388 2387/2387
f 2343/2343 2342/2342 2376/2376
f 2343/2343 2382/2382 2340/2340
f 2385/2385 2341/2341 2340/2340
f 2382/2382 2368/2368 2367/2367
f 2372/2372 2375/2375 2436/2436
f 2436/2436 2420/2420 2372/2372
f 2399/2399 2372/2372 2420/2420
f 2420/2420 2419/2419 2399/2399
f 2392/2392 2436/2436 2428/2428
f 2428/2428 2394/2394 2392/2392
f 2330/2330 2421/2421 2320/2320
f 2320/2320 2331/2331 2330/2330
f 2421/2421 2392/2392 2321/2321
f 2321/2321 2320/2320 2421/2421
f 2414/2414 2417/2417 2437/2437
f 2437/2437 2415/2415 2414/2414
f 2409/2409 2438/2438 2440/2440
f 2440/2440 2407/2407 2409/2409
f 2383/2383 2425/2425 2442/2442
f 2442/2442 2385/2385 2383/2383
f 2443/2443 2435/2435 2431/2431
f 2431/2431 2445/2445 2443/2443
f 2415/2415 2437/2437 2439/2439
f 2439/2439 2410/2410 2415/2415
f 2445/2445 2431/2431 2430/2430
f 2430/2430 2446/2446 2445/2445
f 2447/2447 2429/2429 2375/2375
f 2375/2375 2374/2374 2447/2447
f 2408/2408 2407/2407 2448/2448
f 2402/2402 2408/2408 2448/2448
f 2403/2403 2402/2402 2448/2448
f 2448/2448 2407/2407 2440/2440
f 2449/2449 2450/2450 2451/2451
f 2451/2451 2452/2452 2449/2449
f 2453/2453 2454/2454 2230/2230
f 2230/2230 2209/2209 2453/2453
f 2455/2455 2456/2456 2457/2457
f 2457/2457 2458/2458 2455/2455
f 2459/2459 2460/2460 2461/2461
f 2461/2461 2462/2462 2459/2459
f 2450/2450 2449/2449 2463/2463
f 2463/2463 2464/2464 2450/2450
f 2465/2465 2466/2466 2312/2312
f 2312/2312 2298/2298 2465/2465
f 2467/2467 2468/2468 2280/2280
f 2280/2280 2192/2192 2467/2467
f 2469/2469 2465/2465 2470/2470
f 2470/2470 2459/2459 2469/2469
f 2465/2465 2469/2469 2466/2466
f 2467/2467 2471/2471 2472/2472
f 2472/2472 2458/2458 2467/2467
f 2473/2473 2474/2474 2453/2453
f 2470/2470 2460/2460 2459/2459
f 2461/2461 2460/2460 2475/2475
f 2468/2468 2476/2476 2219/2219
f 2219/2219 2280/2280 2468/2468
f 2462/2462 2461/2461 2477/2477
f 2477/2477 2478/2478 2451/2451
f 2479/2479 2480/2480 2481/2481
f 2481/2481 2482/2482 2479/2479
f 2480/2480 2478/2478 2475/2475
f 2451/2451 2479/2479 2452/2452
f 2466/2466 2473/2473 2253/2253
f 2253/2253 2312/2312 2466/2466
f 2452/2452 2483/2483 2484/2484
f 2479/2479 2482/2482 2483/2483
f 2483/2483 2452/2452 2479/2479
f 2485/2485 2454/2454 2453/2453
f 2453/2453 2474/2474 2485/2485
f 2486/2486 2487/2487 2284/2284
f 2284/2284 2282/2282 2486/2486
f 2454/2454 2488/2488 2233/2233
f 2233/2233 2230/2230 2454/2454
f 2480/2480 2475/2475 2294/2294
f 2294/2294 2489/2489 2480/2480
f 2471/2471 2490/2490 2488/2488
f 2488/2488 2472/2472 2471/2471
f 2486/2486 2476/2476 2464/2464
f 2464/2464 2463/2463 2486/2486
f 2475/2475 2460/2460 2215/2215
f 2215/2215 2294/2294 2475/2475
f 2478/2478 2477/2477 2461/2461
f 2461/2461 2475/2475 2478/2478
f 2474/2474 2469/2469 2459/2459
f 2459/2459 2462/2462 2474/2474
f 2488/2488 2490/2490 2491/2491
f 2491/2491 2233/2233 2488/2488
f 2492/2492 2493/2493 2487/2487
f 2463/2463 2492/2492 2487/2487
f 2463/2463 2487/2487 2486/2486
f 2490/2490 2471/2471 2494/2494
f 2494/2494 2491/2491 2490/2490
f 2470/2470 2465/2465 2298/2298
f 2298/2298 2216/2216 2470/2470
f 2456/2456 2455/2455 2462/2462
f 2462/2462 2477/2477 2456/2456
f 2473/2473 2453/2453 2209/2209
f 2209/2209 2253/2253 2473/2473
f 2476/2476 2486/2486 2282/2282
f 2282/2282 2219/2219 2476/2476
f 2476/2476 2468/2468 2457/2457
f 2457/2457 2464/2464 2476/2476
f 2484/2484 2495/2495 2449/2449
f 2449/2449 2452/2452 2484/2484
f 2456/2456 2450/2450 2464/2464
f 2464/2464 2457/2457 2456/2456
f 2471/2471 2467/2467 2192/2192
f 2192/2192 2494/2494 2471/2471
f 2460/2460 2470/2470 2216/2216
f 2216/2216 2215/2215 2460/2460
f 2454/2454 2485/2485 2472/2472
f 2472/2472 2488/2488 2454/2454
f 2473/2473 2466/2466 2469/2469
f 2469/2469 2474/2474 2473/2473
f 2468/2468 2467/2467 2458/2458
f 2458/2458 2457/2457 2468/2468
f 2479/2479 2451/2451 2478/2478
f 2478/2478 2480/2480 2479/2479
f 2485/2485 2455/2455 2458/2458
f 2458/2458 2472/2472 2485/2485
f 2455/2455 2485/2485 2474/2474
f 2474/2474 2462/2462 2455/2455
f 2450/2450 2456/2456 2477/2477
f 2477/2477 2451/2451 2450/2450
f 2496/2496 2481/2481 2480/2480
f 2480/2480 2489/2489 2496/2496
f 2284/2284 2487/2487 2497/2497
f 2497/2497 2286/2286 2284/2284
f 2463/2463 2449/2449 2495/2495
f 2495/2495 2492/2492 2463/2463
f 2497/2497 2487/2487 2493/2493
f 2498/2498 2499/2499 2500/2500
f 2500/2500 2501/2501 2498/2498
f 2502/2502 2503/2503 2363/2363
f 2363/2363 2504/2504 2502/2502
f 2505/2505 2506/2506 2507/2507
f 2507/2507 2508/2508 2505/2505
f 2509/2509 2510/2510 2511/2511
f 2511/2511 2512/2512 2509/2509
f 2499/2499 2498/2498 2513/2513
f 2513/2513 2514/2514 2499/2499
f 2515/2515 2516/2516 2441/2441
f 2441/2441 2426/2426 2515/2515
f 2517/2517 2518/2518 2411/2411
f 2411/2411 2325/2325 2517/2517
f 2519/2519 2515/2515 2520/2520
f 2520/2520 2509/2509 2519/2519
f 2515/2515 2519/2519 2516/2516
f 2517/2517 2521/2521 2522/2522
f 2522/2522 2508/2508 2517/2517
f 2523/2523 2524/2524 2502/2502
f 2520/2520 2510/2510 2509/2509
f 2511/2511 2510/2510 2525/2525
f 2518/2518 2526/2526 2351/2351
f 2351/2351 2411/2411 2518/2518
f 2512/2512 2511/2511 2527/2527
f 2527/2527 2528/2528 2500/2500
f 2529/2529 2530/2530 2531/2531
f 2531/2531 2532/2532 2529/2529
f 2530/2530 2528/2528 2525/2525
f 2500/2500 2529/2529 2501/2501
f 2516/2516 2523/2523 2384/2384
f 2384/2384 2441/2441 2516/2516
f 2501/2501 2533/2533 2534/2534
f 2529/2529 2532/2532 2533/2533
f 2533/2533 2501/2501 2529/2529
f 2535/2535 2503/2503 2502/2502
f 2502/2502 2524/2524 2535/2535
f 2536/2536 2537/2537 2538/2538
f 2538/2538 2539/2539 2536/2536
f 2503/2503 2540/2540 2364/2364
f 2364/2364 2363/2363 2503/2503
f 2530/2530 2525/2525 2541/2541
f 2541/2541 2434/2434 2530/2530
f 2521/2521 2542/2542 2540/2540
f 2540/2540 2522/2522 2521/2521
f 2536/2536 2526/2526 2514/2514
f 2514/2514 2513/2513 2536/2536
f 2525/2525 2510/2510 2346/2346
f 2346/2346 2541/2541 2525/2525
f 2528/2528 2527/2527 2511/2511
f 2511/2511 2525/2525 2528/2528
f 2524/2524 2519/2519 2509/2509
f 2509/2509 2512/2512 2524/2524
f 2540/2540 2542/2542 2433/2433
f 2433/2433 2364/2364 2540/2540
f 2543/2543 2544/2544 2537/2537
f 2513/2513 2543/2543 2537/2537
f 2513/2513 2537/2537 2536/2536
f 2542/2542 2521/2521 2545/2545
f 2545/2545 2433/2433 2542/2542
f 2520/2520 2515/2515 2426/2426
f 2426/2426 2349/2349 2520/2520
f 2506/2506 2505/2505 2512/2512
f 2512/2512 2527/2527 2506/2506
f 2523/2523 2502/2502 2504/2504
f 2504/2504 2384/2384 2523/2523
f 2526/2526 2536/2536 2539/2539
f 2539/2539 2351/2351 2526/2526
f 2526/2526 2518/2518 2507/2507
f 2507/2507 2514/2514 2526/2526
f 2534/2534 2546/2546 2498/2498
f 2498/2498 2501/2501 2534/2534
f 2506/2506 2499/2499 2514/2514
f 2514/2514 2507/2507 2506/2506
f 2521/2521 2517/2517 2325/2325
f 2325/2325 2545/2545 2521/2521
f 2510/2510 2520/2520 2349/2349
f 2349/2349 2346/2346 2510/2510
f 2503/2503 2535/2535 2522/2522
f 2522/2522 2540/2540 2503/2503
f 2523/2523 2516/2516 2519/2519
f 2519/2519 2524/2524 2523/2523
f 2518/2518 2517/2517 2508/2508
f 2508/2508 2507/2507 2518/2518
f 2529/2529 2500/2500 2528/2528
f 2528/2528 2530/2530 2529/2529
f 2535/2535 2505/2505 2508/2508
f 2508/2508 2522/2522 2535/2535
f 2505/2505 2535/2535 2524/2524
f 2524/2524 2512/2512 2505/2505
f 2499/2499 2506/2506 2527/2527
f 2527/2527 2500/2500 2499/2499
f 2444/2444 2531/2531 2530/2530
f 2530/2530 2434/2434 2444/2444
f 2538/2538 2537/2537 2547/2547
f 2547/2547 2548/2548 2538/2538
f 2513/2513 2498/2498 2546/2546
f 2546/2546 2543/2543 2513/2513
f 2547/2547 2537/2537 2544/2544
f 2551/2551 2550/2550 2549/2549
f 2549/2549 2552/2552 2551/2551
f 2557/2557 2554/2554 2553/2553
f 2553/2553 2560/2560 2557/2557
f 2563/2563 2562/2562 2561/2561
f 2561/2561 2564/2564 2563/2563
f 2569/2569 2567/2567 2566/2566
f 2566/2566 2570/2570 2569/2569
f 2574/2574 2573/2573 2571/2571
f 2571/2571 2575/2575 2574/2574
f 2580/2580 2578/2578 2577/2577
f 2577/2577 2582/2582 2580/2580
f 2586/2586 2584/2584 2583/2583
f 2583/2583 2588/2588 2586/2586
f 2550/2550 2590/2590 2589/2589
f 2589/2589 2549/2549 2550/2550
f 2592/2592 2591/2591 2590/2590
f 2590/2590 2550/2550 2592/2592
f 2550/2550 2551/2551 2562/2562
f 2562/2562 2592/2592 2550/2550
f 2569/2569 2595/2595 2593/2593
f 2593/2593 2597/2597 2569/2569
f 2602/2602 2599/2599 2598/2598
f 2598/2598 2582/2582 2602/2602
f 2605/2605 2604/2604 2603/2603
f 2603/2603 2606/2606 2605/2605
f 2576/2576 2590/2590 2591/2591
f 2591/2591 2608/2608 2576/2576
f 2610/2610 2564/2564 2609/2609
f 2609/2609 2611/2611 2610/2610
f 2614/2614 2612/2612 2571/2571
f 2571/2571 2615/2615 2614/2614
f 2619/2619 2618/2618 2617/2617
f 2617/2617 2554/2554 2619/2619
f 2608/2608 2591/2591 2620/2620
f 2620/2620 2621/2621 2608/2608
f 2624/2624 2623/2623 2552/2552
f 2552/2552 2601/2601 2624/2624
f 2560/2560 2553/2553 2626/2626
f 2626/2626 2587/2587 2560/2560
f 2554/2554 2617/2617 2610/2610
f 2610/2610 2553/2553 2554/2554
f 2565/2565 2627/2627 2619/2619
f 2619/2619 2628/2628 2565/2565
f 2601/2601 2552/2552 2549/2549
f 2549/2549 2600/2600 2601/2601
f 2597/2597 2593/2593 2573/2573
f 2573/2573 2574/2574 2597/2597
f 2613/2613 2589/2589 2590/2590
f 2590/2590 2576/2576 2613/2613
f 2604/2604 2631/2631 2630/2630
f 2630/2630 2603/2603 2604/2604
f 2570/2570 2566/2566 2629/2629
f 2629/2629 2632/2632 2570/2570
f 2635/2635 2634/2634 2633/2633
f 2633/2633 2636/2636 2635/2635
f 2632/2632 2629/2629 2556/2556
f 2556/2556 2637/2637 2632/2632
f 2585/2585 2639/2639 2638/2638
f 2638/2638 2640/2640 2585/2585
f 2584/2584 2586/2586 2641/2641
f 2555/2555 2559/2559 2642/2642
f 2584/2584 2643/2643 2583/2583
f 2645/2645 2644/2644 2643/2643
f 2648/2648 2647/2647 2644/2644
f 2587/2587 2626/2626 2639/2639
f 2639/2639 2585/2585 2587/2587
f 2625/2625 2602/2602 2582/2582
f 2582/2582 2577/2577 2625/2625
f 2588/2588 2583/2583 2642/2642
f 2642/2642 2559/2559 2588/2588
f 2568/2568 2649/2649 2627/2627
f 2627/2627 2565/2565 2568/2568
f 2652/2652 2651/2651 2650/2650
f 2650/2650 2561/2561 2652/2652
f 2578/2578 2654/2654 2653/2653
f 2653/2653 2577/2577 2578/2578
f 2564/2564 2561/2561 2650/2650
f 2650/2650 2609/2609 2564/2564
f 2620/2620 2591/2591 2592/2592
f 2592/2592 2656/2656 2620/2620
f 2598/2598 2612/2612 2614/2614
f 2614/2614 2657/2657 2598/2598
f 2621/2621 2620/2620 2649/2649
f 2649/2649 2568/2568 2621/2621
f 2657/2657 2580/2580 2582/2582
f 2582/2582 2598/2598 2657/2657
f 2597/2597 2622/2622 2567/2567
f 2567/2567 2569/2569 2597/2597
f 2658/2658 2625/2625 2577/2577
f 2577/2577 2653/2653 2658/2658
f 2611/2611 2609/2609 2636/2636
f 2636/2636 2633/2633 2611/2611
f 2661/2661 2658/2658 2653/2653
f 2653/2653 2662/2662 2661/2661
f 2570/2570 2664/2664 2595/2595
f 2595/2595 2569/2569 2570/2570
f 2662/2662 2653/2653 2654/2654
f 2654/2654 2665/2665 2662/2662
f 2609/2609 2650/2650 2630/2630
f 2630/2630 2636/2636 2609/2609
f 2618/2618 2656/2656 2563/2563
f 2563/2563 2617/2617 2618/2618
f 2564/2564 2610/2610 2617/2617
f 2617/2617 2563/2563 2564/2564
f 2632/2632 2637/2637 2664/2664
f 2664/2664 2570/2570 2632/2632
f 2649/2649 2620/2620 2656/2656
f 2656/2656 2618/2618 2649/2649
f 2660/2660 2606/2606 2666/2666
f 2666/2666 2659/2659 2660/2660
f 2656/2656 2592/2592 2562/2562
f 2562/2562 2563/2563 2656/2656
f 2553/2553 2610/2610 2611/2611
f 2611/2611 2626/2626 2553/2553
f 2623/2623 2666/2666 2651/2651
f 2651/2651 2652/2652 2623/2623
f 2631/2631 2635/2635 2636/2636
f 2636/2636 2630/2630 2631/2631
f 2574/2574 2607/2607 2622/2622
f 2622/2622 2597/2597 2574/2574
f 2633/2633 2639/2639 2626/2626
f 2626/2626 2611/2611 2633/2633
f 2628/2628 2619/2619 2554/2554
f 2554/2554 2557/2557 2628/2628
f 2600/2600 2549/2549 2589/2589
f 2589/2589 2613/2613 2600/2600
f 2584/2584 2641/2641 2645/2645
f 2645/2645 2643/2643 2584/2584
f 2627/2627 2649/2649 2618/2618
f 2618/2618 2619/2619 2627/2627
f 2607/2607 2574/2574 2575/2575
f 2571/2571 2612/2612 2575/2575
f 2571/2571 2573/2573 2615/2615
f 2598/2598 2599/2599 2612/2612
f 2666/2666 2606/2606 2603/2603
f 2603/2603 2651/2651 2666/2666
f 2651/2651 2603/2603 2630/2630
f 2630/2630 2650/2650 2651/2651
f 2659/2659 2666/2666 2623/2623
f 2623/2623 2624/2624 2659/2659
f 2551/2551 2652/2652 2561/2561
f 2561/2561 2562/2562 2551/2551
f 2552/2552 2623/2623 2652/2652
f 2652/2652 2551/2551 2552/2552
f 2667/2667 2648/2648 2644/2644
f 2644/2644 2645/2645 2667/2667
f 2670/2670 2668/2668 2640/2640
f 2640/2640 2638/2638 2670/2670
f 2672/2672 2657/2657 2614/2614
f 2614/2614 2615/2615 2672/2672
f 2662/2662 2665/2665 2673/2673
f 2673/2673 2674/2674 2662/2662
f 2669/2669 2667/2667 2645/2645
f 2645/2645 2641/2641 2669/2669
f 2661/2661 2662/2662 2674/2674
f 2674/2674 2676/2676 2661/2661
f 2606/2606 2660/2660 2675/2675
f 2675/2675 2605/2605 2606/2606
f 2677/2677 2638/2638 2639/2639
f 2677/2677 2639/2639 2633/2633
f 2677/2677 2633/2633 2634/2634
f 2670/2670 2638/2638 2677/2677
f 2680/2680 2679/2679 2678/2678
f 2678/2678 2681/2681 2680/2680
f 2687/2687 2683/2683 2682/2682
f 2682/2682 2688/2688 2687/2687
f 2692/2692 2691/2691 2690/2690
f 2690/2690 2693/2693 2692/2692
f 2698/2698 2697/2697 2694/2694
f 2694/2694 2699/2699 2698/2698
f 2703/2703 2701/2701 2700/2700
f 2700/2700 2704/2704 2703/2703
f 2709/2709 2707/2707 2706/2706
f 2706/2706 2711/2711 2709/2709
f 2714/2714 2713/2713 2712/2712
f 2712/2712 2717/2717 2714/2714
f 2679/2679 2719/2719 2718/2718
f 2718/2718 2678/2678 2679/2679
f 2721/2721 2720/2720 2719/2719
f 2719/2719 2679/2679 2721/2721
f 2679/2679 2680/2680 2691/2691
f 2691/2691 2721/2721 2679/2679
f 2698/2698 2724/2724 2723/2723
f 2723/2723 2726/2726 2698/2698
f 2731/2731 2728/2728 2727/2727
f 2727/2727 2711/2711 2731/2731
f 2734/2734 2733/2733 2732/2732
f 2732/2732 2735/2735 2734/2734
f 2705/2705 2719/2719 2720/2720
f 2720/2720 2736/2736 2705/2705
f 2739/2739 2693/2693 2738/2738
f 2738/2738 2740/2740 2739/2739
f 2743/2743 2742/2742 2700/2700
f 2700/2700 2744/2744 2743/2743
f 2748/2748 2747/2747 2746/2746
f 2746/2746 2683/2683 2748/2748
f 2736/2736 2720/2720 2749/2749
f 2749/2749 2750/2750 2736/2736
f 2754/2754 2752/2752 2681/2681
f 2681/2681 2730/2730 2754/2754
f 2688/2688 2682/2682 2755/2755
f 2755/2755 2716/2716 2688/2688
f 2683/2683 2746/2746 2739/2739
f 2739/2739 2682/2682 2683/2683
f 2695/2695 2756/2756 2748/2748
f 2748/2748 2758/2758 2695/2695
f 2730/2730 2681/2681 2678/2678
f 2678/2678 2729/2729 2730/2730
f 2726/2726 2723/2723 2701/2701
f 2701/2701 2703/2703 2726/2726
f 2741/2741 2718/2718 2719/2719
f 2719/2719 2705/2705 2741/2741
f 2733/2733 2760/2760 2759/2759
f 2759/2759 2732/2732 2733/2733
f 2699/2699 2694/2694 2757/2757
f 2757/2757 2761/2761 2699/2699
f 2764/2764 2763/2763 2762/2762
f 2762/2762 2765/2765 2764/2764
f 2761/2761 2757/2757 2684/2684
f 2684/2684 2767/2767 2761/2761
f 2715/2715 2769/2769 2768/2768
f 2768/2768 2770/2770 2715/2715
f 2713/2713 2714/2714 2771/2771
f 2686/2686 2689/2689 2772/2772
f 2713/2713 2773/2773 2712/2712
f 2775/2775 2774/2774 2773/2773
f 2777/2777 2776/2776 2774/2774
f 2716/2716 2755/2755 2769/2769
f 2769/2769 2715/2715 2716/2716
f 2753/2753 2731/2731 2711/2711
f 2711/2711 2706/2706 2753/2753
f 2717/2717 2712/2712 2772/2772
f 2772/2772 2689/2689 2717/2717
f 2696/2696 2778/2778 2756/2756
f 2756/2756 2695/2695 2696/2696
f 2781/2781 2780/2780 2779/2779
f 2779/2779 2690/2690 2781/2781
f 2707/2707 2784/2784 2782/2782
f 2782/2782 2706/2706 2707/2707
f 2693/2693 2690/2690 2779/2779
f 2779/2779 2738/2738 2693/2693
f 2749/2749 2720/2720 2721/2721
f 2721/2721 2785/2785 2749/2749
f 2727/2727 2742/2742 2743/2743
f 2743/2743 2786/2786 2727/2727
f 2750/2750 2749/2749 2778/2778
f 2778/2778 2696/2696 2750/2750
f 2786/2786 2709/2709 2711/2711
f 2711/2711 2727/2727 2786/2786
f 2726/2726 2751/2751 2697/2697
f 2697/2697 2698/2698 2726/2726
f 2788/2788 2753/2753 2706/2706
f 2706/2706 2782/2782 2788/2788
f 2740/2740 2738/2738 2765/2765
f 2765/2765 2762/2762 2740/2740
f 2790/2790 2788/2788 2782/2782
f 2782/2782 2791/2791 2790/2790
f 2699/2699 2792/2792 2724/2724
f 2724/2724 2698/2698 2699/2699
f 2791/2791 2782/2782 2784/2784
f 2784/2784 2794/2794 2791/2791
f 2738/2738 2779/2779 2759/2759
f 2759/2759 2765/2765 2738/2738
f 2747/2747 2785/2785 2692/2692
f 2692/2692 2746/2746 2747/2747
f 2693/2693 2739/2739 2746/2746
f 2746/2746 2692/2692 2693/2693
f 2761/2761 2767/2767 2792/2792
f 2792/2792 2699/2699 2761/2761
f 2778/2778 2749/2749 2785/2785
f 2785/2785 2747/2747 2778/2778
f 2789/2789 2735/2735 2795/2795
f 2795/2795 2787/2787 2789/2789
f 2785/2785 2721/2721 2691/2691
f 2691/2691 2692/2692 2785/2785
f 2682/2682 2739/2739 2740/2740
f 2740/2740 2755/2755 2682/2682
f 2752/2752 2795/2795 2780/2780
f 2780/2780 2781/2781 2752/2752
f 2760/2760 2764/2764 2765/2765
f 2765/2765 2759/2759 2760/2760
f 2703/2703 2737/2737 2751/2751
f 2751/2751 2726/2726 2703/2703
f 2762/2762 2769/2769 2755/2755
f 2755/2755 2740/2740 2762/2762
f 2758/2758 2748/2748 2683/2683
f 2683/2683 2687/2687 2758/2758
f 2729/2729 2678/2678 2718/2718
f 2718/2718 2741/2741 2729/2729
f 2713/2713 2771/2771 2775/2775
f 2775/2775 2773/2773 2713/2713
f 2756/2756 2778/2778 2747/2747
f 2747/2747 2748/2748 2756/2756
f 2737/2737 2703/2703 2704/2704
f 2700/2700 2742/2742 2704/2704
f 2700/2700 2701/2701 2744/2744
f 2727/2727 2728/2728 2742/2742
f 2795/2795 2735/2735 2732/2732
f 2732/2732 2780/2780 2795/2795
f 2780/2780 2732/2732 2759/2759
f 2759/2759 2779/2779 2780/2780
f 2787/2787 2795/2795 2752/2752
f 2752/2752 2754/2754 2787/2787
f 2680/2680 2781/2781 2690/2690
f 2690/2690 2691/2691 2680/2680
f 2681/2681 2752/2752 2781/2781
f 2781/2781 2680/2680 2681/2681
f 2796/2796 2777/2777 2774/2774
f 2774/2774 2775/2775 2796/2796
f 2799/2799 2797/2797 2770/2770
f 2770/2770 2768/2768 2799/2799
f 2800/2800 2786/2786 2743/2743
f 2743/2743 2744/2744 2800/2800
f 2791/2791 2794/2794 2802/2802
f 2802/2802 2803/2803 2791/2791
f 2798/2798 2796/2796 2775/2775
f 2775/2775 2771/2771 2798/2798
f 2790/2790 2791/2791 2803/2803
f 2803/2803 2805/2805 2790/2790
f 2735/2735 2789/2789 2804/2804
f 2804/2804 2734/2734 2735/2735
f 2806/2806 2768/2768 2769/2769
f 2806/2806 2769/2769 2762/2762
f 2806/2806 2762/2762 2763/2763
f 2799/2799 2768/2768 2806/2806
f 2809/2809 2808/2808 2807/2807
f 2807/2807 2810/2810 2809/2809
f 2594/2594 2812/2812 2811/2811
f 2811/2811 2572/2572 2594/2594
f 2815/2815 2814/2814 2813/2813
f 2813/2813 2816/2816 2815/2815
f 2819/2819 2818/2818 2817/2817
f 2817/2817 2820/2820 2819/2819
f 2821/2821 2807/2807 2808/2808
f 2808/2808 2822/2822 2821/2821
f 2671/2671 2824/2824 2823/2823
f 2823/2823 2825/2825 2671/2671
f 2828/2828 2827/2827 2826/2826
f 2826/2826 2558/2558 2828/2828
f 2830/2830 2823/2823 2829/2829
f 2829/2829 2817/2817 2830/2830
f 2824/2824 2829/2829 2823/2823
f 2832/2832 2831/2831 2826/2826
f 2826/2826 2816/2816 2832/2832
f 2811/2811 2834/2834 2833/2833
f 2817/2817 2818/2818 2830/2830
f 2835/2835 2818/2818 2819/2819
f 2837/2837 2836/2836 2827/2827
f 2827/2827 2828/2828 2837/2837
f 2838/2838 2819/2819 2820/2820
f 2809/2809 2839/2839 2838/2838
f 2842/2842 2841/2841 2840/2840
f 2840/2840 2843/2843 2842/2842
f 2835/2835 2839/2839 2841/2841
f 2810/2810 2840/2840 2809/2809
f 2616/2616 2833/2833 2824/2824
f 2824/2824 2671/2671 2616/2616
f 2845/2845 2844/2844 2810/2810
f 2844/2844 2843/2843 2840/2840
f 2840/2840 2810/2810 2844/2844
f 2811/2811 2812/2812 2846/2846
f 2846/2846 2834/2834 2811/2811
f 2849/2849 2848/2848 2847/2847
f 2847/2847 2850/2850 2849/2849
f 2596/2596 2851/2851 2812/2812
f 2812/2812 2594/2594 2596/2596
f 2655/2655 2835/2835 2841/2841
f 2841/2841 2852/2852 2655/2655
f 2851/2851 2853/2853 2831/2831
f 2831/2831 2832/2832 2851/2851
f 2822/2822 2836/2836 2847/2847
f 2847/2847 2821/2821 2822/2822
f 2579/2579 2818/2818 2835/2835
f 2835/2835 2655/2655 2579/2579
f 2819/2819 2838/2838 2839/2839
f 2839/2839 2835/2835 2819/2819
f 2817/2817 2829/2829 2834/2834
f 2834/2834 2820/2820 2817/2817
f 2663/2663 2853/2853 2851/2851
f 2851/2851 2596/2596 2663/2663
f 2848/2848 2855/2855 2854/2854
f 2848/2848 2854/2854 2821/2821
f 2847/2847 2848/2848 2821/2821
f 2856/2856 2831/2831 2853/2853
f 2853/2853 2663/2663 2856/2856
f 2825/2825 2823/2823 2830/2830
f 2830/2830 2581/2581 2825/2825
f 2820/2820 2813/2813 2814/2814
f 2814/2814 2838/2838 2820/2820
f 2572/2572 2811/2811 2833/2833
f 2833/2833 2616/2616 2572/2572
f 2850/2850 2847/2847 2836/2836
f 2836/2836 2837/2837 2850/2850
f 2815/2815 2827/2827 2836/2836
f 2836/2836 2822/2822 2815/2815
f 2807/2807 2857/2857 2845/2845
f 2845/2845 2810/2810 2807/2807
f 2822/2822 2808/2808 2814/2814
f 2814/2814 2815/2815 2822/2822
f 2558/2558 2826/2826 2831/2831
f 2831/2831 2856/2856 2558/2558
f 2581/2581 2830/2830 2818/2818
f 2818/2818 2579/2579 2581/2581
f 2832/2832 2846/2846 2812/2812
f 2812/2812 2851/2851 2832/2832
f 2829/2829 2824/2824 2833/2833
f 2833/2833 2834/2834 2829/2829
f 2816/2816 2826/2826 2827/2827
f 2827/2827 2815/2815 2816/2816
f 2839/2839 2809/2809 2840/2840
f 2840/2840 2841/2841 2839/2839
f 2816/2816 2813/2813 2846/2846
f 2846/2846 2832/2832 2816/2816
f 2834/2834 2846/2846 2813/2813
f 2813/2813 2820/2820 2834/2834
f 2838/2838 2814/2814 2808/2808
f 2808/2808 2809/2809 2838/2838
f 2841/2841 2842/2842 2858/2858
f 2858/2858 2852/2852 2841/2841
f 2859/2859 2848/2848 2849/2849
f 2849/2849 2646/2646 2859/2859
f 2857/2857 2807/2807 2821/2821
f 2821/2821 2854/2854 2857/2857
f 2855/2855 2848/2848 2859/2859
f 2862/2862 2861/2861 2860/2860
f 2860/2860 2863/2863 2862/2862
f 2722/2722 2865/2865 2864/2864
f 2864/2864 2702/2702 2722/2722
f 2868/2868 2867/2867 2866/2866
f 2866/2866 2869/2869 2868/2868
f 2872/2872 2871/2871 2870/2870
f 2870/2870 2873/2873 2872/2872
f 2874/2874 2860/2860 2861/2861
f 2861/2861 2875/2875 2874/2874
f 2801/2801 2877/2877 2876/2876
f 2876/2876 2878/2878 2801/2801
f 2881/2881 2880/2880 2879/2879
f 2879/2879 2685/2685 2881/2881
f 2883/2883 2876/2876 2882/2882
f 2882/2882 2870/2870 2883/2883
f 2877/2877 2882/2882 2876/2876
f 2885/2885 2884/2884 2879/2879
f 2879/2879 2869/2869 2885/2885
f 2864/2864 2887/2887 2886/2886
f 2870/2870 2871/2871 2883/2883
f 2888/2888 2871/2871 2872/2872
f 2890/2890 2889/2889 2880/2880
f 2880/2880 2881/2881 2890/2890
f 2891/2891 2872/2872 2873/2873
f 2862/2862 2892/2892 2891/2891
f 2895/2895 2894/2894 2893/2893
f 2893/2893 2896/2896 2895/2895
f 2888/2888 2892/2892 2894/2894
f 2863/2863 2893/2893 2862/2862
f 2745/2745 2886/2886 2877/2877
f 2877/2877 2801/2801 2745/2745
f 2898/2898 2897/2897 2863/2863
f 2897/2897 2896/2896 2893/2893
f 2893/2893 2863/2863 2897/2897
f 2864/2864 2865/2865 2899/2899
f 2899/2899 2887/2887 2864/2864
f 2902/2902 2901/2901 2900/2900
f 2900/2900 2903/2903 2902/2902
f 2725/2725 2904/2904 2865/2865
f 2865/2865 2722/2722 2725/2725
f 2783/2783 2888/2888 2894/2894
f 2894/2894 2905/2905 2783/2783
f 2904/2904 2906/2906 2884/2884
f 2884/2884 2885/2885 2904/2904
f 2875/2875 2889/2889 2900/2900
f 2900/2900 2874/2874 2875/2875
f 2708/2708 2871/2871 2888/2888
f 2888/2888 2783/2783 2708/2708
f 2872/2872 2891/2891 2892/2892
f 2892/2892 2888/2888 2872/2872
f 2870/2870 2882/2882 2887/2887
f 2887/2887 2873/2873 2870/2870
f 2793/2793 2906/2906 2904/2904
f 2904/2904 2725/2725 2793/2793
f 2901/2901 2908/2908 2907/2907
f 2901/2901 2907/2907 2874/2874
f 2900/2900 2901/2901 2874/2874
f 2766/2766 2884/2884 2906/2906
f 2906/2906 2793/2793 2766/2766
f 2878/2878 2876/2876 2883/2883
f 2883/2883 2710/2710 2878/2878
f 2873/2873 2866/2866 2867/2867
f 2867/2867 2891/2891 2873/2873
f 2702/2702 2864/2864 2886/2886
f 2886/2886 2745/2745 2702/2702
f 2903/2903 2900/2900 2889/2889
f 2889/2889 2890/2890 2903/2903
f 2868/2868 2880/2880 2889/2889
f 2889/2889 2875/2875 2868/2868
f 2860/2860 2909/2909 2898/2898
f 2898/2898 2863/2863 2860/2860
f 2875/2875 2861/2861 2867/2867
f 2867/2867 2868/2868 2875/2875
f 2685/2685 2879/2879 2884/2884
f 2884/2884 2766/2766 2685/2685
f 2710/2710 2883/2883 2871/2871
f 2871/2871 2708/2708 2710/2710
f 2885/2885 2899/2899 2865/2865
f 2865/2865 2904/2904 2885/2885
f 2882/2882 2877/2877 2886/2886
f 2886/2886 2887/2887 2882/2882
f 2869/2869 2879/2879 2880/2880
f 2880/2880 2868/2868 2869/2869
f 2892/2892 2862/2862 2893/2893
f 2893/2893 2894/2894 2892/2892
f 2869/2869 2866/2866 2899/2899
f 2899/2899 2885/2885 2869/2869
f 2887/2887 2899/2899 2866/2866
f 2866/2866 2873/2873 2887/2887
f 2891/2891 2867/2867 2861/2861
f 2861/2861 2862/2862 2891/2891
f 2894/2894 2895/2895 2910/2910
f 2910/2910 2905/2905 2894/2894
f 2911/2911 2901/2901 2902/2902
f 2902/2902 2912/2912 2911/2911
f 2909/2909 2860/2860 2874/2874
f 2874/2874 2907/2907 2909/2909
f 2908/2908 2901/2901 2911/2911

